layer,kind,index,sigma_norm
0,pre_rope,1,1.0
0,pre_rope,2,0.28094395995140076
0,pre_rope,3,0.18009249866008759
0,pre_rope,4,0.11812472343444824
0,pre_rope,5,0.10100753605365753
0,pre_rope,6,0.08714456856250763
0,pre_rope,7,0.08046352118253708
0,pre_rope,8,0.0751596987247467
0,pre_rope,9,0.0733947604894638
0,pre_rope,10,0.06803344935178757
0,pre_rope,11,0.06341985613107681
0,pre_rope,12,0.05934828892350197
0,pre_rope,13,0.0576976016163826
0,pre_rope,14,0.05453289672732353
0,pre_rope,15,0.05167215317487717
0,pre_rope,16,0.05128484219312668
0,pre_rope,17,0.04906119033694267
0,pre_rope,18,0.045643433928489685
0,pre_rope,19,0.04452469199895859
0,pre_rope,20,0.04286400228738785
0,pre_rope,21,0.04189587011933327
0,pre_rope,22,0.04146131873130798
0,pre_rope,23,0.03952183574438095
0,pre_rope,24,0.03845895454287529
0,pre_rope,25,0.03819475322961807
0,pre_rope,26,0.03702818229794502
0,pre_rope,27,0.03634088486433029
0,pre_rope,28,0.03472801670432091
0,pre_rope,29,0.034156762063503265
0,pre_rope,30,0.03376394137740135
0,pre_rope,31,0.033216219395399094
0,pre_rope,32,0.03236652538180351
0,pre_rope,33,0.03231508657336235
0,pre_rope,34,0.03137821704149246
0,pre_rope,35,0.030656086280941963
0,pre_rope,36,0.03059476800262928
0,pre_rope,37,0.029288358986377716
0,pre_rope,38,0.028991082683205605
0,pre_rope,39,0.028684154152870178
0,pre_rope,40,0.02802947163581848
0,pre_rope,41,0.027920320630073547
0,pre_rope,42,0.027378402650356293
0,pre_rope,43,0.02693171612918377
0,pre_rope,44,0.02652292512357235
0,pre_rope,45,0.025822162628173828
0,pre_rope,46,0.025354407727718353
0,pre_rope,47,0.024513280019164085
0,pre_rope,48,0.02429615706205368
0,pre_rope,49,0.023983772844076157
0,pre_rope,50,0.023661261424422264
0,pre_rope,51,0.023338697850704193
0,pre_rope,52,0.02285882830619812
0,pre_rope,53,0.02201114222407341
0,pre_rope,54,0.021863073110580444
0,pre_rope,55,0.02146047353744507
0,pre_rope,56,0.020841389894485474
0,pre_rope,57,0.02075623907148838
0,pre_rope,58,0.020188966765999794
0,pre_rope,59,0.01985989511013031
0,pre_rope,60,0.01949964463710785
0,pre_rope,61,0.019207602366805077
0,pre_rope,62,0.01907813362777233
0,pre_rope,63,0.018628520891070366
0,pre_rope,64,0.018214482814073563
0,pre_rope,65,0.017935005947947502
0,pre_rope,66,0.017867349088191986
0,pre_rope,67,0.01753784529864788
0,pre_rope,68,0.017454247921705246
0,pre_rope,69,0.01707642152905464
0,pre_rope,70,0.01697411574423313
0,pre_rope,71,0.016907835379242897
0,pre_rope,72,0.01656584069132805
0,pre_rope,73,0.01641019620001316
0,pre_rope,74,0.01603277586400509
0,pre_rope,75,0.015808742493391037
0,pre_rope,76,0.015575661323964596
0,pre_rope,77,0.015395191498100758
0,pre_rope,78,0.015153533779084682
0,pre_rope,79,0.01510767824947834
0,pre_rope,80,0.014807766303420067
0,pre_rope,81,0.014451486058533192
0,pre_rope,82,0.014344158582389355
0,pre_rope,83,0.014243729412555695
0,pre_rope,84,0.01393102016299963
0,pre_rope,85,0.013829841278493404
0,pre_rope,86,0.013698666356503963
0,pre_rope,87,0.013495960272848606
0,pre_rope,88,0.01341472938656807
0,pre_rope,89,0.013214873149991035
0,pre_rope,90,0.013125925324857235
0,pre_rope,91,0.013062149286270142
0,pre_rope,92,0.01281797606498003
0,pre_rope,93,0.012507032603025436
0,pre_rope,94,0.012412029318511486
0,pre_rope,95,0.012293083593249321
0,pre_rope,96,0.012257710099220276
0,pre_rope,97,0.012103370390832424
0,pre_rope,98,0.011995014734566212
0,pre_rope,99,0.011923367157578468
0,pre_rope,100,0.011741189286112785
0,pre_rope,101,0.011648503132164478
0,pre_rope,102,0.011516648344695568
0,pre_rope,103,0.011479377746582031
0,pre_rope,104,0.01136520691215992
0,pre_rope,105,0.011238627135753632
0,pre_rope,106,0.011131491512060165
0,pre_rope,107,0.011042915284633636
0,pre_rope,108,0.01084926724433899
0,pre_rope,109,0.010740171186625957
0,pre_rope,110,0.010533662512898445
0,pre_rope,111,0.010473376139998436
0,pre_rope,112,0.010374680161476135
0,pre_rope,113,0.010261131450533867
0,pre_rope,114,0.010249216109514236
0,pre_rope,115,0.010085157118737698
0,pre_rope,116,0.010023408569395542
0,pre_rope,117,0.009879552759230137
0,pre_rope,118,0.009800062514841557
0,pre_rope,119,0.009636680595576763
0,pre_rope,120,0.009562370367348194
0,pre_rope,121,0.009435964748263359
0,pre_rope,122,0.00935351848602295
0,pre_rope,123,0.009238635189831257
0,pre_rope,124,0.009155414067208767
0,pre_rope,125,0.009083033539354801
0,pre_rope,126,0.00901049841195345
0,pre_rope,127,0.00897886324673891
0,pre_rope,128,0.008847871795296669
0,pre_rope,129,0.008727227337658405
0,pre_rope,130,0.008692107163369656
0,pre_rope,131,0.008599383756518364
0,pre_rope,132,0.008566315285861492
0,pre_rope,133,0.00847665499895811
0,pre_rope,134,0.008404961787164211
0,pre_rope,135,0.008364151231944561
0,pre_rope,136,0.008294551633298397
0,pre_rope,137,0.008220448158681393
0,pre_rope,138,0.008147948421537876
0,pre_rope,139,0.008034314960241318
0,pre_rope,140,0.008007725700736046
0,pre_rope,141,0.007961738854646683
0,pre_rope,142,0.007876460440456867
0,pre_rope,143,0.007801923900842667
0,pre_rope,144,0.007760061416774988
0,pre_rope,145,0.007689840160310268
0,pre_rope,146,0.007628550752997398
0,pre_rope,147,0.00751389330253005
0,pre_rope,148,0.0074769011698663235
0,pre_rope,149,0.007425581105053425
0,pre_rope,150,0.007401235867291689
0,pre_rope,151,0.007285080384463072
0,pre_rope,152,0.007226198446005583
0,pre_rope,153,0.0071302070282399654
0,pre_rope,154,0.007107987999916077
0,pre_rope,155,0.00709646986797452
0,pre_rope,156,0.007069296203553677
0,pre_rope,157,0.006966998800635338
0,pre_rope,158,0.006919125095009804
0,pre_rope,159,0.006883968599140644
0,pre_rope,160,0.006840695161372423
0,pre_rope,161,0.006794864311814308
0,pre_rope,162,0.006786384619772434
0,pre_rope,163,0.006634271237999201
0,pre_rope,164,0.006622523535043001
0,pre_rope,165,0.006590640172362328
0,pre_rope,166,0.006532841362059116
0,pre_rope,167,0.006475696340203285
0,pre_rope,168,0.006429800298064947
0,pre_rope,169,0.006386132445186377
0,pre_rope,170,0.006342362612485886
0,pre_rope,171,0.006301918067038059
0,pre_rope,172,0.006251493003219366
0,pre_rope,173,0.006189963314682245
0,pre_rope,174,0.006117174401879311
0,pre_rope,175,0.006027184892445803
0,pre_rope,176,0.006022194400429726
0,pre_rope,177,0.0059271263889968395
0,pre_rope,178,0.0059030791744589806
0,pre_rope,179,0.00583960535004735
0,pre_rope,180,0.005815854296088219
0,pre_rope,181,0.005761341191828251
0,pre_rope,182,0.0057419971562922
0,pre_rope,183,0.00570593262091279
0,pre_rope,184,0.005671106278896332
0,pre_rope,185,0.005630402825772762
0,pre_rope,186,0.005574037320911884
0,pre_rope,187,0.00553534459322691
0,pre_rope,188,0.005481941159814596
0,pre_rope,189,0.00544652808457613
0,pre_rope,190,0.005412750877439976
0,pre_rope,191,0.005401868373155594
0,pre_rope,192,0.005352936685085297
0,pre_rope,193,0.005277040880173445
0,pre_rope,194,0.005251599941402674
0,pre_rope,195,0.0052106198854744434
0,pre_rope,196,0.005190791562199593
0,pre_rope,197,0.0051584444008767605
0,pre_rope,198,0.005129153840243816
0,pre_rope,199,0.005100242327898741
0,pre_rope,200,0.005036913324147463
0,pre_rope,201,0.0050192601047456264
0,pre_rope,202,0.004951994866132736
0,pre_rope,203,0.004936913959681988
0,pre_rope,204,0.0049059693701565266
0,pre_rope,205,0.004889975767582655
0,pre_rope,206,0.004833401180803776
0,pre_rope,207,0.004830195568501949
0,pre_rope,208,0.004812147933989763
0,pre_rope,209,0.00474415672942996
0,pre_rope,210,0.00471642566844821
0,pre_rope,211,0.004667807836085558
0,pre_rope,212,0.0046557835303246975
0,pre_rope,213,0.004615406040102243
0,pre_rope,214,0.004609640687704086
0,pre_rope,215,0.00455292034894228
0,pre_rope,216,0.004531450103968382
0,pre_rope,217,0.004498580936342478
0,pre_rope,218,0.004461088217794895
0,pre_rope,219,0.004422937519848347
0,pre_rope,220,0.004406931344419718
0,pre_rope,221,0.0043682074174284935
0,pre_rope,222,0.004356652498245239
0,pre_rope,223,0.004342046100646257
0,pre_rope,224,0.004300591070204973
0,pre_rope,225,0.004243781324476004
0,pre_rope,226,0.0042104865424335
0,pre_rope,227,0.004198202397674322
0,pre_rope,228,0.004185443744063377
0,pre_rope,229,0.0041470713913440704
0,pre_rope,230,0.004099922254681587
0,pre_rope,231,0.004076918587088585
0,pre_rope,232,0.004036773927509785
0,pre_rope,233,0.004018884152173996
0,pre_rope,234,0.003997054882347584
0,pre_rope,235,0.003990830387920141
0,pre_rope,236,0.003951787482947111
0,pre_rope,237,0.0038867807015776634
0,pre_rope,238,0.003876225557178259
0,pre_rope,239,0.0038415398448705673
0,pre_rope,240,0.0038400618359446526
0,pre_rope,241,0.0037978666368871927
0,pre_rope,242,0.00376491597853601
0,pre_rope,243,0.003752053016796708
0,pre_rope,244,0.0037022442556917667
0,pre_rope,245,0.0036976723931729794
0,pre_rope,246,0.0036851579789072275
0,pre_rope,247,0.0036765870172530413
0,pre_rope,248,0.003660289105027914
0,pre_rope,249,0.0036241409834474325
0,pre_rope,250,0.0036079343408346176
0,pre_rope,251,0.0035864876117557287
0,pre_rope,252,0.0035506903659552336
0,pre_rope,253,0.0035418912302702665
0,pre_rope,254,0.003499675076454878
0,pre_rope,255,0.0034764797892421484
0,pre_rope,256,0.003445412265136838
0,pre_rope,257,0.003430310869589448
0,pre_rope,258,0.0033970698714256287
0,pre_rope,259,0.0033683048095554113
0,pre_rope,260,0.0033472832292318344
0,pre_rope,261,0.0033359993249177933
0,pre_rope,262,0.0033084002789109945
0,pre_rope,263,0.0032938953954726458
0,pre_rope,264,0.003261002479121089
0,pre_rope,265,0.0032448242418468
0,pre_rope,266,0.00321586593054235
0,pre_rope,267,0.0032060574740171432
0,pre_rope,268,0.0031658182851970196
0,pre_rope,269,0.0031352252699434757
0,pre_rope,270,0.003119346220046282
0,pre_rope,271,0.0031076068989932537
0,pre_rope,272,0.0030890998896211386
0,pre_rope,273,0.0030692503787577152
0,pre_rope,274,0.003056395100429654
0,pre_rope,275,0.003013799199834466
0,pre_rope,276,0.0030004573054611683
0,pre_rope,277,0.0029806357342749834
0,pre_rope,278,0.002969918306916952
0,pre_rope,279,0.0029297913424670696
0,pre_rope,280,0.0029126866720616817
0,pre_rope,281,0.002898008329793811
0,pre_rope,282,0.002877493156120181
0,pre_rope,283,0.002870735479518771
0,pre_rope,284,0.0028376185800880194
0,pre_rope,285,0.002820557914674282
0,pre_rope,286,0.002815729472786188
0,pre_rope,287,0.002798483707010746
0,pre_rope,288,0.0027860787231475115
0,pre_rope,289,0.0027670213021337986
0,pre_rope,290,0.002759660826995969
0,pre_rope,291,0.002725479193031788
0,pre_rope,292,0.0027197091840207577
0,pre_rope,293,0.0027128865476697683
0,pre_rope,294,0.0026831086724996567
0,pre_rope,295,0.0026585343293845654
0,pre_rope,296,0.0026370661798864603
0,pre_rope,297,0.0026234493125230074
0,pre_rope,298,0.002607865259051323
0,pre_rope,299,0.002592765260487795
0,pre_rope,300,0.0025854427367448807
0,pre_rope,301,0.0025705359876155853
0,pre_rope,302,0.002553757280111313
0,pre_rope,303,0.0025339010171592236
0,pre_rope,304,0.0025168913416564465
0,pre_rope,305,0.0024972425308078527
0,pre_rope,306,0.0024858831893652678
0,pre_rope,307,0.0024571027606725693
0,pre_rope,308,0.0024525586050003767
0,pre_rope,309,0.0024324380792677402
0,pre_rope,310,0.0024163927882909775
0,pre_rope,311,0.0023973442148417234
0,pre_rope,312,0.0023784420918673277
0,pre_rope,313,0.0023596116807311773
0,pre_rope,314,0.0023481850512325764
0,pre_rope,315,0.0023298400919884443
0,pre_rope,316,0.0023205087054520845
0,pre_rope,317,0.0023025916889309883
0,pre_rope,318,0.002295528305694461
0,pre_rope,319,0.002266431227326393
0,pre_rope,320,0.0022612474858760834
0,pre_rope,321,0.0022504758089780807
0,pre_rope,322,0.002229857025668025
0,pre_rope,323,0.002225565491244197
0,pre_rope,324,0.0022134073078632355
0,pre_rope,325,0.002192962449043989
0,pre_rope,326,0.0021656013559550047
0,pre_rope,327,0.0021429688204079866
0,pre_rope,328,0.0021396914962679148
0,pre_rope,329,0.0021327633876353502
0,pre_rope,330,0.002124055055901408
0,pre_rope,331,0.00210479274392128
0,pre_rope,332,0.0020954024512320757
0,pre_rope,333,0.0020789504051208496
0,pre_rope,334,0.0020634462125599384
0,pre_rope,335,0.0020492819603532553
0,pre_rope,336,0.0020258550066500902
0,pre_rope,337,0.0020178130362182856
0,pre_rope,338,0.002007074188441038
0,pre_rope,339,0.0019943066872656345
0,pre_rope,340,0.0019845690112560987
0,pre_rope,341,0.0019694857764989138
0,pre_rope,342,0.0019586137495934963
0,pre_rope,343,0.0019453841960057616
0,pre_rope,344,0.0019401281606405973
0,pre_rope,345,0.0019147482234984636
0,pre_rope,346,0.0018988503143191338
0,pre_rope,347,0.0018859022529795766
0,pre_rope,348,0.0018788884626701474
0,pre_rope,349,0.0018604118376970291
0,pre_rope,350,0.0018593737622722983
0,pre_rope,351,0.00184618157800287
0,pre_rope,352,0.0018360225949436426
0,pre_rope,353,0.0018109598895534873
0,pre_rope,354,0.0017912080511450768
0,pre_rope,355,0.0017733995337039232
0,pre_rope,356,0.0017628022469580173
0,pre_rope,357,0.0017406451515853405
0,pre_rope,358,0.0017331612762063742
0,pre_rope,359,0.001728189759887755
0,pre_rope,360,0.001716408645734191
0,pre_rope,361,0.0016931714490056038
0,pre_rope,362,0.0016871021362021565
0,pre_rope,363,0.0016697118990123272
0,pre_rope,364,0.0016679924447089434
0,pre_rope,365,0.0016538621857762337
0,pre_rope,366,0.001652838196605444
0,pre_rope,367,0.001643720199353993
0,pre_rope,368,0.0016321645816788077
0,pre_rope,369,0.0016118903877213597
0,pre_rope,370,0.001608424005098641
0,pre_rope,371,0.0015873729716986418
0,pre_rope,372,0.001583426957949996
0,pre_rope,373,0.0015731715830042958
0,pre_rope,374,0.001551037305034697
0,pre_rope,375,0.0015436571557074785
0,pre_rope,376,0.0015248256968334317
0,pre_rope,377,0.0015143564669415355
0,pre_rope,378,0.0015118803130462766
0,pre_rope,379,0.001498567871749401
0,pre_rope,380,0.0014945315197110176
0,pre_rope,381,0.0014745687367394567
0,pre_rope,382,0.0014625879703089595
0,pre_rope,383,0.0014570404309779406
0,pre_rope,384,0.0014439182123169303
0,pre_rope,385,0.0014314480358734727
0,pre_rope,386,0.0014253591652959585
0,pre_rope,387,0.0014106975868344307
0,pre_rope,388,0.0014027466531842947
0,pre_rope,389,0.0013936214381828904
0,pre_rope,390,0.0013877584133297205
0,pre_rope,391,0.0013713100925087929
0,pre_rope,392,0.0013634382048621774
0,pre_rope,393,0.0013554224278777838
0,pre_rope,394,0.0013416529400274158
0,pre_rope,395,0.0013320018770173192
0,pre_rope,396,0.0013265929883345962
0,pre_rope,397,0.0013143321266397834
0,pre_rope,398,0.001306881313212216
0,pre_rope,399,0.0013023533392697573
0,pre_rope,400,0.0012874513631686568
0,pre_rope,401,0.0012775922659784555
0,pre_rope,402,0.0012684403918683529
0,pre_rope,403,0.001257107825949788
0,pre_rope,404,0.0012548689264804125
0,pre_rope,405,0.0012400507694110274
0,pre_rope,406,0.0012224664678797126
0,pre_rope,407,0.0012107092188671231
0,pre_rope,408,0.0012065661139786243
0,pre_rope,409,0.0012026568874716759
0,pre_rope,410,0.0011921634431928396
0,pre_rope,411,0.0011821046937257051
0,pre_rope,412,0.0011790236458182335
0,pre_rope,413,0.001166739733889699
0,pre_rope,414,0.0011542115826159716
0,pre_rope,415,0.0011475719511508942
0,pre_rope,416,0.0011341135250404477
0,pre_rope,417,0.001131030498072505
0,pre_rope,418,0.0011224000481888652
0,pre_rope,419,0.001116669736802578
0,pre_rope,420,0.0010920875938609242
0,pre_rope,421,0.0010851831175386906
0,pre_rope,422,0.0010849746176972985
0,pre_rope,423,0.0010737800039350986
0,pre_rope,424,0.0010697254911065102
0,pre_rope,425,0.0010651977499946952
0,pre_rope,426,0.0010451644193381071
0,pre_rope,427,0.0010443605715408921
0,pre_rope,428,0.0010419414611533284
0,pre_rope,429,0.0010309253120794892
0,pre_rope,430,0.0010217466624453664
0,pre_rope,431,0.0010180212557315826
0,pre_rope,432,0.0010050700511783361
0,pre_rope,433,0.000994741334579885
0,pre_rope,434,0.0009858012199401855
0,pre_rope,435,0.0009816138772293925
0,pre_rope,436,0.0009745795396156609
0,pre_rope,437,0.0009715078049339354
0,pre_rope,438,0.0009542466723360121
0,pre_rope,439,0.0009505076450295746
0,pre_rope,440,0.0009379737894050777
0,pre_rope,441,0.0009289912413805723
0,pre_rope,442,0.0009176915627904236
0,pre_rope,443,0.0009155909065157175
0,pre_rope,444,0.0009100401657633483
0,pre_rope,445,0.0009013543021865189
0,pre_rope,446,0.0008980885613709688
0,pre_rope,447,0.000888991926331073
0,pre_rope,448,0.0008777828188613057
0,pre_rope,449,0.0008740647463127971
0,pre_rope,450,0.0008658900624141097
0,pre_rope,451,0.0008588426280766726
0,pre_rope,452,0.0008489698520861566
0,pre_rope,453,0.0008340409840457141
0,pre_rope,454,0.0008292643469758332
0,pre_rope,455,0.0008219527662731707
0,pre_rope,456,0.0008130067144520581
0,pre_rope,457,0.0007993877516128123
0,pre_rope,458,0.0007960126968100667
0,pre_rope,459,0.0007864321814849973
0,pre_rope,460,0.0007783097680658102
0,pre_rope,461,0.0007657044334337115
0,pre_rope,462,0.000761464994866401
0,pre_rope,463,0.0007562789833173156
0,pre_rope,464,0.0007500176434405148
0,pre_rope,465,0.0007448375690728426
0,pre_rope,466,0.0007357533904723823
0,pre_rope,467,0.0007254462689161301
0,pre_rope,468,0.0007198260864242911
0,pre_rope,469,0.0007176348590292037
0,pre_rope,470,0.0007119481451809406
0,pre_rope,471,0.0006972603732720017
0,pre_rope,472,0.0006914292462170124
0,pre_rope,473,0.0006904383189976215
0,pre_rope,474,0.00067633215803653
0,pre_rope,475,0.0006729486049152911
0,pre_rope,476,0.000659565906971693
0,pre_rope,477,0.0006576101295650005
0,pre_rope,478,0.0006382321007549763
0,pre_rope,479,0.0006295640487223864
0,pre_rope,480,0.000623209634795785
0,pre_rope,481,0.0006225004908628762
0,pre_rope,482,0.0006179942865855992
0,pre_rope,483,0.0006035402766428888
0,pre_rope,484,0.0005971026257611811
0,pre_rope,485,0.0005884355050511658
0,pre_rope,486,0.0005874658236280084
0,pre_rope,487,0.0005759876221418381
0,pre_rope,488,0.0005718122702091932
0,pre_rope,489,0.0005549112102016807
0,pre_rope,490,0.0005537802935577929
0,pre_rope,491,0.0005445369170047343
0,pre_rope,492,0.0005298207397572696
0,pre_rope,493,0.0005186009220778942
0,pre_rope,494,0.0005110030760988593
0,pre_rope,495,0.0005061174160800874
0,pre_rope,496,0.0004888004623353481
0,pre_rope,497,0.0004773967375513166
0,pre_rope,498,0.00046832606312818825
0,pre_rope,499,0.000459049129858613
0,pre_rope,500,0.0004552119062282145
0,pre_rope,501,0.0004446189559530467
0,pre_rope,502,0.00042594040860421956
0,pre_rope,503,0.0004209156904835254
0,pre_rope,504,0.00041528185829520226
0,pre_rope,505,0.0004025762900710106
0,pre_rope,506,0.00038359721656888723
0,pre_rope,507,0.0003721929679159075
0,pre_rope,508,0.0003593146102502942
0,pre_rope,509,0.0003391639911569655
0,pre_rope,510,0.0003019680152647197
0,pre_rope,511,0.0002495256485417485
0,pre_rope,512,0.00020431977463886142
0,post_rope,1,1.0
0,post_rope,2,0.2576082944869995
0,post_rope,3,0.21444037556648254
0,post_rope,4,0.17652584612369537
0,post_rope,5,0.1761818379163742
0,post_rope,6,0.1756531447172165
0,post_rope,7,0.16714030504226685
0,post_rope,8,0.1659775972366333
0,post_rope,9,0.1555483639240265
0,post_rope,10,0.1437932699918747
0,post_rope,11,0.1414009928703308
0,post_rope,12,0.1370059847831726
0,post_rope,13,0.13442549109458923
0,post_rope,14,0.13334786891937256
0,post_rope,15,0.1329522281885147
0,post_rope,16,0.13204482197761536
0,post_rope,17,0.13053400814533234
0,post_rope,18,0.12954775989055634
0,post_rope,19,0.12863890826702118
0,post_rope,20,0.1265224814414978
0,post_rope,21,0.12486766278743744
0,post_rope,22,0.12481667846441269
0,post_rope,23,0.12197013944387436
0,post_rope,24,0.1209694966673851
0,post_rope,25,0.1202571839094162
0,post_rope,26,0.11928457021713257
0,post_rope,27,0.1189989298582077
0,post_rope,28,0.1187417134642601
0,post_rope,29,0.11838147789239883
0,post_rope,30,0.11483993381261826
0,post_rope,31,0.11424840986728668
0,post_rope,32,0.11285233497619629
0,post_rope,33,0.11244868487119675
0,post_rope,34,0.11097008734941483
0,post_rope,35,0.11079448461532593
0,post_rope,36,0.10543476790189743
0,post_rope,37,0.10158990323543549
0,post_rope,38,0.08624325692653656
0,post_rope,39,0.08137582987546921
0,post_rope,40,0.07616657763719559
0,post_rope,41,0.07523973286151886
0,post_rope,42,0.06672749668359756
0,post_rope,43,0.06430770456790924
0,post_rope,44,0.06287746876478195
0,post_rope,45,0.06216423958539963
0,post_rope,46,0.06124866381287575
0,post_rope,47,0.058385055512189865
0,post_rope,48,0.05530218034982681
0,post_rope,49,0.05442864075303078
0,post_rope,50,0.05356942117214203
0,post_rope,51,0.05091005936264992
0,post_rope,52,0.05027034133672714
0,post_rope,53,0.04924590885639191
0,post_rope,54,0.048275068402290344
0,post_rope,55,0.04805486276745796
0,post_rope,56,0.04761293902993202
0,post_rope,57,0.04700211063027382
0,post_rope,58,0.045674167573451996
0,post_rope,59,0.04513661190867424
0,post_rope,60,0.04409400373697281
0,post_rope,61,0.04309829697012901
0,post_rope,62,0.04266950860619545
0,post_rope,63,0.04237974062561989
0,post_rope,64,0.04204346612095833
0,post_rope,65,0.041733380407094955
0,post_rope,66,0.041543472558259964
0,post_rope,67,0.04134053736925125
0,post_rope,68,0.04090221971273422
0,post_rope,69,0.04073645547032356
0,post_rope,70,0.040466126054525375
0,post_rope,71,0.04010910540819168
0,post_rope,72,0.03957730904221535
0,post_rope,73,0.03935106471180916
0,post_rope,74,0.03909730166196823
0,post_rope,75,0.03890303149819374
0,post_rope,76,0.038873229175806046
0,post_rope,77,0.03839275985956192
0,post_rope,78,0.03832600638270378
0,post_rope,79,0.037592463195323944
0,post_rope,80,0.037565115839242935
0,post_rope,81,0.03717273473739624
0,post_rope,82,0.03698674216866493
0,post_rope,83,0.0366012379527092
0,post_rope,84,0.03656512871384621
0,post_rope,85,0.03600301966071129
0,post_rope,86,0.03580484166741371
0,post_rope,87,0.03545863926410675
0,post_rope,88,0.035266000777482986
0,post_rope,89,0.03506552055478096
0,post_rope,90,0.03495423495769501
0,post_rope,91,0.034469123929739
0,post_rope,92,0.034350600093603134
0,post_rope,93,0.03380478173494339
0,post_rope,94,0.03372436389327049
0,post_rope,95,0.03365897387266159
0,post_rope,96,0.03349004685878754
0,post_rope,97,0.03294432908296585
0,post_rope,98,0.03253747522830963
0,post_rope,99,0.03240196406841278
0,post_rope,100,0.032023947685956955
0,post_rope,101,0.03188801929354668
0,post_rope,102,0.03143518790602684
0,post_rope,103,0.031200218945741653
0,post_rope,104,0.03109205700457096
0,post_rope,105,0.030868137255311012
0,post_rope,106,0.030674943700432777
0,post_rope,107,0.030558884143829346
0,post_rope,108,0.030181679874658585
0,post_rope,109,0.030132312327623367
0,post_rope,110,0.02985626459121704
0,post_rope,111,0.029639849439263344
0,post_rope,112,0.029340209439396858
0,post_rope,113,0.029060371220111847
0,post_rope,114,0.028884580358862877
0,post_rope,115,0.02883540466427803
0,post_rope,116,0.028769589960575104
0,post_rope,117,0.028383243829011917
0,post_rope,118,0.02821100689470768
0,post_rope,119,0.02810727246105671
0,post_rope,120,0.02803598903119564
0,post_rope,121,0.027652950957417488
0,post_rope,122,0.027394764125347137
0,post_rope,123,0.02716698870062828
0,post_rope,124,0.026924006640911102
0,post_rope,125,0.026493219658732414
0,post_rope,126,0.026470258831977844
0,post_rope,127,0.026325218379497528
0,post_rope,128,0.026204925030469894
0,post_rope,129,0.026196081191301346
0,post_rope,130,0.026048103347420692
0,post_rope,131,0.025783009827136993
0,post_rope,132,0.0257493257522583
0,post_rope,133,0.0256288331001997
0,post_rope,134,0.025339387357234955
0,post_rope,135,0.025192052125930786
0,post_rope,136,0.024872520938515663
0,post_rope,137,0.02483992651104927
0,post_rope,138,0.024764901027083397
0,post_rope,139,0.02460293471813202
0,post_rope,140,0.024475205689668655
0,post_rope,141,0.024290606379508972
0,post_rope,142,0.02420423924922943
0,post_rope,143,0.024026410654187202
0,post_rope,144,0.023750517517328262
0,post_rope,145,0.02364855818450451
0,post_rope,146,0.02363481931388378
0,post_rope,147,0.02335515059530735
0,post_rope,148,0.023265600204467773
0,post_rope,149,0.02319863624870777
0,post_rope,150,0.022810503840446472
0,post_rope,151,0.02272571250796318
0,post_rope,152,0.02263033390045166
0,post_rope,153,0.022342827171087265
0,post_rope,154,0.022312182933092117
0,post_rope,155,0.022282591089606285
0,post_rope,156,0.022218605503439903
0,post_rope,157,0.0220298171043396
0,post_rope,158,0.021976012736558914
0,post_rope,159,0.021844176575541496
0,post_rope,160,0.021687915548682213
0,post_rope,161,0.021650712937116623
0,post_rope,162,0.021546294912695885
0,post_rope,163,0.021474076434969902
0,post_rope,164,0.02136670984327793
0,post_rope,165,0.021311065182089806
0,post_rope,166,0.02108369953930378
0,post_rope,167,0.021065998822450638
0,post_rope,168,0.020907191559672356
0,post_rope,169,0.020796537399291992
0,post_rope,170,0.020718427374958992
0,post_rope,171,0.020603640004992485
0,post_rope,172,0.02057627961039543
0,post_rope,173,0.02052982710301876
0,post_rope,174,0.02038266696035862
0,post_rope,175,0.02029753103852272
0,post_rope,176,0.020222628489136696
0,post_rope,177,0.02014889381825924
0,post_rope,178,0.020065102726221085
0,post_rope,179,0.020034825429320335
0,post_rope,180,0.01987631805241108
0,post_rope,181,0.019848240539431572
0,post_rope,182,0.01978742517530918
0,post_rope,183,0.01973900943994522
0,post_rope,184,0.01965976692736149
0,post_rope,185,0.019545486196875572
0,post_rope,186,0.01933584176003933
0,post_rope,187,0.019329121336340904
0,post_rope,188,0.01916121505200863
0,post_rope,189,0.019131852313876152
0,post_rope,190,0.01902678981423378
0,post_rope,191,0.01885034702718258
0,post_rope,192,0.018719060346484184
0,post_rope,193,0.01869930326938629
0,post_rope,194,0.018551833927631378
0,post_rope,195,0.018448982387781143
0,post_rope,196,0.018416529521346092
0,post_rope,197,0.018387727439403534
0,post_rope,198,0.01832438074052334
0,post_rope,199,0.018269242718815804
0,post_rope,200,0.018156688660383224
0,post_rope,201,0.018107550218701363
0,post_rope,202,0.01800774596631527
0,post_rope,203,0.017961042001843452
0,post_rope,204,0.017819540575146675
0,post_rope,205,0.017727600410580635
0,post_rope,206,0.01768782176077366
0,post_rope,207,0.017600715160369873
0,post_rope,208,0.017478488385677338
0,post_rope,209,0.017391996458172798
0,post_rope,210,0.01730344630777836
0,post_rope,211,0.017212999984622
0,post_rope,212,0.017173439264297485
0,post_rope,213,0.0171117652207613
0,post_rope,214,0.01702054776251316
0,post_rope,215,0.016995316371321678
0,post_rope,216,0.016939295455813408
0,post_rope,217,0.016781045123934746
0,post_rope,218,0.01673339307308197
0,post_rope,219,0.01666928455233574
0,post_rope,220,0.01659718155860901
0,post_rope,221,0.01657680608332157
0,post_rope,222,0.016427354887127876
0,post_rope,223,0.016416925936937332
0,post_rope,224,0.016340011730790138
0,post_rope,225,0.016288699582219124
0,post_rope,226,0.016219506040215492
0,post_rope,227,0.016142234206199646
0,post_rope,228,0.016068225726485252
0,post_rope,229,0.016031162813305855
0,post_rope,230,0.015964385122060776
0,post_rope,231,0.015947435051202774
0,post_rope,232,0.015817537903785706
0,post_rope,233,0.015787897631525993
0,post_rope,234,0.015719085931777954
0,post_rope,235,0.015581545419991016
0,post_rope,236,0.015554122626781464
0,post_rope,237,0.015429235063493252
0,post_rope,238,0.015361129306256771
0,post_rope,239,0.015298668295145035
0,post_rope,240,0.015233795158565044
0,post_rope,241,0.015176026150584221
0,post_rope,242,0.015030010603368282
0,post_rope,243,0.014995108358561993
0,post_rope,244,0.014884548261761665
0,post_rope,245,0.014767744578421116
0,post_rope,246,0.01471086498349905
0,post_rope,247,0.014656283892691135
0,post_rope,248,0.014579488895833492
0,post_rope,249,0.014495047740638256
0,post_rope,250,0.014483905397355556
0,post_rope,251,0.014420868828892708
0,post_rope,252,0.0143196452409029
0,post_rope,253,0.014216868206858635
0,post_rope,254,0.014153099618852139
0,post_rope,255,0.01413683220744133
0,post_rope,256,0.014086640439927578
0,post_rope,257,0.014014697633683681
0,post_rope,258,0.013867179863154888
0,post_rope,259,0.013797348365187645
0,post_rope,260,0.01370834931731224
0,post_rope,261,0.013580357655882835
0,post_rope,262,0.013545908033847809
0,post_rope,263,0.013485388830304146
0,post_rope,264,0.013392502442002296
0,post_rope,265,0.013353618793189526
0,post_rope,266,0.013296782970428467
0,post_rope,267,0.013268780894577503
0,post_rope,268,0.013194120489060879
0,post_rope,269,0.013133143074810505
0,post_rope,270,0.013001587241888046
0,post_rope,271,0.01296083815395832
0,post_rope,272,0.012892046011984348
0,post_rope,273,0.012794488109648228
0,post_rope,274,0.012744451873004436
0,post_rope,275,0.012702379375696182
0,post_rope,276,0.012614158913493156
0,post_rope,277,0.012592305429279804
0,post_rope,278,0.012555594556033611
0,post_rope,279,0.012512079440057278
0,post_rope,280,0.01242437120527029
0,post_rope,281,0.012379149906337261
0,post_rope,282,0.012295606546103954
0,post_rope,283,0.012262970209121704
0,post_rope,284,0.01223316416144371
0,post_rope,285,0.012093487195670605
0,post_rope,286,0.012060816399753094
0,post_rope,287,0.012020253576338291
0,post_rope,288,0.011980232782661915
0,post_rope,289,0.01193622313439846
0,post_rope,290,0.011904281564056873
0,post_rope,291,0.01185455173254013
0,post_rope,292,0.011788365431129932
0,post_rope,293,0.01173785887658596
0,post_rope,294,0.011673432774841785
0,post_rope,295,0.011618229560554028
0,post_rope,296,0.011479713022708893
0,post_rope,297,0.011462780646979809
0,post_rope,298,0.011437734588980675
0,post_rope,299,0.01137524750083685
0,post_rope,300,0.011364210397005081
0,post_rope,301,0.011296197772026062
0,post_rope,302,0.011257781647145748
0,post_rope,303,0.011226040311157703
0,post_rope,304,0.01116491761058569
0,post_rope,305,0.01113427709788084
0,post_rope,306,0.011052696965634823
0,post_rope,307,0.011027650907635689
0,post_rope,308,0.010989164933562279
0,post_rope,309,0.01092657819390297
0,post_rope,310,0.010869022458791733
0,post_rope,311,0.010836119763553143
0,post_rope,312,0.010743217542767525
0,post_rope,313,0.010682701133191586
0,post_rope,314,0.010648756287992
0,post_rope,315,0.010629557073116302
0,post_rope,316,0.010600662790238857
0,post_rope,317,0.010562017560005188
0,post_rope,318,0.01051337644457817
0,post_rope,319,0.010463370941579342
0,post_rope,320,0.01042487844824791
0,post_rope,321,0.010391304269433022
0,post_rope,322,0.010343185625970364
0,post_rope,323,0.010298877023160458
0,post_rope,324,0.010256036184728146
0,post_rope,325,0.010193937458097935
0,post_rope,326,0.010151401162147522
0,post_rope,327,0.010078372433781624
0,post_rope,328,0.01004799548536539
0,post_rope,329,0.010015880689024925
0,post_rope,330,0.009920970536768436
0,post_rope,331,0.009889543987810612
0,post_rope,332,0.009875250980257988
0,post_rope,333,0.009835985489189625
0,post_rope,334,0.009811736643314362
0,post_rope,335,0.009768822230398655
0,post_rope,336,0.009673088788986206
0,post_rope,337,0.009660334326326847
0,post_rope,338,0.009624144062399864
0,post_rope,339,0.009582428261637688
0,post_rope,340,0.009547876194119453
0,post_rope,341,0.009484502486884594
0,post_rope,342,0.0094462800770998
0,post_rope,343,0.00941204559057951
0,post_rope,344,0.009346818551421165
0,post_rope,345,0.009317532181739807
0,post_rope,346,0.009255885146558285
0,post_rope,347,0.009214445017278194
0,post_rope,348,0.009159601293504238
0,post_rope,349,0.009112376719713211
0,post_rope,350,0.009091951884329319
0,post_rope,351,0.009031287394464016
0,post_rope,352,0.008948331698775291
0,post_rope,353,0.008927457965910435
0,post_rope,354,0.008886284194886684
0,post_rope,355,0.008879964239895344
0,post_rope,356,0.008803312666714191
0,post_rope,357,0.008761015720665455
0,post_rope,358,0.008748221211135387
0,post_rope,359,0.008719265460968018
0,post_rope,360,0.00864641834050417
0,post_rope,361,0.008595257066190243
0,post_rope,362,0.008575549349188805
0,post_rope,363,0.008510928601026535
0,post_rope,364,0.008471609093248844
0,post_rope,365,0.008467265404760838
0,post_rope,366,0.008414192125201225
0,post_rope,367,0.008316249586641788
0,post_rope,368,0.008262941613793373
0,post_rope,369,0.00823247991502285
0,post_rope,370,0.0082105016335845
0,post_rope,371,0.00816249754279852
0,post_rope,372,0.008041948080062866
0,post_rope,373,0.00800659041851759
0,post_rope,374,0.007985511794686317
0,post_rope,375,0.00794841255992651
0,post_rope,376,0.007868419401347637
0,post_rope,377,0.007758480962365866
0,post_rope,378,0.007687699049711227
0,post_rope,379,0.007643627468496561
0,post_rope,380,0.007598250638693571
0,post_rope,381,0.0075205541215837
0,post_rope,382,0.007445871829986572
0,post_rope,383,0.007371456362307072
0,post_rope,384,0.007348624989390373
0,post_rope,385,0.007327537517994642
0,post_rope,386,0.007260964252054691
0,post_rope,387,0.007183778565376997
0,post_rope,388,0.007118640933185816
0,post_rope,389,0.007085931487381458
0,post_rope,390,0.006968560628592968
0,post_rope,391,0.006895141676068306
0,post_rope,392,0.006837873253971338
0,post_rope,393,0.006724144797772169
0,post_rope,394,0.006707260385155678
0,post_rope,395,0.006616885308176279
0,post_rope,396,0.006559113506227732
0,post_rope,397,0.006434670649468899
0,post_rope,398,0.006418261211365461
0,post_rope,399,0.006361335050314665
0,post_rope,400,0.006304239388555288
0,post_rope,401,0.006263593677431345
0,post_rope,402,0.006201387383043766
0,post_rope,403,0.006097061559557915
0,post_rope,404,0.0060843294486403465
0,post_rope,405,0.006036731414496899
0,post_rope,406,0.005994819104671478
0,post_rope,407,0.005905962083488703
0,post_rope,408,0.005848695524036884
0,post_rope,409,0.005781873129308224
0,post_rope,410,0.00573055911809206
0,post_rope,411,0.005664250813424587
0,post_rope,412,0.005634428467601538
0,post_rope,413,0.005541251972317696
0,post_rope,414,0.005495608318597078
0,post_rope,415,0.00542787229642272
0,post_rope,416,0.005364535842090845
0,post_rope,417,0.005321115721017122
0,post_rope,418,0.005290073808282614
0,post_rope,419,0.005174669902771711
0,post_rope,420,0.0051243966445326805
0,post_rope,421,0.005084514617919922
0,post_rope,422,0.005023851990699768
0,post_rope,423,0.004959581419825554
0,post_rope,424,0.004952515009790659
0,post_rope,425,0.004885623697191477
0,post_rope,426,0.004838620778173208
0,post_rope,427,0.00480169802904129
0,post_rope,428,0.004694980103522539
0,post_rope,429,0.004647808149456978
0,post_rope,430,0.004576702602207661
0,post_rope,431,0.004549057688564062
0,post_rope,432,0.004514044616371393
0,post_rope,433,0.00440990412607789
0,post_rope,434,0.004369422793388367
0,post_rope,435,0.004306507296860218
0,post_rope,436,0.004274369217455387
0,post_rope,437,0.004224891308695078
0,post_rope,438,0.004190997686237097
0,post_rope,439,0.004109323490411043
0,post_rope,440,0.004057290498167276
0,post_rope,441,0.003986366093158722
0,post_rope,442,0.003957475535571575
0,post_rope,443,0.003919179551303387
0,post_rope,444,0.003911012317985296
0,post_rope,445,0.0038993251509964466
0,post_rope,446,0.00383073091506958
0,post_rope,447,0.0037830714136362076
0,post_rope,448,0.0037424687761813402
0,post_rope,449,0.0036578767467290163
0,post_rope,450,0.0036313305608928204
0,post_rope,451,0.0035682956222444773
0,post_rope,452,0.003518447745591402
0,post_rope,453,0.003505375701934099
0,post_rope,454,0.003455915953963995
0,post_rope,455,0.003430771641433239
0,post_rope,456,0.0033696258906275034
0,post_rope,457,0.0033113504759967327
0,post_rope,458,0.0032860152423381805
0,post_rope,459,0.0032494955230504274
0,post_rope,460,0.0031987985130399466
0,post_rope,461,0.0031491140834987164
0,post_rope,462,0.0031268319580703974
0,post_rope,463,0.00307133118622005
0,post_rope,464,0.0030083348974585533
0,post_rope,465,0.002985729370266199
0,post_rope,466,0.002960202284157276
0,post_rope,467,0.0029372626449912786
0,post_rope,468,0.002863840200006962
0,post_rope,469,0.0028359924908727407
0,post_rope,470,0.002790809376165271
0,post_rope,471,0.0027352264150977135
0,post_rope,472,0.002702130237594247
0,post_rope,473,0.0026676792185753584
0,post_rope,474,0.0026509349700063467
0,post_rope,475,0.002634046133607626
0,post_rope,476,0.0025577228516340256
0,post_rope,477,0.0025441856123507023
0,post_rope,478,0.0025227940641343594
0,post_rope,479,0.0024638096801936626
0,post_rope,480,0.0024330802261829376
0,post_rope,481,0.0023965626023709774
0,post_rope,482,0.002307604532688856
0,post_rope,483,0.002286355011165142
0,post_rope,484,0.002216082764789462
0,post_rope,485,0.0022047862876206636
0,post_rope,486,0.00217227078974247
0,post_rope,487,0.002125463215634227
0,post_rope,488,0.0020722639746963978
0,post_rope,489,0.002004422480240464
0,post_rope,490,0.0019423753255978227
0,post_rope,491,0.0018998539308086038
0,post_rope,492,0.0018755999626591802
0,post_rope,493,0.001805572072044015
0,post_rope,494,0.0017428139690309763
0,post_rope,495,0.001716936589218676
0,post_rope,496,0.001618900801986456
0,post_rope,497,0.0015553056728094816
0,post_rope,498,0.0015290373703464866
0,post_rope,499,0.0014945671427994967
0,post_rope,500,0.0014088880270719528
0,post_rope,501,0.0013560837833210826
0,post_rope,502,0.001294766552746296
0,post_rope,503,0.0012541027972474694
0,post_rope,504,0.0011201058514416218
0,post_rope,505,0.001080196350812912
0,post_rope,506,0.0010595141211524606
0,post_rope,507,0.0010047333780676126
0,post_rope,508,0.0009593007271178067
0,post_rope,509,0.0008938949322327971
0,post_rope,510,0.0008026753203012049
0,post_rope,511,0.0007101067458279431
0,post_rope,512,0.0004931438597850502
1,pre_rope,1,1.0
1,pre_rope,2,0.15691474080085754
1,pre_rope,3,0.13134965300559998
1,pre_rope,4,0.10483721643686295
1,pre_rope,5,0.09047672897577286
1,pre_rope,6,0.08263767510652542
1,pre_rope,7,0.07997418195009232
1,pre_rope,8,0.07383296638727188
1,pre_rope,9,0.07208569347858429
1,pre_rope,10,0.06951110810041428
1,pre_rope,11,0.06650181114673615
1,pre_rope,12,0.0629241093993187
1,pre_rope,13,0.06248147413134575
1,pre_rope,14,0.06168181821703911
1,pre_rope,15,0.058385249227285385
1,pre_rope,16,0.0550740621984005
1,pre_rope,17,0.05359291657805443
1,pre_rope,18,0.05306468904018402
1,pre_rope,19,0.051909465342760086
1,pre_rope,20,0.05073518306016922
1,pre_rope,21,0.04922656714916229
1,pre_rope,22,0.047951590269804
1,pre_rope,23,0.04615417495369911
1,pre_rope,24,0.04540977254509926
1,pre_rope,25,0.045194707810878754
1,pre_rope,26,0.044533759355545044
1,pre_rope,27,0.043484948575496674
1,pre_rope,28,0.04307222738862038
1,pre_rope,29,0.04071525111794472
1,pre_rope,30,0.04026448726654053
1,pre_rope,31,0.03887701779603958
1,pre_rope,32,0.038296062499284744
1,pre_rope,33,0.03771977499127388
1,pre_rope,34,0.03674592822790146
1,pre_rope,35,0.03586988523602486
1,pre_rope,36,0.03427937999367714
1,pre_rope,37,0.03367013484239578
1,pre_rope,38,0.03326347842812538
1,pre_rope,39,0.03222215920686722
1,pre_rope,40,0.03196514770388603
1,pre_rope,41,0.031633663922548294
1,pre_rope,42,0.03034033067524433
1,pre_rope,43,0.030057765543460846
1,pre_rope,44,0.029842812567949295
1,pre_rope,45,0.02911238931119442
1,pre_rope,46,0.028557971119880676
1,pre_rope,47,0.02800634130835533
1,pre_rope,48,0.027713937684893608
1,pre_rope,49,0.026696212589740753
1,pre_rope,50,0.026281584054231644
1,pre_rope,51,0.026003194972872734
1,pre_rope,52,0.025885986164212227
1,pre_rope,53,0.025239866226911545
1,pre_rope,54,0.02505911886692047
1,pre_rope,55,0.024350998923182487
1,pre_rope,56,0.02366524562239647
1,pre_rope,57,0.023430045694112778
1,pre_rope,58,0.023239487782120705
1,pre_rope,59,0.02272641286253929
1,pre_rope,60,0.022568251937627792
1,pre_rope,61,0.022399188950657845
1,pre_rope,62,0.02197878248989582
1,pre_rope,63,0.02161295898258686
1,pre_rope,64,0.021442411467432976
1,pre_rope,65,0.020937582477927208
1,pre_rope,66,0.02067757025361061
1,pre_rope,67,0.020289743319153786
1,pre_rope,68,0.019951606169342995
1,pre_rope,69,0.01980626955628395
1,pre_rope,70,0.019415970891714096
1,pre_rope,71,0.019190523773431778
1,pre_rope,72,0.019083799794316292
1,pre_rope,73,0.018936684355139732
1,pre_rope,74,0.01833011768758297
1,pre_rope,75,0.018144682049751282
1,pre_rope,76,0.017954500392079353
1,pre_rope,77,0.017723336815834045
1,pre_rope,78,0.017489444464445114
1,pre_rope,79,0.01741580106317997
1,pre_rope,80,0.017235057428479195
1,pre_rope,81,0.016881046816706657
1,pre_rope,82,0.01684834621846676
1,pre_rope,83,0.016661418601870537
1,pre_rope,84,0.016363827511668205
1,pre_rope,85,0.016248168423771858
1,pre_rope,86,0.01589205116033554
1,pre_rope,87,0.0158045906573534
1,pre_rope,88,0.01571594551205635
1,pre_rope,89,0.015635251998901367
1,pre_rope,90,0.015441183932125568
1,pre_rope,91,0.015362314879894257
1,pre_rope,92,0.015184300020337105
1,pre_rope,93,0.014970054849982262
1,pre_rope,94,0.014705931767821312
1,pre_rope,95,0.014663923531770706
1,pre_rope,96,0.01446160115301609
1,pre_rope,97,0.014407997019588947
1,pre_rope,98,0.014333019033074379
1,pre_rope,99,0.014253742061555386
1,pre_rope,100,0.01397919561713934
1,pre_rope,101,0.013905941508710384
1,pre_rope,102,0.01384942140430212
1,pre_rope,103,0.013645925559103489
1,pre_rope,104,0.013515421189367771
1,pre_rope,105,0.013400927186012268
1,pre_rope,106,0.013336467556655407
1,pre_rope,107,0.013126983307301998
1,pre_rope,108,0.012964444234967232
1,pre_rope,109,0.012828586623072624
1,pre_rope,110,0.012739630416035652
1,pre_rope,111,0.01271722000092268
1,pre_rope,112,0.012638384476304054
1,pre_rope,113,0.012427705340087414
1,pre_rope,114,0.012376995757222176
1,pre_rope,115,0.012226831167936325
1,pre_rope,116,0.012193528935313225
1,pre_rope,117,0.012123588472604752
1,pre_rope,118,0.012068554759025574
1,pre_rope,119,0.011892934329807758
1,pre_rope,120,0.01178496889770031
1,pre_rope,121,0.0117149343714118
1,pre_rope,122,0.011599781922996044
1,pre_rope,123,0.011452415026724339
1,pre_rope,124,0.011366528458893299
1,pre_rope,125,0.011305311694741249
1,pre_rope,126,0.011273170821368694
1,pre_rope,127,0.011215017177164555
1,pre_rope,128,0.011117805726826191
1,pre_rope,129,0.011043776758015156
1,pre_rope,130,0.010992666706442833
1,pre_rope,131,0.010905656963586807
1,pre_rope,132,0.010869448073208332
1,pre_rope,133,0.010738463141024113
1,pre_rope,134,0.010648085735738277
1,pre_rope,135,0.010604596696794033
1,pre_rope,136,0.01057672780007124
1,pre_rope,137,0.010464675724506378
1,pre_rope,138,0.010389786213636398
1,pre_rope,139,0.010370554402470589
1,pre_rope,140,0.010291730985045433
1,pre_rope,141,0.01017520111054182
1,pre_rope,142,0.010081191547214985
1,pre_rope,143,0.010013546794652939
1,pre_rope,144,0.009959416463971138
1,pre_rope,145,0.009902503341436386
1,pre_rope,146,0.009827169589698315
1,pre_rope,147,0.009765954688191414
1,pre_rope,148,0.0096523342654109
1,pre_rope,149,0.009626197628676891
1,pre_rope,150,0.009541288949549198
1,pre_rope,151,0.009471911005675793
1,pre_rope,152,0.00938514806330204
1,pre_rope,153,0.009310740046203136
1,pre_rope,154,0.009298532269895077
1,pre_rope,155,0.009212545119225979
1,pre_rope,156,0.00918454397469759
1,pre_rope,157,0.009098374284803867
1,pre_rope,158,0.009057316929101944
1,pre_rope,159,0.009018093347549438
1,pre_rope,160,0.008887365460395813
1,pre_rope,161,0.008852743543684483
1,pre_rope,162,0.008793978951871395
1,pre_rope,163,0.008737338706851006
1,pre_rope,164,0.008657559752464294
1,pre_rope,165,0.008601612411439419
1,pre_rope,166,0.008579120971262455
1,pre_rope,167,0.008531181141734123
1,pre_rope,168,0.008442615158855915
1,pre_rope,169,0.008387074805796146
1,pre_rope,170,0.008354216814041138
1,pre_rope,171,0.008314790204167366
1,pre_rope,172,0.008247624151408672
1,pre_rope,173,0.00821707583963871
1,pre_rope,174,0.008148763328790665
1,pre_rope,175,0.008043963462114334
1,pre_rope,176,0.008003651164472103
1,pre_rope,177,0.00795888900756836
1,pre_rope,178,0.00790365133434534
1,pre_rope,179,0.00785916205495596
1,pre_rope,180,0.007798437960445881
1,pre_rope,181,0.007767928764224052
1,pre_rope,182,0.007684724871069193
1,pre_rope,183,0.00763058103621006
1,pre_rope,184,0.007591945119202137
1,pre_rope,185,0.007517208810895681
1,pre_rope,186,0.007486640475690365
1,pre_rope,187,0.0074668386951088905
1,pre_rope,188,0.007445141207426786
1,pre_rope,189,0.007397259585559368
1,pre_rope,190,0.00734631298109889
1,pre_rope,191,0.007320816162973642
1,pre_rope,192,0.0072556366212666035
1,pre_rope,193,0.0071844239719212055
1,pre_rope,194,0.007149876095354557
1,pre_rope,195,0.007138090208172798
1,pre_rope,196,0.007045410107821226
1,pre_rope,197,0.0070042358711361885
1,pre_rope,198,0.006946819834411144
1,pre_rope,199,0.006917615886777639
1,pre_rope,200,0.006863099057227373
1,pre_rope,201,0.006835469044744968
1,pre_rope,202,0.006814110092818737
1,pre_rope,203,0.006746730767190456
1,pre_rope,204,0.006715197581797838
1,pre_rope,205,0.0066985078155994415
1,pre_rope,206,0.006672788877040148
1,pre_rope,207,0.006650598254054785
1,pre_rope,208,0.0065752738155424595
1,pre_rope,209,0.006554548628628254
1,pre_rope,210,0.00650661438703537
1,pre_rope,211,0.006431369110941887
1,pre_rope,212,0.006393691524863243
1,pre_rope,213,0.006358025595545769
1,pre_rope,214,0.006341537460684776
1,pre_rope,215,0.006286459509283304
1,pre_rope,216,0.006276271305978298
1,pre_rope,217,0.00622482830658555
1,pre_rope,218,0.006186771672219038
1,pre_rope,219,0.006172332912683487
1,pre_rope,220,0.006142714526504278
1,pre_rope,221,0.006083138287067413
1,pre_rope,222,0.006040945649147034
1,pre_rope,223,0.0060176183469593525
1,pre_rope,224,0.005992793012410402
1,pre_rope,225,0.005939042661339045
1,pre_rope,226,0.0058683231472969055
1,pre_rope,227,0.005844662897288799
1,pre_rope,228,0.0058303880505263805
1,pre_rope,229,0.005781539250165224
1,pre_rope,230,0.0057505276054143906
1,pre_rope,231,0.00571507727727294
1,pre_rope,232,0.005708285141736269
1,pre_rope,233,0.005651170387864113
1,pre_rope,234,0.005617713090032339
1,pre_rope,235,0.0056027695536613464
1,pre_rope,236,0.005571831949055195
1,pre_rope,237,0.005551316309720278
1,pre_rope,238,0.0055212597362697124
1,pre_rope,239,0.005501206032931805
1,pre_rope,240,0.005472060292959213
1,pre_rope,241,0.0054123615846037865
1,pre_rope,242,0.0053605930879712105
1,pre_rope,243,0.005352609790861607
1,pre_rope,244,0.005328187253326178
1,pre_rope,245,0.005306754726916552
1,pre_rope,246,0.00529078533872962
1,pre_rope,247,0.0052499109879136086
1,pre_rope,248,0.005199347622692585
1,pre_rope,249,0.005178575869649649
1,pre_rope,250,0.005120944231748581
1,pre_rope,251,0.005106407683342695
1,pre_rope,252,0.005094132386147976
1,pre_rope,253,0.005056349560618401
1,pre_rope,254,0.005044659599661827
1,pre_rope,255,0.0050122179090976715
1,pre_rope,256,0.004964027553796768
1,pre_rope,257,0.0049341884441673756
1,pre_rope,258,0.004907500464469194
1,pre_rope,259,0.004893931560218334
1,pre_rope,260,0.004869250115007162
1,pre_rope,261,0.004851456265896559
1,pre_rope,262,0.004807761870324612
1,pre_rope,263,0.004777349065989256
1,pre_rope,264,0.0047581978142261505
1,pre_rope,265,0.004723719321191311
1,pre_rope,266,0.004716422408819199
1,pre_rope,267,0.0047079892829060555
1,pre_rope,268,0.004646137356758118
1,pre_rope,269,0.004615359473973513
1,pre_rope,270,0.004606246016919613
1,pre_rope,271,0.0045581297017633915
1,pre_rope,272,0.004553565289825201
1,pre_rope,273,0.0045294626615941525
1,pre_rope,274,0.004502237308770418
1,pre_rope,275,0.004457087721675634
1,pre_rope,276,0.004443793557584286
1,pre_rope,277,0.004418249242007732
1,pre_rope,278,0.004398802760988474
1,pre_rope,279,0.004397659562528133
1,pre_rope,280,0.004376173485070467
1,pre_rope,281,0.0043394910171628
1,pre_rope,282,0.004310811869800091
1,pre_rope,283,0.004287270829081535
1,pre_rope,284,0.004261618945747614
1,pre_rope,285,0.0042323162779212
1,pre_rope,286,0.004222552292048931
1,pre_rope,287,0.004157227464020252
1,pre_rope,288,0.004155249800533056
1,pre_rope,289,0.004100143909454346
1,pre_rope,290,0.004088857211172581
1,pre_rope,291,0.0040658703073859215
1,pre_rope,292,0.004049471579492092
1,pre_rope,293,0.004022500943392515
1,pre_rope,294,0.0039976430125534534
1,pre_rope,295,0.0039842380210757256
1,pre_rope,296,0.003982624504715204
1,pre_rope,297,0.003949240781366825
1,pre_rope,298,0.003922513220459223
1,pre_rope,299,0.003912963438779116
1,pre_rope,300,0.003884983481839299
1,pre_rope,301,0.0038666853215545416
1,pre_rope,302,0.003848595544695854
1,pre_rope,303,0.0038430667482316494
1,pre_rope,304,0.003808775218203664
1,pre_rope,305,0.0037954680155962706
1,pre_rope,306,0.0037642118986696005
1,pre_rope,307,0.003756789257749915
1,pre_rope,308,0.003727163653820753
1,pre_rope,309,0.003718906780704856
1,pre_rope,310,0.0036819283850491047
1,pre_rope,311,0.00366403441876173
1,pre_rope,312,0.0036501747090369463
1,pre_rope,313,0.0036391650792211294
1,pre_rope,314,0.0036072435323148966
1,pre_rope,315,0.0035855856258422136
1,pre_rope,316,0.0035701366141438484
1,pre_rope,317,0.003550694789737463
1,pre_rope,318,0.0035369815304875374
1,pre_rope,319,0.003491000272333622
1,pre_rope,320,0.0034833906684070826
1,pre_rope,321,0.0034805533941835165
1,pre_rope,322,0.003468862734735012
1,pre_rope,323,0.003455806989222765
1,pre_rope,324,0.0034150530118495226
1,pre_rope,325,0.003402935341000557
1,pre_rope,326,0.0033921529538929462
1,pre_rope,327,0.003347476478666067
1,pre_rope,328,0.0033385232090950012
1,pre_rope,329,0.0033264749217778444
1,pre_rope,330,0.0033101297449320555
1,pre_rope,331,0.003293898655101657
1,pre_rope,332,0.003273468231782317
1,pre_rope,333,0.003266159212216735
1,pre_rope,334,0.003228987567126751
1,pre_rope,335,0.00322525342926383
1,pre_rope,336,0.0032041864469647408
1,pre_rope,337,0.003187209367752075
1,pre_rope,338,0.0031713901553303003
1,pre_rope,339,0.0031585684046149254
1,pre_rope,340,0.0031448889058083296
1,pre_rope,341,0.0031231441535055637
1,pre_rope,342,0.003086963901296258
1,pre_rope,343,0.0030833121854811907
1,pre_rope,344,0.0030622929334640503
1,pre_rope,345,0.0030463121365755796
1,pre_rope,346,0.0030429549515247345
1,pre_rope,347,0.0030178502202033997
1,pre_rope,348,0.0029984842985868454
1,pre_rope,349,0.00297108618542552
1,pre_rope,350,0.0029612435027956963
1,pre_rope,351,0.0029476957861334085
1,pre_rope,352,0.002924171043559909
1,pre_rope,353,0.0028861367609351873
1,pre_rope,354,0.002877797232940793
1,pre_rope,355,0.0028686539735645056
1,pre_rope,356,0.002850024960935116
1,pre_rope,357,0.0028300799895077944
1,pre_rope,358,0.0028245041612535715
1,pre_rope,359,0.0028226880822330713
1,pre_rope,360,0.00278032710775733
1,pre_rope,361,0.0027705500833690166
1,pre_rope,362,0.002749667502939701
1,pre_rope,363,0.0027377514634281397
1,pre_rope,364,0.0027214819565415382
1,pre_rope,365,0.002698236843571067
1,pre_rope,366,0.0026843140367418528
1,pre_rope,367,0.002659139223396778
1,pre_rope,368,0.002645504893735051
1,pre_rope,369,0.002637498313561082
1,pre_rope,370,0.00260699144564569
1,pre_rope,371,0.0025962083600461483
1,pre_rope,372,0.0025818373542279005
1,pre_rope,373,0.0025792568922042847
1,pre_rope,374,0.002561977133154869
1,pre_rope,375,0.002546810545027256
1,pre_rope,376,0.0025370409712195396
1,pre_rope,377,0.0025293263606727123
1,pre_rope,378,0.0025190464220941067
1,pre_rope,379,0.002494423184543848
1,pre_rope,380,0.002480574883520603
1,pre_rope,381,0.002468160819262266
1,pre_rope,382,0.0024600569158792496
1,pre_rope,383,0.002438952447846532
1,pre_rope,384,0.002430053660646081
1,pre_rope,385,0.0024092087987810373
1,pre_rope,386,0.0023957262746989727
1,pre_rope,387,0.002391199581325054
1,pre_rope,388,0.0023761179763823748
1,pre_rope,389,0.0023572994396090508
1,pre_rope,390,0.0023487862199544907
1,pre_rope,391,0.002325955778360367
1,pre_rope,392,0.002303237561136484
1,pre_rope,393,0.002296230522915721
1,pre_rope,394,0.002279530744999647
1,pre_rope,395,0.002270924160256982
1,pre_rope,396,0.002248230390250683
1,pre_rope,397,0.0022351162042468786
1,pre_rope,398,0.002223733114078641
1,pre_rope,399,0.0022097856272011995
1,pre_rope,400,0.002188544487580657
1,pre_rope,401,0.002162053482607007
1,pre_rope,402,0.002155761932954192
1,pre_rope,403,0.002133564790710807
1,pre_rope,404,0.0021248587872833014
1,pre_rope,405,0.0021100789308547974
1,pre_rope,406,0.0020846393890678883
1,pre_rope,407,0.002074986696243286
1,pre_rope,408,0.0020556654781103134
1,pre_rope,409,0.0020509660243988037
1,pre_rope,410,0.00204127817414701
1,pre_rope,411,0.0020352485589683056
1,pre_rope,412,0.002027062000706792
1,pre_rope,413,0.0020139662083238363
1,pre_rope,414,0.0019911800045520067
1,pre_rope,415,0.001975602237507701
1,pre_rope,416,0.0019606053829193115
1,pre_rope,417,0.0019551273435354233
1,pre_rope,418,0.0019441500771790743
1,pre_rope,419,0.0019338239217177033
1,pre_rope,420,0.0019212332554161549
1,pre_rope,421,0.0019075821619480848
1,pre_rope,422,0.0019019260071218014
1,pre_rope,423,0.0018832908244803548
1,pre_rope,424,0.0018573186825960875
1,pre_rope,425,0.0018554989947006106
1,pre_rope,426,0.0018455934477970004
1,pre_rope,427,0.001824860810302198
1,pre_rope,428,0.0018070617225021124
1,pre_rope,429,0.0018010871717706323
1,pre_rope,430,0.0017953083151951432
1,pre_rope,431,0.0017803520895540714
1,pre_rope,432,0.001757921534590423
1,pre_rope,433,0.0017530056647956371
1,pre_rope,434,0.0017331874696537852
1,pre_rope,435,0.0017142618307843804
1,pre_rope,436,0.001707454794086516
1,pre_rope,437,0.0016953932354226708
1,pre_rope,438,0.001679972163401544
1,pre_rope,439,0.0016650636680424213
1,pre_rope,440,0.001651147031225264
1,pre_rope,441,0.0016375546110793948
1,pre_rope,442,0.0016150492010638118
1,pre_rope,443,0.001607390702702105
1,pre_rope,444,0.0015844351146370173
1,pre_rope,445,0.0015768245793879032
1,pre_rope,446,0.0015585138462483883
1,pre_rope,447,0.0015500116860494018
1,pre_rope,448,0.0015438883565366268
1,pre_rope,449,0.0015097410650923848
1,pre_rope,450,0.0015080416342243552
1,pre_rope,451,0.001486351597122848
1,pre_rope,452,0.0014828150160610676
1,pre_rope,453,0.0014715767465531826
1,pre_rope,454,0.00145009346306324
1,pre_rope,455,0.0014373823069036007
1,pre_rope,456,0.0014292869018390775
1,pre_rope,457,0.0014208510983735323
1,pre_rope,458,0.0014128258917480707
1,pre_rope,459,0.0013867596862837672
1,pre_rope,460,0.0013750679790973663
1,pre_rope,461,0.0013643325073644519
1,pre_rope,462,0.0013530222931876779
1,pre_rope,463,0.0013342831516638398
1,pre_rope,464,0.0013320286525413394
1,pre_rope,465,0.0013126786798238754
1,pre_rope,466,0.001293656649067998
1,pre_rope,467,0.001287509803660214
1,pre_rope,468,0.0012822828721255064
1,pre_rope,469,0.0012629758566617966
1,pre_rope,470,0.0012530823005363345
1,pre_rope,471,0.0012310781748965383
1,pre_rope,472,0.0012284417171031237
1,pre_rope,473,0.001214223331771791
1,pre_rope,474,0.0011798449559137225
1,pre_rope,475,0.0011698926100507379
1,pre_rope,476,0.001155160483904183
1,pre_rope,477,0.0011460328241810203
1,pre_rope,478,0.0011204099282622337
1,pre_rope,479,0.0011152512161061168
1,pre_rope,480,0.0010920915519818664
1,pre_rope,481,0.001064977841451764
1,pre_rope,482,0.0010563153773546219
1,pre_rope,483,0.0010398796293884516
1,pre_rope,484,0.001023553777486086
1,pre_rope,485,0.001010471605695784
1,pre_rope,486,0.00100076908711344
1,pre_rope,487,0.0009684310643933713
1,pre_rope,488,0.0009607076062820852
1,pre_rope,489,0.00094438815722242
1,pre_rope,490,0.0009213745943270624
1,pre_rope,491,0.0009160413756035268
1,pre_rope,492,0.000901557388715446
1,pre_rope,493,0.0008970579947344959
1,pre_rope,494,0.000868624250870198
1,pre_rope,495,0.0008607409545220435
1,pre_rope,496,0.0008370070136152208
1,pre_rope,497,0.0008238673908635974
1,pre_rope,498,0.0007994638290256262
1,pre_rope,499,0.0007709001656621695
1,pre_rope,500,0.0007206792361102998
1,pre_rope,501,0.000713809160515666
1,pre_rope,502,0.0006925472407601774
1,pre_rope,503,0.0006616137106902897
1,pre_rope,504,0.000580216757953167
1,pre_rope,505,0.0005520161939784884
1,pre_rope,506,0.0005463800043798983
1,pre_rope,507,0.0005034297937527299
1,pre_rope,508,0.0004862581263296306
1,pre_rope,509,0.00043494856799952686
1,pre_rope,510,0.0003985053044743836
1,pre_rope,511,0.00036728460690937936
1,pre_rope,512,0.0003091509861405939
1,post_rope,1,1.0
1,post_rope,2,0.23607297241687775
1,post_rope,3,0.23571424186229706
1,post_rope,4,0.16159677505493164
1,post_rope,5,0.16018125414848328
1,post_rope,6,0.15126962959766388
1,post_rope,7,0.1511135697364807
1,post_rope,8,0.15029019117355347
1,post_rope,9,0.14913474023342133
1,post_rope,10,0.14784519374370575
1,post_rope,11,0.14753612875938416
1,post_rope,12,0.1473853439092636
1,post_rope,13,0.14698542654514313
1,post_rope,14,0.14673982560634613
1,post_rope,15,0.1466158628463745
1,post_rope,16,0.14610090851783752
1,post_rope,17,0.14595915377140045
1,post_rope,18,0.1439693719148636
1,post_rope,19,0.14319565892219543
1,post_rope,20,0.14172126352787018
1,post_rope,21,0.14138318598270416
1,post_rope,22,0.1403007209300995
1,post_rope,23,0.13724124431610107
1,post_rope,24,0.13712471723556519
1,post_rope,25,0.13462761044502258
1,post_rope,26,0.13275767862796783
1,post_rope,27,0.13125823438167572
1,post_rope,28,0.12494302541017532
1,post_rope,29,0.11916749179363251
1,post_rope,30,0.10899362713098526
1,post_rope,31,0.10361423343420029
1,post_rope,32,0.10139328241348267
1,post_rope,33,0.10113339126110077
1,post_rope,34,0.09254024177789688
1,post_rope,35,0.08922979980707169
1,post_rope,36,0.0865904837846756
1,post_rope,37,0.08407428115606308
1,post_rope,38,0.07918959110975266
1,post_rope,39,0.07796110957860947
1,post_rope,40,0.07703930884599686
1,post_rope,41,0.0756571888923645
1,post_rope,42,0.07226351648569107
1,post_rope,43,0.07011728733778
1,post_rope,44,0.06634750217199326
1,post_rope,45,0.06514082849025726
1,post_rope,46,0.06323882937431335
1,post_rope,47,0.06155402213335037
1,post_rope,48,0.05958927050232887
1,post_rope,49,0.05819132179021835
1,post_rope,50,0.05773157626390457
1,post_rope,51,0.057294607162475586
1,post_rope,52,0.05571572855114937
1,post_rope,53,0.052236467599868774
1,post_rope,54,0.0516388975083828
1,post_rope,55,0.0503486692905426
1,post_rope,56,0.04987656697630882
1,post_rope,57,0.048499077558517456
1,post_rope,58,0.04796379804611206
1,post_rope,59,0.047619979828596115
1,post_rope,60,0.04727660492062569
1,post_rope,61,0.046627964824438095
1,post_rope,62,0.04646649211645126
1,post_rope,63,0.04570930823683739
1,post_rope,64,0.045359186828136444
1,post_rope,65,0.044947054237127304
1,post_rope,66,0.04445614293217659
1,post_rope,67,0.04335394501686096
1,post_rope,68,0.04318542405962944
1,post_rope,69,0.042615629732608795
1,post_rope,70,0.041962865740060806
1,post_rope,71,0.04151921346783638
1,post_rope,72,0.04110896214842796
1,post_rope,73,0.04064847528934479
1,post_rope,74,0.04009288549423218
1,post_rope,75,0.039790213108062744
1,post_rope,76,0.039697758853435516
1,post_rope,77,0.03916773200035095
1,post_rope,78,0.038548972457647324
1,post_rope,79,0.03823200240731239
1,post_rope,80,0.03790057450532913
1,post_rope,81,0.03773188218474388
1,post_rope,82,0.03761814534664154
1,post_rope,83,0.03697819262742996
1,post_rope,84,0.03663727641105652
1,post_rope,85,0.03600877895951271
1,post_rope,86,0.03566829115152359
1,post_rope,87,0.03553294017910957
1,post_rope,88,0.03530503064393997
1,post_rope,89,0.03505224362015724
1,post_rope,90,0.034696053713560104
1,post_rope,91,0.03439377248287201
1,post_rope,92,0.03400043770670891
1,post_rope,93,0.03364277258515358
1,post_rope,94,0.033540211617946625
1,post_rope,95,0.03306279703974724
1,post_rope,96,0.03293835371732712
1,post_rope,97,0.032748639583587646
1,post_rope,98,0.032474979758262634
1,post_rope,99,0.03197753056883812
1,post_rope,100,0.03195197880268097
1,post_rope,101,0.031787943094968796
1,post_rope,102,0.031540293246507645
1,post_rope,103,0.03127676621079445
1,post_rope,104,0.030849622562527657
1,post_rope,105,0.03071902133524418
1,post_rope,106,0.030646031722426414
1,post_rope,107,0.030362937599420547
1,post_rope,108,0.030012669041752815
1,post_rope,109,0.029940757900476456
1,post_rope,110,0.02966558188199997
1,post_rope,111,0.029299944639205933
1,post_rope,112,0.029231229797005653
1,post_rope,113,0.029185712337493896
1,post_rope,114,0.02866334468126297
1,post_rope,115,0.028459396213293076
1,post_rope,116,0.028380010277032852
1,post_rope,117,0.028174828737974167
1,post_rope,118,0.028047114610671997
1,post_rope,119,0.02781398966908455
1,post_rope,120,0.027773620560765266
1,post_rope,121,0.027584077790379524
1,post_rope,122,0.027552973479032516
1,post_rope,123,0.027313318103551865
1,post_rope,124,0.026998553425073624
1,post_rope,125,0.026922916993498802
1,post_rope,126,0.026734918355941772
1,post_rope,127,0.026547115296125412
1,post_rope,128,0.026312153786420822
1,post_rope,129,0.0262413639575243
1,post_rope,130,0.02600087970495224
1,post_rope,131,0.02581758238375187
1,post_rope,132,0.02562510035932064
1,post_rope,133,0.02550571784377098
1,post_rope,134,0.02536124549806118
1,post_rope,135,0.025238698348402977
1,post_rope,136,0.025087129324674606
1,post_rope,137,0.02502737008035183
1,post_rope,138,0.024950990453362465
1,post_rope,139,0.024865642189979553
1,post_rope,140,0.02465103007853031
1,post_rope,141,0.02455744333565235
1,post_rope,142,0.02446685917675495
1,post_rope,143,0.024297267198562622
1,post_rope,144,0.024062572047114372
1,post_rope,145,0.024020496755838394
1,post_rope,146,0.02388208732008934
1,post_rope,147,0.023751698434352875
1,post_rope,148,0.023603517562150955
1,post_rope,149,0.023520488291978836
1,post_rope,150,0.023358145728707314
1,post_rope,151,0.02329825982451439
1,post_rope,152,0.023251984268426895
1,post_rope,153,0.022997865453362465
1,post_rope,154,0.022900288924574852
1,post_rope,155,0.02270304039120674
1,post_rope,156,0.022592710331082344
1,post_rope,157,0.02231801673769951
1,post_rope,158,0.022266561165452003
1,post_rope,159,0.022079098969697952
1,post_rope,160,0.022046970203518867
1,post_rope,161,0.021961716935038567
1,post_rope,162,0.02179468795657158
1,post_rope,163,0.0216958150267601
1,post_rope,164,0.021567411720752716
1,post_rope,165,0.021418502554297447
1,post_rope,166,0.02132376842200756
1,post_rope,167,0.02123289555311203
1,post_rope,168,0.021171411499381065
1,post_rope,169,0.021067526191473007
1,post_rope,170,0.020911233499646187
1,post_rope,171,0.0208183154463768
1,post_rope,172,0.0207649078220129
1,post_rope,173,0.020737702026963234
1,post_rope,174,0.02063671499490738
1,post_rope,175,0.02060748264193535
1,post_rope,176,0.020493706688284874
1,post_rope,177,0.020441098138689995
1,post_rope,178,0.020285530015826225
1,post_rope,179,0.020090464502573013
1,post_rope,180,0.02001604437828064
1,post_rope,181,0.019972728565335274
1,post_rope,182,0.019852524623274803
1,post_rope,183,0.019805895164608955
1,post_rope,184,0.019679585471749306
1,post_rope,185,0.01963450014591217
1,post_rope,186,0.019555239006876945
1,post_rope,187,0.01950015500187874
1,post_rope,188,0.01944214105606079
1,post_rope,189,0.019432296976447105
1,post_rope,190,0.019281886518001556
1,post_rope,191,0.019144395366311073
1,post_rope,192,0.019112754613161087
1,post_rope,193,0.019063377752900124
1,post_rope,194,0.018718771636486053
1,post_rope,195,0.018673071637749672
1,post_rope,196,0.018612639978528023
1,post_rope,197,0.01856938563287258
1,post_rope,198,0.018512088805437088
1,post_rope,199,0.01842424087226391
1,post_rope,200,0.018261946737766266
1,post_rope,201,0.018225280568003654
1,post_rope,202,0.01804567314684391
1,post_rope,203,0.017962314188480377
1,post_rope,204,0.017913438379764557
1,post_rope,205,0.017840687185525894
1,post_rope,206,0.017752937972545624
1,post_rope,207,0.01762901246547699
1,post_rope,208,0.017546195536851883
1,post_rope,209,0.017485182732343674
1,post_rope,210,0.017434466630220413
1,post_rope,211,0.017348745837807655
1,post_rope,212,0.017112690955400467
1,post_rope,213,0.01708000712096691
1,post_rope,214,0.016993729397654533
1,post_rope,215,0.01695217378437519
1,post_rope,216,0.016906270757317543
1,post_rope,217,0.016879349946975708
1,post_rope,218,0.01675879955291748
1,post_rope,219,0.016701437532901764
1,post_rope,220,0.016624480485916138
1,post_rope,221,0.016542164608836174
1,post_rope,222,0.016478372737765312
1,post_rope,223,0.01641726680099964
1,post_rope,224,0.016244983300566673
1,post_rope,225,0.016236623749136925
1,post_rope,226,0.016066256910562515
1,post_rope,227,0.016041843220591545
1,post_rope,228,0.01599295809864998
1,post_rope,229,0.01590850204229355
1,post_rope,230,0.01578551158308983
1,post_rope,231,0.015723802149295807
1,post_rope,232,0.015712354332208633
1,post_rope,233,0.01563710719347
1,post_rope,234,0.015581631101667881
1,post_rope,235,0.015544644556939602
1,post_rope,236,0.015388737432658672
1,post_rope,237,0.015357389114797115
1,post_rope,238,0.015190535224974155
1,post_rope,239,0.015157690271735191
1,post_rope,240,0.015048695728182793
1,post_rope,241,0.014998518861830235
1,post_rope,242,0.014977493323385715
1,post_rope,243,0.014871922321617603
1,post_rope,244,0.014834396541118622
1,post_rope,245,0.014763100072741508
1,post_rope,246,0.01471269503235817
1,post_rope,247,0.014668414369225502
1,post_rope,248,0.014614204876124859
1,post_rope,249,0.01454539317637682
1,post_rope,250,0.014435169287025928
1,post_rope,251,0.014402654021978378
1,post_rope,252,0.01438551302999258
1,post_rope,253,0.01431311946362257
1,post_rope,254,0.014273053966462612
1,post_rope,255,0.014188310131430626
1,post_rope,256,0.014171788468956947
1,post_rope,257,0.014133547432720661
1,post_rope,258,0.014059735462069511
1,post_rope,259,0.013983508571982384
1,post_rope,260,0.013971570879220963
1,post_rope,261,0.013904042541980743
1,post_rope,262,0.013849546201527119
1,post_rope,263,0.013833659701049328
1,post_rope,264,0.013727604411542416
1,post_rope,265,0.013669227249920368
1,post_rope,266,0.01356817688792944
1,post_rope,267,0.013506666757166386
1,post_rope,268,0.01344180665910244
1,post_rope,269,0.013433385640382767
1,post_rope,270,0.013370625674724579
1,post_rope,271,0.013339921832084656
1,post_rope,272,0.013268690556287766
1,post_rope,273,0.013205448165535927
1,post_rope,274,0.01318480633199215
1,post_rope,275,0.013126707635819912
1,post_rope,276,0.013104214332997799
1,post_rope,277,0.0130116306245327
1,post_rope,278,0.012978142127394676
1,post_rope,279,0.01294570043683052
1,post_rope,280,0.012897621840238571
1,post_rope,281,0.012864349409937859
1,post_rope,282,0.012769073247909546
1,post_rope,283,0.012677888385951519
1,post_rope,284,0.012619957327842712
1,post_rope,285,0.012596450746059418
1,post_rope,286,0.012561503797769547
1,post_rope,287,0.012492689304053783
1,post_rope,288,0.012463617138564587
1,post_rope,289,0.012429331429302692
1,post_rope,290,0.01235889457166195
1,post_rope,291,0.01228370051831007
1,post_rope,292,0.012243660166859627
1,post_rope,293,0.012205754406750202
1,post_rope,294,0.01219718623906374
1,post_rope,295,0.012107791379094124
1,post_rope,296,0.012101082131266594
1,post_rope,297,0.012082736939191818
1,post_rope,298,0.012011743150651455
1,post_rope,299,0.011960364878177643
1,post_rope,300,0.011942924931645393
1,post_rope,301,0.011866217479109764
1,post_rope,302,0.011843536980450153
1,post_rope,303,0.011818195693194866
1,post_rope,304,0.011732335202395916
1,post_rope,305,0.011715542525053024
1,post_rope,306,0.011660108342766762
1,post_rope,307,0.011638782918453217
1,post_rope,308,0.011594220995903015
1,post_rope,309,0.011532478034496307
1,post_rope,310,0.011513427831232548
1,post_rope,311,0.011429590173065662
1,post_rope,312,0.011405234225094318
1,post_rope,313,0.011378061026334763
1,post_rope,314,0.011309307999908924
1,post_rope,315,0.011306192725896835
1,post_rope,316,0.011255153454840183
1,post_rope,317,0.011204957962036133
1,post_rope,318,0.01115328911691904
1,post_rope,319,0.011117594316601753
1,post_rope,320,0.011115008033812046
1,post_rope,321,0.011011000722646713
1,post_rope,322,0.010963691398501396
1,post_rope,323,0.01092858612537384
1,post_rope,324,0.01087929867208004
1,post_rope,325,0.010832640342414379
1,post_rope,326,0.010825584642589092
1,post_rope,327,0.010783892124891281
1,post_rope,328,0.010777456685900688
1,post_rope,329,0.010725859552621841
1,post_rope,330,0.010707988403737545
1,post_rope,331,0.010688971728086472
1,post_rope,332,0.010638927109539509
1,post_rope,333,0.010594692081212997
1,post_rope,334,0.010524554178118706
1,post_rope,335,0.010446988977491856
1,post_rope,336,0.010411955416202545
1,post_rope,337,0.010397438891232014
1,post_rope,338,0.010345157235860825
1,post_rope,339,0.010313033126294613
1,post_rope,340,0.010309072211384773
1,post_rope,341,0.010239268653094769
1,post_rope,342,0.010209724307060242
1,post_rope,343,0.010181928053498268
1,post_rope,344,0.010118100792169571
1,post_rope,345,0.010044471360743046
1,post_rope,346,0.010036791674792767
1,post_rope,347,0.010005797259509563
1,post_rope,348,0.009965931065380573
1,post_rope,349,0.00994237419217825
1,post_rope,350,0.009885857813060284
1,post_rope,351,0.009862678125500679
1,post_rope,352,0.009807545691728592
1,post_rope,353,0.009712404571473598
1,post_rope,354,0.009672228246927261
1,post_rope,355,0.009634152054786682
1,post_rope,356,0.009602360427379608
1,post_rope,357,0.009579143486917019
1,post_rope,358,0.00946967676281929
1,post_rope,359,0.009417103603482246
1,post_rope,360,0.009404939599335194
1,post_rope,361,0.009340728633105755
1,post_rope,362,0.009295393712818623
1,post_rope,363,0.009249676018953323
1,post_rope,364,0.009206830523908138
1,post_rope,365,0.00918644294142723
1,post_rope,366,0.009133273735642433
1,post_rope,367,0.009110158309340477
1,post_rope,368,0.009075784124433994
1,post_rope,369,0.009059209376573563
1,post_rope,370,0.00895698182284832
1,post_rope,371,0.00894122663885355
1,post_rope,372,0.008905172348022461
1,post_rope,373,0.0088594825938344
1,post_rope,374,0.008800234645605087
1,post_rope,375,0.008782962337136269
1,post_rope,376,0.00873558223247528
1,post_rope,377,0.00872236117720604
1,post_rope,378,0.008684136904776096
1,post_rope,379,0.008637331426143646
1,post_rope,380,0.008616006001830101
1,post_rope,381,0.008550532162189484
1,post_rope,382,0.008487504906952381
1,post_rope,383,0.00846729427576065
1,post_rope,384,0.008404052816331387
1,post_rope,385,0.008371825329959393
1,post_rope,386,0.008355708792805672
1,post_rope,387,0.008334826678037643
1,post_rope,388,0.008270607329905033
1,post_rope,389,0.00824569072574377
1,post_rope,390,0.008219456300139427
1,post_rope,391,0.008144847117364407
1,post_rope,392,0.008126497268676758
1,post_rope,393,0.008108766749501228
1,post_rope,394,0.008059556595981121
1,post_rope,395,0.008053576573729515
1,post_rope,396,0.00797945074737072
1,post_rope,397,0.00793827511370182
1,post_rope,398,0.007904729805886745
1,post_rope,399,0.007894922979176044
1,post_rope,400,0.007866993546485901
1,post_rope,401,0.007794809993356466
1,post_rope,402,0.007771048694849014
1,post_rope,403,0.007730922661721706
1,post_rope,404,0.0077080195769667625
1,post_rope,405,0.007697870023548603
1,post_rope,406,0.007638901937752962
1,post_rope,407,0.007588407956063747
1,post_rope,408,0.0075280326418578625
1,post_rope,409,0.0075111971236765385
1,post_rope,410,0.0074585541151463985
1,post_rope,411,0.0074474322609603405
1,post_rope,412,0.007333492394536734
1,post_rope,413,0.007316596806049347
1,post_rope,414,0.0073005701415240765
1,post_rope,415,0.007193661294877529
1,post_rope,416,0.00718279555439949
1,post_rope,417,0.007161861285567284
1,post_rope,418,0.0071238684467971325
1,post_rope,419,0.007105771917849779
1,post_rope,420,0.007083116099238396
1,post_rope,421,0.00703737186267972
1,post_rope,422,0.006974369287490845
1,post_rope,423,0.006923583801835775
1,post_rope,424,0.0068784006871283054
1,post_rope,425,0.0068397424183785915
1,post_rope,426,0.0067476630210876465
1,post_rope,427,0.006727862637490034
1,post_rope,428,0.006676704157143831
1,post_rope,429,0.0066545382142066956
1,post_rope,430,0.0066284304484725
1,post_rope,431,0.006589289754629135
1,post_rope,432,0.006537617649883032
1,post_rope,433,0.006490858271718025
1,post_rope,434,0.0064031630754470825
1,post_rope,435,0.006392478011548519
1,post_rope,436,0.006289342418313026
1,post_rope,437,0.00622924417257309
1,post_rope,438,0.006209785118699074
1,post_rope,439,0.0061539593152701855
1,post_rope,440,0.006109579931944609
1,post_rope,441,0.006063454784452915
1,post_rope,442,0.005977064371109009
1,post_rope,443,0.005951921921223402
1,post_rope,444,0.005913511849939823
1,post_rope,445,0.0058423057198524475
1,post_rope,446,0.005786779802292585
1,post_rope,447,0.005768293049186468
1,post_rope,448,0.005727486684918404
1,post_rope,449,0.005707650911062956
1,post_rope,450,0.005667953286319971
1,post_rope,451,0.005621755495667458
1,post_rope,452,0.00557714095339179
1,post_rope,453,0.0054499744437634945
1,post_rope,454,0.005420494358986616
1,post_rope,455,0.005356164183467627
1,post_rope,456,0.005284867715090513
1,post_rope,457,0.005182403139770031
1,post_rope,458,0.005163542460650206
1,post_rope,459,0.005071722902357578
1,post_rope,460,0.0050371563993394375
1,post_rope,461,0.004946548957377672
1,post_rope,462,0.004863133188337088
1,post_rope,463,0.0048371185548603535
1,post_rope,464,0.00480333436280489
1,post_rope,465,0.0047425138764083385
1,post_rope,466,0.004693151451647282
1,post_rope,467,0.004609295167028904
1,post_rope,468,0.004547154530882835
1,post_rope,469,0.004515178967267275
1,post_rope,470,0.004454364068806171
1,post_rope,471,0.004392676986753941
1,post_rope,472,0.00428775604814291
1,post_rope,473,0.004267522133886814
1,post_rope,474,0.0042069219052791595
1,post_rope,475,0.004141360986977816
1,post_rope,476,0.004048716276884079
1,post_rope,477,0.004009439144283533
1,post_rope,478,0.0038853446021676064
1,post_rope,479,0.003849149215966463
1,post_rope,480,0.003845927072688937
1,post_rope,481,0.0037626088596880436
1,post_rope,482,0.0036319822538644075
1,post_rope,483,0.0035550573375076056
1,post_rope,484,0.003526807762682438
1,post_rope,485,0.0034565122332423925
1,post_rope,486,0.0034372962545603514
1,post_rope,487,0.003371277591213584
1,post_rope,488,0.0033134822733700275
1,post_rope,489,0.0032083007972687483
1,post_rope,490,0.003169943578541279
1,post_rope,491,0.0031161573715507984
1,post_rope,492,0.0030001818668097258
1,post_rope,493,0.0029803691431879997
1,post_rope,494,0.0029391353018581867
1,post_rope,495,0.0027921078726649284
1,post_rope,496,0.0027396869845688343
1,post_rope,497,0.0026686920318752527
1,post_rope,498,0.002581947948783636
1,post_rope,499,0.0025439795572310686
1,post_rope,500,0.0024535199627280235
1,post_rope,501,0.0023728113155812025
1,post_rope,502,0.002306598238646984
1,post_rope,503,0.0021174706052988768
1,post_rope,504,0.0020475834608078003
1,post_rope,505,0.0018881342839449644
1,post_rope,506,0.0018133703852072358
1,post_rope,507,0.001749231363646686
1,post_rope,508,0.0015712241875007749
1,post_rope,509,0.0014825512189418077
1,post_rope,510,0.0014460604870691895
1,post_rope,511,0.0009399995324201882
1,post_rope,512,0.0009067860664799809
2,pre_rope,1,1.0
2,pre_rope,2,0.1580023616552353
2,pre_rope,3,0.12288536131381989
2,pre_rope,4,0.09566805511713028
2,pre_rope,5,0.09169561415910721
2,pre_rope,6,0.08228051662445068
2,pre_rope,7,0.07681051641702652
2,pre_rope,8,0.07499852031469345
2,pre_rope,9,0.07316572219133377
2,pre_rope,10,0.06776375323534012
2,pre_rope,11,0.06190351024270058
2,pre_rope,12,0.0596025250852108
2,pre_rope,13,0.058490194380283356
2,pre_rope,14,0.05710543319582939
2,pre_rope,15,0.055386319756507874
2,pre_rope,16,0.05406815931200981
2,pre_rope,17,0.05251520499587059
2,pre_rope,18,0.052379246801137924
2,pre_rope,19,0.05084550008177757
2,pre_rope,20,0.049162358045578
2,pre_rope,21,0.048661649227142334
2,pre_rope,22,0.04740673303604126
2,pre_rope,23,0.047067079693078995
2,pre_rope,24,0.04586547240614891
2,pre_rope,25,0.04516499489545822
2,pre_rope,26,0.04450303688645363
2,pre_rope,27,0.04374055564403534
2,pre_rope,28,0.04314049705862999
2,pre_rope,29,0.042213186621665955
2,pre_rope,30,0.04193542152643204
2,pre_rope,31,0.04170079156756401
2,pre_rope,32,0.040813129395246506
2,pre_rope,33,0.04045942425727844
2,pre_rope,34,0.03972548246383667
2,pre_rope,35,0.038543615490198135
2,pre_rope,36,0.03829917684197426
2,pre_rope,37,0.03770437836647034
2,pre_rope,38,0.03737675026059151
2,pre_rope,39,0.036891818046569824
2,pre_rope,40,0.036289241164922714
2,pre_rope,41,0.035957761108875275
2,pre_rope,42,0.03539746254682541
2,pre_rope,43,0.03510354831814766
2,pre_rope,44,0.03456790745258331
2,pre_rope,45,0.03409944474697113
2,pre_rope,46,0.03365536779165268
2,pre_rope,47,0.0334201380610466
2,pre_rope,48,0.03306478634476662
2,pre_rope,49,0.03266181796789169
2,pre_rope,50,0.03193936496973038
2,pre_rope,51,0.03135386481881142
2,pre_rope,52,0.030918313190340996
2,pre_rope,53,0.030332721769809723
2,pre_rope,54,0.030120261013507843
2,pre_rope,55,0.029772531241178513
2,pre_rope,56,0.029574323445558548
2,pre_rope,57,0.029429728165268898
2,pre_rope,58,0.029211919754743576
2,pre_rope,59,0.028612354770302773
2,pre_rope,60,0.028351331129670143
2,pre_rope,61,0.028050240129232407
2,pre_rope,62,0.027844518423080444
2,pre_rope,63,0.027239875867962837
2,pre_rope,64,0.027123618870973587
2,pre_rope,65,0.02687026746571064
2,pre_rope,66,0.026287678629159927
2,pre_rope,67,0.025965150445699692
2,pre_rope,68,0.025815192610025406
2,pre_rope,69,0.02544359304010868
2,pre_rope,70,0.025151561945676804
2,pre_rope,71,0.025045102462172508
2,pre_rope,72,0.02494036592543125
2,pre_rope,73,0.0246430654078722
2,pre_rope,74,0.024402329698204994
2,pre_rope,75,0.02421281300485134
2,pre_rope,76,0.024093830958008766
2,pre_rope,77,0.023706989362835884
2,pre_rope,78,0.023576973006129265
2,pre_rope,79,0.02330896630883217
2,pre_rope,80,0.02316928654909134
2,pre_rope,81,0.023116158321499825
2,pre_rope,82,0.02292519435286522
2,pre_rope,83,0.022849218919873238
2,pre_rope,84,0.02240084856748581
2,pre_rope,85,0.02236815355718136
2,pre_rope,86,0.022074701264500618
2,pre_rope,87,0.021898014470934868
2,pre_rope,88,0.021648583933711052
2,pre_rope,89,0.02154850959777832
2,pre_rope,90,0.021329207345843315
2,pre_rope,91,0.021205414086580276
2,pre_rope,92,0.020819799974560738
2,pre_rope,93,0.020765164867043495
2,pre_rope,94,0.02066933549940586
2,pre_rope,95,0.02051766961812973
2,pre_rope,96,0.02042742632329464
2,pre_rope,97,0.020190807059407234
2,pre_rope,98,0.019913271069526672
2,pre_rope,99,0.019840361550450325
2,pre_rope,100,0.01974106766283512
2,pre_rope,101,0.019460607320070267
2,pre_rope,102,0.01926463656127453
2,pre_rope,103,0.01911487616598606
2,pre_rope,104,0.019010836258530617
2,pre_rope,105,0.018931107595562935
2,pre_rope,106,0.01880691386759281
2,pre_rope,107,0.01865590736269951
2,pre_rope,108,0.018448518589138985
2,pre_rope,109,0.018327882513403893
2,pre_rope,110,0.018182724714279175
2,pre_rope,111,0.018015176057815552
2,pre_rope,112,0.017862170934677124
2,pre_rope,113,0.017676938325166702
2,pre_rope,114,0.017611144110560417
2,pre_rope,115,0.017510896548628807
2,pre_rope,116,0.017465105280280113
2,pre_rope,117,0.017189817503094673
2,pre_rope,118,0.01707809418439865
2,pre_rope,119,0.01705228164792061
2,pre_rope,120,0.016970397904515266
2,pre_rope,121,0.016869699582457542
2,pre_rope,122,0.016649944707751274
2,pre_rope,123,0.016624677926301956
2,pre_rope,124,0.01651708595454693
2,pre_rope,125,0.01636434905230999
2,pre_rope,126,0.016278652474284172
2,pre_rope,127,0.016214724630117416
2,pre_rope,128,0.015999747440218925
2,pre_rope,129,0.0159892700612545
2,pre_rope,130,0.01580815389752388
2,pre_rope,131,0.01563434675335884
2,pre_rope,132,0.015575229190289974
2,pre_rope,133,0.015469660982489586
2,pre_rope,134,0.01536316704005003
2,pre_rope,135,0.01525883749127388
2,pre_rope,136,0.01521141454577446
2,pre_rope,137,0.015072471462190151
2,pre_rope,138,0.015049134381115437
2,pre_rope,139,0.01496660802513361
2,pre_rope,140,0.014841395430266857
2,pre_rope,141,0.014721643179655075
2,pre_rope,142,0.014576251618564129
2,pre_rope,143,0.014426263980567455
2,pre_rope,144,0.014369438402354717
2,pre_rope,145,0.014344347640872002
2,pre_rope,146,0.014178900979459286
2,pre_rope,147,0.014061219058930874
2,pre_rope,148,0.013943697325885296
2,pre_rope,149,0.013849249109625816
2,pre_rope,150,0.013752984814345837
2,pre_rope,151,0.013732572086155415
2,pre_rope,152,0.013669908978044987
2,pre_rope,153,0.013630322180688381
2,pre_rope,154,0.013595517724752426
2,pre_rope,155,0.013389430940151215
2,pre_rope,156,0.013274411670863628
2,pre_rope,157,0.013193883933126926
2,pre_rope,158,0.013075790368020535
2,pre_rope,159,0.013041320256888866
2,pre_rope,160,0.01302137691527605
2,pre_rope,161,0.012899348512291908
2,pre_rope,162,0.012814953923225403
2,pre_rope,163,0.01274155918508768
2,pre_rope,164,0.012671555392444134
2,pre_rope,165,0.012504993937909603
2,pre_rope,166,0.012432975694537163
2,pre_rope,167,0.01239172462373972
2,pre_rope,168,0.012331478297710419
2,pre_rope,169,0.012278502807021141
2,pre_rope,170,0.01222124695777893
2,pre_rope,171,0.012196768075227737
2,pre_rope,172,0.012030945159494877
2,pre_rope,173,0.011996826156973839
2,pre_rope,174,0.011976401321589947
2,pre_rope,175,0.011860950849950314
2,pre_rope,176,0.011787617579102516
2,pre_rope,177,0.011705874465405941
2,pre_rope,178,0.011668507009744644
2,pre_rope,179,0.011570650152862072
2,pre_rope,180,0.011532553471624851
2,pre_rope,181,0.011489558033645153
2,pre_rope,182,0.011411579325795174
2,pre_rope,183,0.01131423655897379
2,pre_rope,184,0.011300546117126942
2,pre_rope,185,0.011197574436664581
2,pre_rope,186,0.011182245798408985
2,pre_rope,187,0.011092139407992363
2,pre_rope,188,0.011034996248781681
2,pre_rope,189,0.010946947149932384
2,pre_rope,190,0.010922232642769814
2,pre_rope,191,0.010817090980708599
2,pre_rope,192,0.010797236114740372
2,pre_rope,193,0.010763962753117085
2,pre_rope,194,0.010678580962121487
2,pre_rope,195,0.01061385776847601
2,pre_rope,196,0.010531687177717686
2,pre_rope,197,0.010482670739293098
2,pre_rope,198,0.010451522655785084
2,pre_rope,199,0.010399828664958477
2,pre_rope,200,0.01034822128713131
2,pre_rope,201,0.01026821881532669
2,pre_rope,202,0.010217230767011642
2,pre_rope,203,0.010208339430391788
2,pre_rope,204,0.010120665654540062
2,pre_rope,205,0.010102538391947746
2,pre_rope,206,0.010033642873167992
2,pre_rope,207,0.009938938543200493
2,pre_rope,208,0.009908932261168957
2,pre_rope,209,0.009888767264783382
2,pre_rope,210,0.009794198907911777
2,pre_rope,211,0.009733137674629688
2,pre_rope,212,0.009669381193816662
2,pre_rope,213,0.009579005651175976
2,pre_rope,214,0.009528681635856628
2,pre_rope,215,0.009516610763967037
2,pre_rope,216,0.009487046860158443
2,pre_rope,217,0.009427996352314949
2,pre_rope,218,0.009368992410600185
2,pre_rope,219,0.00934129673987627
2,pre_rope,220,0.009298919700086117
2,pre_rope,221,0.00925432424992323
2,pre_rope,222,0.00919592846184969
2,pre_rope,223,0.009126185439527035
2,pre_rope,224,0.009087215177714825
2,pre_rope,225,0.009022059850394726
2,pre_rope,226,0.008966425433754921
2,pre_rope,227,0.008948453702032566
2,pre_rope,228,0.008882851339876652
2,pre_rope,229,0.008859855122864246
2,pre_rope,230,0.008791235275566578
2,pre_rope,231,0.008769111707806587
2,pre_rope,232,0.008725550025701523
2,pre_rope,233,0.00871283933520317
2,pre_rope,234,0.008620656095445156
2,pre_rope,235,0.008587717078626156
2,pre_rope,236,0.00856821984052658
2,pre_rope,237,0.008522769436240196
2,pre_rope,238,0.008433240465819836
2,pre_rope,239,0.008409494534134865
2,pre_rope,240,0.008329502306878567
2,pre_rope,241,0.008299415931105614
2,pre_rope,242,0.008244394324719906
2,pre_rope,243,0.00814693421125412
2,pre_rope,244,0.008142275735735893
2,pre_rope,245,0.00811734702438116
2,pre_rope,246,0.008058961480855942
2,pre_rope,247,0.008003531023859978
2,pre_rope,248,0.007974904030561447
2,pre_rope,249,0.007940760813653469
2,pre_rope,250,0.00787711888551712
2,pre_rope,251,0.007864374667406082
2,pre_rope,252,0.007829918526113033
2,pre_rope,253,0.007807777263224125
2,pre_rope,254,0.007758874446153641
2,pre_rope,255,0.00771205173805356
2,pre_rope,256,0.007685827556997538
2,pre_rope,257,0.007665351964533329
2,pre_rope,258,0.007596150040626526
2,pre_rope,259,0.0075375703163445
2,pre_rope,260,0.007535729557275772
2,pre_rope,261,0.007482197601348162
2,pre_rope,262,0.007469847332686186
2,pre_rope,263,0.0074383849278092384
2,pre_rope,264,0.007418213877826929
2,pre_rope,265,0.007354032248258591
2,pre_rope,266,0.007322404533624649
2,pre_rope,267,0.00727310124784708
2,pre_rope,268,0.00723984744399786
2,pre_rope,269,0.007205771282315254
2,pre_rope,270,0.00719766179099679
2,pre_rope,271,0.007124184165149927
2,pre_rope,272,0.007094751112163067
2,pre_rope,273,0.007058160379528999
2,pre_rope,274,0.007028866093605757
2,pre_rope,275,0.006979023572057486
2,pre_rope,276,0.006925412453711033
2,pre_rope,277,0.006912349257618189
2,pre_rope,278,0.006884836591780186
2,pre_rope,279,0.0068402099423110485
2,pre_rope,280,0.006803401280194521
2,pre_rope,281,0.006764586083590984
2,pre_rope,282,0.006755237467586994
2,pre_rope,283,0.006688674446195364
2,pre_rope,284,0.006677123252302408
2,pre_rope,285,0.0066399709321558475
2,pre_rope,286,0.00662912568077445
2,pre_rope,287,0.006561383605003357
2,pre_rope,288,0.0065574971958994865
2,pre_rope,289,0.006528937257826328
2,pre_rope,290,0.006469822954386473
2,pre_rope,291,0.006445504724979401
2,pre_rope,292,0.006401723250746727
2,pre_rope,293,0.006327859591692686
2,pre_rope,294,0.006326192524284124
2,pre_rope,295,0.006303438451141119
2,pre_rope,296,0.0062637487426400185
2,pre_rope,297,0.006218666676431894
2,pre_rope,298,0.0061714923940598965
2,pre_rope,299,0.006132129579782486
2,pre_rope,300,0.00612722197547555
2,pre_rope,301,0.006051132455468178
2,pre_rope,302,0.006028706673532724
2,pre_rope,303,0.006011604331433773
2,pre_rope,304,0.005959483794867992
2,pre_rope,305,0.00593608757480979
2,pre_rope,306,0.005925050936639309
2,pre_rope,307,0.005872164852917194
2,pre_rope,308,0.005845766514539719
2,pre_rope,309,0.0058192661963403225
2,pre_rope,310,0.005810093134641647
2,pre_rope,311,0.0057602268643677235
2,pre_rope,312,0.005733901169151068
2,pre_rope,313,0.005693047307431698
2,pre_rope,314,0.005660833790898323
2,pre_rope,315,0.005627141334116459
2,pre_rope,316,0.005578454118221998
2,pre_rope,317,0.0055746957659721375
2,pre_rope,318,0.005540943704545498
2,pre_rope,319,0.005518419202417135
2,pre_rope,320,0.005500959698110819
2,pre_rope,321,0.005449911113828421
2,pre_rope,322,0.00541120208799839
2,pre_rope,323,0.005391797516494989
2,pre_rope,324,0.005374887492507696
2,pre_rope,325,0.005331036634743214
2,pre_rope,326,0.005323302466422319
2,pre_rope,327,0.005300844553858042
2,pre_rope,328,0.005230159964412451
2,pre_rope,329,0.005162700545042753
2,pre_rope,330,0.005143350455909967
2,pre_rope,331,0.005135928746312857
2,pre_rope,332,0.005113144870847464
2,pre_rope,333,0.005095063708722591
2,pre_rope,334,0.005076996050775051
2,pre_rope,335,0.0050565330311656
2,pre_rope,336,0.0050218310207128525
2,pre_rope,337,0.004988727625459433
2,pre_rope,338,0.004959793761372566
2,pre_rope,339,0.004934998229146004
2,pre_rope,340,0.00491942698135972
2,pre_rope,341,0.004884686321020126
2,pre_rope,342,0.004867570474743843
2,pre_rope,343,0.004829178098589182
2,pre_rope,344,0.004804834257811308
2,pre_rope,345,0.004755630623549223
2,pre_rope,346,0.004718196112662554
2,pre_rope,347,0.0046994942240417
2,pre_rope,348,0.004667435772716999
2,pre_rope,349,0.004665797110646963
2,pre_rope,350,0.0046369354240596294
2,pre_rope,351,0.004601763561367989
2,pre_rope,352,0.004580577835440636
2,pre_rope,353,0.004552145954221487
2,pre_rope,354,0.004532612860202789
2,pre_rope,355,0.004504896700382233
2,pre_rope,356,0.004489866551011801
2,pre_rope,357,0.004473723936825991
2,pre_rope,358,0.004433678463101387
2,pre_rope,359,0.0044060684740543365
2,pre_rope,360,0.004387934226542711
2,pre_rope,361,0.004358779173344374
2,pre_rope,362,0.004317014012485743
2,pre_rope,363,0.00430260831490159
2,pre_rope,364,0.004279440734535456
2,pre_rope,365,0.0042387740686535835
2,pre_rope,366,0.004227516241371632
2,pre_rope,367,0.00417661014944315
2,pre_rope,368,0.0041652098298072815
2,pre_rope,369,0.004149217624217272
2,pre_rope,370,0.004120442550629377
2,pre_rope,371,0.004087772686034441
2,pre_rope,372,0.004064206499606371
2,pre_rope,373,0.0040564024820923805
2,pre_rope,374,0.004013434983789921
2,pre_rope,375,0.00399754336103797
2,pre_rope,376,0.003981111105531454
2,pre_rope,377,0.003963556606322527
2,pre_rope,378,0.003956509754061699
2,pre_rope,379,0.003918747417628765
2,pre_rope,380,0.003910356666892767
2,pre_rope,381,0.003875696798786521
2,pre_rope,382,0.0038603723514825106
2,pre_rope,383,0.00381945981644094
2,pre_rope,384,0.003813263727352023
2,pre_rope,385,0.0037864036858081818
2,pre_rope,386,0.003770992159843445
2,pre_rope,387,0.0037445705384016037
2,pre_rope,388,0.0037126108072698116
2,pre_rope,389,0.003694196930155158
2,pre_rope,390,0.0036725536920130253
2,pre_rope,391,0.003657020628452301
2,pre_rope,392,0.0036360963713377714
2,pre_rope,393,0.0036036695819348097
2,pre_rope,394,0.003594977082684636
2,pre_rope,395,0.0035853649023920298
2,pre_rope,396,0.0035701501183211803
2,pre_rope,397,0.003556183772161603
2,pre_rope,398,0.0035307693760842085
2,pre_rope,399,0.003501929808408022
2,pre_rope,400,0.003459114348515868
2,pre_rope,401,0.0034545091912150383
2,pre_rope,402,0.0034260947722941637
2,pre_rope,403,0.003383384319022298
2,pre_rope,404,0.0033618968445807695
2,pre_rope,405,0.0033515142276883125
2,pre_rope,406,0.0033408214803785086
2,pre_rope,407,0.0033201531041413546
2,pre_rope,408,0.0032843523658812046
2,pre_rope,409,0.0032716579735279083
2,pre_rope,410,0.003235706128180027
2,pre_rope,411,0.0032233952078968287
2,pre_rope,412,0.0031994422897696495
2,pre_rope,413,0.0031921344343572855
2,pre_rope,414,0.003179728053510189
2,pre_rope,415,0.003171553136780858
2,pre_rope,416,0.0031368739437311888
2,pre_rope,417,0.0031140842474997044
2,pre_rope,418,0.003082853276282549
2,pre_rope,419,0.0030512588564306498
2,pre_rope,420,0.003038944909349084
2,pre_rope,421,0.003018996911123395
2,pre_rope,422,0.003003655932843685
2,pre_rope,423,0.0029659827705472708
2,pre_rope,424,0.002936502220109105
2,pre_rope,425,0.0029319729655981064
2,pre_rope,426,0.0029149337206035852
2,pre_rope,427,0.0028770118951797485
2,pre_rope,428,0.0028637945652008057
2,pre_rope,429,0.0028269921895116568
2,pre_rope,430,0.002803199226036668
2,pre_rope,431,0.002789214253425598
2,pre_rope,432,0.002774412976577878
2,pre_rope,433,0.002739798044785857
2,pre_rope,434,0.002705254824832082
2,pre_rope,435,0.002693271730095148
2,pre_rope,436,0.0026683397591114044
2,pre_rope,437,0.002655846532434225
2,pre_rope,438,0.0026241696905344725
2,pre_rope,439,0.0026189512573182583
2,pre_rope,440,0.002601033076643944
2,pre_rope,441,0.002565731294453144
2,pre_rope,442,0.0025629375595599413
2,pre_rope,443,0.0025247049052268267
2,pre_rope,444,0.0025096144527196884
2,pre_rope,445,0.002497707027941942
2,pre_rope,446,0.0024663524236530066
2,pre_rope,447,0.0024494831450283527
2,pre_rope,448,0.0024289025459438562
2,pre_rope,449,0.0024074451066553593
2,pre_rope,450,0.002402485813945532
2,pre_rope,451,0.0023672576062381268
2,pre_rope,452,0.002347236033529043
2,pre_rope,453,0.0023159782867878675
2,pre_rope,454,0.002286636270582676
2,pre_rope,455,0.0022691742051392794
2,pre_rope,456,0.0022524618543684483
2,pre_rope,457,0.0022447118535637856
2,pre_rope,458,0.0021881198044866323
2,pre_rope,459,0.002176091307774186
2,pre_rope,460,0.002131196903064847
2,pre_rope,461,0.0021189602557569742
2,pre_rope,462,0.0020909833256155252
2,pre_rope,463,0.0020739512983709574
2,pre_rope,464,0.0020617018453776836
2,pre_rope,465,0.002039315877482295
2,pre_rope,466,0.0020136095117777586
2,pre_rope,467,0.001957440748810768
2,pre_rope,468,0.0019162787357345223
2,pre_rope,469,0.0019039876060560346
2,pre_rope,470,0.0018892535008490086
2,pre_rope,471,0.001878166920505464
2,pre_rope,472,0.0018659202614799142
2,pre_rope,473,0.0018177673919126391
2,pre_rope,474,0.001797522883862257
2,pre_rope,475,0.001767967245541513
2,pre_rope,476,0.0017366553656756878
2,pre_rope,477,0.001732843928039074
2,pre_rope,478,0.001707350485958159
2,pre_rope,479,0.0016543525271117687
2,pre_rope,480,0.0016197875374928117
2,pre_rope,481,0.0015990103129297495
2,pre_rope,482,0.0015496701234951615
2,pre_rope,483,0.0015121682081371546
2,pre_rope,484,0.00148756371345371
2,pre_rope,485,0.0014380782376974821
2,pre_rope,486,0.0013757463311776519
2,pre_rope,487,0.0012917295098304749
2,pre_rope,488,0.001277082716114819
2,pre_rope,489,0.001218868768773973
2,pre_rope,490,0.001193858915939927
2,pre_rope,491,0.001164345652796328
2,pre_rope,492,0.0011143306037411094
2,pre_rope,493,0.0010226884623989463
2,pre_rope,494,0.0009427077020518482
2,pre_rope,495,0.0009269533911719918
2,pre_rope,496,0.0008931647171266377
2,pre_rope,497,0.0008510666084475815
2,pre_rope,498,0.0008310278062708676
2,pre_rope,499,0.000811354024335742
2,pre_rope,500,0.0007766408962197602
2,pre_rope,501,0.0007530467701144516
2,pre_rope,502,0.0007425431394949555
2,pre_rope,503,0.000717560644261539
2,pre_rope,504,0.0006788819446228445
2,pre_rope,505,0.0006557961460202932
2,pre_rope,506,0.0006479904404841363
2,pre_rope,507,0.0006433715461753309
2,pre_rope,508,0.0006258442299440503
2,pre_rope,509,0.0006051342934370041
2,pre_rope,510,0.0005971151404082775
2,pre_rope,511,0.0005369797581806779
2,pre_rope,512,0.0004711634246632457
2,post_rope,1,1.0
2,post_rope,2,0.17613613605499268
2,post_rope,3,0.17424732446670532
2,post_rope,4,0.17204424738883972
2,post_rope,5,0.17102205753326416
2,post_rope,6,0.1671934872865677
2,post_rope,7,0.16630929708480835
2,post_rope,8,0.16455118358135223
2,post_rope,9,0.1634528487920761
2,post_rope,10,0.16138923168182373
2,post_rope,11,0.1606854796409607
2,post_rope,12,0.15881949663162231
2,post_rope,13,0.15586133301258087
2,post_rope,14,0.15470565855503082
2,post_rope,15,0.15329109132289886
2,post_rope,16,0.1526465266942978
2,post_rope,17,0.15156573057174683
2,post_rope,18,0.15064723789691925
2,post_rope,19,0.14563101530075073
2,post_rope,20,0.1441088169813156
2,post_rope,21,0.1423051506280899
2,post_rope,22,0.13883911073207855
2,post_rope,23,0.1374051570892334
2,post_rope,24,0.13561245799064636
2,post_rope,25,0.12999743223190308
2,post_rope,26,0.12863914668560028
2,post_rope,27,0.12653595209121704
2,post_rope,28,0.12396226823329926
2,post_rope,29,0.1200820580124855
2,post_rope,30,0.11764144152402878
2,post_rope,31,0.11713862419128418
2,post_rope,32,0.11605029553174973
2,post_rope,33,0.11373289674520493
2,post_rope,34,0.10618337243795395
2,post_rope,35,0.09820081293582916
2,post_rope,36,0.09460041671991348
2,post_rope,37,0.08740154653787613
2,post_rope,38,0.08272311836481094
2,post_rope,39,0.07872217148542404
2,post_rope,40,0.07668769359588623
2,post_rope,41,0.07619459927082062
2,post_rope,42,0.06830141693353653
2,post_rope,43,0.06653651595115662
2,post_rope,44,0.06460531800985336
2,post_rope,45,0.06289875507354736
2,post_rope,46,0.06248656287789345
2,post_rope,47,0.06143353506922722
2,post_rope,48,0.05958850309252739
2,post_rope,49,0.05812094733119011
2,post_rope,50,0.05755753070116043
2,post_rope,51,0.05690819025039673
2,post_rope,52,0.05566568300127983
2,post_rope,53,0.055140119045972824
2,post_rope,54,0.05395706743001938
2,post_rope,55,0.052925385534763336
2,post_rope,56,0.051705047488212585
2,post_rope,57,0.05109702795743942
2,post_rope,58,0.050299037247896194
2,post_rope,59,0.049685221165418625
2,post_rope,60,0.049316272139549255
2,post_rope,61,0.048950593918561935
2,post_rope,62,0.04767945408821106
2,post_rope,63,0.04716331884264946
2,post_rope,64,0.046917423605918884
2,post_rope,65,0.04661478474736214
2,post_rope,66,0.04596400260925293
2,post_rope,67,0.04503045231103897
2,post_rope,68,0.0445614829659462
2,post_rope,69,0.04424212872982025
2,post_rope,70,0.04375077039003372
2,post_rope,71,0.04314808174967766
2,post_rope,72,0.04280512034893036
2,post_rope,73,0.04197637736797333
2,post_rope,74,0.041573360562324524
2,post_rope,75,0.04111165553331375
2,post_rope,76,0.040516357868909836
2,post_rope,77,0.04032750800251961
2,post_rope,78,0.03990623354911804
2,post_rope,79,0.03925003483891487
2,post_rope,80,0.0389074832201004
2,post_rope,81,0.0386708565056324
2,post_rope,82,0.03825343772768974
2,post_rope,83,0.0380471907556057
2,post_rope,84,0.037782154977321625
2,post_rope,85,0.03757777810096741
2,post_rope,86,0.037269335240125656
2,post_rope,87,0.03695076331496239
2,post_rope,88,0.03651798516511917
2,post_rope,89,0.036423102021217346
2,post_rope,90,0.03625841811299324
2,post_rope,91,0.03597468137741089
2,post_rope,92,0.035850461572408676
2,post_rope,93,0.035709794610738754
2,post_rope,94,0.03536123409867287
2,post_rope,95,0.03514595702290535
2,post_rope,96,0.03498712182044983
2,post_rope,97,0.03493141010403633
2,post_rope,98,0.03474485129117966
2,post_rope,99,0.03464324027299881
2,post_rope,100,0.03444153815507889
2,post_rope,101,0.03428562358021736
2,post_rope,102,0.03420424461364746
2,post_rope,103,0.03393411263823509
2,post_rope,104,0.03372892737388611
2,post_rope,105,0.03344741836190224
2,post_rope,106,0.03322530537843704
2,post_rope,107,0.033010512590408325
2,post_rope,108,0.03295445069670677
2,post_rope,109,0.03281119838356972
2,post_rope,110,0.03269143030047417
2,post_rope,111,0.03248213604092598
2,post_rope,112,0.03214102238416672
2,post_rope,113,0.03197281062602997
2,post_rope,114,0.0319417379796505
2,post_rope,115,0.03173169493675232
2,post_rope,116,0.03141617774963379
2,post_rope,117,0.03131898120045662
2,post_rope,118,0.031197721138596535
2,post_rope,119,0.03100723586976528
2,post_rope,120,0.030819876119494438
2,post_rope,121,0.030626920983195305
2,post_rope,122,0.030572645366191864
2,post_rope,123,0.030439499765634537
2,post_rope,124,0.030267050489783287
2,post_rope,125,0.03024657629430294
2,post_rope,126,0.029996830970048904
2,post_rope,127,0.02984802983701229
2,post_rope,128,0.029737891629338264
2,post_rope,129,0.029613884165883064
2,post_rope,130,0.02946924790740013
2,post_rope,131,0.029375310987234116
2,post_rope,132,0.029128238558769226
2,post_rope,133,0.02895871363580227
2,post_rope,134,0.02882974222302437
2,post_rope,135,0.028661010786890984
2,post_rope,136,0.02858869917690754
2,post_rope,137,0.028465818613767624
2,post_rope,138,0.02831166610121727
2,post_rope,139,0.028245795518159866
2,post_rope,140,0.028232788667082787
2,post_rope,141,0.028123950585722923
2,post_rope,142,0.027934566140174866
2,post_rope,143,0.027889559045433998
2,post_rope,144,0.02772785723209381
2,post_rope,145,0.027621204033493996
2,post_rope,146,0.027342280372977257
2,post_rope,147,0.027257205918431282
2,post_rope,148,0.027053264901041985
2,post_rope,149,0.026972033083438873
2,post_rope,150,0.026857348158955574
2,post_rope,151,0.026684187352657318
2,post_rope,152,0.026610009372234344
2,post_rope,153,0.026545777916908264
2,post_rope,154,0.026486806571483612
2,post_rope,155,0.026409894227981567
2,post_rope,156,0.02631935104727745
2,post_rope,157,0.026094097644090652
2,post_rope,158,0.02605269104242325
2,post_rope,159,0.025983842089772224
2,post_rope,160,0.02593580074608326
2,post_rope,161,0.025816794484853745
2,post_rope,162,0.025777621194720268
2,post_rope,163,0.02563638985157013
2,post_rope,164,0.025492029264569283
2,post_rope,165,0.025401245802640915
2,post_rope,166,0.02528594620525837
2,post_rope,167,0.02521214447915554
2,post_rope,168,0.025098156183958054
2,post_rope,169,0.024994557723402977
2,post_rope,170,0.024822864681482315
2,post_rope,171,0.024693060666322708
2,post_rope,172,0.02461043931543827
2,post_rope,173,0.024424346163868904
2,post_rope,174,0.024367617443203926
2,post_rope,175,0.02429521642625332
2,post_rope,176,0.024166058748960495
2,post_rope,177,0.02414926514029503
2,post_rope,178,0.02404859848320484
2,post_rope,179,0.02395056188106537
2,post_rope,180,0.023880252614617348
2,post_rope,181,0.0238579623401165
2,post_rope,182,0.023739708587527275
2,post_rope,183,0.023701053112745285
2,post_rope,184,0.02352493442595005
2,post_rope,185,0.02347910962998867
2,post_rope,186,0.023346630856394768
2,post_rope,187,0.0232241228222847
2,post_rope,188,0.023060236126184464
2,post_rope,189,0.022981196641921997
2,post_rope,190,0.022924253717064857
2,post_rope,191,0.022847110405564308
2,post_rope,192,0.02281198836863041
2,post_rope,193,0.02268071286380291
2,post_rope,194,0.022501181811094284
2,post_rope,195,0.022466566413640976
2,post_rope,196,0.022416383028030396
2,post_rope,197,0.02228374034166336
2,post_rope,198,0.022239910438656807
2,post_rope,199,0.0221029594540596
2,post_rope,200,0.022049160674214363
2,post_rope,201,0.022016964852809906
2,post_rope,202,0.021901918575167656
2,post_rope,203,0.02181898057460785
2,post_rope,204,0.021717416122555733
2,post_rope,205,0.021691692993044853
2,post_rope,206,0.021634120494127274
2,post_rope,207,0.021525070071220398
2,post_rope,208,0.021452181041240692
2,post_rope,209,0.02134695276618004
2,post_rope,210,0.021249325945973396
2,post_rope,211,0.02111886255443096
2,post_rope,212,0.021081367507576942
2,post_rope,213,0.021021168678998947
2,post_rope,214,0.020968366414308548
2,post_rope,215,0.020963121205568314
2,post_rope,216,0.020869847387075424
2,post_rope,217,0.02081655152142048
2,post_rope,218,0.020612375810742378
2,post_rope,219,0.020555365830659866
2,post_rope,220,0.020522186532616615
2,post_rope,221,0.02039780654013157
2,post_rope,222,0.020299512892961502
2,post_rope,223,0.02026369981467724
2,post_rope,224,0.020195554941892624
2,post_rope,225,0.02007991634309292
2,post_rope,226,0.020035862922668457
2,post_rope,227,0.02003374509513378
2,post_rope,228,0.01992502063512802
2,post_rope,229,0.019874684512615204
2,post_rope,230,0.019856201484799385
2,post_rope,231,0.01976642571389675
2,post_rope,232,0.019757799804210663
2,post_rope,233,0.01970028132200241
2,post_rope,234,0.01957971602678299
2,post_rope,235,0.019470885396003723
2,post_rope,236,0.019396383315324783
2,post_rope,237,0.019356703385710716
2,post_rope,238,0.019313426688313484
2,post_rope,239,0.019237734377384186
2,post_rope,240,0.01920139044523239
2,post_rope,241,0.0191713348031044
2,post_rope,242,0.019085992127656937
2,post_rope,243,0.019021065905690193
2,post_rope,244,0.018964095041155815
2,post_rope,245,0.01891603134572506
2,post_rope,246,0.018841087818145752
2,post_rope,247,0.01873053051531315
2,post_rope,248,0.018641004338860512
2,post_rope,249,0.018621571362018585
2,post_rope,250,0.018572000786662102
2,post_rope,251,0.01853872276842594
2,post_rope,252,0.018458373844623566
2,post_rope,253,0.01841302402317524
2,post_rope,254,0.018390566110610962
2,post_rope,255,0.018366223201155663
2,post_rope,256,0.018271878361701965
2,post_rope,257,0.018251145258545876
2,post_rope,258,0.01817040704190731
2,post_rope,259,0.018081994727253914
2,post_rope,260,0.018035700544714928
2,post_rope,261,0.018008185550570488
2,post_rope,262,0.01797277294099331
2,post_rope,263,0.01786390319466591
2,post_rope,264,0.017838602885603905
2,post_rope,265,0.017809929326176643
2,post_rope,266,0.01774263009428978
2,post_rope,267,0.017659103497862816
2,post_rope,268,0.017611663788557053
2,post_rope,269,0.01754389889538288
2,post_rope,270,0.01748485118150711
2,post_rope,271,0.017447445541620255
2,post_rope,272,0.01738055981695652
2,post_rope,273,0.017367571592330933
2,post_rope,274,0.017286643385887146
2,post_rope,275,0.017186999320983887
2,post_rope,276,0.01715909317135811
2,post_rope,277,0.017082253471016884
2,post_rope,278,0.017069507390260696
2,post_rope,279,0.0169929601252079
2,post_rope,280,0.016917811706662178
2,post_rope,281,0.01690050959587097
2,post_rope,282,0.016799163073301315
2,post_rope,283,0.016771892085671425
2,post_rope,284,0.01669587381184101
2,post_rope,285,0.01664886623620987
2,post_rope,286,0.016632184386253357
2,post_rope,287,0.016541404649615288
2,post_rope,288,0.016484323889017105
2,post_rope,289,0.016460789367556572
2,post_rope,290,0.016397979110479355
2,post_rope,291,0.016344280913472176
2,post_rope,292,0.016327621415257454
2,post_rope,293,0.01628979668021202
2,post_rope,294,0.016233177855610847
2,post_rope,295,0.016159964725375175
2,post_rope,296,0.016089851036667824
2,post_rope,297,0.016047891229391098
2,post_rope,298,0.016003934666514397
2,post_rope,299,0.01590658351778984
2,post_rope,300,0.015822360292077065
2,post_rope,301,0.015813421458005905
2,post_rope,302,0.015752041712403297
2,post_rope,303,0.015735410153865814
2,post_rope,304,0.01570073887705803
2,post_rope,305,0.015610689297318459
2,post_rope,306,0.015550385229289532
2,post_rope,307,0.015526281669735909
2,post_rope,308,0.015511245466768742
2,post_rope,309,0.01543137151747942
2,post_rope,310,0.015351218171417713
2,post_rope,311,0.015305346809327602
2,post_rope,312,0.015203535556793213
2,post_rope,313,0.01514745969325304
2,post_rope,314,0.015135877765715122
2,post_rope,315,0.015025357715785503
2,post_rope,316,0.014974626712501049
2,post_rope,317,0.014930721372365952
2,post_rope,318,0.014908029697835445
2,post_rope,319,0.0148400217294693
2,post_rope,320,0.014814319089055061
2,post_rope,321,0.014734950847923756
2,post_rope,322,0.014694079756736755
2,post_rope,323,0.01465269923210144
2,post_rope,324,0.014592872001230717
2,post_rope,325,0.014540310017764568
2,post_rope,326,0.014473512768745422
2,post_rope,327,0.014396358281373978
2,post_rope,328,0.014375729486346245
2,post_rope,329,0.014333409257233143
2,post_rope,330,0.014270362444221973
2,post_rope,331,0.014258312061429024
2,post_rope,332,0.014199799858033657
2,post_rope,333,0.014161597937345505
2,post_rope,334,0.01411132887005806
2,post_rope,335,0.014090938493609428
2,post_rope,336,0.01407526433467865
2,post_rope,337,0.01398726087063551
2,post_rope,338,0.013907385990023613
2,post_rope,339,0.013873977586627007
2,post_rope,340,0.013840733096003532
2,post_rope,341,0.013807525858283043
2,post_rope,342,0.013776560313999653
2,post_rope,343,0.01362993847578764
2,post_rope,344,0.013610048219561577
2,post_rope,345,0.013589175418019295
2,post_rope,346,0.013485655188560486
2,post_rope,347,0.013433108106255531
2,post_rope,348,0.013410904444754124
2,post_rope,349,0.013381402008235455
2,post_rope,350,0.013257955200970173
2,post_rope,351,0.013214390724897385
2,post_rope,352,0.013106968253850937
2,post_rope,353,0.013094648718833923
2,post_rope,354,0.013045227155089378
2,post_rope,355,0.012968331575393677
2,post_rope,356,0.012886514887213707
2,post_rope,357,0.012859347276389599
2,post_rope,358,0.012768448330461979
2,post_rope,359,0.012738690711557865
2,post_rope,360,0.012716472148895264
2,post_rope,361,0.012697974219918251
2,post_rope,362,0.012648052535951138
2,post_rope,363,0.012540028430521488
2,post_rope,364,0.01251097023487091
2,post_rope,365,0.012468019500374794
2,post_rope,366,0.012455368414521217
2,post_rope,367,0.0124191390350461
2,post_rope,368,0.012355372309684753
2,post_rope,369,0.01229927223175764
2,post_rope,370,0.012273249216377735
2,post_rope,371,0.012185505591332912
2,post_rope,372,0.012149489484727383
2,post_rope,373,0.012117152102291584
2,post_rope,374,0.01202335674315691
2,post_rope,375,0.012007792480289936
2,post_rope,376,0.011952352710068226
2,post_rope,377,0.011904754675924778
2,post_rope,378,0.011854739859700203
2,post_rope,379,0.011781690642237663
2,post_rope,380,0.01167602650821209
2,post_rope,381,0.011633917689323425
2,post_rope,382,0.01158490963280201
2,post_rope,383,0.011537842452526093
2,post_rope,384,0.011482905596494675
2,post_rope,385,0.011420699767768383
2,post_rope,386,0.011354707181453705
2,post_rope,387,0.01127571240067482
2,post_rope,388,0.011240025982260704
2,post_rope,389,0.011181769892573357
2,post_rope,390,0.011124128475785255
2,post_rope,391,0.011082656681537628
2,post_rope,392,0.011045705527067184
2,post_rope,393,0.011012821458280087
2,post_rope,394,0.010951503179967403
2,post_rope,395,0.010852859355509281
2,post_rope,396,0.010806550271809101
2,post_rope,397,0.010744594037532806
2,post_rope,398,0.010681569576263428
2,post_rope,399,0.010635411366820335
2,post_rope,400,0.010586880147457123
2,post_rope,401,0.01053162943571806
2,post_rope,402,0.010422511957585812
2,post_rope,403,0.010371176525950432
2,post_rope,404,0.010313481092453003
2,post_rope,405,0.010244615375995636
2,post_rope,406,0.010214284062385559
2,post_rope,407,0.01013876311480999
2,post_rope,408,0.010083545930683613
2,post_rope,409,0.010073229670524597
2,post_rope,410,0.009974072687327862
2,post_rope,411,0.009913180023431778
2,post_rope,412,0.009885083884000778
2,post_rope,413,0.0097991107031703
2,post_rope,414,0.009781277738511562
2,post_rope,415,0.009716725908219814
2,post_rope,416,0.009658589959144592
2,post_rope,417,0.009610326960682869
2,post_rope,418,0.009588735178112984
2,post_rope,419,0.009569525718688965
2,post_rope,420,0.009528763592243195
2,post_rope,421,0.009427743032574654
2,post_rope,422,0.009388693608343601
2,post_rope,423,0.009372122585773468
2,post_rope,424,0.009251413866877556
2,post_rope,425,0.009207334369421005
2,post_rope,426,0.00916590727865696
2,post_rope,427,0.009130232967436314
2,post_rope,428,0.008971881121397018
2,post_rope,429,0.008941111154854298
2,post_rope,430,0.008881940506398678
2,post_rope,431,0.008778099901974201
2,post_rope,432,0.008750456385314465
2,post_rope,433,0.008682923391461372
2,post_rope,434,0.008664838038384914
2,post_rope,435,0.008562142960727215
2,post_rope,436,0.00853433832526207
2,post_rope,437,0.008518743328750134
2,post_rope,438,0.00846900325268507
2,post_rope,439,0.008355382829904556
2,post_rope,440,0.008296210318803787
2,post_rope,441,0.008210443891584873
2,post_rope,442,0.008148008957505226
2,post_rope,443,0.008125687949359417
2,post_rope,444,0.00802692025899887
2,post_rope,445,0.008013822138309479
2,post_rope,446,0.007943480275571346
2,post_rope,447,0.007853840477764606
2,post_rope,448,0.007789441384375095
2,post_rope,449,0.007723728660494089
2,post_rope,450,0.007678498979657888
2,post_rope,451,0.007534343749284744
2,post_rope,452,0.007485667709261179
2,post_rope,453,0.007446625269949436
2,post_rope,454,0.007328600622713566
2,post_rope,455,0.007273968309164047
2,post_rope,456,0.007240878883749247
2,post_rope,457,0.0071757640689611435
2,post_rope,458,0.007061457727104425
2,post_rope,459,0.006974469404667616
2,post_rope,460,0.00687437504529953
2,post_rope,461,0.006860054098069668
2,post_rope,462,0.006672916002571583
2,post_rope,463,0.00658294465392828
2,post_rope,464,0.006547827273607254
2,post_rope,465,0.006365546956658363
2,post_rope,466,0.006359759718179703
2,post_rope,467,0.006184285972267389
2,post_rope,468,0.006158561911433935
2,post_rope,469,0.006031332071870565
2,post_rope,470,0.0059546600095927715
2,post_rope,471,0.005880669690668583
2,post_rope,472,0.0057739391922950745
2,post_rope,473,0.005678888410329819
2,post_rope,474,0.005557472817599773
2,post_rope,475,0.0054521323181688786
2,post_rope,476,0.005428729113191366
2,post_rope,477,0.005253935232758522
2,post_rope,478,0.005217086058109999
2,post_rope,479,0.005183975212275982
2,post_rope,480,0.005023363046348095
2,post_rope,481,0.004994742572307587
2,post_rope,482,0.00487461406737566
2,post_rope,483,0.004842226859182119
2,post_rope,484,0.004574399441480637
2,post_rope,485,0.004487853497266769
2,post_rope,486,0.004348680842667818
2,post_rope,487,0.004308072384446859
2,post_rope,488,0.004049727693200111
2,post_rope,489,0.003952057100832462
2,post_rope,490,0.0038694599643349648
2,post_rope,491,0.0036647042725235224
2,post_rope,492,0.0034162006340920925
2,post_rope,493,0.00338755059055984
2,post_rope,494,0.003030449850484729
2,post_rope,495,0.0029167679604142904
2,post_rope,496,0.0027563467156141996
2,post_rope,497,0.002692213747650385
2,post_rope,498,0.0024708169512450695
2,post_rope,499,0.0021767313592135906
2,post_rope,500,0.0021549109369516373
2,post_rope,501,0.002015709178522229
2,post_rope,502,0.0018014762317761779
2,post_rope,503,0.001429451396688819
2,post_rope,504,0.0012927716597914696
2,post_rope,505,0.0012685218825936317
2,post_rope,506,0.001192707335576415
2,post_rope,507,0.0011559295235201716
2,post_rope,508,0.001115645281970501
2,post_rope,509,0.0010764069156721234
2,post_rope,510,0.0010416755685582757
2,post_rope,511,0.000993846682831645
2,post_rope,512,0.0009641681099310517
3,pre_rope,1,1.0
3,pre_rope,2,0.14755460619926453
3,pre_rope,3,0.11066378653049469
3,pre_rope,4,0.09622464329004288
3,pre_rope,5,0.08236517012119293
3,pre_rope,6,0.0776849165558815
3,pre_rope,7,0.06967012584209442
3,pre_rope,8,0.06398707628250122
3,pre_rope,9,0.059314798563718796
3,pre_rope,10,0.05754011124372482
3,pre_rope,11,0.052149929106235504
3,pre_rope,12,0.049714043736457825
3,pre_rope,13,0.04773741215467453
3,pre_rope,14,0.043632544577121735
3,pre_rope,15,0.042511846870183945
3,pre_rope,16,0.04162706434726715
3,pre_rope,17,0.03970370069146156
3,pre_rope,18,0.03869660943746567
3,pre_rope,19,0.037946026772260666
3,pre_rope,20,0.03618716821074486
3,pre_rope,21,0.03483124449849129
3,pre_rope,22,0.034151241183280945
3,pre_rope,23,0.033371295779943466
3,pre_rope,24,0.031956564635038376
3,pre_rope,25,0.03149833157658577
3,pre_rope,26,0.030541876330971718
3,pre_rope,27,0.030172793194651604
3,pre_rope,28,0.02952292375266552
3,pre_rope,29,0.029105424880981445
3,pre_rope,30,0.027503393590450287
3,pre_rope,31,0.02738526463508606
3,pre_rope,32,0.026907358318567276
3,pre_rope,33,0.025996381416916847
3,pre_rope,34,0.02595497854053974
3,pre_rope,35,0.025570781901478767
3,pre_rope,36,0.02480427175760269
3,pre_rope,37,0.024461936205625534
3,pre_rope,38,0.024332202970981598
3,pre_rope,39,0.023875394836068153
3,pre_rope,40,0.023346202448010445
3,pre_rope,41,0.022639138624072075
3,pre_rope,42,0.02237772010266781
3,pre_rope,43,0.0220017246901989
3,pre_rope,44,0.021609773859381676
3,pre_rope,45,0.021474288776516914
3,pre_rope,46,0.021274495869874954
3,pre_rope,47,0.021048249676823616
3,pre_rope,48,0.02090269699692726
3,pre_rope,49,0.02021404728293419
3,pre_rope,50,0.019945185631513596
3,pre_rope,51,0.01978147402405739
3,pre_rope,52,0.019525403156876564
3,pre_rope,53,0.019228635355830193
3,pre_rope,54,0.019184932112693787
3,pre_rope,55,0.018923796713352203
3,pre_rope,56,0.018777597695589066
3,pre_rope,57,0.01830461621284485
3,pre_rope,58,0.018122445791959763
3,pre_rope,59,0.018025681376457214
3,pre_rope,60,0.017899123951792717
3,pre_rope,61,0.01766284741461277
3,pre_rope,62,0.017392169684171677
3,pre_rope,63,0.017362138256430626
3,pre_rope,64,0.017010705545544624
3,pre_rope,65,0.01680462807416916
3,pre_rope,66,0.016774429008364677
3,pre_rope,67,0.016596663743257523
3,pre_rope,68,0.016295602545142174
3,pre_rope,69,0.016173813492059708
3,pre_rope,70,0.01608286239206791
3,pre_rope,71,0.015777472406625748
3,pre_rope,72,0.015677209943532944
3,pre_rope,73,0.015537959523499012
3,pre_rope,74,0.015422576107084751
3,pre_rope,75,0.015351111069321632
3,pre_rope,76,0.015224595554172993
3,pre_rope,77,0.015071636997163296
3,pre_rope,78,0.014950421638786793
3,pre_rope,79,0.014854950830340385
3,pre_rope,80,0.014734478667378426
3,pre_rope,81,0.014540313743054867
3,pre_rope,82,0.014458595775067806
3,pre_rope,83,0.014308539219200611
3,pre_rope,84,0.014223812147974968
3,pre_rope,85,0.014032505452632904
3,pre_rope,86,0.013961759395897388
3,pre_rope,87,0.013827966526150703
3,pre_rope,88,0.013716551475226879
3,pre_rope,89,0.013687804341316223
3,pre_rope,90,0.013529636897146702
3,pre_rope,91,0.01339742448180914
3,pre_rope,92,0.013297535479068756
3,pre_rope,93,0.01327831856906414
3,pre_rope,94,0.013258514925837517
3,pre_rope,95,0.013190379366278648
3,pre_rope,96,0.012942573986947536
3,pre_rope,97,0.012894938699901104
3,pre_rope,98,0.012753044255077839
3,pre_rope,99,0.01265718974173069
3,pre_rope,100,0.01261095516383648
3,pre_rope,101,0.01256285049021244
3,pre_rope,102,0.012421662919223309
3,pre_rope,103,0.012330383993685246
3,pre_rope,104,0.012247561477124691
3,pre_rope,105,0.012165537104010582
3,pre_rope,106,0.012028384953737259
3,pre_rope,107,0.011922161094844341
3,pre_rope,108,0.011892074719071388
3,pre_rope,109,0.01183028519153595
3,pre_rope,110,0.011824020184576511
3,pre_rope,111,0.011750070378184319
3,pre_rope,112,0.011692924425005913
3,pre_rope,113,0.011577668599784374
3,pre_rope,114,0.011558442376554012
3,pre_rope,115,0.011488329619169235
3,pre_rope,116,0.01137587707489729
3,pre_rope,117,0.01133834570646286
3,pre_rope,118,0.01126769557595253
3,pre_rope,119,0.01124908309429884
3,pre_rope,120,0.011217567138373852
3,pre_rope,121,0.011161655187606812
3,pre_rope,122,0.011059206910431385
3,pre_rope,123,0.010969804599881172
3,pre_rope,124,0.010843705385923386
3,pre_rope,125,0.010788132436573505
3,pre_rope,126,0.01069742999970913
3,pre_rope,127,0.01063135638833046
3,pre_rope,128,0.010557960718870163
3,pre_rope,129,0.010481326840817928
3,pre_rope,130,0.010459520854055882
3,pre_rope,131,0.010396935045719147
3,pre_rope,132,0.010340536013245583
3,pre_rope,133,0.010275340639054775
3,pre_rope,134,0.010226411744952202
3,pre_rope,135,0.010184885933995247
3,pre_rope,136,0.010134966112673283
3,pre_rope,137,0.010095624253153801
3,pre_rope,138,0.009973910637199879
3,pre_rope,139,0.00992408487945795
3,pre_rope,140,0.009888207539916039
3,pre_rope,141,0.009801243431866169
3,pre_rope,142,0.009723450057208538
3,pre_rope,143,0.009705303236842155
3,pre_rope,144,0.009636735543608665
3,pre_rope,145,0.009551167488098145
3,pre_rope,146,0.009531136602163315
3,pre_rope,147,0.009465501643717289
3,pre_rope,148,0.009434551931917667
3,pre_rope,149,0.009342331439256668
3,pre_rope,150,0.009302350692451
3,pre_rope,151,0.009236549027264118
3,pre_rope,152,0.00916362926363945
3,pre_rope,153,0.009158805944025517
3,pre_rope,154,0.009079969488084316
3,pre_rope,155,0.009036841802299023
3,pre_rope,156,0.008952101692557335
3,pre_rope,157,0.008924335241317749
3,pre_rope,158,0.008890497498214245
3,pre_rope,159,0.008848005905747414
3,pre_rope,160,0.008789622224867344
3,pre_rope,161,0.008736729621887207
3,pre_rope,162,0.008703113533556461
3,pre_rope,163,0.008627234026789665
3,pre_rope,164,0.008584979921579361
3,pre_rope,165,0.008550765924155712
3,pre_rope,166,0.008495575748383999
3,pre_rope,167,0.008450903929769993
3,pre_rope,168,0.008434687741100788
3,pre_rope,169,0.008388304151594639
3,pre_rope,170,0.008348633535206318
3,pre_rope,171,0.008336728438735008
3,pre_rope,172,0.008275454863905907
3,pre_rope,173,0.008184433914721012
3,pre_rope,174,0.008167584426701069
3,pre_rope,175,0.008143854327499866
3,pre_rope,176,0.008105220273137093
3,pre_rope,177,0.008059783838689327
3,pre_rope,178,0.007988001219928265
3,pre_rope,179,0.007972294464707375
3,pre_rope,180,0.007939022034406662
3,pre_rope,181,0.007892335765063763
3,pre_rope,182,0.007833052426576614
3,pre_rope,183,0.0078089069575071335
3,pre_rope,184,0.007759234867990017
3,pre_rope,185,0.007690883241593838
3,pre_rope,186,0.007642689161002636
3,pre_rope,187,0.007626020349562168
3,pre_rope,188,0.007608396001160145
3,pre_rope,189,0.007584664039313793
3,pre_rope,190,0.007478856015950441
3,pre_rope,191,0.007441781461238861
3,pre_rope,192,0.007420659065246582
3,pre_rope,193,0.007370961830019951
3,pre_rope,194,0.007294584531337023
3,pre_rope,195,0.007279406767338514
3,pre_rope,196,0.007225974462926388
3,pre_rope,197,0.007199467625468969
3,pre_rope,198,0.007188005838543177
3,pre_rope,199,0.007137708831578493
3,pre_rope,200,0.007120300550013781
3,pre_rope,201,0.007080326788127422
3,pre_rope,202,0.0070527084171772
3,pre_rope,203,0.007028736639767885
3,pre_rope,204,0.006997831165790558
3,pre_rope,205,0.006934178061783314
3,pre_rope,206,0.006919492036104202
3,pre_rope,207,0.006890484597533941
3,pre_rope,208,0.006882375106215477
3,pre_rope,209,0.006823411677032709
3,pre_rope,210,0.0067674340680241585
3,pre_rope,211,0.00672606285661459
3,pre_rope,212,0.0067077819257974625
3,pre_rope,213,0.006664328742772341
3,pre_rope,214,0.006631689146161079
3,pre_rope,215,0.006628462579101324
3,pre_rope,216,0.006589175667613745
3,pre_rope,217,0.00655787019059062
3,pre_rope,218,0.006538753863424063
3,pre_rope,219,0.006490177009254694
3,pre_rope,220,0.006484136916697025
3,pre_rope,221,0.006435907445847988
3,pre_rope,222,0.006410439033061266
3,pre_rope,223,0.006397028919309378
3,pre_rope,224,0.006358552724123001
3,pre_rope,225,0.006342612206935883
3,pre_rope,226,0.006293382961302996
3,pre_rope,227,0.0062606749124825
3,pre_rope,228,0.0062362016178667545
3,pre_rope,229,0.006190962623804808
3,pre_rope,230,0.0061837490648031235
3,pre_rope,231,0.006120556965470314
3,pre_rope,232,0.006097341421991587
3,pre_rope,233,0.006054333411157131
3,pre_rope,234,0.006047589238733053
3,pre_rope,235,0.006012678146362305
3,pre_rope,236,0.005994058679789305
3,pre_rope,237,0.005966467317193747
3,pre_rope,238,0.005938149988651276
3,pre_rope,239,0.005912815686315298
3,pre_rope,240,0.005871012806892395
3,pre_rope,241,0.0058417655527591705
3,pre_rope,242,0.005826410837471485
3,pre_rope,243,0.005816073156893253
3,pre_rope,244,0.005758923012763262
3,pre_rope,245,0.005735551938414574
3,pre_rope,246,0.005724969785660505
3,pre_rope,247,0.00570258405059576
3,pre_rope,248,0.005657606292515993
3,pre_rope,249,0.005610963329672813
3,pre_rope,250,0.005600156262516975
3,pre_rope,251,0.005573389586061239
3,pre_rope,252,0.005566626321524382
3,pre_rope,253,0.005535335745662451
3,pre_rope,254,0.005529243033379316
3,pre_rope,255,0.005485949106514454
3,pre_rope,256,0.005446146242320538
3,pre_rope,257,0.005442434456199408
3,pre_rope,258,0.005418805405497551
3,pre_rope,259,0.0053832572884857655
3,pre_rope,260,0.005351671017706394
3,pre_rope,261,0.005299070850014687
3,pre_rope,262,0.005281767807900906
3,pre_rope,263,0.005271696951240301
3,pre_rope,264,0.005253587383776903
3,pre_rope,265,0.005203849170356989
3,pre_rope,266,0.005168244242668152
3,pre_rope,267,0.005144299939274788
3,pre_rope,268,0.005113811697810888
3,pre_rope,269,0.005104773212224245
3,pre_rope,270,0.005095653235912323
3,pre_rope,271,0.005071352701634169
3,pre_rope,272,0.005060440395027399
3,pre_rope,273,0.005035873968154192
3,pre_rope,274,0.0049958727322518826
3,pre_rope,275,0.004970423877239227
3,pre_rope,276,0.004937272518873215
3,pre_rope,277,0.004920278210192919
3,pre_rope,278,0.004905298817902803
3,pre_rope,279,0.004881969653069973
3,pre_rope,280,0.004870415199548006
3,pre_rope,281,0.004845639690756798
3,pre_rope,282,0.0048215496353805065
3,pre_rope,283,0.004769451916217804
3,pre_rope,284,0.004740220028907061
3,pre_rope,285,0.004732006695121527
3,pre_rope,286,0.004715984687209129
3,pre_rope,287,0.004687957465648651
3,pre_rope,288,0.004677833057940006
3,pre_rope,289,0.0046644085086882114
3,pre_rope,290,0.004629777744412422
3,pre_rope,291,0.00461159972473979
3,pre_rope,292,0.004585228860378265
3,pre_rope,293,0.004560132045298815
3,pre_rope,294,0.004548937082290649
3,pre_rope,295,0.004499499220401049
3,pre_rope,296,0.004482874181121588
3,pre_rope,297,0.004462876357138157
3,pre_rope,298,0.00443430058658123
3,pre_rope,299,0.004431816283613443
3,pre_rope,300,0.0044036246836185455
3,pre_rope,301,0.004383082967251539
3,pre_rope,302,0.004380426835268736
3,pre_rope,303,0.004349444527179003
3,pre_rope,304,0.004313979763537645
3,pre_rope,305,0.004299889784306288
3,pre_rope,306,0.004282422363758087
3,pre_rope,307,0.004251896403729916
3,pre_rope,308,0.004236060660332441
3,pre_rope,309,0.004216894973069429
3,pre_rope,310,0.004197461064904928
3,pre_rope,311,0.0041473256424069405
3,pre_rope,312,0.004132827278226614
3,pre_rope,313,0.004118915181607008
3,pre_rope,314,0.004113495349884033
3,pre_rope,315,0.004096828866750002
3,pre_rope,316,0.004076968412846327
3,pre_rope,317,0.00405904371291399
3,pre_rope,318,0.004019277170300484
3,pre_rope,319,0.004003938753157854
3,pre_rope,320,0.003980477340519428
3,pre_rope,321,0.003960152622312307
3,pre_rope,322,0.003931896295398474
3,pre_rope,323,0.003917091526091099
3,pre_rope,324,0.003909334074705839
3,pre_rope,325,0.003896045731380582
3,pre_rope,326,0.0038871089927852154
3,pre_rope,327,0.0038703116588294506
3,pre_rope,328,0.003833827329799533
3,pre_rope,329,0.0038237334229052067
3,pre_rope,330,0.0038100166711956263
3,pre_rope,331,0.0037750720512121916
3,pre_rope,332,0.003758861217647791
3,pre_rope,333,0.0037463707849383354
3,pre_rope,334,0.003721848828718066
3,pre_rope,335,0.0036934257950633764
3,pre_rope,336,0.003691553371027112
3,pre_rope,337,0.003648442216217518
3,pre_rope,338,0.0036363014951348305
3,pre_rope,339,0.003621139330789447
3,pre_rope,340,0.003594697453081608
3,pre_rope,341,0.0035913512110710144
3,pre_rope,342,0.003572251182049513
3,pre_rope,343,0.003553177695721388
3,pre_rope,344,0.0035356422886252403
3,pre_rope,345,0.003505357773974538
3,pre_rope,346,0.003486433532088995
3,pre_rope,347,0.003471803618595004
3,pre_rope,348,0.0034645444247871637
3,pre_rope,349,0.0034508747048676014
3,pre_rope,350,0.0034348727203905582
3,pre_rope,351,0.0034310545306652784
3,pre_rope,352,0.003396835643798113
3,pre_rope,353,0.0033936623949557543
3,pre_rope,354,0.0033750359434634447
3,pre_rope,355,0.0033427744638174772
3,pre_rope,356,0.003316114656627178
3,pre_rope,357,0.003302463097497821
3,pre_rope,358,0.003300959477201104
3,pre_rope,359,0.003284996608272195
3,pre_rope,360,0.0032683024182915688
3,pre_rope,361,0.0032545742578804493
3,pre_rope,362,0.0032477453351020813
3,pre_rope,363,0.0032170130871236324
3,pre_rope,364,0.0032033498864620924
3,pre_rope,365,0.003185694571584463
3,pre_rope,366,0.003172204364091158
3,pre_rope,367,0.003158075036481023
3,pre_rope,368,0.003140456974506378
3,pre_rope,369,0.0031246242579072714
3,pre_rope,370,0.003107484197244048
3,pre_rope,371,0.0030852274503558874
3,pre_rope,372,0.0030772583559155464
3,pre_rope,373,0.0030578533187508583
3,pre_rope,374,0.0030518188141286373
3,pre_rope,375,0.0030367127619683743
3,pre_rope,376,0.002998819574713707
3,pre_rope,377,0.0029755739960819483
3,pre_rope,378,0.0029641620349138975
3,pre_rope,379,0.0029556178487837315
3,pre_rope,380,0.00294201890937984
3,pre_rope,381,0.002934068441390991
3,pre_rope,382,0.002908776979893446
3,pre_rope,383,0.0028896289877593517
3,pre_rope,384,0.0028845241758972406
3,pre_rope,385,0.0028748265467584133
3,pre_rope,386,0.0028381880838423967
3,pre_rope,387,0.002828653436154127
3,pre_rope,388,0.002817001426592469
3,pre_rope,389,0.0027908519841730595
3,pre_rope,390,0.0027794581837952137
3,pre_rope,391,0.0027651339769363403
3,pre_rope,392,0.002741579432040453
3,pre_rope,393,0.002732782159000635
3,pre_rope,394,0.0027214447036385536
3,pre_rope,395,0.0026949006132781506
3,pre_rope,396,0.002688696840777993
3,pre_rope,397,0.0026733404956758022
3,pre_rope,398,0.0026477447245270014
3,pre_rope,399,0.0026343390345573425
3,pre_rope,400,0.002611608011648059
3,pre_rope,401,0.0026068638544529676
3,pre_rope,402,0.002601542044430971
3,pre_rope,403,0.002578247571364045
3,pre_rope,404,0.002557098865509033
3,pre_rope,405,0.00254660751670599
3,pre_rope,406,0.0025356754194945097
3,pre_rope,407,0.0025302197318524122
3,pre_rope,408,0.0025167467538267374
3,pre_rope,409,0.0025075471494346857
3,pre_rope,410,0.002479220973327756
3,pre_rope,411,0.0024713592138141394
3,pre_rope,412,0.002462943084537983
3,pre_rope,413,0.0024427277967333794
3,pre_rope,414,0.00243353727273643
3,pre_rope,415,0.0024240396451205015
3,pre_rope,416,0.002414911752566695
3,pre_rope,417,0.002398436889052391
3,pre_rope,418,0.0023743442725390196
3,pre_rope,419,0.002339520025998354
3,pre_rope,420,0.0023240982554852962
3,pre_rope,421,0.002321036299690604
3,pre_rope,422,0.0023040936794131994
3,pre_rope,423,0.00228832452557981
3,pre_rope,424,0.0022804217878729105
3,pre_rope,425,0.0022605769336223602
3,pre_rope,426,0.002247912110760808
3,pre_rope,427,0.0022363944444805384
3,pre_rope,428,0.0022216548677533865
3,pre_rope,429,0.0022018803283572197
3,pre_rope,430,0.0021938642021268606
3,pre_rope,431,0.002188248559832573
3,pre_rope,432,0.0021751748863607645
3,pre_rope,433,0.0021593947894871235
3,pre_rope,434,0.002137895207852125
3,pre_rope,435,0.002117003547027707
3,pre_rope,436,0.002107352949678898
3,pre_rope,437,0.0021046835463494062
3,pre_rope,438,0.002090087393298745
3,pre_rope,439,0.0020653794053941965
3,pre_rope,440,0.002049084519967437
3,pre_rope,441,0.002039993880316615
3,pre_rope,442,0.0020157473627477884
3,pre_rope,443,0.0020104784052819014
3,pre_rope,444,0.0019972657319158316
3,pre_rope,445,0.001985154813155532
3,pre_rope,446,0.0019669304601848125
3,pre_rope,447,0.001959629589691758
3,pre_rope,448,0.001954911509528756
3,pre_rope,449,0.0019521306967362761
3,pre_rope,450,0.0019349667709320784
3,pre_rope,451,0.0019121880177408457
3,pre_rope,452,0.001909162849187851
3,pre_rope,453,0.001892560045234859
3,pre_rope,454,0.0018823258578777313
3,pre_rope,455,0.0018697335617616773
3,pre_rope,456,0.001859488314948976
3,pre_rope,457,0.0018554646521806717
3,pre_rope,458,0.0018320389790460467
3,pre_rope,459,0.0018242266960442066
3,pre_rope,460,0.001803440973162651
3,pre_rope,461,0.0017880857922136784
3,pre_rope,462,0.0017665389459580183
3,pre_rope,463,0.001745519577525556
3,pre_rope,464,0.0017396631883457303
3,pre_rope,465,0.0017253716941922903
3,pre_rope,466,0.0017117263050749898
3,pre_rope,467,0.0016959808999672532
3,pre_rope,468,0.0016854314599186182
3,pre_rope,469,0.0016589413862675428
3,pre_rope,470,0.0016495335148647428
3,pre_rope,471,0.0016366199124604464
3,pre_rope,472,0.0016192931216210127
3,pre_rope,473,0.0015991287073120475
3,pre_rope,474,0.0015862039290368557
3,pre_rope,475,0.0015739569207653403
3,pre_rope,476,0.001552921487018466
3,pre_rope,477,0.0015518839936703444
3,pre_rope,478,0.0015325539279729128
3,pre_rope,479,0.0015247721457853913
3,pre_rope,480,0.001510295202024281
3,pre_rope,481,0.00146153150126338
3,pre_rope,482,0.0014379631029441953
3,pre_rope,483,0.0014198520220816135
3,pre_rope,484,0.0014173017116263509
3,pre_rope,485,0.0014081384288147092
3,pre_rope,486,0.0013867435045540333
3,pre_rope,487,0.001381829846650362
3,pre_rope,488,0.0013687012251466513
3,pre_rope,489,0.0013415849534794688
3,pre_rope,490,0.0013312844093888998
3,pre_rope,491,0.0013230228796601295
3,pre_rope,492,0.001291545107960701
3,pre_rope,493,0.0012760924873873591
3,pre_rope,494,0.0012551583349704742
3,pre_rope,495,0.0012351222103461623
3,pre_rope,496,0.0012299702502787113
3,pre_rope,497,0.0012287162244319916
3,pre_rope,498,0.0012132548727095127
3,pre_rope,499,0.0011894694762304425
3,pre_rope,500,0.0011135428212583065
3,pre_rope,501,0.001095083891414106
3,pre_rope,502,0.0010547423735260963
3,pre_rope,503,0.00104292924515903
3,pre_rope,504,0.0010205496801063418
3,pre_rope,505,0.0009327221778221428
3,pre_rope,506,0.000719785166438669
3,pre_rope,507,0.0006669230642728508
3,pre_rope,508,0.000607511552516371
3,pre_rope,509,0.0005365463439375162
3,pre_rope,510,0.0004952223389409482
3,pre_rope,511,0.0004694476374424994
3,pre_rope,512,0.00032607046887278557
3,post_rope,1,1.0
3,post_rope,2,0.16561096906661987
3,post_rope,3,0.1646542102098465
3,post_rope,4,0.1566752940416336
3,post_rope,5,0.1481219381093979
3,post_rope,6,0.14594624936580658
3,post_rope,7,0.139553040266037
3,post_rope,8,0.13924826681613922
3,post_rope,9,0.1387581080198288
3,post_rope,10,0.13839849829673767
3,post_rope,11,0.13722991943359375
3,post_rope,12,0.135037362575531
3,post_rope,13,0.13424234092235565
3,post_rope,14,0.13169540464878082
3,post_rope,15,0.13056159019470215
3,post_rope,16,0.12987235188484192
3,post_rope,17,0.12899062037467957
3,post_rope,18,0.12895748019218445
3,post_rope,19,0.1281360387802124
3,post_rope,20,0.1262483149766922
3,post_rope,21,0.12357260286808014
3,post_rope,22,0.12260206043720245
3,post_rope,23,0.12101567536592484
3,post_rope,24,0.12039877474308014
3,post_rope,25,0.11950869113206863
3,post_rope,26,0.11815620213747025
3,post_rope,27,0.1173032745718956
3,post_rope,28,0.11643871665000916
3,post_rope,29,0.11581569164991379
3,post_rope,30,0.1134442389011383
3,post_rope,31,0.10983754694461823
3,post_rope,32,0.10310525447130203
3,post_rope,33,0.09956849366426468
3,post_rope,34,0.0961519330739975
3,post_rope,35,0.09219924360513687
3,post_rope,36,0.07853662967681885
3,post_rope,37,0.07207437604665756
3,post_rope,38,0.06984540820121765
3,post_rope,39,0.06695394963026047
3,post_rope,40,0.05460347235202789
3,post_rope,41,0.05333677679300308
3,post_rope,42,0.04912576451897621
3,post_rope,43,0.04680529981851578
3,post_rope,44,0.04532518610358238
3,post_rope,45,0.04417458176612854
3,post_rope,46,0.04220075532793999
3,post_rope,47,0.041130710393190384
3,post_rope,48,0.03939325734972954
3,post_rope,49,0.03826054930686951
3,post_rope,50,0.0374738909304142
3,post_rope,51,0.0370008684694767
3,post_rope,52,0.0352746807038784
3,post_rope,53,0.034891288727521896
3,post_rope,54,0.034477416425943375
3,post_rope,55,0.033977705985307693
3,post_rope,56,0.03355918824672699
3,post_rope,57,0.03344578668475151
3,post_rope,58,0.032964061945676804
3,post_rope,59,0.032895565032958984
3,post_rope,60,0.03252621367573738
3,post_rope,61,0.032344065606594086
3,post_rope,62,0.03205542266368866
3,post_rope,63,0.031712375581264496
3,post_rope,64,0.03147195652127266
3,post_rope,65,0.031335171312093735
3,post_rope,66,0.031081516295671463
3,post_rope,67,0.0308991651982069
3,post_rope,68,0.03068758174777031
3,post_rope,69,0.0304985661059618
3,post_rope,70,0.03012135997414589
3,post_rope,71,0.029903940856456757
3,post_rope,72,0.02976744994521141
3,post_rope,73,0.029264405369758606
3,post_rope,74,0.029130998998880386
3,post_rope,75,0.02906702272593975
3,post_rope,76,0.028694283217191696
3,post_rope,77,0.028503496199846268
3,post_rope,78,0.028268184512853622
3,post_rope,79,0.028124334290623665
3,post_rope,80,0.028025679290294647
3,post_rope,81,0.02783643826842308
3,post_rope,82,0.02760150469839573
3,post_rope,83,0.027501054108142853
3,post_rope,84,0.02742709033191204
3,post_rope,85,0.026922939345240593
3,post_rope,86,0.026839187368750572
3,post_rope,87,0.026733145117759705
3,post_rope,88,0.026592839509248734
3,post_rope,89,0.026436086744070053
3,post_rope,90,0.026283206418156624
3,post_rope,91,0.02605532668530941
3,post_rope,92,0.025863569229841232
3,post_rope,93,0.025749485939741135
3,post_rope,94,0.025555014610290527
3,post_rope,95,0.0254674032330513
3,post_rope,96,0.02534325048327446
3,post_rope,97,0.02493969351053238
3,post_rope,98,0.024846887215971947
3,post_rope,99,0.024710334837436676
3,post_rope,100,0.0246898103505373
3,post_rope,101,0.02437792718410492
3,post_rope,102,0.024218963459134102
3,post_rope,103,0.02418961003422737
3,post_rope,104,0.024134790524840355
3,post_rope,105,0.023960255086421967
3,post_rope,106,0.023903803899884224
3,post_rope,107,0.023803744465112686
3,post_rope,108,0.02361789532005787
3,post_rope,109,0.02346723899245262
3,post_rope,110,0.023324469104409218
3,post_rope,111,0.023270154371857643
3,post_rope,112,0.02317623607814312
3,post_rope,113,0.023082107305526733
3,post_rope,114,0.022999215871095657
3,post_rope,115,0.022952819243073463
3,post_rope,116,0.022785939276218414
3,post_rope,117,0.022643769159913063
3,post_rope,118,0.022627905011177063
3,post_rope,119,0.022553540766239166
3,post_rope,120,0.022360635921359062
3,post_rope,121,0.022231919690966606
3,post_rope,122,0.022221267223358154
3,post_rope,123,0.02209068275988102
3,post_rope,124,0.022044099867343903
3,post_rope,125,0.021861668676137924
3,post_rope,126,0.021786699071526527
3,post_rope,127,0.02170974388718605
3,post_rope,128,0.021563302725553513
3,post_rope,129,0.021535133942961693
3,post_rope,130,0.02144448831677437
3,post_rope,131,0.02140207402408123
3,post_rope,132,0.02132253162562847
3,post_rope,133,0.021256141364574432
3,post_rope,134,0.021125197410583496
3,post_rope,135,0.020975058898329735
3,post_rope,136,0.020921969786286354
3,post_rope,137,0.020804062485694885
3,post_rope,138,0.02072875015437603
3,post_rope,139,0.020644536241889
3,post_rope,140,0.020594075322151184
3,post_rope,141,0.020424922928214073
3,post_rope,142,0.020398197695612907
3,post_rope,143,0.020347410812973976
3,post_rope,144,0.02032015472650528
3,post_rope,145,0.020190108567476273
3,post_rope,146,0.02012798935174942
3,post_rope,147,0.019975747913122177
3,post_rope,148,0.019855273887515068
3,post_rope,149,0.01976822316646576
3,post_rope,150,0.01973704621195793
3,post_rope,151,0.019668975844979286
3,post_rope,152,0.019590357318520546
3,post_rope,153,0.0195538941770792
3,post_rope,154,0.019439341500401497
3,post_rope,155,0.019308794289827347
3,post_rope,156,0.019275113940238953
3,post_rope,157,0.019179021939635277
3,post_rope,158,0.01913096383213997
3,post_rope,159,0.01907135546207428
3,post_rope,160,0.018970798701047897
3,post_rope,161,0.018931221216917038
3,post_rope,162,0.018837057054042816
3,post_rope,163,0.01877627894282341
3,post_rope,164,0.0187748521566391
3,post_rope,165,0.018711358308792114
3,post_rope,166,0.018624266609549522
3,post_rope,167,0.018449917435646057
3,post_rope,168,0.0183821190148592
3,post_rope,169,0.01836405321955681
3,post_rope,170,0.01827463135123253
3,post_rope,171,0.01820942759513855
3,post_rope,172,0.018137091770768166
3,post_rope,173,0.018079614266753197
3,post_rope,174,0.01796724647283554
3,post_rope,175,0.01787429489195347
3,post_rope,176,0.01780655048787594
3,post_rope,177,0.01777007058262825
3,post_rope,178,0.017747703939676285
3,post_rope,179,0.017737118527293205
3,post_rope,180,0.01770196482539177
3,post_rope,181,0.017470350489020348
3,post_rope,182,0.01743699610233307
3,post_rope,183,0.0173697117716074
3,post_rope,184,0.017291825264692307
3,post_rope,185,0.017266705632209778
3,post_rope,186,0.017169630154967308
3,post_rope,187,0.017114251852035522
3,post_rope,188,0.017055721953511238
3,post_rope,189,0.016981154680252075
3,post_rope,190,0.016855362802743912
3,post_rope,191,0.016815729439258575
3,post_rope,192,0.01676061376929283
3,post_rope,193,0.01668531261384487
3,post_rope,194,0.016682615503668785
3,post_rope,195,0.016601193696260452
3,post_rope,196,0.016510404646396637
3,post_rope,197,0.016496852040290833
3,post_rope,198,0.01640533283352852
3,post_rope,199,0.01638367958366871
3,post_rope,200,0.01633959449827671
3,post_rope,201,0.016297204419970512
3,post_rope,202,0.01622416265308857
3,post_rope,203,0.01616360992193222
3,post_rope,204,0.01614358276128769
3,post_rope,205,0.016088884323835373
3,post_rope,206,0.0160320233553648
3,post_rope,207,0.015971196815371513
3,post_rope,208,0.015957152470946312
3,post_rope,209,0.015831682831048965
3,post_rope,210,0.015794023871421814
3,post_rope,211,0.015676910057663918
3,post_rope,212,0.015618343837559223
3,post_rope,213,0.015593843534588814
3,post_rope,214,0.01551336795091629
3,post_rope,215,0.015476476401090622
3,post_rope,216,0.015419510193169117
3,post_rope,217,0.015392615459859371
3,post_rope,218,0.01533923577517271
3,post_rope,219,0.015311951749026775
3,post_rope,220,0.015272688120603561
3,post_rope,221,0.015233658254146576
3,post_rope,222,0.015181716531515121
3,post_rope,223,0.015156880021095276
3,post_rope,224,0.015047375112771988
3,post_rope,225,0.015011333860456944
3,post_rope,226,0.014972561039030552
3,post_rope,227,0.014957022853195667
3,post_rope,228,0.014878521673381329
3,post_rope,229,0.014794874005019665
3,post_rope,230,0.014747921377420425
3,post_rope,231,0.014649901539087296
3,post_rope,232,0.014615637250244617
3,post_rope,233,0.014528967440128326
3,post_rope,234,0.014486703090369701
3,post_rope,235,0.014449801295995712
3,post_rope,236,0.014428027905523777
3,post_rope,237,0.014399915933609009
3,post_rope,238,0.014356433413922787
3,post_rope,239,0.014332534745335579
3,post_rope,240,0.014262892305850983
3,post_rope,241,0.014220635406672955
3,post_rope,242,0.01420153770595789
3,post_rope,243,0.014170533046126366
3,post_rope,244,0.014059057459235191
3,post_rope,245,0.014033176936209202
3,post_rope,246,0.014001749455928802
3,post_rope,247,0.013957176357507706
3,post_rope,248,0.013901392929255962
3,post_rope,249,0.01387035846710205
3,post_rope,250,0.013803263194859028
3,post_rope,251,0.013742309994995594
3,post_rope,252,0.01371329091489315
3,post_rope,253,0.013698122464120388
3,post_rope,254,0.013644084334373474
3,post_rope,255,0.01355620939284563
3,post_rope,256,0.01350683905184269
3,post_rope,257,0.013452146202325821
3,post_rope,258,0.013434264808893204
3,post_rope,259,0.013370358385145664
3,post_rope,260,0.013341240584850311
3,post_rope,261,0.013276159763336182
3,post_rope,262,0.013219521380960941
3,post_rope,263,0.013158711604773998
3,post_rope,264,0.013138342648744583
3,post_rope,265,0.01309663150459528
3,post_rope,266,0.01303158700466156
3,post_rope,267,0.013016791082918644
3,post_rope,268,0.012983588501811028
3,post_rope,269,0.01295068021863699
3,post_rope,270,0.012899422086775303
3,post_rope,271,0.012861399911344051
3,post_rope,272,0.012811497785151005
3,post_rope,273,0.012761975638568401
3,post_rope,274,0.012733636423945427
3,post_rope,275,0.012696708552539349
3,post_rope,276,0.012661443091928959
3,post_rope,277,0.012629237025976181
3,post_rope,278,0.012601266615092754
3,post_rope,279,0.012512251734733582
3,post_rope,280,0.012486658990383148
3,post_rope,281,0.01242523081600666
3,post_rope,282,0.012386486865580082
3,post_rope,283,0.012357920408248901
3,post_rope,284,0.012293712235987186
3,post_rope,285,0.01226456742733717
3,post_rope,286,0.012246694415807724
3,post_rope,287,0.012206156738102436
3,post_rope,288,0.012194112874567509
3,post_rope,289,0.01213880069553852
3,post_rope,290,0.012122605927288532
3,post_rope,291,0.012040755711495876
3,post_rope,292,0.012033119797706604
3,post_rope,293,0.011999347247183323
3,post_rope,294,0.011947900988161564
3,post_rope,295,0.011894496157765388
3,post_rope,296,0.011861991137266159
3,post_rope,297,0.011828899383544922
3,post_rope,298,0.011790766380727291
3,post_rope,299,0.011778793297708035
3,post_rope,300,0.011769849807024002
3,post_rope,301,0.011686966754496098
3,post_rope,302,0.011635753326117992
3,post_rope,303,0.011609991081058979
3,post_rope,304,0.011537070386111736
3,post_rope,305,0.011495344340801239
3,post_rope,306,0.011451009660959244
3,post_rope,307,0.011378237046301365
3,post_rope,308,0.011360014788806438
3,post_rope,309,0.011356376111507416
3,post_rope,310,0.011309931054711342
3,post_rope,311,0.01126696728169918
3,post_rope,312,0.011182880029082298
3,post_rope,313,0.011169095523655415
3,post_rope,314,0.01113749761134386
3,post_rope,315,0.01113224122673273
3,post_rope,316,0.011118252761662006
3,post_rope,317,0.01107314694672823
3,post_rope,318,0.011035746894776821
3,post_rope,319,0.010996581986546516
3,post_rope,320,0.010972549207508564
3,post_rope,321,0.01091080904006958
3,post_rope,322,0.01087988168001175
3,post_rope,323,0.010823510587215424
3,post_rope,324,0.010803135111927986
3,post_rope,325,0.010777097195386887
3,post_rope,326,0.010760710574686527
3,post_rope,327,0.010684620589017868
3,post_rope,328,0.010679596103727818
3,post_rope,329,0.010636973194777966
3,post_rope,330,0.010586666874587536
3,post_rope,331,0.010546124540269375
3,post_rope,332,0.010537720285356045
3,post_rope,333,0.010520730167627335
3,post_rope,334,0.01048151683062315
3,post_rope,335,0.010446632280945778
3,post_rope,336,0.010402011685073376
3,post_rope,337,0.01033532153815031
3,post_rope,338,0.01031467318534851
3,post_rope,339,0.010252371430397034
3,post_rope,340,0.010213276371359825
3,post_rope,341,0.010194388218224049
3,post_rope,342,0.010147013701498508
3,post_rope,343,0.010110793635249138
3,post_rope,344,0.010103422217071056
3,post_rope,345,0.01008635014295578
3,post_rope,346,0.01004136260598898
3,post_rope,347,0.009992685168981552
3,post_rope,348,0.009954959154129028
3,post_rope,349,0.009909526444971561
3,post_rope,350,0.009873250499367714
3,post_rope,351,0.009833704680204391
3,post_rope,352,0.009801403619349003
3,post_rope,353,0.009762782603502274
3,post_rope,354,0.00973744597285986
3,post_rope,355,0.009720376692712307
3,post_rope,356,0.009670617990195751
3,post_rope,357,0.009646999649703503
3,post_rope,358,0.009604171849787235
3,post_rope,359,0.009582232683897018
3,post_rope,360,0.009549143724143505
3,post_rope,361,0.00950850173830986
3,post_rope,362,0.009475757367908955
3,post_rope,363,0.009434367530047894
3,post_rope,364,0.00942326057702303
3,post_rope,365,0.009324455633759499
3,post_rope,366,0.00931158009916544
3,post_rope,367,0.00929979421198368
3,post_rope,368,0.009276659227907658
3,post_rope,369,0.009210905060172081
3,post_rope,370,0.00919320434331894
3,post_rope,371,0.009139347821474075
3,post_rope,372,0.009112313389778137
3,post_rope,373,0.009065656922757626
3,post_rope,374,0.009046086110174656
3,post_rope,375,0.009033980779349804
3,post_rope,376,0.008943416178226471
3,post_rope,377,0.00892460998147726
3,post_rope,378,0.008910680189728737
3,post_rope,379,0.008896365761756897
3,post_rope,380,0.008819627575576305
3,post_rope,381,0.008789615705609322
3,post_rope,382,0.008751137182116508
3,post_rope,383,0.008727001957595348
3,post_rope,384,0.008700083941221237
3,post_rope,385,0.008632823824882507
3,post_rope,386,0.008615885861217976
3,post_rope,387,0.008597129955887794
3,post_rope,388,0.008552678860723972
3,post_rope,389,0.008526744320988655
3,post_rope,390,0.008490637876093388
3,post_rope,391,0.008427504450082779
3,post_rope,392,0.008379730395972729
3,post_rope,393,0.008315698243677616
3,post_rope,394,0.008298573084175587
3,post_rope,395,0.008261345326900482
3,post_rope,396,0.00824152585119009
3,post_rope,397,0.0082256393507123
3,post_rope,398,0.008175475522875786
3,post_rope,399,0.008158172480762005
3,post_rope,400,0.00812065415084362
3,post_rope,401,0.008057406172156334
3,post_rope,402,0.008012689650058746
3,post_rope,403,0.007984943687915802
3,post_rope,404,0.007942468859255314
3,post_rope,405,0.007896734401583672
3,post_rope,406,0.007860650308430195
3,post_rope,407,0.00780847342684865
3,post_rope,408,0.0077810632064938545
3,post_rope,409,0.007763909175992012
3,post_rope,410,0.0077267917804419994
3,post_rope,411,0.007663304917514324
3,post_rope,412,0.007642185781151056
3,post_rope,413,0.007585764862596989
3,post_rope,414,0.007545933127403259
3,post_rope,415,0.007485345471650362
3,post_rope,416,0.007436150219291449
3,post_rope,417,0.007405378855764866
3,post_rope,418,0.007378465961664915
3,post_rope,419,0.0073441569693386555
3,post_rope,420,0.007299519143998623
3,post_rope,421,0.007275005336850882
3,post_rope,422,0.007241719402372837
3,post_rope,423,0.00716526759788394
3,post_rope,424,0.00714781554415822
3,post_rope,425,0.007137659937143326
3,post_rope,426,0.007078038994222879
3,post_rope,427,0.007010410539805889
3,post_rope,428,0.006970664951950312
3,post_rope,429,0.006916687823832035
3,post_rope,430,0.00689361896365881
3,post_rope,431,0.006874928716570139
3,post_rope,432,0.006849254947155714
3,post_rope,433,0.006740947719663382
3,post_rope,434,0.006713321898132563
3,post_rope,435,0.006675914861261845
3,post_rope,436,0.006634301505982876
3,post_rope,437,0.006548847071826458
3,post_rope,438,0.006521670147776604
3,post_rope,439,0.006498032249510288
3,post_rope,440,0.0064401482231915
3,post_rope,441,0.00640123151242733
3,post_rope,442,0.006302396766841412
3,post_rope,443,0.006262566894292831
3,post_rope,444,0.006183234974741936
3,post_rope,445,0.00616773497313261
3,post_rope,446,0.006066165864467621
3,post_rope,447,0.006010080222040415
3,post_rope,448,0.005959562491625547
3,post_rope,449,0.005955053959041834
3,post_rope,450,0.005895079579204321
3,post_rope,451,0.00587813276797533
3,post_rope,452,0.00579281710088253
3,post_rope,453,0.005742083769291639
3,post_rope,454,0.005671448539942503
3,post_rope,455,0.005624118726700544
3,post_rope,456,0.005611369851976633
3,post_rope,457,0.005515902303159237
3,post_rope,458,0.0054733408614993095
3,post_rope,459,0.005461498163640499
3,post_rope,460,0.005436778534203768
3,post_rope,461,0.005401946604251862
3,post_rope,462,0.005331838503479958
3,post_rope,463,0.005258255172520876
3,post_rope,464,0.005218374077230692
3,post_rope,465,0.005182576831430197
3,post_rope,466,0.005134078674018383
3,post_rope,467,0.00511296046897769
3,post_rope,468,0.005052355583757162
3,post_rope,469,0.004983239807188511
3,post_rope,470,0.004905053414404392
3,post_rope,471,0.004872440360486507
3,post_rope,472,0.004840375855565071
3,post_rope,473,0.004803537391126156
3,post_rope,474,0.004700610879808664
3,post_rope,475,0.004656963981688023
3,post_rope,476,0.004588494077324867
3,post_rope,477,0.004552552476525307
3,post_rope,478,0.004522866103798151
3,post_rope,479,0.004470587708055973
3,post_rope,480,0.0043768067844212055
3,post_rope,481,0.004354315344244242
3,post_rope,482,0.004271430894732475
3,post_rope,483,0.004204132594168186
3,post_rope,484,0.004174382425844669
3,post_rope,485,0.004131503403186798
3,post_rope,486,0.004081531893461943
3,post_rope,487,0.00398282241076231
3,post_rope,488,0.003909185063093901
3,post_rope,489,0.0038896952755749226
3,post_rope,490,0.003854299196973443
3,post_rope,491,0.0038214942906051874
3,post_rope,492,0.0037621695082634687
3,post_rope,493,0.003617773298174143
3,post_rope,494,0.0035434484016150236
3,post_rope,495,0.0034970201086252928
3,post_rope,496,0.0033620072063058615
3,post_rope,497,0.0033463959116488695
3,post_rope,498,0.003253993345424533
3,post_rope,499,0.0031067216768860817
3,post_rope,500,0.0030224511865526438
3,post_rope,501,0.0029405304230749607
3,post_rope,502,0.002869467018172145
3,post_rope,503,0.002701852237805724
3,post_rope,504,0.002573860576376319
3,post_rope,505,0.0025000532623380423
3,post_rope,506,0.0023283534683287144
3,post_rope,507,0.002234990242868662
3,post_rope,508,0.002122338395565748
3,post_rope,509,0.00207600393332541
3,post_rope,510,0.0018653059378266335
3,post_rope,511,0.0017449002480134368
3,post_rope,512,0.0016431600088253617
4,pre_rope,1,1.0
4,pre_rope,2,0.16439786553382874
4,pre_rope,3,0.12747670710086823
4,pre_rope,4,0.111948162317276
4,pre_rope,5,0.088328517973423
4,pre_rope,6,0.08536197990179062
4,pre_rope,7,0.07921626418828964
4,pre_rope,8,0.07362575083971024
4,pre_rope,9,0.06243973970413208
4,pre_rope,10,0.0613136850297451
4,pre_rope,11,0.058881551027297974
4,pre_rope,12,0.05527932569384575
4,pre_rope,13,0.05238860100507736
4,pre_rope,14,0.04927605763077736
4,pre_rope,15,0.04700511321425438
4,pre_rope,16,0.04597344249486923
4,pre_rope,17,0.045200396329164505
4,pre_rope,18,0.04301314055919647
4,pre_rope,19,0.041596367955207825
4,pre_rope,20,0.0399012491106987
4,pre_rope,21,0.03807045891880989
4,pre_rope,22,0.03720925748348236
4,pre_rope,23,0.03696902096271515
4,pre_rope,24,0.03673996403813362
4,pre_rope,25,0.03638235107064247
4,pre_rope,26,0.03529607132077217
4,pre_rope,27,0.03474638611078262
4,pre_rope,28,0.03470894694328308
4,pre_rope,29,0.03351489081978798
4,pre_rope,30,0.033104971051216125
4,pre_rope,31,0.03251545876264572
4,pre_rope,32,0.03172919899225235
4,pre_rope,33,0.0313572883605957
4,pre_rope,34,0.03104940615594387
4,pre_rope,35,0.030823517590761185
4,pre_rope,36,0.030244648456573486
4,pre_rope,37,0.02903079241514206
4,pre_rope,38,0.028739577159285545
4,pre_rope,39,0.028314553201198578
4,pre_rope,40,0.027997901663184166
4,pre_rope,41,0.027678340673446655
4,pre_rope,42,0.027157148346304893
4,pre_rope,43,0.026737216860055923
4,pre_rope,44,0.026197616010904312
4,pre_rope,45,0.025900373235344887
4,pre_rope,46,0.025357738137245178
4,pre_rope,47,0.02455863170325756
4,pre_rope,48,0.024152232334017754
4,pre_rope,49,0.02397540770471096
4,pre_rope,50,0.023614753037691116
4,pre_rope,51,0.02326091006398201
4,pre_rope,52,0.022579152137041092
4,pre_rope,53,0.02218393050134182
4,pre_rope,54,0.02206520549952984
4,pre_rope,55,0.0215472225099802
4,pre_rope,56,0.021247288212180138
4,pre_rope,57,0.020944928750395775
4,pre_rope,58,0.020715652033686638
4,pre_rope,59,0.02056228369474411
4,pre_rope,60,0.02041316218674183
4,pre_rope,61,0.02015058510005474
4,pre_rope,62,0.02010582946240902
4,pre_rope,63,0.019766058772802353
4,pre_rope,64,0.019524618983268738
4,pre_rope,65,0.019237162545323372
4,pre_rope,66,0.01885942742228508
4,pre_rope,67,0.018658703193068504
4,pre_rope,68,0.018349412828683853
4,pre_rope,69,0.018133558332920074
4,pre_rope,70,0.017949150875210762
4,pre_rope,71,0.017890818417072296
4,pre_rope,72,0.017651362344622612
4,pre_rope,73,0.017313839867711067
4,pre_rope,74,0.017145786434412003
4,pre_rope,75,0.01696525141596794
4,pre_rope,76,0.016738737002015114
4,pre_rope,77,0.016612054780125618
4,pre_rope,78,0.016165807843208313
4,pre_rope,79,0.01607678458094597
4,pre_rope,80,0.01602812297642231
4,pre_rope,81,0.015964964404702187
4,pre_rope,82,0.015594137832522392
4,pre_rope,83,0.01554994285106659
4,pre_rope,84,0.01544980239123106
4,pre_rope,85,0.015341335907578468
4,pre_rope,86,0.015131684020161629
4,pre_rope,87,0.015104497782886028
4,pre_rope,88,0.014960769563913345
4,pre_rope,89,0.014851393178105354
4,pre_rope,90,0.014757354743778706
4,pre_rope,91,0.014541925862431526
4,pre_rope,92,0.014415362849831581
4,pre_rope,93,0.014285270124673843
4,pre_rope,94,0.014117227867245674
4,pre_rope,95,0.014084027148783207
4,pre_rope,96,0.013978888280689716
4,pre_rope,97,0.013918308541178703
4,pre_rope,98,0.013870005495846272
4,pre_rope,99,0.013597492128610611
4,pre_rope,100,0.01338231936097145
4,pre_rope,101,0.013352692127227783
4,pre_rope,102,0.013103903271257877
4,pre_rope,103,0.01301646139472723
4,pre_rope,104,0.012876570224761963
4,pre_rope,105,0.012838814407587051
4,pre_rope,106,0.012822137214243412
4,pre_rope,107,0.012613922357559204
4,pre_rope,108,0.012527492828667164
4,pre_rope,109,0.012493778020143509
4,pre_rope,110,0.01230006292462349
4,pre_rope,111,0.01214508805423975
4,pre_rope,112,0.012083835899829865
4,pre_rope,113,0.012025711126625538
4,pre_rope,114,0.011955764144659042
4,pre_rope,115,0.011855581775307655
4,pre_rope,116,0.011736559681594372
4,pre_rope,117,0.011652889661490917
4,pre_rope,118,0.011642278172075748
4,pre_rope,119,0.011533146724104881
4,pre_rope,120,0.011462303809821606
4,pre_rope,121,0.011421827599406242
4,pre_rope,122,0.011296631768345833
4,pre_rope,123,0.011215044185519218
4,pre_rope,124,0.011136872693896294
4,pre_rope,125,0.01109657995402813
4,pre_rope,126,0.011027206666767597
4,pre_rope,127,0.010996084660291672
4,pre_rope,128,0.010853931307792664
4,pre_rope,129,0.010768040083348751
4,pre_rope,130,0.010668030008673668
4,pre_rope,131,0.010648722760379314
4,pre_rope,132,0.01057051308453083
4,pre_rope,133,0.010467015206813812
4,pre_rope,134,0.010411038063466549
4,pre_rope,135,0.010255926288664341
4,pre_rope,136,0.010221428237855434
4,pre_rope,137,0.010165552608668804
4,pre_rope,138,0.010149849578738213
4,pre_rope,139,0.010106193833053112
4,pre_rope,140,0.010025217197835445
4,pre_rope,141,0.009974662214517593
4,pre_rope,142,0.009894585236907005
4,pre_rope,143,0.009833212941884995
4,pre_rope,144,0.009767947718501091
4,pre_rope,145,0.009756971150636673
4,pre_rope,146,0.00968887098133564
4,pre_rope,147,0.009642772376537323
4,pre_rope,148,0.0095810042694211
4,pre_rope,149,0.009546102955937386
4,pre_rope,150,0.009395616129040718
4,pre_rope,151,0.00936290342360735
4,pre_rope,152,0.009297857992351055
4,pre_rope,153,0.009241714142262936
4,pre_rope,154,0.009180039167404175
4,pre_rope,155,0.009129345417022705
4,pre_rope,156,0.009088217280805111
4,pre_rope,157,0.009001929312944412
4,pre_rope,158,0.008979945443570614
4,pre_rope,159,0.008939527906477451
4,pre_rope,160,0.008864481933414936
4,pre_rope,161,0.008809125050902367
4,pre_rope,162,0.00877553690224886
4,pre_rope,163,0.008735988289117813
4,pre_rope,164,0.008663464337587357
4,pre_rope,165,0.008585906587541103
4,pre_rope,166,0.008551056496798992
4,pre_rope,167,0.008538530208170414
4,pre_rope,168,0.008496780879795551
4,pre_rope,169,0.008406784385442734
4,pre_rope,170,0.008381319232285023
4,pre_rope,171,0.008346864022314548
4,pre_rope,172,0.008302656933665276
4,pre_rope,173,0.00826561264693737
4,pre_rope,174,0.008220469579100609
4,pre_rope,175,0.008143456652760506
4,pre_rope,176,0.008069902658462524
4,pre_rope,177,0.008057848550379276
4,pre_rope,178,0.008021820336580276
4,pre_rope,179,0.007993855513632298
4,pre_rope,180,0.00792081281542778
4,pre_rope,181,0.007904277183115482
4,pre_rope,182,0.007838457822799683
4,pre_rope,183,0.0078078145161271095
4,pre_rope,184,0.007759549655020237
4,pre_rope,185,0.007739583030343056
4,pre_rope,186,0.007684182841330767
4,pre_rope,187,0.007645467296242714
4,pre_rope,188,0.007622382137924433
4,pre_rope,189,0.007559454534202814
4,pre_rope,190,0.00754824373871088
4,pre_rope,191,0.00753035070374608
4,pre_rope,192,0.0074798911809921265
4,pre_rope,193,0.007377563044428825
4,pre_rope,194,0.007372952066361904
4,pre_rope,195,0.007339335046708584
4,pre_rope,196,0.007276078220456839
4,pre_rope,197,0.0072672138921916485
4,pre_rope,198,0.007235281635075808
4,pre_rope,199,0.007122958078980446
4,pre_rope,200,0.0071206605061888695
4,pre_rope,201,0.007101012393832207
4,pre_rope,202,0.007049738895148039
4,pre_rope,203,0.007046963553875685
4,pre_rope,204,0.007013020105659962
4,pre_rope,205,0.0069878133945167065
4,pre_rope,206,0.006919503211975098
4,pre_rope,207,0.006899538915604353
4,pre_rope,208,0.006857627537101507
4,pre_rope,209,0.006809938233345747
4,pre_rope,210,0.006800096016377211
4,pre_rope,211,0.006762017495930195
4,pre_rope,212,0.006711877882480621
4,pre_rope,213,0.0066877068020403385
4,pre_rope,214,0.00666713947430253
4,pre_rope,215,0.006593130528926849
4,pre_rope,216,0.006572728976607323
4,pre_rope,217,0.006545577198266983
4,pre_rope,218,0.006494185887277126
4,pre_rope,219,0.006455217022448778
4,pre_rope,220,0.006414757575839758
4,pre_rope,221,0.0063894325867295265
4,pre_rope,222,0.006374652497470379
4,pre_rope,223,0.006336362566798925
4,pre_rope,224,0.006295372266322374
4,pre_rope,225,0.00625217892229557
4,pre_rope,226,0.006213734857738018
4,pre_rope,227,0.006200485862791538
4,pre_rope,228,0.006171181797981262
4,pre_rope,229,0.006142969708889723
4,pre_rope,230,0.006128388457000256
4,pre_rope,231,0.006097768899053335
4,pre_rope,232,0.0060777440667152405
4,pre_rope,233,0.006027873605489731
4,pre_rope,234,0.006014388054609299
4,pre_rope,235,0.005972622893750668
4,pre_rope,236,0.005965751130133867
4,pre_rope,237,0.005911926738917828
4,pre_rope,238,0.005895974580198526
4,pre_rope,239,0.005878746975213289
4,pre_rope,240,0.005858836229890585
4,pre_rope,241,0.005825200583785772
4,pre_rope,242,0.005804046522825956
4,pre_rope,243,0.005762115120887756
4,pre_rope,244,0.005711233243346214
4,pre_rope,245,0.005699372384697199
4,pre_rope,246,0.005688079167157412
4,pre_rope,247,0.0056611024774611
4,pre_rope,248,0.005644360091537237
4,pre_rope,249,0.005624776240438223
4,pre_rope,250,0.005588820669800043
4,pre_rope,251,0.005557357333600521
4,pre_rope,252,0.005536361131817102
4,pre_rope,253,0.005507099442183971
4,pre_rope,254,0.0054644630290567875
4,pre_rope,255,0.005451649893075228
4,pre_rope,256,0.005434696096926928
4,pre_rope,257,0.005403437186032534
4,pre_rope,258,0.0053647663444280624
4,pre_rope,259,0.0053391228429973125
4,pre_rope,260,0.005326008889824152
4,pre_rope,261,0.005283681210130453
4,pre_rope,262,0.005255021620541811
4,pre_rope,263,0.005231741815805435
4,pre_rope,264,0.005209701135754585
4,pre_rope,265,0.005195709876716137
4,pre_rope,266,0.005143775139003992
4,pre_rope,267,0.005124985706061125
4,pre_rope,268,0.005083884112536907
4,pre_rope,269,0.005075601860880852
4,pre_rope,270,0.005066927522420883
4,pre_rope,271,0.005051821004599333
4,pre_rope,272,0.00500480504706502
4,pre_rope,273,0.00499222707003355
4,pre_rope,274,0.004976085852831602
4,pre_rope,275,0.0049267918802797794
4,pre_rope,276,0.0049199205823242664
4,pre_rope,277,0.004879138432443142
4,pre_rope,278,0.004864193964749575
4,pre_rope,279,0.00484365364536643
4,pre_rope,280,0.004816125147044659
4,pre_rope,281,0.004791881889104843
4,pre_rope,282,0.004770183470100164
4,pre_rope,283,0.0047468869015574455
4,pre_rope,284,0.004719787742942572
4,pre_rope,285,0.0047151437029242516
4,pre_rope,286,0.004675761796534061
4,pre_rope,287,0.004657035227864981
4,pre_rope,288,0.004652852192521095
4,pre_rope,289,0.0046232640743255615
4,pre_rope,290,0.0046057989820837975
4,pre_rope,291,0.00458497041836381
4,pre_rope,292,0.004580187611281872
4,pre_rope,293,0.004563935101032257
4,pre_rope,294,0.004536323715001345
4,pre_rope,295,0.004521673079580069
4,pre_rope,296,0.004482645075768232
4,pre_rope,297,0.004478098824620247
4,pre_rope,298,0.004441334865987301
4,pre_rope,299,0.004437095019966364
4,pre_rope,300,0.004393980372697115
4,pre_rope,301,0.004387885797768831
4,pre_rope,302,0.00435904785990715
4,pre_rope,303,0.004346115048974752
4,pre_rope,304,0.004322155844420195
4,pre_rope,305,0.004310171585530043
4,pre_rope,306,0.004295749124139547
4,pre_rope,307,0.004281997215002775
4,pre_rope,308,0.004250173922628164
4,pre_rope,309,0.004231956787407398
4,pre_rope,310,0.004195887595415115
4,pre_rope,311,0.004184899386018515
4,pre_rope,312,0.004163511097431183
4,pre_rope,313,0.004144513048231602
4,pre_rope,314,0.004124786704778671
4,pre_rope,315,0.004105985630303621
4,pre_rope,316,0.0040765064768493176
4,pre_rope,317,0.004070652183145285
4,pre_rope,318,0.0040578837506473064
4,pre_rope,319,0.004016519524157047
4,pre_rope,320,0.003998941741883755
4,pre_rope,321,0.003982998430728912
4,pre_rope,322,0.003960666246712208
4,pre_rope,323,0.003957652486860752
4,pre_rope,324,0.003926762845367193
4,pre_rope,325,0.003919551614671946
4,pre_rope,326,0.003883556928485632
4,pre_rope,327,0.0038647069595754147
4,pre_rope,328,0.003838544012978673
4,pre_rope,329,0.0038249914068728685
4,pre_rope,330,0.003818250959739089
4,pre_rope,331,0.0037904747296124697
4,pre_rope,332,0.0037680668756365776
4,pre_rope,333,0.003750927746295929
4,pre_rope,334,0.0037440271116793156
4,pre_rope,335,0.0037318149115890265
4,pre_rope,336,0.0037084040232002735
4,pre_rope,337,0.0037043853662908077
4,pre_rope,338,0.0036670835688710213
4,pre_rope,339,0.0036649492103606462
4,pre_rope,340,0.0036396232899278402
4,pre_rope,341,0.003613426350057125
4,pre_rope,342,0.0035907479468733072
4,pre_rope,343,0.003571153152734041
4,pre_rope,344,0.0035380416084080935
4,pre_rope,345,0.0035111105535179377
4,pre_rope,346,0.003497434314340353
4,pre_rope,347,0.003495070617645979
4,pre_rope,348,0.0034732844214886427
4,pre_rope,349,0.00346166780218482
4,pre_rope,350,0.0034453454427421093
4,pre_rope,351,0.003436026629060507
4,pre_rope,352,0.0034151372965425253
4,pre_rope,353,0.0033978717401623726
4,pre_rope,354,0.003377754706889391
4,pre_rope,355,0.0033669399563223124
4,pre_rope,356,0.003352323081344366
4,pre_rope,357,0.00332872336730361
4,pre_rope,358,0.003304373240098357
4,pre_rope,359,0.0032943016849458218
4,pre_rope,360,0.003289267420768738
4,pre_rope,361,0.003265253733843565
4,pre_rope,362,0.0032604930456727743
4,pre_rope,363,0.0032205148600041866
4,pre_rope,364,0.003207277739420533
4,pre_rope,365,0.003204561537131667
4,pre_rope,366,0.003185071749612689
4,pre_rope,367,0.0031637810170650482
4,pre_rope,368,0.0031274943612515926
4,pre_rope,369,0.003125771414488554
4,pre_rope,370,0.003106089774519205
4,pre_rope,371,0.0030906694009900093
4,pre_rope,372,0.0030733169987797737
4,pre_rope,373,0.0030592861585319042
4,pre_rope,374,0.003052661893889308
4,pre_rope,375,0.003021201118826866
4,pre_rope,376,0.003013455308973789
4,pre_rope,377,0.003007371909916401
4,pre_rope,378,0.002991531742736697
4,pre_rope,379,0.002971155568957329
4,pre_rope,380,0.0029651233926415443
4,pre_rope,381,0.002935167169198394
4,pre_rope,382,0.0029257514979690313
4,pre_rope,383,0.002905464032664895
4,pre_rope,384,0.0028826543129980564
4,pre_rope,385,0.0028710193000733852
4,pre_rope,386,0.002865126123651862
4,pre_rope,387,0.002847179537639022
4,pre_rope,388,0.0028329291380941868
4,pre_rope,389,0.002823589602485299
4,pre_rope,390,0.002813194412738085
4,pre_rope,391,0.0027994851116091013
4,pre_rope,392,0.002788251731544733
4,pre_rope,393,0.0027738327626138926
4,pre_rope,394,0.002756200497969985
4,pre_rope,395,0.0027361970860511065
4,pre_rope,396,0.002716491697356105
4,pre_rope,397,0.002689860761165619
4,pre_rope,398,0.0026766301598399878
4,pre_rope,399,0.0026610123459249735
4,pre_rope,400,0.0026519198436290026
4,pre_rope,401,0.002645676489919424
4,pre_rope,402,0.002614689292386174
4,pre_rope,403,0.002606825903058052
4,pre_rope,404,0.0025936285965144634
4,pre_rope,405,0.0025768144987523556
4,pre_rope,406,0.0025643999688327312
4,pre_rope,407,0.0025406982749700546
4,pre_rope,408,0.0025203702971339226
4,pre_rope,409,0.0025137232150882483
4,pre_rope,410,0.002506982535123825
4,pre_rope,411,0.002485723700374365
4,pre_rope,412,0.002477952279150486
4,pre_rope,413,0.002457445254549384
4,pre_rope,414,0.0024502952583134174
4,pre_rope,415,0.0024394907522946596
4,pre_rope,416,0.0024217090103775263
4,pre_rope,417,0.002399945631623268
4,pre_rope,418,0.002393753733485937
4,pre_rope,419,0.002382869366556406
4,pre_rope,420,0.002369045978412032
4,pre_rope,421,0.0023411274887621403
4,pre_rope,422,0.00233783689327538
4,pre_rope,423,0.0023089551832526922
4,pre_rope,424,0.0022940952330827713
4,pre_rope,425,0.0022881466429680586
4,pre_rope,426,0.0022750133648514748
4,pre_rope,427,0.002254833234474063
4,pre_rope,428,0.002244755858555436
4,pre_rope,429,0.0022163516841828823
4,pre_rope,430,0.0022138457279652357
4,pre_rope,431,0.002204049378633499
4,pre_rope,432,0.0021926567424088717
4,pre_rope,433,0.002173658227548003
4,pre_rope,434,0.0021668404806405306
4,pre_rope,435,0.00216153752990067
4,pre_rope,436,0.002144558122381568
4,pre_rope,437,0.002125246450304985
4,pre_rope,438,0.002113951602950692
4,pre_rope,439,0.0021068695932626724
4,pre_rope,440,0.0021003643050789833
4,pre_rope,441,0.002070595510303974
4,pre_rope,442,0.0020645158365368843
4,pre_rope,443,0.0020502458792179823
4,pre_rope,444,0.0020441440865397453
4,pre_rope,445,0.0020287346560508013
4,pre_rope,446,0.002006692811846733
4,pre_rope,447,0.001982606714591384
4,pre_rope,448,0.0019711002241820097
4,pre_rope,449,0.001956840744242072
4,pre_rope,450,0.0019372310489416122
4,pre_rope,451,0.0019276970997452736
4,pre_rope,452,0.001919737784191966
4,pre_rope,453,0.0018989176023751497
4,pre_rope,454,0.0018955334089696407
4,pre_rope,455,0.0018814589129760861
4,pre_rope,456,0.001870088861323893
4,pre_rope,457,0.0018611483974382281
4,pre_rope,458,0.0018438654951751232
4,pre_rope,459,0.0018258574418723583
4,pre_rope,460,0.001816948177292943
4,pre_rope,461,0.001791643095202744
4,pre_rope,462,0.0017830735305324197
4,pre_rope,463,0.001766743022017181
4,pre_rope,464,0.0017398663330823183
4,pre_rope,465,0.0017354747978970408
4,pre_rope,466,0.0017254308331757784
4,pre_rope,467,0.0017079433891922235
4,pre_rope,468,0.0016988088609650731
4,pre_rope,469,0.0016715566162019968
4,pre_rope,470,0.001657457323744893
4,pre_rope,471,0.0016527820844203234
4,pre_rope,472,0.0016375714913010597
4,pre_rope,473,0.0016272858483716846
4,pre_rope,474,0.001610193052329123
4,pre_rope,475,0.001603428740054369
4,pre_rope,476,0.0015812019119039178
4,pre_rope,477,0.001568630221299827
4,pre_rope,478,0.001558347255922854
4,pre_rope,479,0.0015486811753362417
4,pre_rope,480,0.0015209295088425279
4,pre_rope,481,0.00150296522770077
4,pre_rope,482,0.0014826079132035375
4,pre_rope,483,0.0014745332300662994
4,pre_rope,484,0.0014315696898847818
4,pre_rope,485,0.0014232025714591146
4,pre_rope,486,0.001404740265570581
4,pre_rope,487,0.0013793270336464047
4,pre_rope,488,0.0013708493206650019
4,pre_rope,489,0.0013238292885944247
4,pre_rope,490,0.0013162143295630813
4,pre_rope,491,0.0013018613681197166
4,pre_rope,492,0.001297896378673613
4,pre_rope,493,0.001274589914828539
4,pre_rope,494,0.00126193230971694
4,pre_rope,495,0.0012453164672479033
4,pre_rope,496,0.0011988504556939006
4,pre_rope,497,0.0011690689716488123
4,pre_rope,498,0.0011620516888797283
4,pre_rope,499,0.0011294408468529582
4,pre_rope,500,0.0011195603292435408
4,pre_rope,501,0.0010698784608393908
4,pre_rope,502,0.001051218481734395
4,pre_rope,503,0.0010253459913656116
4,pre_rope,504,0.0009879933204501867
4,pre_rope,505,0.0008220678428187966
4,pre_rope,506,0.0007753490936011076
4,pre_rope,507,0.0007283979211933911
4,pre_rope,508,0.00069017568603158
4,pre_rope,509,0.000599710620008409
4,pre_rope,510,0.0005335355526767671
4,pre_rope,511,0.0004290680808480829
4,pre_rope,512,0.00028690401813946664
4,post_rope,1,1.0
4,post_rope,2,0.1674845814704895
4,post_rope,3,0.1560971885919571
4,post_rope,4,0.1539578139781952
4,post_rope,5,0.1469765454530716
4,post_rope,6,0.14650824666023254
4,post_rope,7,0.1457580178976059
4,post_rope,8,0.1437765508890152
4,post_rope,9,0.14068788290023804
4,post_rope,10,0.13837969303131104
4,post_rope,11,0.13783565163612366
4,post_rope,12,0.13724493980407715
4,post_rope,13,0.13718166947364807
4,post_rope,14,0.13640443980693817
4,post_rope,15,0.13295917212963104
4,post_rope,16,0.13048790395259857
4,post_rope,17,0.12980012595653534
4,post_rope,18,0.12780340015888214
4,post_rope,19,0.12763051688671112
4,post_rope,20,0.12577299773693085
4,post_rope,21,0.1251160353422165
4,post_rope,22,0.12446244060993195
4,post_rope,23,0.12242166697978973
4,post_rope,24,0.11978966742753983
4,post_rope,25,0.1157425194978714
4,post_rope,26,0.11432152986526489
4,post_rope,27,0.11275584250688553
4,post_rope,28,0.11137464642524719
4,post_rope,29,0.10538101941347122
4,post_rope,30,0.10284966230392456
4,post_rope,31,0.10168631374835968
4,post_rope,32,0.09858793020248413
4,post_rope,33,0.09770452231168747
4,post_rope,34,0.09704339504241943
4,post_rope,35,0.09666868299245834
4,post_rope,36,0.09303610771894455
4,post_rope,37,0.0835086926817894
4,post_rope,38,0.08075735718011856
4,post_rope,39,0.07655727118253708
4,post_rope,40,0.06445545703172684
4,post_rope,41,0.060263294726610184
4,post_rope,42,0.058995142579078674
4,post_rope,43,0.05657672882080078
4,post_rope,44,0.051785506308078766
4,post_rope,45,0.050499241799116135
4,post_rope,46,0.04899563640356064
4,post_rope,47,0.04813452810049057
4,post_rope,48,0.04649118706583977
4,post_rope,49,0.04484047368168831
4,post_rope,50,0.04403525963425636
4,post_rope,51,0.04336528480052948
4,post_rope,52,0.04286763444542885
4,post_rope,53,0.04254710674285889
4,post_rope,54,0.0410892553627491
4,post_rope,55,0.040389787405729294
4,post_rope,56,0.04015374556183815
4,post_rope,57,0.03960675001144409
4,post_rope,58,0.038449279963970184
4,post_rope,59,0.03751130402088165
4,post_rope,60,0.037146348506212234
4,post_rope,61,0.036877915263175964
4,post_rope,62,0.03650891035795212
4,post_rope,63,0.03642294928431511
4,post_rope,64,0.03555913642048836
4,post_rope,65,0.035335756838321686
4,post_rope,66,0.035167496651411057
4,post_rope,67,0.034967053681612015
4,post_rope,68,0.034579452127218246
4,post_rope,69,0.034349266439676285
4,post_rope,70,0.03413420170545578
4,post_rope,71,0.03386439010500908
4,post_rope,72,0.033537257462739944
4,post_rope,73,0.03333033248782158
4,post_rope,74,0.032752566039562225
4,post_rope,75,0.03242472559213638
4,post_rope,76,0.03239820897579193
4,post_rope,77,0.03212689608335495
4,post_rope,78,0.03208949789404869
4,post_rope,79,0.03178775683045387
4,post_rope,80,0.03142043575644493
4,post_rope,81,0.031166737899184227
4,post_rope,82,0.03108152374625206
4,post_rope,83,0.030840007588267326
4,post_rope,84,0.03051229752600193
4,post_rope,85,0.030438032001256943
4,post_rope,86,0.030073972418904305
4,post_rope,87,0.030009161680936813
4,post_rope,88,0.029728258028626442
4,post_rope,89,0.029664717614650726
4,post_rope,90,0.029479457065463066
4,post_rope,91,0.029315026476979256
4,post_rope,92,0.029276184737682343
4,post_rope,93,0.02898593433201313
4,post_rope,94,0.028778400272130966
4,post_rope,95,0.028538284823298454
4,post_rope,96,0.02813505195081234
4,post_rope,97,0.027929428964853287
4,post_rope,98,0.02784098871052265
4,post_rope,99,0.027342695742845535
4,post_rope,100,0.02724635787308216
4,post_rope,101,0.02701180800795555
4,post_rope,102,0.02690339833498001
4,post_rope,103,0.026734981685876846
4,post_rope,104,0.026436183601617813
4,post_rope,105,0.026103291660547256
4,post_rope,106,0.025919940322637558
4,post_rope,107,0.025798622518777847
4,post_rope,108,0.02534126676619053
4,post_rope,109,0.025219032540917397
4,post_rope,110,0.02510376088321209
4,post_rope,111,0.024953169748187065
4,post_rope,112,0.024809744209051132
4,post_rope,113,0.02467740699648857
4,post_rope,114,0.024500146508216858
4,post_rope,115,0.024315137416124344
4,post_rope,116,0.024202408269047737
4,post_rope,117,0.024116534739732742
4,post_rope,118,0.02397887036204338
4,post_rope,119,0.02383374609053135
4,post_rope,120,0.023731248453259468
4,post_rope,121,0.023576894775032997
4,post_rope,122,0.02350805699825287
4,post_rope,123,0.023380599915981293
4,post_rope,124,0.023231154307723045
4,post_rope,125,0.023203585296869278
4,post_rope,126,0.02313012070953846
4,post_rope,127,0.022932499647140503
4,post_rope,128,0.02286052703857422
4,post_rope,129,0.022612672299146652
4,post_rope,130,0.022605236619710922
4,post_rope,131,0.022404782474040985
4,post_rope,132,0.0222597848623991
4,post_rope,133,0.02220035158097744
4,post_rope,134,0.0220395028591156
4,post_rope,135,0.021882979199290276
4,post_rope,136,0.021688826382160187
4,post_rope,137,0.02160104177892208
4,post_rope,138,0.02150486223399639
4,post_rope,139,0.021336793899536133
4,post_rope,140,0.021294942125678062
4,post_rope,141,0.021217359229922295
4,post_rope,142,0.021068518981337547
4,post_rope,143,0.020959967747330666
4,post_rope,144,0.020830996334552765
4,post_rope,145,0.02076130546629429
4,post_rope,146,0.020573489367961884
4,post_rope,147,0.02050718292593956
4,post_rope,148,0.020434947684407234
4,post_rope,149,0.02042793668806553
4,post_rope,150,0.020262369886040688
4,post_rope,151,0.020057613030076027
4,post_rope,152,0.019927671179175377
4,post_rope,153,0.01987162046134472
4,post_rope,154,0.019780902191996574
4,post_rope,155,0.019708171486854553
4,post_rope,156,0.01961790956556797
4,post_rope,157,0.019608037546277046
4,post_rope,158,0.019310487434267998
4,post_rope,159,0.0192368533462286
4,post_rope,160,0.01915300451219082
4,post_rope,161,0.01909312605857849
4,post_rope,162,0.018978195264935493
4,post_rope,163,0.018953239545226097
4,post_rope,164,0.018819499760866165
4,post_rope,165,0.018669895827770233
4,post_rope,166,0.01855672150850296
4,post_rope,167,0.01842322386801243
4,post_rope,168,0.01832663081586361
4,post_rope,169,0.018302692100405693
4,post_rope,170,0.018267454579472542
4,post_rope,171,0.018178477883338928
4,post_rope,172,0.018121352419257164
4,post_rope,173,0.01795494183897972
4,post_rope,174,0.017908023670315742
4,post_rope,175,0.01785392314195633
4,post_rope,176,0.01776026375591755
4,post_rope,177,0.017671162262558937
4,post_rope,178,0.017630165442824364
4,post_rope,179,0.01755259558558464
4,post_rope,180,0.017513947561383247
4,post_rope,181,0.017397303134202957
4,post_rope,182,0.017333852127194405
4,post_rope,183,0.017215708270668983
4,post_rope,184,0.01714368909597397
4,post_rope,185,0.01708853803575039
4,post_rope,186,0.016934596002101898
4,post_rope,187,0.016917027533054352
4,post_rope,188,0.016864143311977386
4,post_rope,189,0.01680373214185238
4,post_rope,190,0.01667623408138752
4,post_rope,191,0.016625424847006798
4,post_rope,192,0.01655365712940693
4,post_rope,193,0.016497336328029633
4,post_rope,194,0.016426391899585724
4,post_rope,195,0.016382412984967232
4,post_rope,196,0.016362156718969345
4,post_rope,197,0.016267919912934303
4,post_rope,198,0.016255011782050133
4,post_rope,199,0.016180099919438362
4,post_rope,200,0.016110045835375786
4,post_rope,201,0.01605379767715931
4,post_rope,202,0.015936823561787605
4,post_rope,203,0.01586061902344227
4,post_rope,204,0.015824178233742714
4,post_rope,205,0.01575104333460331
4,post_rope,206,0.015681110322475433
4,post_rope,207,0.01564587466418743
4,post_rope,208,0.015524874441325665
4,post_rope,209,0.015521802939474583
4,post_rope,210,0.015487884171307087
4,post_rope,211,0.015456206165254116
4,post_rope,212,0.015351749025285244
4,post_rope,213,0.015259562991559505
4,post_rope,214,0.015198658220469952
4,post_rope,215,0.015174425207078457
4,post_rope,216,0.015104894526302814
4,post_rope,217,0.015097535215318203
4,post_rope,218,0.01498961541801691
4,post_rope,219,0.0149086257442832
4,post_rope,220,0.014894881285727024
4,post_rope,221,0.014842121861875057
4,post_rope,222,0.014811842702329159
4,post_rope,223,0.014804820530116558
4,post_rope,224,0.014715303666889668
4,post_rope,225,0.014643344096839428
4,post_rope,226,0.01460921298712492
4,post_rope,227,0.014556517824530602
4,post_rope,228,0.014476667158305645
4,post_rope,229,0.014438483864068985
4,post_rope,230,0.014408797957003117
4,post_rope,231,0.014354230836033821
4,post_rope,232,0.014270801097154617
4,post_rope,233,0.014263007789850235
4,post_rope,234,0.014180714264512062
4,post_rope,235,0.014093836769461632
4,post_rope,236,0.014045900665223598
4,post_rope,237,0.014014832675457
4,post_rope,238,0.013961279764771461
4,post_rope,239,0.013939461670815945
4,post_rope,240,0.013888023793697357
4,post_rope,241,0.013852653093636036
4,post_rope,242,0.013771282508969307
4,post_rope,243,0.013724977150559425
4,post_rope,244,0.013687828555703163
4,post_rope,245,0.013667238876223564
4,post_rope,246,0.013639802113175392
4,post_rope,247,0.01361406035721302
4,post_rope,248,0.013560921885073185
4,post_rope,249,0.013472828082740307
4,post_rope,250,0.013450699858367443
4,post_rope,251,0.013423340395092964
4,post_rope,252,0.013364608399569988
4,post_rope,253,0.013311022892594337
4,post_rope,254,0.013255804777145386
4,post_rope,255,0.013205321505665779
4,post_rope,256,0.013136002235114574
4,post_rope,257,0.013106994330883026
4,post_rope,258,0.013058612123131752
4,post_rope,259,0.013013133779168129
4,post_rope,260,0.012993133626878262
4,post_rope,261,0.012938160449266434
4,post_rope,262,0.012862577103078365
4,post_rope,263,0.012824896723031998
4,post_rope,264,0.012793811969459057
4,post_rope,265,0.012720738537609577
4,post_rope,266,0.012704622931778431
4,post_rope,267,0.012638142332434654
4,post_rope,268,0.012596393004059792
4,post_rope,269,0.012511834502220154
4,post_rope,270,0.012493777088820934
4,post_rope,271,0.012472790665924549
4,post_rope,272,0.012455498799681664
4,post_rope,273,0.012425576336681843
4,post_rope,274,0.012368137948215008
4,post_rope,275,0.012330364435911179
4,post_rope,276,0.012296275235712528
4,post_rope,277,0.012249225750565529
4,post_rope,278,0.012219472788274288
4,post_rope,279,0.012181277386844158
4,post_rope,280,0.01214450504630804
4,post_rope,281,0.01211005263030529
4,post_rope,282,0.01201112661510706
4,post_rope,283,0.011992091313004494
4,post_rope,284,0.011960647068917751
4,post_rope,285,0.011916055344045162
4,post_rope,286,0.011875596828758717
4,post_rope,287,0.011849822476506233
4,post_rope,288,0.011802301742136478
4,post_rope,289,0.011768580414354801
4,post_rope,290,0.011703936383128166
4,post_rope,291,0.011680089868605137
4,post_rope,292,0.01163417473435402
4,post_rope,293,0.011620789766311646
4,post_rope,294,0.011592471972107887
4,post_rope,295,0.011512195691466331
4,post_rope,296,0.011494426988065243
4,post_rope,297,0.011482495814561844
4,post_rope,298,0.011444148607552052
4,post_rope,299,0.011412346735596657
4,post_rope,300,0.011387581005692482
4,post_rope,301,0.01133793219923973
4,post_rope,302,0.011314133182168007
4,post_rope,303,0.011261052452027798
4,post_rope,304,0.011247081682085991
4,post_rope,305,0.011210957542061806
4,post_rope,306,0.011117407120764256
4,post_rope,307,0.011086873710155487
4,post_rope,308,0.01107004377990961
4,post_rope,309,0.011050309054553509
4,post_rope,310,0.011032323352992535
4,post_rope,311,0.010980135761201382
4,post_rope,312,0.010889973491430283
4,post_rope,313,0.010884306393563747
4,post_rope,314,0.010848728939890862
4,post_rope,315,0.01079152524471283
4,post_rope,316,0.010775993578135967
4,post_rope,317,0.010738827288150787
4,post_rope,318,0.010714234784245491
4,post_rope,319,0.010674270801246166
4,post_rope,320,0.010638948529958725
4,post_rope,321,0.010621250607073307
4,post_rope,322,0.01058391947299242
4,post_rope,323,0.0105453385040164
4,post_rope,324,0.010488738305866718
4,post_rope,325,0.010466206818819046
4,post_rope,326,0.010407249443233013
4,post_rope,327,0.01035979762673378
4,post_rope,328,0.010315273888409138
4,post_rope,329,0.010273028165102005
4,post_rope,330,0.01025228202342987
4,post_rope,331,0.010201442055404186
4,post_rope,332,0.010172124952077866
4,post_rope,333,0.010146992281079292
4,post_rope,334,0.01012309268116951
4,post_rope,335,0.010071616619825363
4,post_rope,336,0.010059408843517303
4,post_rope,337,0.010005059652030468
4,post_rope,338,0.0099932961165905
4,post_rope,339,0.009959175251424313
4,post_rope,340,0.00990498811006546
4,post_rope,341,0.009885570965707302
4,post_rope,342,0.00987141951918602
4,post_rope,343,0.009840198792517185
4,post_rope,344,0.009813052602112293
4,post_rope,345,0.00977057684212923
4,post_rope,346,0.009756059385836124
4,post_rope,347,0.009697825647890568
4,post_rope,348,0.009672911837697029
4,post_rope,349,0.0096402233466506
4,post_rope,350,0.00960866641253233
4,post_rope,351,0.009586239233613014
4,post_rope,352,0.00955227017402649
4,post_rope,353,0.009546484798192978
4,post_rope,354,0.009490055032074451
4,post_rope,355,0.009463503956794739
4,post_rope,356,0.009422020986676216
4,post_rope,357,0.00940853450447321
4,post_rope,358,0.009365900419652462
4,post_rope,359,0.009334828704595566
4,post_rope,360,0.00931665487587452
4,post_rope,361,0.009308697655797005
4,post_rope,362,0.009242168627679348
4,post_rope,363,0.009193027392029762
4,post_rope,364,0.00913001224398613
4,post_rope,365,0.009104046039283276
4,post_rope,366,0.009087756276130676
4,post_rope,367,0.009011286310851574
4,post_rope,368,0.009008310735225677
4,post_rope,369,0.008958025835454464
4,post_rope,370,0.008936298079788685
4,post_rope,371,0.00892528798431158
4,post_rope,372,0.008908793330192566
4,post_rope,373,0.00882742740213871
4,post_rope,374,0.008793394081294537
4,post_rope,375,0.00876904372125864
4,post_rope,376,0.008710979484021664
4,post_rope,377,0.008674983866512775
4,post_rope,378,0.008667838759720325
4,post_rope,379,0.008584198541939259
4,post_rope,380,0.008539614267647266
4,post_rope,381,0.00852165650576353
4,post_rope,382,0.008471615612506866
4,post_rope,383,0.008462009020149708
4,post_rope,384,0.008436786010861397
4,post_rope,385,0.00839276798069477
4,post_rope,386,0.008383997716009617
4,post_rope,387,0.008370799012482166
4,post_rope,388,0.008310871198773384
4,post_rope,389,0.008277668617665768
4,post_rope,390,0.00824768003076315
4,post_rope,391,0.008231908082962036
4,post_rope,392,0.00820298120379448
4,post_rope,393,0.00818804930895567
4,post_rope,394,0.008094080723822117
4,post_rope,395,0.008081815205514431
4,post_rope,396,0.00805826298892498
4,post_rope,397,0.008036923594772816
4,post_rope,398,0.00796040054410696
4,post_rope,399,0.007933002896606922
4,post_rope,400,0.007916050963103771
4,post_rope,401,0.007896611467003822
4,post_rope,402,0.007847565226256847
4,post_rope,403,0.007820775732398033
4,post_rope,404,0.007800156716257334
4,post_rope,405,0.007771498989313841
4,post_rope,406,0.007720124442130327
4,post_rope,407,0.007649484556168318
4,post_rope,408,0.007643087301403284
4,post_rope,409,0.007619183044880629
4,post_rope,410,0.007600194774568081
4,post_rope,411,0.007569965440779924
4,post_rope,412,0.0075052171014249325
4,post_rope,413,0.007460474502295256
4,post_rope,414,0.007430680561810732
4,post_rope,415,0.007406497374176979
4,post_rope,416,0.007364326156675816
4,post_rope,417,0.007337000221014023
4,post_rope,418,0.007281462661921978
4,post_rope,419,0.007236109580844641
4,post_rope,420,0.007222251500934362
4,post_rope,421,0.007195155136287212
4,post_rope,422,0.007121010683476925
4,post_rope,423,0.007083376403898001
4,post_rope,424,0.007049913518130779
4,post_rope,425,0.007006616331636906
4,post_rope,426,0.006969271693378687
4,post_rope,427,0.006884707137942314
4,post_rope,428,0.0068750991486012936
4,post_rope,429,0.006865786854177713
4,post_rope,430,0.006770419888198376
4,post_rope,431,0.006763986311852932
4,post_rope,432,0.00673691788688302
4,post_rope,433,0.0067058829590678215
4,post_rope,434,0.006643662229180336
4,post_rope,435,0.006581461057066917
4,post_rope,436,0.006562419701367617
4,post_rope,437,0.006477069575339556
4,post_rope,438,0.006447968538850546
4,post_rope,439,0.006422920618206263
4,post_rope,440,0.006412279326468706
4,post_rope,441,0.006335757672786713
4,post_rope,442,0.006298504304140806
4,post_rope,443,0.006265453994274139
4,post_rope,444,0.006241426803171635
4,post_rope,445,0.0061444067396223545
4,post_rope,446,0.006108393892645836
4,post_rope,447,0.006093376316130161
4,post_rope,448,0.006066621746867895
4,post_rope,449,0.0060141743160784245
4,post_rope,450,0.005970993544906378
4,post_rope,451,0.005901648662984371
4,post_rope,452,0.0058780815452337265
4,post_rope,453,0.005831828340888023
4,post_rope,454,0.005827443208545446
4,post_rope,455,0.005664086434990168
4,post_rope,456,0.005650421604514122
4,post_rope,457,0.005589138250797987
4,post_rope,458,0.005563852842897177
4,post_rope,459,0.005512253846973181
4,post_rope,460,0.0054814573377370834
4,post_rope,461,0.005435548257082701
4,post_rope,462,0.005389041267335415
4,post_rope,463,0.005373746622353792
4,post_rope,464,0.005284443031996489
4,post_rope,465,0.005246334243565798
4,post_rope,466,0.005219470243901014
4,post_rope,467,0.005179267842322588
4,post_rope,468,0.005086380522698164
4,post_rope,469,0.005061508156359196
4,post_rope,470,0.005009814631193876
4,post_rope,471,0.00493628391996026
4,post_rope,472,0.00490676611661911
4,post_rope,473,0.004892293829470873
4,post_rope,474,0.0048565794713795185
4,post_rope,475,0.0047781942412257195
4,post_rope,476,0.004720667377114296
4,post_rope,477,0.004662031773477793
4,post_rope,478,0.004657309036701918
4,post_rope,479,0.0046448358334600925
4,post_rope,480,0.004580534528940916
4,post_rope,481,0.004478189628571272
4,post_rope,482,0.004434237722307444
4,post_rope,483,0.004410129506140947
4,post_rope,484,0.00433433149009943
4,post_rope,485,0.004321007989346981
4,post_rope,486,0.004260416608303785
4,post_rope,487,0.004190596751868725
4,post_rope,488,0.0041391318663954735
4,post_rope,489,0.004079645499587059
4,post_rope,490,0.004037503153085709
4,post_rope,491,0.003935363609343767
4,post_rope,492,0.0039068530313670635
4,post_rope,493,0.003899808507412672
4,post_rope,494,0.003822918515652418
4,post_rope,495,0.0037343332078307867
4,post_rope,496,0.0036046872846782207
4,post_rope,497,0.0035884412936866283
4,post_rope,498,0.003444775938987732
4,post_rope,499,0.0034132248256355524
4,post_rope,500,0.0033257638569921255
4,post_rope,501,0.003226767759770155
4,post_rope,502,0.003220550948753953
4,post_rope,503,0.00313358916901052
4,post_rope,504,0.003032959531992674
4,post_rope,505,0.002867276081815362
4,post_rope,506,0.0026899368967860937
4,post_rope,507,0.002535685431212187
4,post_rope,508,0.0022636696230620146
4,post_rope,509,0.0021961000747978687
4,post_rope,510,0.0020937577355653048
4,post_rope,511,0.0017855094047263265
4,post_rope,512,0.0016585449920967221
5,pre_rope,1,1.0
5,pre_rope,2,0.15215517580509186
5,pre_rope,3,0.13487361371517181
5,pre_rope,4,0.11416549235582352
5,pre_rope,5,0.09999088197946548
5,pre_rope,6,0.09779121726751328
5,pre_rope,7,0.09263721108436584
5,pre_rope,8,0.08664106577634811
5,pre_rope,9,0.07886144518852234
5,pre_rope,10,0.07265114039182663
5,pre_rope,11,0.06988118588924408
5,pre_rope,12,0.06907156109809875
5,pre_rope,13,0.0654413178563118
5,pre_rope,14,0.0631234273314476
5,pre_rope,15,0.06135778874158859
5,pre_rope,16,0.06016801297664642
5,pre_rope,17,0.05930396169424057
5,pre_rope,18,0.05872100591659546
5,pre_rope,19,0.057836201041936874
5,pre_rope,20,0.056843407452106476
5,pre_rope,21,0.05480828508734703
5,pre_rope,22,0.05375261604785919
5,pre_rope,23,0.053489889949560165
5,pre_rope,24,0.051766276359558105
5,pre_rope,25,0.050672613084316254
5,pre_rope,26,0.05008545145392418
5,pre_rope,27,0.04875633865594864
5,pre_rope,28,0.04797477275133133
5,pre_rope,29,0.04709946736693382
5,pre_rope,30,0.045442890375852585
5,pre_rope,31,0.04439908266067505
5,pre_rope,32,0.04380909726023674
5,pre_rope,33,0.043168362230062485
5,pre_rope,34,0.042818620800971985
5,pre_rope,35,0.04229352995753288
5,pre_rope,36,0.04092075303196907
5,pre_rope,37,0.039601560682058334
5,pre_rope,38,0.03911641612648964
5,pre_rope,39,0.038896672427654266
5,pre_rope,40,0.03770610690116882
5,pre_rope,41,0.03658782318234444
5,pre_rope,42,0.03624103590846062
5,pre_rope,43,0.03594699501991272
5,pre_rope,44,0.03549296036362648
5,pre_rope,45,0.033823411911726
5,pre_rope,46,0.03295673057436943
5,pre_rope,47,0.03233835846185684
5,pre_rope,48,0.03201834484934807
5,pre_rope,49,0.03151903301477432
5,pre_rope,50,0.030954385176301003
5,pre_rope,51,0.030208729207515717
5,pre_rope,52,0.029570329934358597
5,pre_rope,53,0.029349299147725105
5,pre_rope,54,0.028319165110588074
5,pre_rope,55,0.028015058487653732
5,pre_rope,56,0.02778177335858345
5,pre_rope,57,0.027249347418546677
5,pre_rope,58,0.026829667389392853
5,pre_rope,59,0.02660299465060234
5,pre_rope,60,0.026198985055088997
5,pre_rope,61,0.025737542659044266
5,pre_rope,62,0.02498704195022583
5,pre_rope,63,0.0246659554541111
5,pre_rope,64,0.0245891734957695
5,pre_rope,65,0.024282369762659073
5,pre_rope,66,0.023705309256911278
5,pre_rope,67,0.023241089656949043
5,pre_rope,68,0.023050451651215553
5,pre_rope,69,0.02274559810757637
5,pre_rope,70,0.022703584283590317
5,pre_rope,71,0.022355448454618454
5,pre_rope,72,0.02202296257019043
5,pre_rope,73,0.022000379860401154
5,pre_rope,74,0.021795855835080147
5,pre_rope,75,0.021672070026397705
5,pre_rope,76,0.021266061812639236
5,pre_rope,77,0.020829113200306892
5,pre_rope,78,0.020495716482400894
5,pre_rope,79,0.020233383402228355
5,pre_rope,80,0.02003221958875656
5,pre_rope,81,0.019823504611849785
5,pre_rope,82,0.019630592316389084
5,pre_rope,83,0.019361522048711777
5,pre_rope,84,0.019253011792898178
5,pre_rope,85,0.019089646637439728
5,pre_rope,86,0.018778640776872635
5,pre_rope,87,0.01867927797138691
5,pre_rope,88,0.01836535520851612
5,pre_rope,89,0.018314814195036888
5,pre_rope,90,0.01821747049689293
5,pre_rope,91,0.018029509112238884
5,pre_rope,92,0.01782931573688984
5,pre_rope,93,0.017636578530073166
5,pre_rope,94,0.0173374954611063
5,pre_rope,95,0.01721539907157421
5,pre_rope,96,0.016889158636331558
5,pre_rope,97,0.01654067635536194
5,pre_rope,98,0.01650168187916279
5,pre_rope,99,0.01641201227903366
5,pre_rope,100,0.01617950014770031
5,pre_rope,101,0.016098851338028908
5,pre_rope,102,0.016040485352277756
5,pre_rope,103,0.015883782878518105
5,pre_rope,104,0.015802310779690742
5,pre_rope,105,0.015728332102298737
5,pre_rope,106,0.015616714023053646
5,pre_rope,107,0.01534754317253828
5,pre_rope,108,0.015315061435103416
5,pre_rope,109,0.015184941701591015
5,pre_rope,110,0.015139591880142689
5,pre_rope,111,0.01494398433715105
5,pre_rope,112,0.014754565432667732
5,pre_rope,113,0.014588400721549988
5,pre_rope,114,0.014375711791217327
5,pre_rope,115,0.014331085607409477
5,pre_rope,116,0.014301585033535957
5,pre_rope,117,0.014095754362642765
5,pre_rope,118,0.01393471285700798
5,pre_rope,119,0.013840927742421627
5,pre_rope,120,0.013729545287787914
5,pre_rope,121,0.013593665324151516
5,pre_rope,122,0.01353741716593504
5,pre_rope,123,0.013439413160085678
5,pre_rope,124,0.013344945386052132
5,pre_rope,125,0.013290530070662498
5,pre_rope,126,0.013272483833134174
5,pre_rope,127,0.013140007853507996
5,pre_rope,128,0.012985010631382465
5,pre_rope,129,0.01287919282913208
5,pre_rope,130,0.01272114459425211
5,pre_rope,131,0.012678828090429306
5,pre_rope,132,0.012508705258369446
5,pre_rope,133,0.012470816262066364
5,pre_rope,134,0.01236635260283947
5,pre_rope,135,0.012239779345691204
5,pre_rope,136,0.012116004712879658
5,pre_rope,137,0.012084828689694405
5,pre_rope,138,0.012016265653073788
5,pre_rope,139,0.011971062049269676
5,pre_rope,140,0.01183122768998146
5,pre_rope,141,0.011795411817729473
5,pre_rope,142,0.011643611826002598
5,pre_rope,143,0.011609883978962898
5,pre_rope,144,0.011511940509080887
5,pre_rope,145,0.011438296176493168
5,pre_rope,146,0.01138856541365385
5,pre_rope,147,0.011296792887151241
5,pre_rope,148,0.011182409711182117
5,pre_rope,149,0.011043358594179153
5,pre_rope,150,0.011031096801161766
5,pre_rope,151,0.010945777408778667
5,pre_rope,152,0.010849426500499249
5,pre_rope,153,0.010829431936144829
5,pre_rope,154,0.01075835432857275
5,pre_rope,155,0.010611516423523426
5,pre_rope,156,0.010556288994848728
5,pre_rope,157,0.010551140643656254
5,pre_rope,158,0.010409350506961346
5,pre_rope,159,0.010371302254498005
5,pre_rope,160,0.010253744199872017
5,pre_rope,161,0.010200773365795612
5,pre_rope,162,0.010180177167057991
5,pre_rope,163,0.010087166912853718
5,pre_rope,164,0.010078100487589836
5,pre_rope,165,0.010020986199378967
5,pre_rope,166,0.009965133853256702
5,pre_rope,167,0.00994538888335228
5,pre_rope,168,0.009845241904258728
5,pre_rope,169,0.009815116412937641
5,pre_rope,170,0.009735558182001114
5,pre_rope,171,0.009638447314500809
5,pre_rope,172,0.009557533077895641
5,pre_rope,173,0.009533331729471684
5,pre_rope,174,0.00943206436932087
5,pre_rope,175,0.00934844370931387
5,pre_rope,176,0.009312670677900314
5,pre_rope,177,0.009225470945239067
5,pre_rope,178,0.009202912449836731
5,pre_rope,179,0.009138170629739761
5,pre_rope,180,0.009020818397402763
5,pre_rope,181,0.00894670095294714
5,pre_rope,182,0.008940793573856354
5,pre_rope,183,0.00889937300235033
5,pre_rope,184,0.008864236995577812
5,pre_rope,185,0.008817620575428009
5,pre_rope,186,0.008701121434569359
5,pre_rope,187,0.008642533794045448
5,pre_rope,188,0.008552939631044865
5,pre_rope,189,0.008515467867255211
5,pre_rope,190,0.00842778105288744
5,pre_rope,191,0.008382631465792656
5,pre_rope,192,0.008335927501320839
5,pre_rope,193,0.008297842927277088
5,pre_rope,194,0.00824700202792883
5,pre_rope,195,0.008207379840314388
5,pre_rope,196,0.008145291358232498
5,pre_rope,197,0.008049629628658295
5,pre_rope,198,0.008021188899874687
5,pre_rope,199,0.008014699444174767
5,pre_rope,200,0.007972481660544872
5,pre_rope,201,0.007923183031380177
5,pre_rope,202,0.007903308607637882
5,pre_rope,203,0.007784048095345497
5,pre_rope,204,0.007741192355751991
5,pre_rope,205,0.007676032837480307
5,pre_rope,206,0.007649558596313
5,pre_rope,207,0.007622845470905304
5,pre_rope,208,0.007586640305817127
5,pre_rope,209,0.007563809864223003
5,pre_rope,210,0.007491773925721645
5,pre_rope,211,0.007438961416482925
5,pre_rope,212,0.007426170166581869
5,pre_rope,213,0.007372798398137093
5,pre_rope,214,0.0073274001479148865
5,pre_rope,215,0.007272287737578154
5,pre_rope,216,0.0072519248351454735
5,pre_rope,217,0.007222787942737341
5,pre_rope,218,0.007181132677942514
5,pre_rope,219,0.007138523273169994
5,pre_rope,220,0.007096229121088982
5,pre_rope,221,0.007003467995673418
5,pre_rope,222,0.006993397604674101
5,pre_rope,223,0.006966140121221542
5,pre_rope,224,0.00693499157205224
5,pre_rope,225,0.006861943751573563
5,pre_rope,226,0.006848419550806284
5,pre_rope,227,0.0067942384630441666
5,pre_rope,228,0.006741211749613285
5,pre_rope,229,0.006687769200652838
5,pre_rope,230,0.0066485353745520115
5,pre_rope,231,0.0066192876547575
5,pre_rope,232,0.0065934001468122005
5,pre_rope,233,0.0065646241419017315
5,pre_rope,234,0.0064905788749456406
5,pre_rope,235,0.006480447482317686
5,pre_rope,236,0.006399211939424276
5,pre_rope,237,0.006375732831656933
5,pre_rope,238,0.006369008682668209
5,pre_rope,239,0.006335658486932516
5,pre_rope,240,0.00629531592130661
5,pre_rope,241,0.006251828745007515
5,pre_rope,242,0.006201077718287706
5,pre_rope,243,0.006175743881613016
5,pre_rope,244,0.006126014050096273
5,pre_rope,245,0.00606811698526144
5,pre_rope,246,0.006031524855643511
5,pre_rope,247,0.006027911324054003
5,pre_rope,248,0.00600225618109107
5,pre_rope,249,0.005968834739178419
5,pre_rope,250,0.005960368551313877
5,pre_rope,251,0.005938768852502108
5,pre_rope,252,0.005910198204219341
5,pre_rope,253,0.005879939533770084
5,pre_rope,254,0.005831323564052582
5,pre_rope,255,0.005808718968182802
5,pre_rope,256,0.0057606203481554985
5,pre_rope,257,0.005727795884013176
5,pre_rope,258,0.005715902894735336
5,pre_rope,259,0.0056804995983839035
5,pre_rope,260,0.005630252417176962
5,pre_rope,261,0.005608872044831514
5,pre_rope,262,0.0055910455994307995
5,pre_rope,263,0.005545968189835548
5,pre_rope,264,0.005532586015760899
5,pre_rope,265,0.005493667908012867
5,pre_rope,266,0.0054582878947257996
5,pre_rope,267,0.005443245638161898
5,pre_rope,268,0.005384109448641539
5,pre_rope,269,0.005371429957449436
5,pre_rope,270,0.00534962909296155
5,pre_rope,271,0.0053337253630161285
5,pre_rope,272,0.005298389121890068
5,pre_rope,273,0.00528430100530386
5,pre_rope,274,0.005229905713349581
5,pre_rope,275,0.005216968711465597
5,pre_rope,276,0.005185178481042385
5,pre_rope,277,0.005140950437635183
5,pre_rope,278,0.005106654483824968
5,pre_rope,279,0.0051023270934820175
5,pre_rope,280,0.005084294825792313
5,pre_rope,281,0.005052641965448856
5,pre_rope,282,0.005006661172956228
5,pre_rope,283,0.004992976319044828
5,pre_rope,284,0.0049704876728355885
5,pre_rope,285,0.004914968274533749
5,pre_rope,286,0.00490375142544508
5,pre_rope,287,0.00487602548673749
5,pre_rope,288,0.004861221648752689
5,pre_rope,289,0.004821675829589367
5,pre_rope,290,0.004796379711478949
5,pre_rope,291,0.004751251079142094
5,pre_rope,292,0.004723984748125076
5,pre_rope,293,0.004708379507064819
5,pre_rope,294,0.004704704508185387
5,pre_rope,295,0.004664552863687277
5,pre_rope,296,0.00463436683639884
5,pre_rope,297,0.004588183015584946
5,pre_rope,298,0.004563446156680584
5,pre_rope,299,0.00455826660618186
5,pre_rope,300,0.004537194035947323
5,pre_rope,301,0.0044906348921358585
5,pre_rope,302,0.004468314815312624
5,pre_rope,303,0.004445172846317291
5,pre_rope,304,0.004422337282449007
5,pre_rope,305,0.004408393520861864
5,pre_rope,306,0.004377857781946659
5,pre_rope,307,0.00437232805415988
5,pre_rope,308,0.004327248781919479
5,pre_rope,309,0.004302685149013996
5,pre_rope,310,0.004292887169867754
5,pre_rope,311,0.004271910525858402
5,pre_rope,312,0.00423614215105772
5,pre_rope,313,0.004208220634609461
5,pre_rope,314,0.0042031072080135345
5,pre_rope,315,0.004163655918091536
5,pre_rope,316,0.004161046352237463
5,pre_rope,317,0.00413056556135416
5,pre_rope,318,0.00411780271679163
5,pre_rope,319,0.004083654843270779
5,pre_rope,320,0.004070425871759653
5,pre_rope,321,0.004040011204779148
5,pre_rope,322,0.004021611995995045
5,pre_rope,323,0.004001243971288204
5,pre_rope,324,0.003986919764429331
5,pre_rope,325,0.003943301271647215
5,pre_rope,326,0.003931601066142321
5,pre_rope,327,0.0039197588339447975
5,pre_rope,328,0.0038868889678269625
5,pre_rope,329,0.0038657968398183584
5,pre_rope,330,0.003848760388791561
5,pre_rope,331,0.003828876418992877
5,pre_rope,332,0.0037744499277323484
5,pre_rope,333,0.003760646330192685
5,pre_rope,334,0.003743217559531331
5,pre_rope,335,0.003725210903212428
5,pre_rope,336,0.0036966432817280293
5,pre_rope,337,0.003678238717839122
5,pre_rope,338,0.003674902720376849
5,pre_rope,339,0.0036542254965752363
5,pre_rope,340,0.003633054904639721
5,pre_rope,341,0.0036169798113405704
5,pre_rope,342,0.003596395254135132
5,pre_rope,343,0.003574913600459695
5,pre_rope,344,0.003549593733623624
5,pre_rope,345,0.003534329356625676
5,pre_rope,346,0.0035098197404295206
5,pre_rope,347,0.003486162517219782
5,pre_rope,348,0.0034723328426480293
5,pre_rope,349,0.003457859391346574
5,pre_rope,350,0.003442529821768403
5,pre_rope,351,0.003414672566577792
5,pre_rope,352,0.0034095861483365297
5,pre_rope,353,0.0033926835749298334
5,pre_rope,354,0.0033640777692198753
5,pre_rope,355,0.003351320279762149
5,pre_rope,356,0.003347681602463126
5,pre_rope,357,0.0033206078223884106
5,pre_rope,358,0.0033024009317159653
5,pre_rope,359,0.0032675182446837425
5,pre_rope,360,0.003245083848014474
5,pre_rope,361,0.0032365068327635527
5,pre_rope,362,0.003204836044460535
5,pre_rope,363,0.0031805417966097593
5,pre_rope,364,0.0031576959881931543
5,pre_rope,365,0.003142495406791568
5,pre_rope,366,0.0031272415071725845
5,pre_rope,367,0.003090720158070326
5,pre_rope,368,0.0030741386581212282
5,pre_rope,369,0.0030603499617427588
5,pre_rope,370,0.003045323072001338
5,pre_rope,371,0.003027596278116107
5,pre_rope,372,0.0030252777505666018
5,pre_rope,373,0.002981589175760746
5,pre_rope,374,0.0029764052014797926
5,pre_rope,375,0.0029549598693847656
5,pre_rope,376,0.0029494205955415964
5,pre_rope,377,0.002917744917795062
5,pre_rope,378,0.0029078186489641666
5,pre_rope,379,0.002879328327253461
5,pre_rope,380,0.0028622301761060953
5,pre_rope,381,0.0028569791465997696
5,pre_rope,382,0.002816565800458193
5,pre_rope,383,0.002800135174766183
5,pre_rope,384,0.0027838535606861115
5,pre_rope,385,0.0027752688620239496
5,pre_rope,386,0.002735505113378167
5,pre_rope,387,0.002718564122915268
5,pre_rope,388,0.00270814448595047
5,pre_rope,389,0.0026893755421042442
5,pre_rope,390,0.0026837883051484823
5,pre_rope,391,0.002652390394359827
5,pre_rope,392,0.002633441472426057
5,pre_rope,393,0.002615206642076373
5,pre_rope,394,0.0025967147666960955
5,pre_rope,395,0.00258782715536654
5,pre_rope,396,0.002571457764133811
5,pre_rope,397,0.002548977266997099
5,pre_rope,398,0.002530698198825121
5,pre_rope,399,0.0025074065197259188
5,pre_rope,400,0.0025032656267285347
5,pre_rope,401,0.0024633032735437155
5,pre_rope,402,0.0024615314323455095
5,pre_rope,403,0.0024346753489226103
5,pre_rope,404,0.0024264680687338114
5,pre_rope,405,0.0024117135908454657
5,pre_rope,406,0.002406704006716609
5,pre_rope,407,0.002381873782724142
5,pre_rope,408,0.0023700054734945297
5,pre_rope,409,0.002353399060666561
5,pre_rope,410,0.0023358091711997986
5,pre_rope,411,0.0023079686798155308
5,pre_rope,412,0.002291328739374876
5,pre_rope,413,0.002282600151374936
5,pre_rope,414,0.0022557154297828674
5,pre_rope,415,0.0022312358487397432
5,pre_rope,416,0.0022129244171082973
5,pre_rope,417,0.002203992335125804
5,pre_rope,418,0.0021801129914820194
5,pre_rope,419,0.0021583682391792536
5,pre_rope,420,0.00215266109444201
5,pre_rope,421,0.002137219998985529
5,pre_rope,422,0.0021213607396930456
5,pre_rope,423,0.002092530019581318
5,pre_rope,424,0.0020783867221325636
5,pre_rope,425,0.002072957344353199
5,pre_rope,426,0.002064371947199106
5,pre_rope,427,0.0020506903529167175
5,pre_rope,428,0.0020444300025701523
5,pre_rope,429,0.0020356078166514635
5,pre_rope,430,0.0020072180777788162
5,pre_rope,431,0.0019817929714918137
5,pre_rope,432,0.001964506460353732
5,pre_rope,433,0.0019434329587966204
5,pre_rope,434,0.0019304542802274227
5,pre_rope,435,0.0019105273531749845
5,pre_rope,436,0.0018963016336783767
5,pre_rope,437,0.001879023271612823
5,pre_rope,438,0.0018476450350135565
5,pre_rope,439,0.0018293121829628944
5,pre_rope,440,0.00181845691986382
5,pre_rope,441,0.0018133219564333558
5,pre_rope,442,0.0017887065187096596
5,pre_rope,443,0.0017845308175310493
5,pre_rope,444,0.0017645274056121707
5,pre_rope,445,0.0017204071627929807
5,pre_rope,446,0.001704113557934761
5,pre_rope,447,0.0017019417136907578
5,pre_rope,448,0.00168804416898638
5,pre_rope,449,0.0016665910370647907
5,pre_rope,450,0.0016537891933694482
5,pre_rope,451,0.0016300800489261746
5,pre_rope,452,0.0016145802801474929
5,pre_rope,453,0.0015945095801725984
5,pre_rope,454,0.0015879570273682475
5,pre_rope,455,0.0015698192873969674
5,pre_rope,456,0.0015580563340336084
5,pre_rope,457,0.001527689048089087
5,pre_rope,458,0.0015179337933659554
5,pre_rope,459,0.0014994554221630096
5,pre_rope,460,0.0014887164579704404
5,pre_rope,461,0.0014710539253428578
5,pre_rope,462,0.0014579169219359756
5,pre_rope,463,0.0014392047887668014
5,pre_rope,464,0.0014201890444383025
5,pre_rope,465,0.0013990214793011546
5,pre_rope,466,0.0013769922079518437
5,pre_rope,467,0.0013750169891864061
5,pre_rope,468,0.001349450321868062
5,pre_rope,469,0.0013336329720914364
5,pre_rope,470,0.001309448853135109
5,pre_rope,471,0.00129986391402781
5,pre_rope,472,0.0012585545191541314
5,pre_rope,473,0.0012494010152295232
5,pre_rope,474,0.0012374301441013813
5,pre_rope,475,0.001228456269018352
5,pre_rope,476,0.0012171299895271659
5,pre_rope,477,0.0012002736330032349
5,pre_rope,478,0.0011850938899442554
5,pre_rope,479,0.0011429536389186978
5,pre_rope,480,0.0011363563826307654
5,pre_rope,481,0.0011120488634333014
5,pre_rope,482,0.0010875135194510221
5,pre_rope,483,0.0010550394654273987
5,pre_rope,484,0.001047871308401227
5,pre_rope,485,0.001046683406457305
5,pre_rope,486,0.0010246512247249484
5,pre_rope,487,0.00100026186555624
5,pre_rope,488,0.0009676137124188244
5,pre_rope,489,0.0009549240348860621
5,pre_rope,490,0.0009424642194062471
5,pre_rope,491,0.0009171345736831427
5,pre_rope,492,0.0008901633555069566
5,pre_rope,493,0.0008652606047689915
5,pre_rope,494,0.0008518210961483419
5,pre_rope,495,0.0008297692984342575
5,pre_rope,496,0.0008200416923500597
5,pre_rope,497,0.0008020163513720036
5,pre_rope,498,0.0007887322572059929
5,pre_rope,499,0.0007525734836235642
5,pre_rope,500,0.0007290602079592645
5,pre_rope,501,0.0007042248034849763
5,pre_rope,502,0.0006596055463887751
5,pre_rope,503,0.0006349878385663033
5,pre_rope,504,0.0006037308485247195
5,pre_rope,505,0.0005422630347311497
5,pre_rope,506,0.0005280133336782455
5,pre_rope,507,0.0004971108282916248
5,pre_rope,508,0.00047965292469598353
5,pre_rope,509,0.0004305685870349407
5,pre_rope,510,0.0004090860311407596
5,pre_rope,511,0.0003278300864621997
5,pre_rope,512,0.0003174811427015811
5,post_rope,1,1.0
5,post_rope,2,0.20028971135616302
5,post_rope,3,0.1756371706724167
5,post_rope,4,0.1707608699798584
5,post_rope,5,0.16928015649318695
5,post_rope,6,0.16519050300121307
5,post_rope,7,0.1623283326625824
5,post_rope,8,0.15987750887870789
5,post_rope,9,0.15787988901138306
5,post_rope,10,0.15588445961475372
5,post_rope,11,0.15218234062194824
5,post_rope,12,0.15075987577438354
5,post_rope,13,0.14923439919948578
5,post_rope,14,0.14808660745620728
5,post_rope,15,0.14419513940811157
5,post_rope,16,0.14196273684501648
5,post_rope,17,0.13967649638652802
5,post_rope,18,0.13797500729560852
5,post_rope,19,0.1346711367368698
5,post_rope,20,0.1284523457288742
5,post_rope,21,0.12665297091007233
5,post_rope,22,0.1249418556690216
5,post_rope,23,0.12435758113861084
5,post_rope,24,0.11592870205640793
5,post_rope,25,0.11250579357147217
5,post_rope,26,0.10615114122629166
5,post_rope,27,0.10552987456321716
5,post_rope,28,0.10429748892784119
5,post_rope,29,0.10171239078044891
5,post_rope,30,0.09968071430921555
5,post_rope,31,0.09921392798423767
5,post_rope,32,0.09047316014766693
5,post_rope,33,0.08924401551485062
5,post_rope,34,0.08883845061063766
5,post_rope,35,0.08673464506864548
5,post_rope,36,0.08513184636831284
5,post_rope,37,0.08275879919528961
5,post_rope,38,0.0823555663228035
5,post_rope,39,0.0808371752500534
5,post_rope,40,0.07984931766986847
5,post_rope,41,0.07873034477233887
5,post_rope,42,0.07726272195577621
5,post_rope,43,0.07570850104093552
5,post_rope,44,0.0752590000629425
5,post_rope,45,0.07231392711400986
5,post_rope,46,0.07071515172719955
5,post_rope,47,0.06937853991985321
5,post_rope,48,0.06896119564771652
5,post_rope,49,0.06742168962955475
5,post_rope,50,0.0654163658618927
5,post_rope,51,0.06514120101928711
5,post_rope,52,0.06387382745742798
5,post_rope,53,0.0627691000699997
5,post_rope,54,0.06097292900085449
5,post_rope,55,0.05960759148001671
5,post_rope,56,0.05836278572678566
5,post_rope,57,0.057204827666282654
5,post_rope,58,0.05656648427248001
5,post_rope,59,0.0552544929087162
5,post_rope,60,0.051813866943120956
5,post_rope,61,0.05118223652243614
5,post_rope,62,0.04998026415705681
5,post_rope,63,0.0497623085975647
5,post_rope,64,0.048169367015361786
5,post_rope,65,0.04606304690241814
5,post_rope,66,0.04572762921452522
5,post_rope,67,0.044240888208150864
5,post_rope,68,0.0434914194047451
5,post_rope,69,0.04231470078229904
5,post_rope,70,0.041482649743556976
5,post_rope,71,0.04108453169465065
5,post_rope,72,0.04027419537305832
5,post_rope,73,0.03913170471787453
5,post_rope,74,0.03836125507950783
5,post_rope,75,0.037819262593984604
5,post_rope,76,0.037562355399131775
5,post_rope,77,0.03723534941673279
5,post_rope,78,0.03687572851777077
5,post_rope,79,0.036036863923072815
5,post_rope,80,0.03594783693552017
5,post_rope,81,0.03550903871655464
5,post_rope,82,0.035389769822359085
5,post_rope,83,0.03450801968574524
5,post_rope,84,0.034472621977329254
5,post_rope,85,0.03404334932565689
5,post_rope,86,0.033446721732616425
5,post_rope,87,0.033007942140102386
5,post_rope,88,0.03288983553647995
5,post_rope,89,0.03260482847690582
5,post_rope,90,0.03222137317061424
5,post_rope,91,0.03198295831680298
5,post_rope,92,0.031648073345422745
5,post_rope,93,0.031176337972283363
5,post_rope,94,0.03112603724002838
5,post_rope,95,0.030753323808312416
5,post_rope,96,0.030588874593377113
5,post_rope,97,0.03041490539908409
5,post_rope,98,0.03027486242353916
5,post_rope,99,0.029857663437724113
5,post_rope,100,0.029726719483733177
5,post_rope,101,0.029583614319562912
5,post_rope,102,0.029478834941983223
5,post_rope,103,0.02935389056801796
5,post_rope,104,0.029197964817285538
5,post_rope,105,0.028665153309702873
5,post_rope,106,0.02856328710913658
5,post_rope,107,0.028322746977210045
5,post_rope,108,0.028267981484532356
5,post_rope,109,0.02819078415632248
5,post_rope,110,0.027633123099803925
5,post_rope,111,0.02755117602646351
5,post_rope,112,0.027498433366417885
5,post_rope,113,0.027412980794906616
5,post_rope,114,0.027230683714151382
5,post_rope,115,0.026854000985622406
5,post_rope,116,0.026670997962355614
5,post_rope,117,0.02660083770751953
5,post_rope,118,0.026477770879864693
5,post_rope,119,0.026393722742795944
5,post_rope,120,0.02621418610215187
5,post_rope,121,0.0261506587266922
5,post_rope,122,0.02587082050740719
5,post_rope,123,0.02576318383216858
5,post_rope,124,0.025486718863248825
5,post_rope,125,0.025383587926626205
5,post_rope,126,0.025276141241192818
5,post_rope,127,0.024925941601395607
5,post_rope,128,0.024840043857693672
5,post_rope,129,0.02473575808107853
5,post_rope,130,0.024546228349208832
5,post_rope,131,0.024477088823914528
5,post_rope,132,0.024388181045651436
5,post_rope,133,0.024218037724494934
5,post_rope,134,0.024049062281847
5,post_rope,135,0.023983513936400414
5,post_rope,136,0.023794565349817276
5,post_rope,137,0.02364981733262539
5,post_rope,138,0.02350793220102787
5,post_rope,139,0.023449180647730827
5,post_rope,140,0.023409754037857056
5,post_rope,141,0.023268647491931915
5,post_rope,142,0.023229828104376793
5,post_rope,143,0.023048942908644676
5,post_rope,144,0.02282032184302807
5,post_rope,145,0.022792566567659378
5,post_rope,146,0.022786518558859825
5,post_rope,147,0.022651029750704765
5,post_rope,148,0.022499993443489075
5,post_rope,149,0.02235218696296215
5,post_rope,150,0.02221924439072609
5,post_rope,151,0.022115059196949005
5,post_rope,152,0.02199680358171463
5,post_rope,153,0.0218984242528677
5,post_rope,154,0.021786823868751526
5,post_rope,155,0.021732870489358902
5,post_rope,156,0.02159818448126316
5,post_rope,157,0.02152111381292343
5,post_rope,158,0.02143179625272751
5,post_rope,159,0.02130441553890705
5,post_rope,160,0.02126794308423996
5,post_rope,161,0.021125275641679764
5,post_rope,162,0.021000269800424576
5,post_rope,163,0.02082858420908451
5,post_rope,164,0.020774509757757187
5,post_rope,165,0.020697172731161118
5,post_rope,166,0.020598148927092552
5,post_rope,167,0.020448127761483192
5,post_rope,168,0.020317059010267258
5,post_rope,169,0.020249446853995323
5,post_rope,170,0.020180342718958855
5,post_rope,171,0.020084047690033913
5,post_rope,172,0.02000698819756508
5,post_rope,173,0.0199299119412899
5,post_rope,174,0.019826531410217285
5,post_rope,175,0.019714614376425743
5,post_rope,176,0.01964576356112957
5,post_rope,177,0.019635502249002457
5,post_rope,178,0.01956333965063095
5,post_rope,179,0.019520998001098633
5,post_rope,180,0.01935414969921112
5,post_rope,181,0.019259678199887276
5,post_rope,182,0.019181475043296814
5,post_rope,183,0.019113261252641678
5,post_rope,184,0.019074229523539543
5,post_rope,185,0.01888691447675228
5,post_rope,186,0.01880749501287937
5,post_rope,187,0.018787696957588196
5,post_rope,188,0.018723512068390846
5,post_rope,189,0.01863406039774418
5,post_rope,190,0.018457403406500816
5,post_rope,191,0.0183951985090971
5,post_rope,192,0.018351517617702484
5,post_rope,193,0.018276313319802284
5,post_rope,194,0.01821690984070301
5,post_rope,195,0.01813100464642048
5,post_rope,196,0.018006933853030205
5,post_rope,197,0.01790548861026764
5,post_rope,198,0.017896806821227074
5,post_rope,199,0.01780407316982746
5,post_rope,200,0.017727496102452278
5,post_rope,201,0.017702942714095116
5,post_rope,202,0.017654646188020706
5,post_rope,203,0.01753765344619751
5,post_rope,204,0.01744466833770275
5,post_rope,205,0.0173981674015522
5,post_rope,206,0.017245110124349594
5,post_rope,207,0.01719793491065502
5,post_rope,208,0.017076166346669197
5,post_rope,209,0.01695413887500763
5,post_rope,210,0.016920430585741997
5,post_rope,211,0.016877219080924988
5,post_rope,212,0.01679701916873455
5,post_rope,213,0.01675190031528473
5,post_rope,214,0.016657842323184013
5,post_rope,215,0.016591237857937813
5,post_rope,216,0.016555454581975937
5,post_rope,217,0.016495462507009506
5,post_rope,218,0.016451437026262283
5,post_rope,219,0.01638219878077507
5,post_rope,220,0.016317175701260567
5,post_rope,221,0.016243932768702507
5,post_rope,222,0.016158055514097214
5,post_rope,223,0.01605248637497425
5,post_rope,224,0.01600637659430504
5,post_rope,225,0.015947408974170685
5,post_rope,226,0.015883222222328186
5,post_rope,227,0.015798252075910568
5,post_rope,228,0.015747200697660446
5,post_rope,229,0.015681808814406395
5,post_rope,230,0.01564050279557705
5,post_rope,231,0.01559828408062458
5,post_rope,232,0.01553257554769516
5,post_rope,233,0.015450024046003819
5,post_rope,234,0.015443054027855396
5,post_rope,235,0.015323436819016933
5,post_rope,236,0.015211772173643112
5,post_rope,237,0.015123040415346622
5,post_rope,238,0.015115500427782536
5,post_rope,239,0.015033173374831676
5,post_rope,240,0.014984176494181156
5,post_rope,241,0.014945547096431255
5,post_rope,242,0.0149281220510602
5,post_rope,243,0.014856337569653988
5,post_rope,244,0.014761594124138355
5,post_rope,245,0.01470066700130701
5,post_rope,246,0.014661023393273354
5,post_rope,247,0.01460263691842556
5,post_rope,248,0.01453685387969017
5,post_rope,249,0.014482531696557999
5,post_rope,250,0.01441271509975195
5,post_rope,251,0.014316457323729992
5,post_rope,252,0.014237780123949051
5,post_rope,253,0.014204301871359348
5,post_rope,254,0.014128007926046848
5,post_rope,255,0.01406650710850954
5,post_rope,256,0.01405513845384121
5,post_rope,257,0.014037883840501308
5,post_rope,258,0.013941592536866665
5,post_rope,259,0.013901629485189915
5,post_rope,260,0.01383686438202858
5,post_rope,261,0.013730049133300781
5,post_rope,262,0.013695765286684036
5,post_rope,263,0.01366487704217434
5,post_rope,264,0.013640780001878738
5,post_rope,265,0.01354003231972456
5,post_rope,266,0.013437583111226559
5,post_rope,267,0.013394956476986408
5,post_rope,268,0.013374177739024162
5,post_rope,269,0.013324032537639141
5,post_rope,270,0.013310376554727554
5,post_rope,271,0.013169904239475727
5,post_rope,272,0.013132328167557716
5,post_rope,273,0.013120843097567558
5,post_rope,274,0.01304706558585167
5,post_rope,275,0.013015753589570522
5,post_rope,276,0.012914947234094143
5,post_rope,277,0.012873653322458267
5,post_rope,278,0.012862362898886204
5,post_rope,279,0.012780854478478432
5,post_rope,280,0.012706616893410683
5,post_rope,281,0.012694701552391052
5,post_rope,282,0.012682444415986538
5,post_rope,283,0.012515895068645477
5,post_rope,284,0.012485792860388756
5,post_rope,285,0.012452000752091408
5,post_rope,286,0.012382427230477333
5,post_rope,287,0.012306067161262035
5,post_rope,288,0.012268232181668282
5,post_rope,289,0.012236712500452995
5,post_rope,290,0.012174710631370544
5,post_rope,291,0.012164573185145855
5,post_rope,292,0.012085267342627048
5,post_rope,293,0.012051578611135483
5,post_rope,294,0.011986772529780865
5,post_rope,295,0.011926011182367802
5,post_rope,296,0.011871399357914925
5,post_rope,297,0.011852152645587921
5,post_rope,298,0.011805563233792782
5,post_rope,299,0.011764679104089737
5,post_rope,300,0.011690679006278515
5,post_rope,301,0.01165784802287817
5,post_rope,302,0.011616493575274944
5,post_rope,303,0.011539069004356861
5,post_rope,304,0.011527132242918015
5,post_rope,305,0.011472743935883045
5,post_rope,306,0.011425413191318512
5,post_rope,307,0.011350448243319988
5,post_rope,308,0.011319667100906372
5,post_rope,309,0.011291374452412128
5,post_rope,310,0.011199885979294777
5,post_rope,311,0.011094539426267147
5,post_rope,312,0.011061216704547405
5,post_rope,313,0.011025916785001755
5,post_rope,314,0.010938403196632862
5,post_rope,315,0.010899274609982967
5,post_rope,316,0.010832011699676514
5,post_rope,317,0.010792126879096031
5,post_rope,318,0.01077782642096281
5,post_rope,319,0.010694855824112892
5,post_rope,320,0.010692926123738289
5,post_rope,321,0.010659432969987392
5,post_rope,322,0.010633294470608234
5,post_rope,323,0.01056223176419735
5,post_rope,324,0.0104947155341506
5,post_rope,325,0.010467796586453915
5,post_rope,326,0.010437916964292526
5,post_rope,327,0.010357562452554703
5,post_rope,328,0.01029112096875906
5,post_rope,329,0.01027477253228426
5,post_rope,330,0.010233266279101372
5,post_rope,331,0.010159038938581944
5,post_rope,332,0.010120130144059658
5,post_rope,333,0.010056021623313427
5,post_rope,334,0.010011868551373482
5,post_rope,335,0.009980482049286366
5,post_rope,336,0.00991406012326479
5,post_rope,337,0.009786135517060757
5,post_rope,338,0.00977403949946165
5,post_rope,339,0.009745561517775059
5,post_rope,340,0.009674790315330029
5,post_rope,341,0.00965057872235775
5,post_rope,342,0.00959591381251812
5,post_rope,343,0.009543395601212978
5,post_rope,344,0.009521262720227242
5,post_rope,345,0.00942638237029314
5,post_rope,346,0.009407653473317623
5,post_rope,347,0.00939942616969347
5,post_rope,348,0.00934766698628664
5,post_rope,349,0.00932751689106226
5,post_rope,350,0.009275827556848526
5,post_rope,351,0.009257323108613491
5,post_rope,352,0.009224449284374714
5,post_rope,353,0.00918655563145876
5,post_rope,354,0.00914838258177042
5,post_rope,355,0.009115355089306831
5,post_rope,356,0.009071757085621357
5,post_rope,357,0.009010658599436283
5,post_rope,358,0.008958045393228531
5,post_rope,359,0.008934387937188148
5,post_rope,360,0.008880008943378925
5,post_rope,361,0.008851159363985062
5,post_rope,362,0.008838136680424213
5,post_rope,363,0.0088196387514472
5,post_rope,364,0.008722743950784206
5,post_rope,365,0.00868372805416584
5,post_rope,366,0.008653668686747551
5,post_rope,367,0.008617199957370758
5,post_rope,368,0.008580366149544716
5,post_rope,369,0.008533541113138199
5,post_rope,370,0.008526665158569813
5,post_rope,371,0.008434560149908066
5,post_rope,372,0.008417876437306404
5,post_rope,373,0.008389950729906559
5,post_rope,374,0.00838464219123125
5,post_rope,375,0.008349630981683731
5,post_rope,376,0.00831842701882124
5,post_rope,377,0.008288593962788582
5,post_rope,378,0.008257647044956684
5,post_rope,379,0.008206595666706562
5,post_rope,380,0.00814510602504015
5,post_rope,381,0.008101750165224075
5,post_rope,382,0.008077643811702728
5,post_rope,383,0.008051782846450806
5,post_rope,384,0.008020133711397648
5,post_rope,385,0.007930906489491463
5,post_rope,386,0.007912890054285526
5,post_rope,387,0.00788232870399952
5,post_rope,388,0.007836738601326942
5,post_rope,389,0.0077639357186853886
5,post_rope,390,0.0077570765279233456
5,post_rope,391,0.007700370624661446
5,post_rope,392,0.007684091106057167
5,post_rope,393,0.00762164406478405
5,post_rope,394,0.0075790309347212315
5,post_rope,395,0.007546216249465942
5,post_rope,396,0.007519850041717291
5,post_rope,397,0.007466863375157118
5,post_rope,398,0.0074472264386713505
5,post_rope,399,0.007393269333988428
5,post_rope,400,0.007365664932876825
5,post_rope,401,0.007339505013078451
5,post_rope,402,0.007312386762350798
5,post_rope,403,0.00725964643061161
5,post_rope,404,0.007256628479808569
5,post_rope,405,0.007229348178952932
5,post_rope,406,0.007186379283666611
5,post_rope,407,0.007163810543715954
5,post_rope,408,0.007111388724297285
5,post_rope,409,0.007070052903145552
5,post_rope,410,0.007014404982328415
5,post_rope,411,0.006992020644247532
5,post_rope,412,0.0069489860907197
5,post_rope,413,0.00689303781837225
5,post_rope,414,0.006857663858681917
5,post_rope,415,0.006834322586655617
5,post_rope,416,0.0068311975337564945
5,post_rope,417,0.00679490901529789
5,post_rope,418,0.0067704482935369015
5,post_rope,419,0.006713442038744688
5,post_rope,420,0.00667986087501049
5,post_rope,421,0.006671935319900513
5,post_rope,422,0.006634366232901812
5,post_rope,423,0.006602721754461527
5,post_rope,424,0.00658433185890317
5,post_rope,425,0.0065522575750947
5,post_rope,426,0.006536399945616722
5,post_rope,427,0.006468912586569786
5,post_rope,428,0.006445929408073425
5,post_rope,429,0.006412839982658625
5,post_rope,430,0.006355276796966791
5,post_rope,431,0.006341314874589443
5,post_rope,432,0.006318883504718542
5,post_rope,433,0.00629072543233633
5,post_rope,434,0.006243276875466108
5,post_rope,435,0.006220508366823196
5,post_rope,436,0.006190080661326647
5,post_rope,437,0.006151010747998953
5,post_rope,438,0.006134110502898693
5,post_rope,439,0.006114973686635494
5,post_rope,440,0.0060973139479756355
5,post_rope,441,0.006005147937685251
5,post_rope,442,0.005997082218527794
5,post_rope,443,0.005972012411803007
5,post_rope,444,0.0059292553924024105
5,post_rope,445,0.005864186678081751
5,post_rope,446,0.005860940087586641
5,post_rope,447,0.0058290124870836735
5,post_rope,448,0.00579854566603899
5,post_rope,449,0.005784137640148401
5,post_rope,450,0.00575617840513587
5,post_rope,451,0.005704111885279417
5,post_rope,452,0.005663901101797819
5,post_rope,453,0.005612233653664589
5,post_rope,454,0.005590998101979494
5,post_rope,455,0.00551173510029912
5,post_rope,456,0.00548885203897953
5,post_rope,457,0.005474179517477751
5,post_rope,458,0.005458339117467403
5,post_rope,459,0.0053975204937160015
5,post_rope,460,0.0053645893931388855
5,post_rope,461,0.005341355223208666
5,post_rope,462,0.005310764070600271
5,post_rope,463,0.005285248160362244
5,post_rope,464,0.005258983466774225
5,post_rope,465,0.00522421021014452
5,post_rope,466,0.005206144414842129
5,post_rope,467,0.005188779439777136
5,post_rope,468,0.00514438608661294
5,post_rope,469,0.0051209754310548306
5,post_rope,470,0.005094800144433975
5,post_rope,471,0.0050528026185929775
5,post_rope,472,0.005040280055254698
5,post_rope,473,0.005017757881432772
5,post_rope,474,0.004979776218533516
5,post_rope,475,0.004935958422720432
5,post_rope,476,0.0049113743007183075
5,post_rope,477,0.004875923506915569
5,post_rope,478,0.004858335480093956
5,post_rope,479,0.004812742583453655
5,post_rope,480,0.004772146698087454
5,post_rope,481,0.004727911204099655
5,post_rope,482,0.00471501937136054
5,post_rope,483,0.004697716329246759
5,post_rope,484,0.004617069847881794
5,post_rope,485,0.004589952528476715
5,post_rope,486,0.004558186046779156
5,post_rope,487,0.004488114267587662
5,post_rope,488,0.004448897670954466
5,post_rope,489,0.004402016289532185
5,post_rope,490,0.0043466161005198956
5,post_rope,491,0.004293882753700018
5,post_rope,492,0.00420355424284935
5,post_rope,493,0.00417341198772192
5,post_rope,494,0.004081296734511852
5,post_rope,495,0.0040626018308103085
5,post_rope,496,0.003963519353419542
5,post_rope,497,0.003938939888030291
5,post_rope,498,0.0038840470369905233
5,post_rope,499,0.003801140934228897
5,post_rope,500,0.0036629268433898687
5,post_rope,501,0.003592155408114195
5,post_rope,502,0.003572295419871807
5,post_rope,503,0.0034772171638906
5,post_rope,504,0.0032922476530075073
5,post_rope,505,0.0032309044618159533
5,post_rope,506,0.0031341032590717077
5,post_rope,507,0.002840054454281926
5,post_rope,508,0.0027606519870460033
5,post_rope,509,0.002498418791219592
5,post_rope,510,0.002336507197469473
5,post_rope,511,0.0020048373844474554
5,post_rope,512,0.0016270052874460816
6,pre_rope,1,1.0
6,pre_rope,2,0.18276578187942505
6,pre_rope,3,0.15743394196033478
6,pre_rope,4,0.14402545988559723
6,pre_rope,5,0.13727238774299622
6,pre_rope,6,0.12237200140953064
6,pre_rope,7,0.1184481829404831
6,pre_rope,8,0.10666710138320923
6,pre_rope,9,0.10050860792398453
6,pre_rope,10,0.0894145593047142
6,pre_rope,11,0.0887078046798706
6,pre_rope,12,0.08378960937261581
6,pre_rope,13,0.07752872258424759
6,pre_rope,14,0.07591778039932251
6,pre_rope,15,0.07421150803565979
6,pre_rope,16,0.07025359570980072
6,pre_rope,17,0.0695728212594986
6,pre_rope,18,0.06726806610822678
6,pre_rope,19,0.06388921290636063
6,pre_rope,20,0.062219198793172836
6,pre_rope,21,0.060276567935943604
6,pre_rope,22,0.05961839482188225
6,pre_rope,23,0.05798979848623276
6,pre_rope,24,0.05694969370961189
6,pre_rope,25,0.05525404214859009
6,pre_rope,26,0.051860421895980835
6,pre_rope,27,0.04996573179960251
6,pre_rope,28,0.049157753586769104
6,pre_rope,29,0.04794042557477951
6,pre_rope,30,0.043966829776763916
6,pre_rope,31,0.04146730154752731
6,pre_rope,32,0.04130452498793602
6,pre_rope,33,0.03878789022564888
6,pre_rope,34,0.03802718594670296
6,pre_rope,35,0.036081742495298386
6,pre_rope,36,0.03584666550159454
6,pre_rope,37,0.03408800810575485
6,pre_rope,38,0.03378758206963539
6,pre_rope,39,0.033022139221429825
6,pre_rope,40,0.032204389572143555
6,pre_rope,41,0.03121366910636425
6,pre_rope,42,0.030433733016252518
6,pre_rope,43,0.02990359254181385
6,pre_rope,44,0.02917255088686943
6,pre_rope,45,0.028883611783385277
6,pre_rope,46,0.02830365300178528
6,pre_rope,47,0.02803266979753971
6,pre_rope,48,0.0273562241345644
6,pre_rope,49,0.026584895327687263
6,pre_rope,50,0.026439467445015907
6,pre_rope,51,0.02600483037531376
6,pre_rope,52,0.025795405730605125
6,pre_rope,53,0.02480827458202839
6,pre_rope,54,0.024535594508051872
6,pre_rope,55,0.0239474568516016
6,pre_rope,56,0.023758698254823685
6,pre_rope,57,0.02353724092245102
6,pre_rope,58,0.02324748784303665
6,pre_rope,59,0.023099668323993683
6,pre_rope,60,0.02242661640048027
6,pre_rope,61,0.021957315504550934
6,pre_rope,62,0.021836332976818085
6,pre_rope,63,0.021460087969899178
6,pre_rope,64,0.021443486213684082
6,pre_rope,65,0.02130763791501522
6,pre_rope,66,0.020468583330512047
6,pre_rope,67,0.020295312628149986
6,pre_rope,68,0.019991125911474228
6,pre_rope,69,0.019829846918582916
6,pre_rope,70,0.01952441968023777
6,pre_rope,71,0.019284280017018318
6,pre_rope,72,0.01900271326303482
6,pre_rope,73,0.018803467974066734
6,pre_rope,74,0.01853439398109913
6,pre_rope,75,0.018446892499923706
6,pre_rope,76,0.018152281641960144
6,pre_rope,77,0.0178638007491827
6,pre_rope,78,0.017701271921396255
6,pre_rope,79,0.017435453832149506
6,pre_rope,80,0.017354903742671013
6,pre_rope,81,0.017248688265681267
6,pre_rope,82,0.017028309404850006
6,pre_rope,83,0.016976844519376755
6,pre_rope,84,0.01687375269830227
6,pre_rope,85,0.016550010070204735
6,pre_rope,86,0.01645960845053196
6,pre_rope,87,0.016217432916164398
6,pre_rope,88,0.01609113998711109
6,pre_rope,89,0.0159192755818367
6,pre_rope,90,0.015768537297844887
6,pre_rope,91,0.015658317133784294
6,pre_rope,92,0.015550903975963593
6,pre_rope,93,0.015255092643201351
6,pre_rope,94,0.015238163992762566
6,pre_rope,95,0.01512963231652975
6,pre_rope,96,0.014987551607191563
6,pre_rope,97,0.014881942421197891
6,pre_rope,98,0.01478655356913805
6,pre_rope,99,0.014656816609203815
6,pre_rope,100,0.01448070164769888
6,pre_rope,101,0.01443641260266304
6,pre_rope,102,0.014358962886035442
6,pre_rope,103,0.014229449443519115
6,pre_rope,104,0.013979998417198658
6,pre_rope,105,0.013789655640721321
6,pre_rope,106,0.013760077767074108
6,pre_rope,107,0.013638707809150219
6,pre_rope,108,0.013452013954520226
6,pre_rope,109,0.01341486256569624
6,pre_rope,110,0.013302639126777649
6,pre_rope,111,0.013223983347415924
6,pre_rope,112,0.013088160194456577
6,pre_rope,113,0.012997266836464405
6,pre_rope,114,0.012754242867231369
6,pre_rope,115,0.012714723125100136
6,pre_rope,116,0.012687508016824722
6,pre_rope,117,0.012501589953899384
6,pre_rope,118,0.012434699572622776
6,pre_rope,119,0.012316854670643806
6,pre_rope,120,0.0122417863458395
6,pre_rope,121,0.012157334014773369
6,pre_rope,122,0.012040858156979084
6,pre_rope,123,0.011934680864214897
6,pre_rope,124,0.011782755143940449
6,pre_rope,125,0.011743591167032719
6,pre_rope,126,0.011657273396849632
6,pre_rope,127,0.011541370302438736
6,pre_rope,128,0.011455853469669819
6,pre_rope,129,0.011383004486560822
6,pre_rope,130,0.011292182840406895
6,pre_rope,131,0.011228250339627266
6,pre_rope,132,0.011195480823516846
6,pre_rope,133,0.011143689043819904
6,pre_rope,134,0.0109779704362154
6,pre_rope,135,0.010958545841276646
6,pre_rope,136,0.010778453201055527
6,pre_rope,137,0.010639902204275131
6,pre_rope,138,0.010607460513710976
6,pre_rope,139,0.010547282174229622
6,pre_rope,140,0.010431294329464436
6,pre_rope,141,0.010353703051805496
6,pre_rope,142,0.010327357798814774
6,pre_rope,143,0.010255281813442707
6,pre_rope,144,0.010149434208869934
6,pre_rope,145,0.010107048787176609
6,pre_rope,146,0.010086397640407085
6,pre_rope,147,0.00996102299541235
6,pre_rope,148,0.00987777579575777
6,pre_rope,149,0.009849725291132927
6,pre_rope,150,0.009760694578289986
6,pre_rope,151,0.009729894809424877
6,pre_rope,152,0.009617806412279606
6,pre_rope,153,0.009595331735908985
6,pre_rope,154,0.009533343836665154
6,pre_rope,155,0.009427021257579327
6,pre_rope,156,0.009392527863383293
6,pre_rope,157,0.009368126280605793
6,pre_rope,158,0.00931078102439642
6,pre_rope,159,0.009244135580956936
6,pre_rope,160,0.009139123372733593
6,pre_rope,161,0.009069357067346573
6,pre_rope,162,0.009004616178572178
6,pre_rope,163,0.008990516886115074
6,pre_rope,164,0.00886786263436079
6,pre_rope,165,0.008811037056148052
6,pre_rope,166,0.008793573826551437
6,pre_rope,167,0.008772782981395721
6,pre_rope,168,0.008710389025509357
6,pre_rope,169,0.00870220921933651
6,pre_rope,170,0.008583751507103443
6,pre_rope,171,0.00852553453296423
6,pre_rope,172,0.008496161550283432
6,pre_rope,173,0.00842021219432354
6,pre_rope,174,0.008397769182920456
6,pre_rope,175,0.008363700471818447
6,pre_rope,176,0.00828707218170166
6,pre_rope,177,0.00821495708078146
6,pre_rope,178,0.008175461553037167
6,pre_rope,179,0.008107788860797882
6,pre_rope,180,0.00809285044670105
6,pre_rope,181,0.008044579066336155
6,pre_rope,182,0.00801506731659174
6,pre_rope,183,0.007928688079118729
6,pre_rope,184,0.007902467623353004
6,pre_rope,185,0.00785839557647705
6,pre_rope,186,0.007811267860233784
6,pre_rope,187,0.007772218901664019
6,pre_rope,188,0.0076984926126897335
6,pre_rope,189,0.007679441478103399
6,pre_rope,190,0.007601786404848099
6,pre_rope,191,0.007587437052279711
6,pre_rope,192,0.007517384365200996
6,pre_rope,193,0.007451513782143593
6,pre_rope,194,0.007409634534269571
6,pre_rope,195,0.00738184479996562
6,pre_rope,196,0.007361131254583597
6,pre_rope,197,0.007321594748646021
6,pre_rope,198,0.007286254782229662
6,pre_rope,199,0.007199919316917658
6,pre_rope,200,0.00716277165338397
6,pre_rope,201,0.007080127019435167
6,pre_rope,202,0.007057320326566696
6,pre_rope,203,0.007041236851364374
6,pre_rope,204,0.006992948241531849
6,pre_rope,205,0.006917599122971296
6,pre_rope,206,0.006902224384248257
6,pre_rope,207,0.006881911773234606
6,pre_rope,208,0.0068380567245185375
6,pre_rope,209,0.006815762724727392
6,pre_rope,210,0.0067810965701937675
6,pre_rope,211,0.006704471539705992
6,pre_rope,212,0.006684026215225458
6,pre_rope,213,0.00667012482881546
6,pre_rope,214,0.006618954706937075
6,pre_rope,215,0.006612617522478104
6,pre_rope,216,0.006565909832715988
6,pre_rope,217,0.006553264334797859
6,pre_rope,218,0.006507763173431158
6,pre_rope,219,0.006480481009930372
6,pre_rope,220,0.006460003554821014
6,pre_rope,221,0.006395587231963873
6,pre_rope,222,0.0063566043972969055
6,pre_rope,223,0.006353945471346378
6,pre_rope,224,0.006294857710599899
6,pre_rope,225,0.00625007227063179
6,pre_rope,226,0.006229958962649107
6,pre_rope,227,0.0061973026022315025
6,pre_rope,228,0.006141547579318285
6,pre_rope,229,0.006134226452559233
6,pre_rope,230,0.006099393125623465
6,pre_rope,231,0.006059856619685888
6,pre_rope,232,0.006024972070008516
6,pre_rope,233,0.00599405262619257
6,pre_rope,234,0.005937743000686169
6,pre_rope,235,0.005913150031119585
6,pre_rope,236,0.005906238220632076
6,pre_rope,237,0.005866332445293665
6,pre_rope,238,0.0058041890151798725
6,pre_rope,239,0.005749089177697897
6,pre_rope,240,0.005744585767388344
6,pre_rope,241,0.005700595676898956
6,pre_rope,242,0.005680867005139589
6,pre_rope,243,0.005649604834616184
6,pre_rope,244,0.005635452456772327
6,pre_rope,245,0.005606008693575859
6,pre_rope,246,0.005576420575380325
6,pre_rope,247,0.005531603936105967
6,pre_rope,248,0.005521427374333143
6,pre_rope,249,0.005457219202071428
6,pre_rope,250,0.005450197495520115
6,pre_rope,251,0.005383106414228678
6,pre_rope,252,0.005370940547436476
6,pre_rope,253,0.005343502853065729
6,pre_rope,254,0.005310891196131706
6,pre_rope,255,0.005293542519211769
6,pre_rope,256,0.0052593545988202095
6,pre_rope,257,0.005247760098427534
6,pre_rope,258,0.005231321323662996
6,pre_rope,259,0.0052114143036305904
6,pre_rope,260,0.0051513900980353355
6,pre_rope,261,0.005138360895216465
6,pre_rope,262,0.005119119770824909
6,pre_rope,263,0.005092219449579716
6,pre_rope,264,0.005044762045145035
6,pre_rope,265,0.005011086352169514
6,pre_rope,266,0.004961137194186449
6,pre_rope,267,0.004953805357217789
6,pre_rope,268,0.004923958331346512
6,pre_rope,269,0.00489439582452178
6,pre_rope,270,0.00486218836158514
6,pre_rope,271,0.004838516935706139
6,pre_rope,272,0.0048133558593690395
6,pre_rope,273,0.004782126285135746
6,pre_rope,274,0.004756735172122717
6,pre_rope,275,0.004729467909783125
6,pre_rope,276,0.004722071345895529
6,pre_rope,277,0.004700947552919388
6,pre_rope,278,0.00465846573933959
6,pre_rope,279,0.0046547167003154755
6,pre_rope,280,0.004616967402398586
6,pre_rope,281,0.0045864456333220005
6,pre_rope,282,0.004561456385999918
6,pre_rope,283,0.004549040459096432
6,pre_rope,284,0.0045235492289066315
6,pre_rope,285,0.0045136562548577785
6,pre_rope,286,0.004469248000532389
6,pre_rope,287,0.0044244443997740746
6,pre_rope,288,0.004407844506204128
6,pre_rope,289,0.004375845659524202
6,pre_rope,290,0.004356754012405872
6,pre_rope,291,0.004333500750362873
6,pre_rope,292,0.00431152293458581
6,pre_rope,293,0.004292036406695843
6,pre_rope,294,0.004275652579963207
6,pre_rope,295,0.0042409528978168964
6,pre_rope,296,0.004219479393213987
6,pre_rope,297,0.004203425720334053
6,pre_rope,298,0.004187018144875765
6,pre_rope,299,0.004153135698288679
6,pre_rope,300,0.004120897501707077
6,pre_rope,301,0.004094428848475218
6,pre_rope,302,0.0040675862692296505
6,pre_rope,303,0.004060566890984774
6,pre_rope,304,0.004016086924821138
6,pre_rope,305,0.004002512898296118
6,pre_rope,306,0.003978750668466091
6,pre_rope,307,0.003965300042182207
6,pre_rope,308,0.003940245136618614
6,pre_rope,309,0.0039133066311478615
6,pre_rope,310,0.003910034894943237
6,pre_rope,311,0.0038859755732119083
6,pre_rope,312,0.0038656210526823997
6,pre_rope,313,0.003864583093672991
6,pre_rope,314,0.0038160751573741436
6,pre_rope,315,0.003799610072746873
6,pre_rope,316,0.00378229352645576
6,pre_rope,317,0.0037421577144414186
6,pre_rope,318,0.003716334467753768
6,pre_rope,319,0.0037045131903141737
6,pre_rope,320,0.0036913950461894274
6,pre_rope,321,0.003669280791655183
6,pre_rope,322,0.0036447937600314617
6,pre_rope,323,0.003644027980044484
6,pre_rope,324,0.003620319301262498
6,pre_rope,325,0.0036107334308326244
6,pre_rope,326,0.003560033394023776
6,pre_rope,327,0.003542221849784255
6,pre_rope,328,0.0035314923152327538
6,pre_rope,329,0.003519749967381358
6,pre_rope,330,0.0034896736033260822
6,pre_rope,331,0.0034671423491090536
6,pre_rope,332,0.0034487443044781685
6,pre_rope,333,0.003444092348217964
6,pre_rope,334,0.0034209599252790213
6,pre_rope,335,0.0034092010464519262
6,pre_rope,336,0.0033873713109642267
6,pre_rope,337,0.003372032893821597
6,pre_rope,338,0.003355300286784768
6,pre_rope,339,0.003328826045617461
6,pre_rope,340,0.003325012745335698
6,pre_rope,341,0.003304596059024334
6,pre_rope,342,0.0032909864094108343
6,pre_rope,343,0.0032691466622054577
6,pre_rope,344,0.003250254550948739
6,pre_rope,345,0.0032351927366107702
6,pre_rope,346,0.0032117352820932865
6,pre_rope,347,0.003187397727742791
6,pre_rope,348,0.003183132503181696
6,pre_rope,349,0.003152507357299328
6,pre_rope,350,0.0031448567751795053
6,pre_rope,351,0.0031236379873007536
6,pre_rope,352,0.0031100641936063766
6,pre_rope,353,0.003093588398769498
6,pre_rope,354,0.0030852635391056538
6,pre_rope,355,0.003046791534870863
6,pre_rope,356,0.003033378627151251
6,pre_rope,357,0.0030157002620399
6,pre_rope,358,0.0029866029508411884
6,pre_rope,359,0.002970160683616996
6,pre_rope,360,0.002949376357719302
6,pre_rope,361,0.0029469740111380816
6,pre_rope,362,0.0029089367017149925
6,pre_rope,363,0.0028999485075473785
6,pre_rope,364,0.002885378897190094
6,pre_rope,365,0.002863190369680524
6,pre_rope,366,0.002852831268683076
6,pre_rope,367,0.002829689299687743
6,pre_rope,368,0.002817183965817094
6,pre_rope,369,0.0028086595702916384
6,pre_rope,370,0.0027866477612406015
6,pre_rope,371,0.00278248218819499
6,pre_rope,372,0.0027533855754882097
6,pre_rope,373,0.0027304247487336397
6,pre_rope,374,0.002719234675168991
6,pre_rope,375,0.002705966355279088
6,pre_rope,376,0.0026893592439591885
6,pre_rope,377,0.002685531973838806
6,pre_rope,378,0.0026570861227810383
6,pre_rope,379,0.002649488626047969
6,pre_rope,380,0.002637415425851941
6,pre_rope,381,0.002612051786854863
6,pre_rope,382,0.0025793230161070824
6,pre_rope,383,0.00257500889711082
6,pre_rope,384,0.0025586297269910574
6,pre_rope,385,0.0025520077906548977
6,pre_rope,386,0.002527232514694333
6,pre_rope,387,0.002516941400244832
6,pre_rope,388,0.0025004781782627106
6,pre_rope,389,0.0024919037241488695
6,pre_rope,390,0.0024658190086483955
6,pre_rope,391,0.002443508943542838
6,pre_rope,392,0.0024378655944019556
6,pre_rope,393,0.0024128654040396214
6,pre_rope,394,0.002401814330369234
6,pre_rope,395,0.00239153322763741
6,pre_rope,396,0.002359323902055621
6,pre_rope,397,0.0023434446193277836
6,pre_rope,398,0.0023351877462118864
6,pre_rope,399,0.0023130655754357576
6,pre_rope,400,0.002303006360307336
6,pre_rope,401,0.0022927706595510244
6,pre_rope,402,0.0022919250186532736
6,pre_rope,403,0.0022601066157221794
6,pre_rope,404,0.002252826001495123
6,pre_rope,405,0.002227689838036895
6,pre_rope,406,0.0022151011507958174
6,pre_rope,407,0.00220291456207633
6,pre_rope,408,0.002193121239542961
6,pre_rope,409,0.002179335569962859
6,pre_rope,410,0.0021628071554005146
6,pre_rope,411,0.002136106137186289
6,pre_rope,412,0.0021249803248792887
6,pre_rope,413,0.002115839160978794
6,pre_rope,414,0.0020941549446433783
6,pre_rope,415,0.0020875418558716774
6,pre_rope,416,0.002077003475278616
6,pre_rope,417,0.002064663451164961
6,pre_rope,418,0.0020368043333292007
6,pre_rope,419,0.002031928626820445
6,pre_rope,420,0.0020066755823791027
6,pre_rope,421,0.001992166507989168
6,pre_rope,422,0.0019704627338796854
6,pre_rope,423,0.001965293660759926
6,pre_rope,424,0.0019440455362200737
6,pre_rope,425,0.0019288810435682535
6,pre_rope,426,0.0019233044004067779
6,pre_rope,427,0.0019071551505476236
6,pre_rope,428,0.0018996850121766329
6,pre_rope,429,0.0018958031432703137
6,pre_rope,430,0.0018793577328324318
6,pre_rope,431,0.0018697724444791675
6,pre_rope,432,0.0018576420843601227
6,pre_rope,433,0.0018376581137999892
6,pre_rope,434,0.0018311331514269114
6,pre_rope,435,0.0018103099428117275
6,pre_rope,436,0.0017990811029449105
6,pre_rope,437,0.0017898267833516002
6,pre_rope,438,0.0017857183702290058
6,pre_rope,439,0.0017622937448322773
6,pre_rope,440,0.0017443089745938778
6,pre_rope,441,0.0017298958264291286
6,pre_rope,442,0.0017236879793927073
6,pre_rope,443,0.0017060399986803532
6,pre_rope,444,0.0017045998247340322
6,pre_rope,445,0.0016952544683590531
6,pre_rope,446,0.0016804228071123362
6,pre_rope,447,0.0016710857162252069
6,pre_rope,448,0.0016497514443472028
6,pre_rope,449,0.0016415154095739126
6,pre_rope,450,0.001640204805880785
6,pre_rope,451,0.0016234435606747866
6,pre_rope,452,0.0016028094105422497
6,pre_rope,453,0.0015876522520557046
6,pre_rope,454,0.0015862075379118323
6,pre_rope,455,0.0015549941454082727
6,pre_rope,456,0.0015433609951287508
6,pre_rope,457,0.001538583543151617
6,pre_rope,458,0.00152291776612401
6,pre_rope,459,0.0015161929186433554
6,pre_rope,460,0.0015018167905509472
6,pre_rope,461,0.001486687222495675
6,pre_rope,462,0.0014555883826687932
6,pre_rope,463,0.001436125487089157
6,pre_rope,464,0.0014246117789298296
6,pre_rope,465,0.001417095074430108
6,pre_rope,466,0.0014023587573319674
6,pre_rope,467,0.0013860625913366675
6,pre_rope,468,0.001368505647405982
6,pre_rope,469,0.0013620284153148532
6,pre_rope,470,0.0013326320331543684
6,pre_rope,471,0.0013213030761107802
6,pre_rope,472,0.0013153566978871822
6,pre_rope,473,0.001308988779783249
6,pre_rope,474,0.0012933117104694247
6,pre_rope,475,0.001269840169698
6,pre_rope,476,0.0012553207343444228
6,pre_rope,477,0.001239868812263012
6,pre_rope,478,0.0012214293237775564
6,pre_rope,479,0.0012030137004330754
6,pre_rope,480,0.0011922415578737855
6,pre_rope,481,0.001181774539873004
6,pre_rope,482,0.0011651996755972505
6,pre_rope,483,0.0011401192750781775
6,pre_rope,484,0.0011083412682637572
6,pre_rope,485,0.0011027066502720118
6,pre_rope,486,0.0010772822424769402
6,pre_rope,487,0.0010718590347096324
6,pre_rope,488,0.0010466763051226735
6,pre_rope,489,0.001020857016555965
6,pre_rope,490,0.0010049550328403711
6,pre_rope,491,0.0009798514656722546
6,pre_rope,492,0.0009696282795630395
6,pre_rope,493,0.0009389153565280139
6,pre_rope,494,0.0009149212273769081
6,pre_rope,495,0.0008852028986439109
6,pre_rope,496,0.0008608591160736978
6,pre_rope,497,0.0008453375776298344
6,pre_rope,498,0.0008171932422555983
6,pre_rope,499,0.0007896392489783466
6,pre_rope,500,0.000728935468941927
6,pre_rope,501,0.000695065304171294
6,pre_rope,502,0.0006594584556296468
6,pre_rope,503,0.0006513908156193793
6,pre_rope,504,0.0006059490842744708
6,pre_rope,505,0.0005853070761077106
6,pre_rope,506,0.0005712791462428868
6,pre_rope,507,0.0005299082840792835
6,pre_rope,508,0.0005014585913158953
6,pre_rope,509,0.0004931643488816917
6,pre_rope,510,0.0004511185979936272
6,pre_rope,511,0.0004440844932105392
6,pre_rope,512,0.0004218080430291593
6,post_rope,1,1.0
6,post_rope,2,0.21054275333881378
6,post_rope,3,0.18962056934833527
6,post_rope,4,0.16893503069877625
6,post_rope,5,0.16238974034786224
6,post_rope,6,0.15188480913639069
6,post_rope,7,0.14819124341011047
6,post_rope,8,0.14527279138565063
6,post_rope,9,0.1431690752506256
6,post_rope,10,0.14169347286224365
6,post_rope,11,0.1335238516330719
6,post_rope,12,0.13304884731769562
6,post_rope,13,0.13136617839336395
6,post_rope,14,0.12942244112491608
6,post_rope,15,0.12751464545726776
6,post_rope,16,0.12578323483467102
6,post_rope,17,0.12381884455680847
6,post_rope,18,0.12131036072969437
6,post_rope,19,0.12076842039823532
6,post_rope,20,0.11851949244737625
6,post_rope,21,0.11745122820138931
6,post_rope,22,0.11619933694601059
6,post_rope,23,0.11568973958492279
6,post_rope,24,0.11381395161151886
6,post_rope,25,0.11275088787078857
6,post_rope,26,0.11143758147954941
6,post_rope,27,0.10998785495758057
6,post_rope,28,0.10851137340068817
6,post_rope,29,0.1064353659749031
6,post_rope,30,0.10599134862422943
6,post_rope,31,0.10353238135576248
6,post_rope,32,0.10026002675294876
6,post_rope,33,0.09970292448997498
6,post_rope,34,0.09938109666109085
6,post_rope,35,0.09779147803783417
6,post_rope,36,0.09598273783922195
6,post_rope,37,0.09515725821256638
6,post_rope,38,0.09423231333494186
6,post_rope,39,0.09300275146961212
6,post_rope,40,0.08910734206438065
6,post_rope,41,0.08796653151512146
6,post_rope,42,0.08557666838169098
6,post_rope,43,0.08463146537542343
6,post_rope,44,0.08257897198200226
6,post_rope,45,0.0814177617430687
6,post_rope,46,0.07998433709144592
6,post_rope,47,0.07756969332695007
6,post_rope,48,0.07405223697423935
6,post_rope,49,0.07367811352014542
6,post_rope,50,0.07268683612346649
6,post_rope,51,0.0698576271533966
6,post_rope,52,0.06760451942682266
6,post_rope,53,0.06439200043678284
6,post_rope,54,0.063131183385849
6,post_rope,55,0.0609695129096508
6,post_rope,56,0.05937935411930084
6,post_rope,57,0.054788023233413696
6,post_rope,58,0.05061649903655052
6,post_rope,59,0.04827917367219925
6,post_rope,60,0.04645838588476181
6,post_rope,61,0.043927017599344254
6,post_rope,62,0.04285884276032448
6,post_rope,63,0.04092865809798241
6,post_rope,64,0.03879261389374733
6,post_rope,65,0.037915341556072235
6,post_rope,66,0.03766757622361183
6,post_rope,67,0.03696131333708763
6,post_rope,68,0.03621578961610794
6,post_rope,69,0.03593851998448372
6,post_rope,70,0.03546218201518059
6,post_rope,71,0.03517555445432663
6,post_rope,72,0.034847527742385864
6,post_rope,73,0.034439414739608765
6,post_rope,74,0.034060053527355194
6,post_rope,75,0.03380833938717842
6,post_rope,76,0.03369246423244476
6,post_rope,77,0.03333720937371254
6,post_rope,78,0.03321731463074684
6,post_rope,79,0.032822638750076294
6,post_rope,80,0.03263210877776146
6,post_rope,81,0.03238267824053764
6,post_rope,82,0.032253578305244446
6,post_rope,83,0.03208259120583534
6,post_rope,84,0.03200656920671463
6,post_rope,85,0.031551606953144073
6,post_rope,86,0.031507186591625214
6,post_rope,87,0.030855782330036163
6,post_rope,88,0.03052254393696785
6,post_rope,89,0.030387984588742256
6,post_rope,90,0.029947122558951378
6,post_rope,91,0.029855826869606972
6,post_rope,92,0.029702551662921906
6,post_rope,93,0.029550889506936073
6,post_rope,94,0.029425283893942833
6,post_rope,95,0.029318546876311302
6,post_rope,96,0.028934210538864136
6,post_rope,97,0.028580034151673317
6,post_rope,98,0.028384201228618622
6,post_rope,99,0.02834618091583252
6,post_rope,100,0.028116073459386826
6,post_rope,101,0.027819626033306122
6,post_rope,102,0.027648145332932472
6,post_rope,103,0.02741764672100544
6,post_rope,104,0.027138609439134598
6,post_rope,105,0.026839978992938995
6,post_rope,106,0.026687081903219223
6,post_rope,107,0.026636075228452682
6,post_rope,108,0.026390286162495613
6,post_rope,109,0.026351485401391983
6,post_rope,110,0.02603488601744175
6,post_rope,111,0.025920497253537178
6,post_rope,112,0.02579777128994465
6,post_rope,113,0.02559133619070053
6,post_rope,114,0.025497235357761383
6,post_rope,115,0.02531309612095356
6,post_rope,116,0.025218768045306206
6,post_rope,117,0.024908248335123062
6,post_rope,118,0.024667078629136086
6,post_rope,119,0.024518677964806557
6,post_rope,120,0.024363748729228973
6,post_rope,121,0.024312343448400497
6,post_rope,122,0.02406710386276245
6,post_rope,123,0.02395728789269924
6,post_rope,124,0.023664362728595734
6,post_rope,125,0.023477604612708092
6,post_rope,126,0.023324251174926758
6,post_rope,127,0.023241670802235603
6,post_rope,128,0.02316955104470253
6,post_rope,129,0.023087147623300552
6,post_rope,130,0.023007594048976898
6,post_rope,131,0.022796345874667168
6,post_rope,132,0.022667108103632927
6,post_rope,133,0.022460198029875755
6,post_rope,134,0.022364981472492218
6,post_rope,135,0.0221562422811985
6,post_rope,136,0.022123493254184723
6,post_rope,137,0.02211529016494751
6,post_rope,138,0.02191927284002304
6,post_rope,139,0.021831143647432327
6,post_rope,140,0.02160590887069702
6,post_rope,141,0.021589234471321106
6,post_rope,142,0.02150273695588112
6,post_rope,143,0.021181996911764145
6,post_rope,144,0.021103855222463608
6,post_rope,145,0.021009590476751328
6,post_rope,146,0.020910877734422684
6,post_rope,147,0.020848771557211876
6,post_rope,148,0.02080862782895565
6,post_rope,149,0.02074631117284298
6,post_rope,150,0.020651372149586678
6,post_rope,151,0.020458975806832314
6,post_rope,152,0.020411517471075058
6,post_rope,153,0.020190099254250526
6,post_rope,154,0.02015998400747776
6,post_rope,155,0.020019838586449623
6,post_rope,156,0.019950363785028458
6,post_rope,157,0.01989937201142311
6,post_rope,158,0.019803781062364578
6,post_rope,159,0.019747959449887276
6,post_rope,160,0.019665051251649857
6,post_rope,161,0.01945221796631813
6,post_rope,162,0.019436543807387352
6,post_rope,163,0.019383465871214867
6,post_rope,164,0.019349247217178345
6,post_rope,165,0.019265441223978996
6,post_rope,166,0.019171250984072685
6,post_rope,167,0.019031507894396782
6,post_rope,168,0.01898667775094509
6,post_rope,169,0.018877210095524788
6,post_rope,170,0.018854668363928795
6,post_rope,171,0.018749648705124855
6,post_rope,172,0.01867786981165409
6,post_rope,173,0.018645882606506348
6,post_rope,174,0.018487146124243736
6,post_rope,175,0.018437493592500687
6,post_rope,176,0.01832246221601963
6,post_rope,177,0.01829167641699314
6,post_rope,178,0.01828126423060894
6,post_rope,179,0.018188025802373886
6,post_rope,180,0.01810416392982006
6,post_rope,181,0.017988484352827072
6,post_rope,182,0.017879044637084007
6,post_rope,183,0.017838796600699425
6,post_rope,184,0.017761405557394028
6,post_rope,185,0.017740797251462936
6,post_rope,186,0.017683470621705055
6,post_rope,187,0.01759420894086361
6,post_rope,188,0.017582664266228676
6,post_rope,189,0.01752958633005619
6,post_rope,190,0.017415441572666168
6,post_rope,191,0.01740373484790325
6,post_rope,192,0.017284881323575974
6,post_rope,193,0.01721038669347763
6,post_rope,194,0.017147263512015343
6,post_rope,195,0.016982873901724815
6,post_rope,196,0.016943639144301414
6,post_rope,197,0.016878556460142136
6,post_rope,198,0.016777588054537773
6,post_rope,199,0.016743209213018417
6,post_rope,200,0.0166289284825325
6,post_rope,201,0.016608836129307747
6,post_rope,202,0.016574596986174583
6,post_rope,203,0.016469892114400864
6,post_rope,204,0.016371581703424454
6,post_rope,205,0.01631084643304348
6,post_rope,206,0.016266144812107086
6,post_rope,207,0.016181007027626038
6,post_rope,208,0.01614387519657612
6,post_rope,209,0.016032712534070015
6,post_rope,210,0.015936583280563354
6,post_rope,211,0.015927206724882126
6,post_rope,212,0.015826068818569183
6,post_rope,213,0.015798229724168777
6,post_rope,214,0.01577610708773136
6,post_rope,215,0.01569884829223156
6,post_rope,216,0.015630343928933144
6,post_rope,217,0.015554295852780342
6,post_rope,218,0.015519658103585243
6,post_rope,219,0.015455576591193676
6,post_rope,220,0.015367774292826653
6,post_rope,221,0.015302930027246475
6,post_rope,222,0.015261733904480934
6,post_rope,223,0.015161347575485706
6,post_rope,224,0.015125433914363384
6,post_rope,225,0.015038169920444489
6,post_rope,226,0.01499369740486145
6,post_rope,227,0.014907808974385262
6,post_rope,228,0.014866797253489494
6,post_rope,229,0.01484210416674614
6,post_rope,230,0.014755547046661377
6,post_rope,231,0.014677032828330994
6,post_rope,232,0.014602551236748695
6,post_rope,233,0.014584751799702644
6,post_rope,234,0.014551632106304169
6,post_rope,235,0.014533777721226215
6,post_rope,236,0.014419717714190483
6,post_rope,237,0.01436108723282814
6,post_rope,238,0.014344329945743084
6,post_rope,239,0.014216827228665352
6,post_rope,240,0.01414843276143074
6,post_rope,241,0.014030642807483673
6,post_rope,242,0.013993187807500362
6,post_rope,243,0.013970221392810345
6,post_rope,244,0.013902909122407436
6,post_rope,245,0.013860891573131084
6,post_rope,246,0.013785133138298988
6,post_rope,247,0.013763944618403912
6,post_rope,248,0.013710254803299904
6,post_rope,249,0.01367050688713789
6,post_rope,250,0.013563435524702072
6,post_rope,251,0.013420685194432735
6,post_rope,252,0.013363782316446304
6,post_rope,253,0.01332948636263609
6,post_rope,254,0.013307497836649418
6,post_rope,255,0.013262900523841381
6,post_rope,256,0.013245142064988613
6,post_rope,257,0.01318144891411066
6,post_rope,258,0.013148318976163864
6,post_rope,259,0.013109328225255013
6,post_rope,260,0.013026800937950611
6,post_rope,261,0.012966757640242577
6,post_rope,262,0.012840659357607365
6,post_rope,263,0.012791983783245087
6,post_rope,264,0.012731864117085934
6,post_rope,265,0.012661651708185673
6,post_rope,266,0.01264731865376234
6,post_rope,267,0.01258548442274332
6,post_rope,268,0.012518269941210747
6,post_rope,269,0.0124810254201293
6,post_rope,270,0.01242633443325758
6,post_rope,271,0.01241490337997675
6,post_rope,272,0.01235929410904646
6,post_rope,273,0.012289231643080711
6,post_rope,274,0.012255185283720493
6,post_rope,275,0.012206194922327995
6,post_rope,276,0.012183981947600842
6,post_rope,277,0.012104107066988945
6,post_rope,278,0.012091901153326035
6,post_rope,279,0.012034348212182522
6,post_rope,280,0.012012006714940071
6,post_rope,281,0.011909463442862034
6,post_rope,282,0.011860658414661884
6,post_rope,283,0.01181001402437687
6,post_rope,284,0.011770930141210556
6,post_rope,285,0.011750023812055588
6,post_rope,286,0.01168519351631403
6,post_rope,287,0.011623336002230644
6,post_rope,288,0.011589311994612217
6,post_rope,289,0.011531658470630646
6,post_rope,290,0.01145812589675188
6,post_rope,291,0.011437912471592426
6,post_rope,292,0.011374049820005894
6,post_rope,293,0.011335222981870174
6,post_rope,294,0.011297693476080894
6,post_rope,295,0.011236781254410744
6,post_rope,296,0.01119938213378191
6,post_rope,297,0.011125847697257996
6,post_rope,298,0.011103342287242413
6,post_rope,299,0.011034145951271057
6,post_rope,300,0.010961722582578659
6,post_rope,301,0.010900937020778656
6,post_rope,302,0.010833004489541054
6,post_rope,303,0.010811652056872845
6,post_rope,304,0.010773466899991035
6,post_rope,305,0.010684967041015625
6,post_rope,306,0.010668185539543629
6,post_rope,307,0.010654338635504246
6,post_rope,308,0.010535121895372868
6,post_rope,309,0.010460223071277142
6,post_rope,310,0.01041035633534193
6,post_rope,311,0.010371054522693157
6,post_rope,312,0.01034507341682911
6,post_rope,313,0.010272697545588017
6,post_rope,314,0.010233253240585327
6,post_rope,315,0.01022135466337204
6,post_rope,316,0.010174024850130081
6,post_rope,317,0.010072472505271435
6,post_rope,318,0.010050809010863304
6,post_rope,319,0.010025372728705406
6,post_rope,320,0.009957441128790379
6,post_rope,321,0.009941245429217815
6,post_rope,322,0.009882158599793911
6,post_rope,323,0.009849418886005878
6,post_rope,324,0.009820147417485714
6,post_rope,325,0.009724359959363937
6,post_rope,326,0.009709082543849945
6,post_rope,327,0.009698889218270779
6,post_rope,328,0.009680568240582943
6,post_rope,329,0.009630817919969559
6,post_rope,330,0.009529239498078823
6,post_rope,331,0.009499622508883476
6,post_rope,332,0.00947033055126667
6,post_rope,333,0.0094497911632061
6,post_rope,334,0.009433711878955364
6,post_rope,335,0.00936912652105093
6,post_rope,336,0.009294221177697182
6,post_rope,337,0.009268979541957378
6,post_rope,338,0.009223883971571922
6,post_rope,339,0.009189820848405361
6,post_rope,340,0.009123668074607849
6,post_rope,341,0.009098930284380913
6,post_rope,342,0.009067846462130547
6,post_rope,343,0.009036137722432613
6,post_rope,344,0.009012619964778423
6,post_rope,345,0.008968169800937176
6,post_rope,346,0.008952571079134941
6,post_rope,347,0.00885690376162529
6,post_rope,348,0.00881698913872242
6,post_rope,349,0.008770120330154896
6,post_rope,350,0.008727752603590488
6,post_rope,351,0.008679904043674469
6,post_rope,352,0.00865381769835949
6,post_rope,353,0.008609738200902939
6,post_rope,354,0.008595122955739498
6,post_rope,355,0.008561508730053902
6,post_rope,356,0.008516337722539902
6,post_rope,357,0.008489578031003475
6,post_rope,358,0.00844490248709917
6,post_rope,359,0.008419926278293133
6,post_rope,360,0.008345586247742176
6,post_rope,361,0.00834134966135025
6,post_rope,362,0.008319379761815071
6,post_rope,363,0.008253216743469238
6,post_rope,364,0.00820520706474781
6,post_rope,365,0.008178983815014362
6,post_rope,366,0.00813373178243637
6,post_rope,367,0.008109056390821934
6,post_rope,368,0.008065269328653812
6,post_rope,369,0.008044408634305
6,post_rope,370,0.008018290624022484
6,post_rope,371,0.0079969372600317
6,post_rope,372,0.007976109161973
6,post_rope,373,0.007955090142786503
6,post_rope,374,0.007906271144747734
6,post_rope,375,0.00786437839269638
6,post_rope,376,0.007825384847819805
6,post_rope,377,0.0077742296271026134
6,post_rope,378,0.007755293045192957
6,post_rope,379,0.007710899226367474
6,post_rope,380,0.007669765967875719
6,post_rope,381,0.007633133325725794
6,post_rope,382,0.007588322274386883
6,post_rope,383,0.007558138575404882
6,post_rope,384,0.007530136499553919
6,post_rope,385,0.007460301276296377
6,post_rope,386,0.007435430772602558
6,post_rope,387,0.007391856051981449
6,post_rope,388,0.007385375443845987
6,post_rope,389,0.00735540920868516
6,post_rope,390,0.007342551834881306
6,post_rope,391,0.0072852615267038345
6,post_rope,392,0.007245355751365423
6,post_rope,393,0.007230331189930439
6,post_rope,394,0.0071982452645897865
6,post_rope,395,0.007158888969570398
6,post_rope,396,0.0071023316122591496
6,post_rope,397,0.007082135416567326
6,post_rope,398,0.00706077367067337
6,post_rope,399,0.007044211495667696
6,post_rope,400,0.006989012006670237
6,post_rope,401,0.006953224074095488
6,post_rope,402,0.006941299885511398
6,post_rope,403,0.0069122957065701485
6,post_rope,404,0.006886688526719809
6,post_rope,405,0.006833815947175026
6,post_rope,406,0.006820119451731443
6,post_rope,407,0.006769942119717598
6,post_rope,408,0.006752041634172201
6,post_rope,409,0.006711979862302542
6,post_rope,410,0.006666658446192741
6,post_rope,411,0.006636708043515682
6,post_rope,412,0.006606504786759615
6,post_rope,413,0.006582623813301325
6,post_rope,414,0.006558043882250786
6,post_rope,415,0.0065472922287881374
6,post_rope,416,0.006529911421239376
6,post_rope,417,0.006449471227824688
6,post_rope,418,0.006429243367165327
6,post_rope,419,0.006395520642399788
6,post_rope,420,0.006379852537065744
6,post_rope,421,0.006326758302748203
6,post_rope,422,0.006316544022411108
6,post_rope,423,0.006245745811611414
6,post_rope,424,0.006230557337403297
6,post_rope,425,0.006199106108397245
6,post_rope,426,0.006187876686453819
6,post_rope,427,0.006129110231995583
6,post_rope,428,0.006113163195550442
6,post_rope,429,0.006078471429646015
6,post_rope,430,0.006059103179723024
6,post_rope,431,0.006028912495821714
6,post_rope,432,0.006019250955432653
6,post_rope,433,0.006009122356772423
6,post_rope,434,0.005939125549048185
6,post_rope,435,0.005912411957979202
6,post_rope,436,0.005886862985789776
6,post_rope,437,0.005838839337229729
6,post_rope,438,0.005818498786538839
6,post_rope,439,0.005803409963846207
6,post_rope,440,0.0057639493606984615
6,post_rope,441,0.005750011652708054
6,post_rope,442,0.005714881233870983
6,post_rope,443,0.005662953946739435
6,post_rope,444,0.00564371794462204
6,post_rope,445,0.005603402387350798
6,post_rope,446,0.005576550029218197
6,post_rope,447,0.005523772444576025
6,post_rope,448,0.005489186849445105
6,post_rope,449,0.00547266099601984
6,post_rope,450,0.0054460265673696995
6,post_rope,451,0.0054011414758861065
6,post_rope,452,0.005338446237146854
6,post_rope,453,0.0052909161895513535
6,post_rope,454,0.005270800087600946
6,post_rope,455,0.005237777251750231
6,post_rope,456,0.005227955523878336
6,post_rope,457,0.005194566678255796
6,post_rope,458,0.005176810547709465
6,post_rope,459,0.005147094838321209
6,post_rope,460,0.005106388591229916
6,post_rope,461,0.005070589482784271
6,post_rope,462,0.0049769082106649876
6,post_rope,463,0.004957927390933037
6,post_rope,464,0.004915079101920128
6,post_rope,465,0.00487156305462122
6,post_rope,466,0.004819719586521387
6,post_rope,467,0.004790362901985645
6,post_rope,468,0.004779434762895107
6,post_rope,469,0.0047076549381017685
6,post_rope,470,0.004682997241616249
6,post_rope,471,0.004633408039808273
6,post_rope,472,0.004571788944303989
6,post_rope,473,0.004549412056803703
6,post_rope,474,0.004511677194386721
6,post_rope,475,0.004460800439119339
6,post_rope,476,0.00440435903146863
6,post_rope,477,0.004372583236545324
6,post_rope,478,0.004300306085497141
6,post_rope,479,0.004280115477740765
6,post_rope,480,0.004234782885760069
6,post_rope,481,0.00414583133533597
6,post_rope,482,0.004116753116250038
6,post_rope,483,0.004048969130963087
6,post_rope,484,0.0039635831490159035
6,post_rope,485,0.0039125788025557995
6,post_rope,486,0.003876081667840481
6,post_rope,487,0.0037886290811002254
6,post_rope,488,0.0037355239037424326
6,post_rope,489,0.003684083931148052
6,post_rope,490,0.0036526042968034744
6,post_rope,491,0.003579918062314391
6,post_rope,492,0.003545357147231698
6,post_rope,493,0.003459376282989979
6,post_rope,494,0.003409984055906534
6,post_rope,495,0.003384701209142804
6,post_rope,496,0.0033455516677349806
6,post_rope,497,0.00320836971513927
6,post_rope,498,0.003140148473903537
6,post_rope,499,0.003076672088354826
6,post_rope,500,0.00302011682651937
6,post_rope,501,0.0029837198089808226
6,post_rope,502,0.0028988360427320004
6,post_rope,503,0.002827610820531845
6,post_rope,504,0.00268954923376441
6,post_rope,505,0.0026348810642957687
6,post_rope,506,0.002530605299398303
6,post_rope,507,0.002468278631567955
6,post_rope,508,0.002359186764806509
6,post_rope,509,0.0022932931315153837
6,post_rope,510,0.0021813635248690844
6,post_rope,511,0.0019388690125197172
6,post_rope,512,0.0017379613127559423
7,pre_rope,1,1.0
7,pre_rope,2,0.17548875510692596
7,pre_rope,3,0.16142384707927704
7,pre_rope,4,0.13496404886245728
7,pre_rope,5,0.13258466124534607
7,pre_rope,6,0.10713610053062439
7,pre_rope,7,0.10639917105436325
7,pre_rope,8,0.09231306612491608
7,pre_rope,9,0.08938465267419815
7,pre_rope,10,0.08599703758955002
7,pre_rope,11,0.07821432501077652
7,pre_rope,12,0.07300294190645218
7,pre_rope,13,0.07038883864879608
7,pre_rope,14,0.06760652363300323
7,pre_rope,15,0.06636130809783936
7,pre_rope,16,0.0625157356262207
7,pre_rope,17,0.05981244146823883
7,pre_rope,18,0.0575113371014595
7,pre_rope,19,0.05602913722395897
7,pre_rope,20,0.05376061424612999
7,pre_rope,21,0.05294770002365112
7,pre_rope,22,0.051755622029304504
7,pre_rope,23,0.0504009872674942
7,pre_rope,24,0.049045030027627945
7,pre_rope,25,0.048311084508895874
7,pre_rope,26,0.04491126537322998
7,pre_rope,27,0.044525302946567535
7,pre_rope,28,0.04376472532749176
7,pre_rope,29,0.04234751686453819
7,pre_rope,30,0.04063109681010246
7,pre_rope,31,0.039291609078645706
7,pre_rope,32,0.03861872851848602
7,pre_rope,33,0.037901002913713455
7,pre_rope,34,0.03764558210968971
7,pre_rope,35,0.03685973584651947
7,pre_rope,36,0.03596576303243637
7,pre_rope,37,0.035197142511606216
7,pre_rope,38,0.03484475240111351
7,pre_rope,39,0.034462153911590576
7,pre_rope,40,0.033683497458696365
7,pre_rope,41,0.033152393996715546
7,pre_rope,42,0.03265594318509102
7,pre_rope,43,0.03180691972374916
7,pre_rope,44,0.0316513329744339
7,pre_rope,45,0.030928000807762146
7,pre_rope,46,0.030844924971461296
7,pre_rope,47,0.030327146872878075
7,pre_rope,48,0.029897795990109444
7,pre_rope,49,0.02984173595905304
7,pre_rope,50,0.029131844639778137
7,pre_rope,51,0.028743620961904526
7,pre_rope,52,0.028211314231157303
7,pre_rope,53,0.02767081931233406
7,pre_rope,54,0.027316397055983543
7,pre_rope,55,0.027033815160393715
7,pre_rope,56,0.02665187418460846
7,pre_rope,57,0.026281781494617462
7,pre_rope,58,0.026035035029053688
7,pre_rope,59,0.02563168853521347
7,pre_rope,60,0.025477586314082146
7,pre_rope,61,0.025142626836895943
7,pre_rope,62,0.02485007233917713
7,pre_rope,63,0.024578405544161797
7,pre_rope,64,0.024126796051859856
7,pre_rope,65,0.023878786712884903
7,pre_rope,66,0.023515110835433006
7,pre_rope,67,0.023326801136136055
7,pre_rope,68,0.023306945338845253
7,pre_rope,69,0.023093443363904953
7,pre_rope,70,0.022963592782616615
7,pre_rope,71,0.02259688824415207
7,pre_rope,72,0.022135503590106964
7,pre_rope,73,0.021902358159422874
7,pre_rope,74,0.021757273003458977
7,pre_rope,75,0.021692074835300446
7,pre_rope,76,0.02147563546895981
7,pre_rope,77,0.02135913260281086
7,pre_rope,78,0.0210855845361948
7,pre_rope,79,0.020808562636375427
7,pre_rope,80,0.020735973492264748
7,pre_rope,81,0.02029534801840782
7,pre_rope,82,0.02010485902428627
7,pre_rope,83,0.0200561061501503
7,pre_rope,84,0.019772935658693314
7,pre_rope,85,0.019512148573994637
7,pre_rope,86,0.019337091594934464
7,pre_rope,87,0.019263995811343193
7,pre_rope,88,0.01898445188999176
7,pre_rope,89,0.018877996131777763
7,pre_rope,90,0.01869906112551689
7,pre_rope,91,0.018470726907253265
7,pre_rope,92,0.018206732347607613
7,pre_rope,93,0.018124481663107872
7,pre_rope,94,0.017872409895062447
7,pre_rope,95,0.017768776044249535
7,pre_rope,96,0.0176633819937706
7,pre_rope,97,0.017626892775297165
7,pre_rope,98,0.017287174239754677
7,pre_rope,99,0.017173107713460922
7,pre_rope,100,0.01706317625939846
7,pre_rope,101,0.016973117366433144
7,pre_rope,102,0.016810735687613487
7,pre_rope,103,0.01660272479057312
7,pre_rope,104,0.0164005346596241
7,pre_rope,105,0.016347303986549377
7,pre_rope,106,0.016158686950802803
7,pre_rope,107,0.01609283685684204
7,pre_rope,108,0.015857301652431488
7,pre_rope,109,0.015778755769133568
7,pre_rope,110,0.015681881457567215
7,pre_rope,111,0.01566530391573906
7,pre_rope,112,0.015481424517929554
7,pre_rope,113,0.015396086499094963
7,pre_rope,114,0.01524871401488781
7,pre_rope,115,0.015142466872930527
7,pre_rope,116,0.015027991496026516
7,pre_rope,117,0.01500115729868412
7,pre_rope,118,0.01487817894667387
7,pre_rope,119,0.014622342772781849
7,pre_rope,120,0.014557749964296818
7,pre_rope,121,0.0144491633400321
7,pre_rope,122,0.014394199475646019
7,pre_rope,123,0.014218619093298912
7,pre_rope,124,0.014060111716389656
7,pre_rope,125,0.013993301428854465
7,pre_rope,126,0.013913408853113651
7,pre_rope,127,0.013814765959978104
7,pre_rope,128,0.013657588511705399
7,pre_rope,129,0.013535043224692345
7,pre_rope,130,0.013460047543048859
7,pre_rope,131,0.01342812366783619
7,pre_rope,132,0.013302301988005638
7,pre_rope,133,0.013293069787323475
7,pre_rope,134,0.01309792511165142
7,pre_rope,135,0.013036955147981644
7,pre_rope,136,0.012958863750100136
7,pre_rope,137,0.012770327739417553
7,pre_rope,138,0.01273670420050621
7,pre_rope,139,0.012636786326766014
7,pre_rope,140,0.012597042135894299
7,pre_rope,141,0.012580093927681446
7,pre_rope,142,0.01250311266630888
7,pre_rope,143,0.012278004549443722
7,pre_rope,144,0.012202752754092216
7,pre_rope,145,0.012083900161087513
7,pre_rope,146,0.012014978565275669
7,pre_rope,147,0.0120006762444973
7,pre_rope,148,0.011945527046918869
7,pre_rope,149,0.011853260919451714
7,pre_rope,150,0.011761223897337914
7,pre_rope,151,0.011725111864507198
7,pre_rope,152,0.011615165509283543
7,pre_rope,153,0.011575231328606606
7,pre_rope,154,0.011496705003082752
7,pre_rope,155,0.01146667916327715
7,pre_rope,156,0.011379207484424114
7,pre_rope,157,0.01120696309953928
7,pre_rope,158,0.011175846680998802
7,pre_rope,159,0.011099847964942455
7,pre_rope,160,0.011088927276432514
7,pre_rope,161,0.010947302915155888
7,pre_rope,162,0.010873605497181416
7,pre_rope,163,0.01082130428403616
7,pre_rope,164,0.010782243683934212
7,pre_rope,165,0.010728877037763596
7,pre_rope,166,0.010674788616597652
7,pre_rope,167,0.01061901357024908
7,pre_rope,168,0.01046313438564539
7,pre_rope,169,0.010403656400740147
7,pre_rope,170,0.01036835927516222
7,pre_rope,171,0.010285289958119392
7,pre_rope,172,0.010125826112926006
7,pre_rope,173,0.010104910470545292
7,pre_rope,174,0.010025887750089169
7,pre_rope,175,0.010018976405262947
7,pre_rope,176,0.00996282696723938
7,pre_rope,177,0.009931612759828568
7,pre_rope,178,0.009911255910992622
7,pre_rope,179,0.00979759730398655
7,pre_rope,180,0.009771420620381832
7,pre_rope,181,0.009733851067721844
7,pre_rope,182,0.009630785323679447
7,pre_rope,183,0.009584697894752026
7,pre_rope,184,0.009532850235700607
7,pre_rope,185,0.009459670633077621
7,pre_rope,186,0.009435642510652542
7,pre_rope,187,0.009324643760919571
7,pre_rope,188,0.009233965538442135
7,pre_rope,189,0.009228591807186604
7,pre_rope,190,0.00920969806611538
7,pre_rope,191,0.009185964241623878
7,pre_rope,192,0.009158237837255001
7,pre_rope,193,0.009061671793460846
7,pre_rope,194,0.00905365776270628
7,pre_rope,195,0.008963859640061855
7,pre_rope,196,0.00892939418554306
7,pre_rope,197,0.00885370746254921
7,pre_rope,198,0.008820137940347195
7,pre_rope,199,0.008669818751513958
7,pre_rope,200,0.008663413114845753
7,pre_rope,201,0.00860995426774025
7,pre_rope,202,0.008564513176679611
7,pre_rope,203,0.008551995269954205
7,pre_rope,204,0.008537857793271542
7,pre_rope,205,0.008460508659482002
7,pre_rope,206,0.00840203557163477
7,pre_rope,207,0.008383306674659252
7,pre_rope,208,0.00835005659610033
7,pre_rope,209,0.008296405896544456
7,pre_rope,210,0.00828851480036974
7,pre_rope,211,0.008232204243540764
7,pre_rope,212,0.008127513341605663
7,pre_rope,213,0.008099300786852837
7,pre_rope,214,0.008038514293730259
7,pre_rope,215,0.007988348603248596
7,pre_rope,216,0.007947415113449097
7,pre_rope,217,0.007876996882259846
7,pre_rope,218,0.007854865863919258
7,pre_rope,219,0.007836625911295414
7,pre_rope,220,0.007801953237503767
7,pre_rope,221,0.007734926417469978
7,pre_rope,222,0.007716858293861151
7,pre_rope,223,0.007649309001863003
7,pre_rope,224,0.007631656248122454
7,pre_rope,225,0.0075632487423717976
7,pre_rope,226,0.007525373715907335
7,pre_rope,227,0.007521611172705889
7,pre_rope,228,0.0074328407645225525
7,pre_rope,229,0.0073937284760177135
7,pre_rope,230,0.007372173946350813
7,pre_rope,231,0.007336773909628391
7,pre_rope,232,0.007322544232010841
7,pre_rope,233,0.007280117832124233
7,pre_rope,234,0.007202856708317995
7,pre_rope,235,0.007188088726252317
7,pre_rope,236,0.007158452179282904
7,pre_rope,237,0.00714640598744154
7,pre_rope,238,0.007070851046591997
7,pre_rope,239,0.007025063503533602
7,pre_rope,240,0.006945276632905006
7,pre_rope,241,0.0069227865897119045
7,pre_rope,242,0.006896315608173609
7,pre_rope,243,0.006870494689792395
7,pre_rope,244,0.006852676626294851
7,pre_rope,245,0.00674991263076663
7,pre_rope,246,0.006728104315698147
7,pre_rope,247,0.006704817991703749
7,pre_rope,248,0.006655504461377859
7,pre_rope,249,0.006642710417509079
7,pre_rope,250,0.006584085989743471
7,pre_rope,251,0.006567910313606262
7,pre_rope,252,0.006534950342029333
7,pre_rope,253,0.00650373287498951
7,pre_rope,254,0.006468817591667175
7,pre_rope,255,0.006398685742169619
7,pre_rope,256,0.006372035015374422
7,pre_rope,257,0.006354900076985359
7,pre_rope,258,0.006321328226476908
7,pre_rope,259,0.006288770120590925
7,pre_rope,260,0.006247461773455143
7,pre_rope,261,0.006201771553605795
7,pre_rope,262,0.006191708613187075
7,pre_rope,263,0.0061562564224004745
7,pre_rope,264,0.006143081001937389
7,pre_rope,265,0.006083316169679165
7,pre_rope,266,0.006027879659086466
7,pre_rope,267,0.005995831917971373
7,pre_rope,268,0.0059737470000982285
7,pre_rope,269,0.005949356593191624
7,pre_rope,270,0.005922808311879635
7,pre_rope,271,0.005904581397771835
7,pre_rope,272,0.005871678702533245
7,pre_rope,273,0.005807619076222181
7,pre_rope,274,0.005789841990917921
7,pre_rope,275,0.005759208928793669
7,pre_rope,276,0.0057450393214821815
7,pre_rope,277,0.005699114874005318
7,pre_rope,278,0.0056739551946520805
7,pre_rope,279,0.0056649851612746716
7,pre_rope,280,0.005594892892986536
7,pre_rope,281,0.005586910992860794
7,pre_rope,282,0.005518213380128145
7,pre_rope,283,0.005494999699294567
7,pre_rope,284,0.005464798305183649
7,pre_rope,285,0.005452857818454504
7,pre_rope,286,0.005441733635962009
7,pre_rope,287,0.00541672483086586
7,pre_rope,288,0.005369733087718487
7,pre_rope,289,0.005304246675223112
7,pre_rope,290,0.005292560905218124
7,pre_rope,291,0.0052436236292123795
7,pre_rope,292,0.005224491469562054
7,pre_rope,293,0.00519876042380929
7,pre_rope,294,0.005149847827851772
7,pre_rope,295,0.005127522628754377
7,pre_rope,296,0.005094962660223246
7,pre_rope,297,0.0050722453743219376
7,pre_rope,298,0.005070598796010017
7,pre_rope,299,0.005015138536691666
7,pre_rope,300,0.005003581754863262
7,pre_rope,301,0.0049653202295303345
7,pre_rope,302,0.004959136713296175
7,pre_rope,303,0.00493263266980648
7,pre_rope,304,0.0049027386121451855
7,pre_rope,305,0.0048998151905834675
7,pre_rope,306,0.004857015796005726
7,pre_rope,307,0.004819867201149464
7,pre_rope,308,0.004804843571037054
7,pre_rope,309,0.0047515942715108395
7,pre_rope,310,0.004735125228762627
7,pre_rope,311,0.00470596831291914
7,pre_rope,312,0.004698155913501978
7,pre_rope,313,0.0046873074024915695
7,pre_rope,314,0.004658603109419346
7,pre_rope,315,0.004611602984368801
7,pre_rope,316,0.004576410632580519
7,pre_rope,317,0.004553042817860842
7,pre_rope,318,0.004528709687292576
7,pre_rope,319,0.00451993104070425
7,pre_rope,320,0.004486339166760445
7,pre_rope,321,0.004471092950552702
7,pre_rope,322,0.004450809210538864
7,pre_rope,323,0.004424229729920626
7,pre_rope,324,0.004385948646813631
7,pre_rope,325,0.0043565952219069
7,pre_rope,326,0.00434457790106535
7,pre_rope,327,0.004335817880928516
7,pre_rope,328,0.004309547133743763
7,pre_rope,329,0.0042816633358597755
7,pre_rope,330,0.004241530783474445
7,pre_rope,331,0.004217087756842375
7,pre_rope,332,0.004192132968455553
7,pre_rope,333,0.004187123849987984
7,pre_rope,334,0.00418080622330308
7,pre_rope,335,0.004142895806580782
7,pre_rope,336,0.004110453184694052
7,pre_rope,337,0.004092310089617968
7,pre_rope,338,0.004075512755662203
7,pre_rope,339,0.004064925014972687
7,pre_rope,340,0.00403605867177248
7,pre_rope,341,0.004023347515612841
7,pre_rope,342,0.004001708701252937
7,pre_rope,343,0.003977456130087376
7,pre_rope,344,0.003968582954257727
7,pre_rope,345,0.003943878225982189
7,pre_rope,346,0.003922277595847845
7,pre_rope,347,0.0038665011525154114
7,pre_rope,348,0.0038484102115035057
7,pre_rope,349,0.00383126363158226
7,pre_rope,350,0.0038054126780480146
7,pre_rope,351,0.003787135472521186
7,pre_rope,352,0.0037620174698531628
7,pre_rope,353,0.003751846496015787
7,pre_rope,354,0.0037433942779898643
7,pre_rope,355,0.003699707332998514
7,pre_rope,356,0.003682224778458476
7,pre_rope,357,0.0036756282206624746
7,pre_rope,358,0.0036483346484601498
7,pre_rope,359,0.0036417250521481037
7,pre_rope,360,0.0036204257048666477
7,pre_rope,361,0.003579211886972189
7,pre_rope,362,0.0035663163289427757
7,pre_rope,363,0.0035439839120954275
7,pre_rope,364,0.0035175345838069916
7,pre_rope,365,0.0035076483618468046
7,pre_rope,366,0.0034949020482599735
7,pre_rope,367,0.00347434775903821
7,pre_rope,368,0.003453140612691641
7,pre_rope,369,0.0034376445692032576
7,pre_rope,370,0.0034006645437330008
7,pre_rope,371,0.0033878087997436523
7,pre_rope,372,0.003382239257916808
7,pre_rope,373,0.0033471581991761923
7,pre_rope,374,0.003334044711664319
7,pre_rope,375,0.0033107735216617584
7,pre_rope,376,0.0032907186541706324
7,pre_rope,377,0.003277382580563426
7,pre_rope,378,0.003250190755352378
7,pre_rope,379,0.003222586354240775
7,pre_rope,380,0.0032153502106666565
7,pre_rope,381,0.003206019988283515
7,pre_rope,382,0.0031770430505275726
7,pre_rope,383,0.0031637295614928007
7,pre_rope,384,0.003128673881292343
7,pre_rope,385,0.0031103682704269886
7,pre_rope,386,0.003100289963185787
7,pre_rope,387,0.003088473342359066
7,pre_rope,388,0.003065285971388221
7,pre_rope,389,0.0030304361134767532
7,pre_rope,390,0.0030011353082954884
7,pre_rope,391,0.002996280090883374
7,pre_rope,392,0.0029606225434690714
7,pre_rope,393,0.002946804743260145
7,pre_rope,394,0.0029305408243089914
7,pre_rope,395,0.0029173544608056545
7,pre_rope,396,0.0028946660459041595
7,pre_rope,397,0.0028811015654355288
7,pre_rope,398,0.002866020193323493
7,pre_rope,399,0.002844318514689803
7,pre_rope,400,0.0028252096381038427
7,pre_rope,401,0.0028082909993827343
7,pre_rope,402,0.002792841987684369
7,pre_rope,403,0.0027554279658943415
7,pre_rope,404,0.002755250781774521
7,pre_rope,405,0.0027379451785236597
7,pre_rope,406,0.0027301516383886337
7,pre_rope,407,0.0027102911844849586
7,pre_rope,408,0.002687297761440277
7,pre_rope,409,0.00266831717453897
7,pre_rope,410,0.0026559203397482634
7,pre_rope,411,0.002625985536724329
7,pre_rope,412,0.00260412460193038
7,pre_rope,413,0.002584125380963087
7,pre_rope,414,0.0025696814991533756
7,pre_rope,415,0.002563759684562683
7,pre_rope,416,0.0025498189497739077
7,pre_rope,417,0.0025315615348517895
7,pre_rope,418,0.0025191050954163074
7,pre_rope,419,0.002515941858291626
7,pre_rope,420,0.0025017959997057915
7,pre_rope,421,0.0024786300491541624
7,pre_rope,422,0.002471507992595434
7,pre_rope,423,0.0024355414789170027
7,pre_rope,424,0.0024055903777480125
7,pre_rope,425,0.002386180916801095
7,pre_rope,426,0.002371245063841343
7,pre_rope,427,0.002351882867515087
7,pre_rope,428,0.0023418241180479527
7,pre_rope,429,0.0023303984198719263
7,pre_rope,430,0.0023133791983127594
7,pre_rope,431,0.0022831663955003023
7,pre_rope,432,0.0022722880821675062
7,pre_rope,433,0.0022460028994828463
7,pre_rope,434,0.0022337285336107016
7,pre_rope,435,0.002217343542724848
7,pre_rope,436,0.002207726240158081
7,pre_rope,437,0.0021855600643903017
7,pre_rope,438,0.002152644097805023
7,pre_rope,439,0.0021439555566757917
7,pre_rope,440,0.0021332658361643553
7,pre_rope,441,0.00211052387021482
7,pre_rope,442,0.002087480155751109
7,pre_rope,443,0.0020786330569535494
7,pre_rope,444,0.0020331917330622673
7,pre_rope,445,0.0020202849991619587
7,pre_rope,446,0.0020143946167081594
7,pre_rope,447,0.001988278701901436
7,pre_rope,448,0.001978009007871151
7,pre_rope,449,0.0019717381801456213
7,pre_rope,450,0.0019478013273328543
7,pre_rope,451,0.0019372550304979086
7,pre_rope,452,0.0019031092524528503
7,pre_rope,453,0.0018976032733917236
7,pre_rope,454,0.0018747181165963411
7,pre_rope,455,0.001858953619375825
7,pre_rope,456,0.001839561969973147
7,pre_rope,457,0.001821773243136704
7,pre_rope,458,0.0018000492127612233
7,pre_rope,459,0.0017875009216368198
7,pre_rope,460,0.001780486898496747
7,pre_rope,461,0.0017447605496272445
7,pre_rope,462,0.0017345842206850648
7,pre_rope,463,0.0017222517635673285
7,pre_rope,464,0.001697785104624927
7,pre_rope,465,0.0016778433928266168
7,pre_rope,466,0.001667036209255457
7,pre_rope,467,0.0016449450049549341
7,pre_rope,468,0.0016321631846949458
7,pre_rope,469,0.0016117533668875694
7,pre_rope,470,0.0016019089380279183
7,pre_rope,471,0.0015727628488093615
7,pre_rope,472,0.0015523000620305538
7,pre_rope,473,0.0015310767339542508
7,pre_rope,474,0.0015211094869300723
7,pre_rope,475,0.0015022368170320988
7,pre_rope,476,0.0014898577937856317
7,pre_rope,477,0.0014716824516654015
7,pre_rope,478,0.0014504902064800262
7,pre_rope,479,0.0014226644998416305
7,pre_rope,480,0.0014181793667376041
7,pre_rope,481,0.00138648203574121
7,pre_rope,482,0.0013753378298133612
7,pre_rope,483,0.001365065574645996
7,pre_rope,484,0.0013439285103231668
7,pre_rope,485,0.0013232820201665163
7,pre_rope,486,0.001307348720729351
7,pre_rope,487,0.0012767567532137036
7,pre_rope,488,0.0012459381250664592
7,pre_rope,489,0.0012444653548300266
7,pre_rope,490,0.001218428835272789
7,pre_rope,491,0.0011801646323874593
7,pre_rope,492,0.0011746337404474616
7,pre_rope,493,0.0011625533225014806
7,pre_rope,494,0.0011223482433706522
7,pre_rope,495,0.0010896004969254136
7,pre_rope,496,0.0010576710337772965
7,pre_rope,497,0.0010404229396954179
7,pre_rope,498,0.0010240527335554361
7,pre_rope,499,0.001019954914227128
7,pre_rope,500,0.0009744382696226239
7,pre_rope,501,0.0009549182141199708
7,pre_rope,502,0.0008821780211292207
7,pre_rope,503,0.0008751712739467621
7,pre_rope,504,0.0008426742278970778
7,pre_rope,505,0.0008186772465705872
7,pre_rope,506,0.000775875523686409
7,pre_rope,507,0.0007481711800210178
7,pre_rope,508,0.0007237952668219805
7,pre_rope,509,0.0007176508661359549
7,pre_rope,510,0.0006707706488668919
7,pre_rope,511,0.0006562895141541958
7,pre_rope,512,0.0006098013836890459
7,post_rope,1,1.0
7,post_rope,2,0.22423155605793
7,post_rope,3,0.19398455321788788
7,post_rope,4,0.17928150296211243
7,post_rope,5,0.1752103567123413
7,post_rope,6,0.16440264880657196
7,post_rope,7,0.1617034524679184
7,post_rope,8,0.15458206832408905
7,post_rope,9,0.15118518471717834
7,post_rope,10,0.14721114933490753
7,post_rope,11,0.14522048830986023
7,post_rope,12,0.1417303830385208
7,post_rope,13,0.13847775757312775
7,post_rope,14,0.13564081490039825
7,post_rope,15,0.13382011651992798
7,post_rope,16,0.13060389459133148
7,post_rope,17,0.13013608753681183
7,post_rope,18,0.12732373178005219
7,post_rope,19,0.12595678865909576
7,post_rope,20,0.12370715290307999
7,post_rope,21,0.11926112323999405
7,post_rope,22,0.11823684722185135
7,post_rope,23,0.116153284907341
7,post_rope,24,0.11474761366844177
7,post_rope,25,0.10696585476398468
7,post_rope,26,0.10120515525341034
7,post_rope,27,0.09941010177135468
7,post_rope,28,0.09767142683267593
7,post_rope,29,0.09718656539916992
7,post_rope,30,0.09598508477210999
7,post_rope,31,0.09224091470241547
7,post_rope,32,0.08808083832263947
7,post_rope,33,0.08667145669460297
7,post_rope,34,0.08448448032140732
7,post_rope,35,0.08213460445404053
7,post_rope,36,0.07668852806091309
7,post_rope,37,0.07402889430522919
7,post_rope,38,0.07266335934400558
7,post_rope,39,0.07227107137441635
7,post_rope,40,0.07176769524812698
7,post_rope,41,0.07108920812606812
7,post_rope,42,0.07066395878791809
7,post_rope,43,0.06878776103258133
7,post_rope,44,0.06825549900531769
7,post_rope,45,0.06794658303260803
7,post_rope,46,0.06686673313379288
7,post_rope,47,0.0647023394703865
7,post_rope,48,0.062083251774311066
7,post_rope,49,0.06041784584522247
7,post_rope,50,0.05741852521896362
7,post_rope,51,0.05575934797525406
7,post_rope,52,0.05519983172416687
7,post_rope,53,0.05254967510700226
7,post_rope,54,0.051664430648088455
7,post_rope,55,0.04918031394481659
7,post_rope,56,0.047392427921295166
7,post_rope,57,0.0466889925301075
7,post_rope,58,0.04584450647234917
7,post_rope,59,0.04487871378660202
7,post_rope,60,0.043384965509176254
7,post_rope,61,0.042787227779626846
7,post_rope,62,0.04187052324414253
7,post_rope,63,0.04080146551132202
7,post_rope,64,0.04039369150996208
7,post_rope,65,0.039610520005226135
7,post_rope,66,0.03899111971259117
7,post_rope,67,0.03837959095835686
7,post_rope,68,0.037860579788684845
7,post_rope,69,0.0375819206237793
7,post_rope,70,0.03739437460899353
7,post_rope,71,0.03659307584166527
7,post_rope,72,0.03620430454611778
7,post_rope,73,0.035997550934553146
7,post_rope,74,0.03553090617060661
7,post_rope,75,0.03525146469473839
7,post_rope,76,0.034790512174367905
7,post_rope,77,0.034419432282447815
7,post_rope,78,0.03420189768075943
7,post_rope,79,0.03411351144313812
7,post_rope,80,0.033783212304115295
7,post_rope,81,0.033249303698539734
7,post_rope,82,0.0332166813313961
7,post_rope,83,0.03291240334510803
7,post_rope,84,0.032529909163713455
7,post_rope,85,0.03249645605683327
7,post_rope,86,0.032081056386232376
7,post_rope,87,0.03186860308051109
7,post_rope,88,0.03167693316936493
7,post_rope,89,0.03164203092455864
7,post_rope,90,0.03163330629467964
7,post_rope,91,0.03130212426185608
7,post_rope,92,0.03106919303536415
7,post_rope,93,0.030863041058182716
7,post_rope,94,0.030770456418395042
7,post_rope,95,0.0306523647159338
7,post_rope,96,0.030339714139699936
7,post_rope,97,0.030087348073720932
7,post_rope,98,0.029910309240221977
7,post_rope,99,0.0298856683075428
7,post_rope,100,0.02965928055346012
7,post_rope,101,0.029608143493533134
7,post_rope,102,0.029179761186242104
7,post_rope,103,0.02907157503068447
7,post_rope,104,0.02899029478430748
7,post_rope,105,0.02890358492732048
7,post_rope,106,0.028750842437148094
7,post_rope,107,0.028496960178017616
7,post_rope,108,0.02838246338069439
7,post_rope,109,0.02808235026896
7,post_rope,110,0.028036752715706825
7,post_rope,111,0.027849264442920685
7,post_rope,112,0.027375975623726845
7,post_rope,113,0.027254730463027954
7,post_rope,114,0.027189450338482857
7,post_rope,115,0.0270028505474329
7,post_rope,116,0.026793090626597404
7,post_rope,117,0.02661074884235859
7,post_rope,118,0.026524778455495834
7,post_rope,119,0.026358583942055702
7,post_rope,120,0.026168756186962128
7,post_rope,121,0.026053454726934433
7,post_rope,122,0.0259323101490736
7,post_rope,123,0.025776172056794167
7,post_rope,124,0.025695020332932472
7,post_rope,125,0.02557608112692833
7,post_rope,126,0.025312447920441628
7,post_rope,127,0.025201264768838882
7,post_rope,128,0.025108376517891884
7,post_rope,129,0.024947514757514
7,post_rope,130,0.02481534332036972
7,post_rope,131,0.024679845198988914
7,post_rope,132,0.024582358077168465
7,post_rope,133,0.024403510615229607
7,post_rope,134,0.024363288655877113
7,post_rope,135,0.02422373741865158
7,post_rope,136,0.02411811053752899
7,post_rope,137,0.024060502648353577
7,post_rope,138,0.023762011900544167
7,post_rope,139,0.023733945563435555
7,post_rope,140,0.02360338345170021
7,post_rope,141,0.02349722571671009
7,post_rope,142,0.023409713059663773
7,post_rope,143,0.023315556347370148
7,post_rope,144,0.023273780941963196
7,post_rope,145,0.023046286776661873
7,post_rope,146,0.022963427007198334
7,post_rope,147,0.0228585172444582
7,post_rope,148,0.02281976118683815
7,post_rope,149,0.022678568959236145
7,post_rope,150,0.022596677765250206
7,post_rope,151,0.02249363623559475
7,post_rope,152,0.022342227399349213
7,post_rope,153,0.0222029909491539
7,post_rope,154,0.022103630006313324
7,post_rope,155,0.022066179662942886
7,post_rope,156,0.022010963410139084
7,post_rope,157,0.021776404231786728
7,post_rope,158,0.021673932671546936
7,post_rope,159,0.021594014018774033
7,post_rope,160,0.021521246060729027
7,post_rope,161,0.021389421075582504
7,post_rope,162,0.02136736363172531
7,post_rope,163,0.02125619351863861
7,post_rope,164,0.02115185745060444
7,post_rope,165,0.020990824326872826
7,post_rope,166,0.02093670330941677
7,post_rope,167,0.02079092338681221
7,post_rope,168,0.020751237869262695
7,post_rope,169,0.020607803016901016
7,post_rope,170,0.020498594269156456
7,post_rope,171,0.020417390391230583
7,post_rope,172,0.020334187895059586
7,post_rope,173,0.020208971574902534
7,post_rope,174,0.020150436088442802
7,post_rope,175,0.020072484388947487
7,post_rope,176,0.0198427215218544
7,post_rope,177,0.019833093509078026
7,post_rope,178,0.01977449469268322
7,post_rope,179,0.0195928942412138
7,post_rope,180,0.01955847069621086
7,post_rope,181,0.019431423395872116
7,post_rope,182,0.019408904016017914
7,post_rope,183,0.01930694282054901
7,post_rope,184,0.019256265833973885
7,post_rope,185,0.019208161160349846
7,post_rope,186,0.019148116931319237
7,post_rope,187,0.019123166799545288
7,post_rope,188,0.01893032342195511
7,post_rope,189,0.01890058070421219
7,post_rope,190,0.018775630742311478
7,post_rope,191,0.018707063049077988
7,post_rope,192,0.01863846555352211
7,post_rope,193,0.018541347235441208
7,post_rope,194,0.018428459763526917
7,post_rope,195,0.0184160303324461
7,post_rope,196,0.01823902502655983
7,post_rope,197,0.018194017931818962
7,post_rope,198,0.01812938041985035
7,post_rope,199,0.018075112253427505
7,post_rope,200,0.01800118014216423
7,post_rope,201,0.017899004742503166
7,post_rope,202,0.017853790894150734
7,post_rope,203,0.017688332125544548
7,post_rope,204,0.017645252868533134
7,post_rope,205,0.01759948395192623
7,post_rope,206,0.017577042803168297
7,post_rope,207,0.01753396913409233
7,post_rope,208,0.017459329217672348
7,post_rope,209,0.017420189455151558
7,post_rope,210,0.017330972477793694
7,post_rope,211,0.01726289466023445
7,post_rope,212,0.017200501635670662
7,post_rope,213,0.017147943377494812
7,post_rope,214,0.017109641805291176
7,post_rope,215,0.0169842466711998
7,post_rope,216,0.01687440648674965
7,post_rope,217,0.016817446798086166
7,post_rope,218,0.016713012009859085
7,post_rope,219,0.016674233600497246
7,post_rope,220,0.016619989648461342
7,post_rope,221,0.016563672572374344
7,post_rope,222,0.016471682116389275
7,post_rope,223,0.016429107636213303
7,post_rope,224,0.016377143561840057
7,post_rope,225,0.016306784003973007
7,post_rope,226,0.01621592976152897
7,post_rope,227,0.016190586611628532
7,post_rope,228,0.01614857092499733
7,post_rope,229,0.016038814559578896
7,post_rope,230,0.01597953401505947
7,post_rope,231,0.015909170731902122
7,post_rope,232,0.01580500788986683
7,post_rope,233,0.015728337690234184
7,post_rope,234,0.015712272375822067
7,post_rope,235,0.01564660854637623
7,post_rope,236,0.015522416681051254
7,post_rope,237,0.015481619164347649
7,post_rope,238,0.015446501784026623
7,post_rope,239,0.015409576706588268
7,post_rope,240,0.015338854864239693
7,post_rope,241,0.01526187825948
7,post_rope,242,0.015239747241139412
7,post_rope,243,0.015189162455499172
7,post_rope,244,0.015138068236410618
7,post_rope,245,0.015091235749423504
7,post_rope,246,0.014971642754971981
7,post_rope,247,0.014924030750989914
7,post_rope,248,0.014896920882165432
7,post_rope,249,0.01488067302852869
7,post_rope,250,0.01479796040803194
7,post_rope,251,0.014779984019696712
7,post_rope,252,0.014730099588632584
7,post_rope,253,0.014717287383973598
7,post_rope,254,0.014622503891587257
7,post_rope,255,0.01452062651515007
7,post_rope,256,0.014470848254859447
7,post_rope,257,0.014445279724895954
7,post_rope,258,0.014373905956745148
7,post_rope,259,0.014250832609832287
7,post_rope,260,0.014190226793289185
7,post_rope,261,0.014142104424536228
7,post_rope,262,0.014090148732066154
7,post_rope,263,0.014054831117391586
7,post_rope,264,0.01398044265806675
7,post_rope,265,0.01396735105663538
7,post_rope,266,0.013846898451447487
7,post_rope,267,0.01383389811962843
7,post_rope,268,0.013801810331642628
7,post_rope,269,0.013680747710168362
7,post_rope,270,0.01366701815277338
7,post_rope,271,0.013603059574961662
7,post_rope,272,0.01354889664798975
7,post_rope,273,0.013516946695744991
7,post_rope,274,0.013454428873956203
7,post_rope,275,0.013428489677608013
7,post_rope,276,0.013339373283088207
7,post_rope,277,0.013286587782204151
7,post_rope,278,0.013261844404041767
7,post_rope,279,0.013214120641350746
7,post_rope,280,0.013158646412193775
7,post_rope,281,0.01311981026083231
7,post_rope,282,0.013054893352091312
7,post_rope,283,0.013026244938373566
7,post_rope,284,0.012955195270478725
7,post_rope,285,0.012917344458401203
7,post_rope,286,0.012861828319728374
7,post_rope,287,0.012829308398067951
7,post_rope,288,0.012784412130713463
7,post_rope,289,0.012746751308441162
7,post_rope,290,0.012718739919364452
7,post_rope,291,0.012658467516303062
7,post_rope,292,0.012617521919310093
7,post_rope,293,0.0125431502237916
7,post_rope,294,0.012509125284850597
7,post_rope,295,0.012471979483962059
7,post_rope,296,0.012458023615181446
7,post_rope,297,0.01237795315682888
7,post_rope,298,0.012350192293524742
7,post_rope,299,0.012259394861757755
7,post_rope,300,0.012196947820484638
7,post_rope,301,0.012165348045527935
7,post_rope,302,0.012135636061429977
7,post_rope,303,0.012123103253543377
7,post_rope,304,0.012097513303160667
7,post_rope,305,0.012043386697769165
7,post_rope,306,0.011920852586627007
7,post_rope,307,0.011898265220224857
7,post_rope,308,0.011820986866950989
7,post_rope,309,0.01180336344987154
7,post_rope,310,0.0117645887658
7,post_rope,311,0.01173096802085638
7,post_rope,312,0.0116573516279459
7,post_rope,313,0.01163405179977417
7,post_rope,314,0.011559613049030304
7,post_rope,315,0.011544369161128998
7,post_rope,316,0.011501885019242764
7,post_rope,317,0.01140695158392191
7,post_rope,318,0.011377917602658272
7,post_rope,319,0.011336617171764374
7,post_rope,320,0.011313638649880886
7,post_rope,321,0.011283623985946178
7,post_rope,322,0.011266777291893959
7,post_rope,323,0.011190962046384811
7,post_rope,324,0.011160786263644695
7,post_rope,325,0.011129788123071194
7,post_rope,326,0.0110934404656291
7,post_rope,327,0.011032400652766228
7,post_rope,328,0.010955296456813812
7,post_rope,329,0.010913846082985401
7,post_rope,330,0.010902417823672295
7,post_rope,331,0.010862421244382858
7,post_rope,332,0.010804915800690651
7,post_rope,333,0.010752054862678051
7,post_rope,334,0.010724040679633617
7,post_rope,335,0.01062551885843277
7,post_rope,336,0.0105995899066329
7,post_rope,337,0.010571208782494068
7,post_rope,338,0.010488125495612621
7,post_rope,339,0.010470335371792316
7,post_rope,340,0.010440563783049583
7,post_rope,341,0.01038761343806982
7,post_rope,342,0.01032631378620863
7,post_rope,343,0.010296294465661049
7,post_rope,344,0.010271595790982246
7,post_rope,345,0.010215417481958866
7,post_rope,346,0.010150057263672352
7,post_rope,347,0.01011368166655302
7,post_rope,348,0.010071401484310627
7,post_rope,349,0.010048314929008484
7,post_rope,350,0.009990664198994637
7,post_rope,351,0.009972255676984787
7,post_rope,352,0.009938853792846203
7,post_rope,353,0.009901488199830055
7,post_rope,354,0.009844442829489708
7,post_rope,355,0.009792095050215721
7,post_rope,356,0.009764556773006916
7,post_rope,357,0.0097114946693182
7,post_rope,358,0.009671168401837349
7,post_rope,359,0.009644009172916412
7,post_rope,360,0.009592988528311253
7,post_rope,361,0.00953810103237629
7,post_rope,362,0.009515805169939995
7,post_rope,363,0.009488502517342567
7,post_rope,364,0.009477672167122364
7,post_rope,365,0.009459514170885086
7,post_rope,366,0.009342273697257042
7,post_rope,367,0.009291915223002434
7,post_rope,368,0.009272631257772446
7,post_rope,369,0.009253167547285557
7,post_rope,370,0.009213957004249096
7,post_rope,371,0.009204172529280186
7,post_rope,372,0.009136497974395752
7,post_rope,373,0.009109620936214924
7,post_rope,374,0.00904895644634962
7,post_rope,375,0.008976953104138374
7,post_rope,376,0.00896183680742979
7,post_rope,377,0.008930357173085213
7,post_rope,378,0.008904630318284035
7,post_rope,379,0.008861113339662552
7,post_rope,380,0.00884231086820364
7,post_rope,381,0.008785129524767399
7,post_rope,382,0.008750852197408676
7,post_rope,383,0.008657890371978283
7,post_rope,384,0.008645090274512768
7,post_rope,385,0.008599351160228252
7,post_rope,386,0.008571049198508263
7,post_rope,387,0.008524181321263313
7,post_rope,388,0.008491575717926025
7,post_rope,389,0.008422900922596455
7,post_rope,390,0.008393247611820698
7,post_rope,391,0.008359557017683983
7,post_rope,392,0.008301490917801857
7,post_rope,393,0.008258907124400139
7,post_rope,394,0.008234918117523193
7,post_rope,395,0.008188536390662193
7,post_rope,396,0.008163804188370705
7,post_rope,397,0.00811232440173626
7,post_rope,398,0.008093155920505524
7,post_rope,399,0.008000765927135944
7,post_rope,400,0.007913460023701191
7,post_rope,401,0.007894470356404781
7,post_rope,402,0.00781323667615652
7,post_rope,403,0.007763849571347237
7,post_rope,404,0.007729746866971254
7,post_rope,405,0.007697463035583496
7,post_rope,406,0.007637970615178347
7,post_rope,407,0.007626436650753021
7,post_rope,408,0.007607694715261459
7,post_rope,409,0.0075539215467870235
7,post_rope,410,0.007513766176998615
7,post_rope,411,0.007477788254618645
7,post_rope,412,0.00742087559774518
7,post_rope,413,0.007398881949484348
7,post_rope,414,0.007362460717558861
7,post_rope,415,0.007292500697076321
7,post_rope,416,0.007261200342327356
7,post_rope,417,0.007232091389596462
7,post_rope,418,0.007204062305390835
7,post_rope,419,0.007167287636548281
7,post_rope,420,0.007090454921126366
7,post_rope,421,0.0069923377595841885
7,post_rope,422,0.006930770352482796
7,post_rope,423,0.006907612085342407
7,post_rope,424,0.006877044681459665
7,post_rope,425,0.006797801703214645
7,post_rope,426,0.006780365016311407
7,post_rope,427,0.006757482420653105
7,post_rope,428,0.0066977376118302345
7,post_rope,429,0.006654925178736448
7,post_rope,430,0.006591462995857
7,post_rope,431,0.006573766935616732
7,post_rope,432,0.00656119454652071
7,post_rope,433,0.006523905787616968
7,post_rope,434,0.006468454375863075
7,post_rope,435,0.006443544290959835
7,post_rope,436,0.006368251051753759
7,post_rope,437,0.006326853763312101
7,post_rope,438,0.006291705649346113
7,post_rope,439,0.006279721390455961
7,post_rope,440,0.006272291764616966
7,post_rope,441,0.006237922701984644
7,post_rope,442,0.006197900511324406
7,post_rope,443,0.006186185870319605
7,post_rope,444,0.006141645833849907
7,post_rope,445,0.00608790060505271
7,post_rope,446,0.006012648344039917
7,post_rope,447,0.0060043190605938435
7,post_rope,448,0.005986394360661507
7,post_rope,449,0.005949495825916529
7,post_rope,450,0.0058907452039420605
7,post_rope,451,0.005886368453502655
7,post_rope,452,0.005809993948787451
7,post_rope,453,0.005788661073893309
7,post_rope,454,0.005775968544185162
7,post_rope,455,0.00572181073948741
7,post_rope,456,0.005706602707505226
7,post_rope,457,0.005685032811015844
7,post_rope,458,0.005646735429763794
7,post_rope,459,0.005603381898254156
7,post_rope,460,0.005600634030997753
7,post_rope,461,0.0055657303892076015
7,post_rope,462,0.0054963440634310246
7,post_rope,463,0.005471686366945505
7,post_rope,464,0.0053946590051054955
7,post_rope,465,0.00536494143307209
7,post_rope,466,0.005317684728652239
7,post_rope,467,0.005274696741253138
7,post_rope,468,0.005254592280834913
7,post_rope,469,0.005186790134757757
7,post_rope,470,0.005152308847755194
7,post_rope,471,0.005106945987790823
7,post_rope,472,0.005064317956566811
7,post_rope,473,0.0050521534867584705
7,post_rope,474,0.005019217263907194
7,post_rope,475,0.004988479893654585
7,post_rope,476,0.004952814895659685
7,post_rope,477,0.004889750853180885
7,post_rope,478,0.004861251451075077
7,post_rope,479,0.00483130756765604
7,post_rope,480,0.004815687425434589
7,post_rope,481,0.004700399935245514
7,post_rope,482,0.004690089728683233
7,post_rope,483,0.0046639712527394295
7,post_rope,484,0.0046292138285934925
7,post_rope,485,0.00459712091833353
7,post_rope,486,0.004508045967668295
7,post_rope,487,0.00446075014770031
7,post_rope,488,0.0043859705328941345
7,post_rope,489,0.004347182344645262
7,post_rope,490,0.00427167909219861
7,post_rope,491,0.004179478622972965
7,post_rope,492,0.004166899714618921
7,post_rope,493,0.004098004661500454
7,post_rope,494,0.0040460010059177876
7,post_rope,495,0.003917453810572624
7,post_rope,496,0.003852322231978178
7,post_rope,497,0.003820326877757907
7,post_rope,498,0.003724057460203767
7,post_rope,499,0.0036471784114837646
7,post_rope,500,0.0035763364285230637
7,post_rope,501,0.003513123607262969
7,post_rope,502,0.0034819557331502438
7,post_rope,503,0.003420695196837187
7,post_rope,504,0.0032927331048995256
7,post_rope,505,0.003183887805789709
7,post_rope,506,0.003079852322116494
7,post_rope,507,0.003058604896068573
7,post_rope,508,0.002936549251899123
7,post_rope,509,0.0028835153207182884
7,post_rope,510,0.0028389571234583855
7,post_rope,511,0.002551587764173746
7,post_rope,512,0.0020908548031002283
8,pre_rope,1,1.0
8,pre_rope,2,0.18102160096168518
8,pre_rope,3,0.17035727202892303
8,pre_rope,4,0.15522567927837372
8,pre_rope,5,0.1479550302028656
8,pre_rope,6,0.1339544951915741
8,pre_rope,7,0.11856479942798615
8,pre_rope,8,0.1038568839430809
8,pre_rope,9,0.09992926567792892
8,pre_rope,10,0.08987915515899658
8,pre_rope,11,0.0895276740193367
8,pre_rope,12,0.08398833870887756
8,pre_rope,13,0.08178214728832245
8,pre_rope,14,0.07205505669116974
8,pre_rope,15,0.07091100513935089
8,pre_rope,16,0.06785581260919571
8,pre_rope,17,0.06602329015731812
8,pre_rope,18,0.06462432444095612
8,pre_rope,19,0.062083832919597626
8,pre_rope,20,0.0603596456348896
8,pre_rope,21,0.05840782821178436
8,pre_rope,22,0.054474927484989166
8,pre_rope,23,0.05140756070613861
8,pre_rope,24,0.04988650977611542
8,pre_rope,25,0.049170590937137604
8,pre_rope,26,0.04800979048013687
8,pre_rope,27,0.046063315123319626
8,pre_rope,28,0.045124687254428864
8,pre_rope,29,0.044726960361003876
8,pre_rope,30,0.04301198199391365
8,pre_rope,31,0.04242970049381256
8,pre_rope,32,0.041806865483522415
8,pre_rope,33,0.04124762490391731
8,pre_rope,34,0.0404290035367012
8,pre_rope,35,0.03992169350385666
8,pre_rope,36,0.03943537548184395
8,pre_rope,37,0.038581714034080505
8,pre_rope,38,0.03788475692272186
8,pre_rope,39,0.03741597756743431
8,pre_rope,40,0.036690548062324524
8,pre_rope,41,0.03609457612037659
8,pre_rope,42,0.03594553843140602
8,pre_rope,43,0.034974634647369385
8,pre_rope,44,0.034691669046878815
8,pre_rope,45,0.03399410843849182
8,pre_rope,46,0.033586613833904266
8,pre_rope,47,0.03330197185277939
8,pre_rope,48,0.0325356163084507
8,pre_rope,49,0.03201795741915703
8,pre_rope,50,0.03153010830283165
8,pre_rope,51,0.03082316927611828
8,pre_rope,52,0.03047141246497631
8,pre_rope,53,0.030170993879437447
8,pre_rope,54,0.029385505244135857
8,pre_rope,55,0.02872435934841633
8,pre_rope,56,0.02809481881558895
8,pre_rope,57,0.027826236560940742
8,pre_rope,58,0.027243636548519135
8,pre_rope,59,0.02656477689743042
8,pre_rope,60,0.026312129572033882
8,pre_rope,61,0.025784524157643318
8,pre_rope,62,0.025299333035945892
8,pre_rope,63,0.024688689038157463
8,pre_rope,64,0.024580996483564377
8,pre_rope,65,0.024162806570529938
8,pre_rope,66,0.023502392694354057
8,pre_rope,67,0.02320788986980915
8,pre_rope,68,0.023011550307273865
8,pre_rope,69,0.022630836814641953
8,pre_rope,70,0.022353529930114746
8,pre_rope,71,0.022133629769086838
8,pre_rope,72,0.021858753636479378
8,pre_rope,73,0.02151268534362316
8,pre_rope,74,0.021161416545510292
8,pre_rope,75,0.020613279193639755
8,pre_rope,76,0.020364632830023766
8,pre_rope,77,0.020361557602882385
8,pre_rope,78,0.019910145550966263
8,pre_rope,79,0.019650805741548538
8,pre_rope,80,0.019478050991892815
8,pre_rope,81,0.01917986012995243
8,pre_rope,82,0.01901593804359436
8,pre_rope,83,0.01863311417400837
8,pre_rope,84,0.01848767325282097
8,pre_rope,85,0.018290651962161064
8,pre_rope,86,0.018144898116588593
8,pre_rope,87,0.01776728965342045
8,pre_rope,88,0.01761050336062908
8,pre_rope,89,0.017434021458029747
8,pre_rope,90,0.017167888581752777
8,pre_rope,91,0.016965199261903763
8,pre_rope,92,0.016808342188596725
8,pre_rope,93,0.016491446644067764
8,pre_rope,94,0.016260184347629547
8,pre_rope,95,0.016254961490631104
8,pre_rope,96,0.016057631000876427
8,pre_rope,97,0.015993742272257805
8,pre_rope,98,0.015928544104099274
8,pre_rope,99,0.01573858968913555
8,pre_rope,100,0.015541685745120049
8,pre_rope,101,0.015353591181337833
8,pre_rope,102,0.015241377055644989
8,pre_rope,103,0.015017575584352016
8,pre_rope,104,0.01491599902510643
8,pre_rope,105,0.014835896901786327
8,pre_rope,106,0.014631176367402077
8,pre_rope,107,0.014563222415745258
8,pre_rope,108,0.014470997266471386
8,pre_rope,109,0.014377722516655922
8,pre_rope,110,0.014264901168644428
8,pre_rope,111,0.014030912891030312
8,pre_rope,112,0.01390563603490591
8,pre_rope,113,0.013880813494324684
8,pre_rope,114,0.013735773973166943
8,pre_rope,115,0.013467127457261086
8,pre_rope,116,0.013339608907699585
8,pre_rope,117,0.013254374265670776
8,pre_rope,118,0.013106659054756165
8,pre_rope,119,0.013092954643070698
8,pre_rope,120,0.012992571108043194
8,pre_rope,121,0.012883112765848637
8,pre_rope,122,0.01278727687895298
8,pre_rope,123,0.012736205011606216
8,pre_rope,124,0.012594680301845074
8,pre_rope,125,0.012472888454794884
8,pre_rope,126,0.012370985001325607
8,pre_rope,127,0.012332594022154808
8,pre_rope,128,0.012200145982205868
8,pre_rope,129,0.012148314155638218
8,pre_rope,130,0.012005018070340157
8,pre_rope,131,0.011935913935303688
8,pre_rope,132,0.011896018870174885
8,pre_rope,133,0.011837014928460121
8,pre_rope,134,0.011750816367566586
8,pre_rope,135,0.01169334352016449
8,pre_rope,136,0.011551380157470703
8,pre_rope,137,0.011445014737546444
8,pre_rope,138,0.011404367163777351
8,pre_rope,139,0.011298926547169685
8,pre_rope,140,0.011228987015783787
8,pre_rope,141,0.011182456277310848
8,pre_rope,142,0.01110269594937563
8,pre_rope,143,0.010960285551846027
8,pre_rope,144,0.010941287502646446
8,pre_rope,145,0.010806719772517681
8,pre_rope,146,0.010739432647824287
8,pre_rope,147,0.010649623349308968
8,pre_rope,148,0.010553324595093727
8,pre_rope,149,0.010506910271942616
8,pre_rope,150,0.010458781383931637
8,pre_rope,151,0.010429411195218563
8,pre_rope,152,0.01034779753535986
8,pre_rope,153,0.010305482894182205
8,pre_rope,154,0.010150427930057049
8,pre_rope,155,0.010142415761947632
8,pre_rope,156,0.010058794170618057
8,pre_rope,157,0.01003995817154646
8,pre_rope,158,0.009974878281354904
8,pre_rope,159,0.009875256568193436
8,pre_rope,160,0.009767931886017323
8,pre_rope,161,0.009760362096130848
8,pre_rope,162,0.009711338207125664
8,pre_rope,163,0.009632202796638012
8,pre_rope,164,0.009599839337170124
8,pre_rope,165,0.009549811482429504
8,pre_rope,166,0.009453807026147842
8,pre_rope,167,0.009365083649754524
8,pre_rope,168,0.00935059692710638
8,pre_rope,169,0.009225810877978802
8,pre_rope,170,0.009201174601912498
8,pre_rope,171,0.00916306208819151
8,pre_rope,172,0.00907085370272398
8,pre_rope,173,0.009057306684553623
8,pre_rope,174,0.008996093645691872
8,pre_rope,175,0.008938816376030445
8,pre_rope,176,0.008901380933821201
8,pre_rope,177,0.008841205388307571
8,pre_rope,178,0.008766545914113522
8,pre_rope,179,0.008742382749915123
8,pre_rope,180,0.008725772611796856
8,pre_rope,181,0.00859156996011734
8,pre_rope,182,0.00857497937977314
8,pre_rope,183,0.008544743061065674
8,pre_rope,184,0.008466945961117744
8,pre_rope,185,0.008435375057160854
8,pre_rope,186,0.008383108302950859
8,pre_rope,187,0.008358520455658436
8,pre_rope,188,0.008321433328092098
8,pre_rope,189,0.008256115019321442
8,pre_rope,190,0.008232999593019485
8,pre_rope,191,0.008164779283106327
8,pre_rope,192,0.00811909232288599
8,pre_rope,193,0.008088558912277222
8,pre_rope,194,0.008020280860364437
8,pre_rope,195,0.007946507073938847
8,pre_rope,196,0.007913387380540371
8,pre_rope,197,0.00790332444012165
8,pre_rope,198,0.007835723459720612
8,pre_rope,199,0.007811892312020063
8,pre_rope,200,0.007763262838125229
8,pre_rope,201,0.007731741759926081
8,pre_rope,202,0.007693734485656023
8,pre_rope,203,0.007645627483725548
8,pre_rope,204,0.007590916007757187
8,pre_rope,205,0.0075603388249874115
8,pre_rope,206,0.007523667067289352
8,pre_rope,207,0.007472046185284853
8,pre_rope,208,0.007452298887073994
8,pre_rope,209,0.0073721460066735744
8,pre_rope,210,0.007327368948608637
8,pre_rope,211,0.0073015387170016766
8,pre_rope,212,0.007282514125108719
8,pre_rope,213,0.007242416962981224
8,pre_rope,214,0.007212380412966013
8,pre_rope,215,0.007126850076019764
8,pre_rope,216,0.007117457687854767
8,pre_rope,217,0.007069605402648449
8,pre_rope,218,0.007020951248705387
8,pre_rope,219,0.006991595029830933
8,pre_rope,220,0.006954438053071499
8,pre_rope,221,0.00690425094217062
8,pre_rope,222,0.006900186650454998
8,pre_rope,223,0.006856582593172789
8,pre_rope,224,0.00682057486847043
8,pre_rope,225,0.006795890163630247
8,pre_rope,226,0.00673634884878993
8,pre_rope,227,0.006691701710224152
8,pre_rope,228,0.006639240309596062
8,pre_rope,229,0.006634630728513002
8,pre_rope,230,0.006564399227499962
8,pre_rope,231,0.006531160790473223
8,pre_rope,232,0.006504536140710115
8,pre_rope,233,0.006459588650614023
8,pre_rope,234,0.006438447628170252
8,pre_rope,235,0.006399399600923061
8,pre_rope,236,0.006356721743941307
8,pre_rope,237,0.006315163336694241
8,pre_rope,238,0.006293850485235453
8,pre_rope,239,0.00627669645473361
8,pre_rope,240,0.0062591806054115295
8,pre_rope,241,0.006222881376743317
8,pre_rope,242,0.006183688994497061
8,pre_rope,243,0.006171239074319601
8,pre_rope,244,0.006123085971921682
8,pre_rope,245,0.006115014664828777
8,pre_rope,246,0.006065518595278263
8,pre_rope,247,0.006044548004865646
8,pre_rope,248,0.006023039110004902
8,pre_rope,249,0.005966578144580126
8,pre_rope,250,0.0059557100757956505
8,pre_rope,251,0.0059240637347102165
8,pre_rope,252,0.005893349181860685
8,pre_rope,253,0.005876129027456045
8,pre_rope,254,0.0058191814459860325
8,pre_rope,255,0.0057834736071527
8,pre_rope,256,0.0057633379474282265
8,pre_rope,257,0.005724037531763315
8,pre_rope,258,0.005706347990781069
8,pre_rope,259,0.005682387389242649
8,pre_rope,260,0.0056558339856565
8,pre_rope,261,0.005637028720229864
8,pre_rope,262,0.005598376039415598
8,pre_rope,263,0.005555176176130772
8,pre_rope,264,0.0054988251067698
8,pre_rope,265,0.005486615933477879
8,pre_rope,266,0.005461250897496939
8,pre_rope,267,0.005444921087473631
8,pre_rope,268,0.00540947774425149
8,pre_rope,269,0.005403195973485708
8,pre_rope,270,0.005382830277085304
8,pre_rope,271,0.005330066196620464
8,pre_rope,272,0.005312272813171148
8,pre_rope,273,0.005275245290249586
8,pre_rope,274,0.005257414188235998
8,pre_rope,275,0.0052023958414793015
8,pre_rope,276,0.005182811990380287
8,pre_rope,277,0.005170704796910286
8,pre_rope,278,0.00514098908752203
8,pre_rope,279,0.005131365731358528
8,pre_rope,280,0.005109404679387808
8,pre_rope,281,0.005063316319137812
8,pre_rope,282,0.005046548787504435
8,pre_rope,283,0.005025165621191263
8,pre_rope,284,0.004982723388820887
8,pre_rope,285,0.00497338967397809
8,pre_rope,286,0.004926738794893026
8,pre_rope,287,0.004892638884484768
8,pre_rope,288,0.004882355686277151
8,pre_rope,289,0.0048393490724265575
8,pre_rope,290,0.00482145557180047
8,pre_rope,291,0.004816112108528614
8,pre_rope,292,0.004781374242156744
8,pre_rope,293,0.004758606664836407
8,pre_rope,294,0.004750148858875036
8,pre_rope,295,0.0047297184355556965
8,pre_rope,296,0.004703801590949297
8,pre_rope,297,0.004680000711232424
8,pre_rope,298,0.0046305968426167965
8,pre_rope,299,0.0046071442775428295
8,pre_rope,300,0.004581238143146038
8,pre_rope,301,0.004577509593218565
8,pre_rope,302,0.004537439439445734
8,pre_rope,303,0.004510668572038412
8,pre_rope,304,0.0044937231577932835
8,pre_rope,305,0.004460679832845926
8,pre_rope,306,0.004445905797183514
8,pre_rope,307,0.004431044217199087
8,pre_rope,308,0.0043939282186329365
8,pre_rope,309,0.004373107571154833
8,pre_rope,310,0.004354150500148535
8,pre_rope,311,0.004324998240917921
8,pre_rope,312,0.004302244633436203
8,pre_rope,313,0.00428102957084775
8,pre_rope,314,0.004276500083506107
8,pre_rope,315,0.004260085988789797
8,pre_rope,316,0.004243850242346525
8,pre_rope,317,0.004229256417602301
8,pre_rope,318,0.004198530223220587
8,pre_rope,319,0.004178961273282766
8,pre_rope,320,0.004159519448876381
8,pre_rope,321,0.004120593890547752
8,pre_rope,322,0.004109814763069153
8,pre_rope,323,0.004086211323738098
8,pre_rope,324,0.004076605197042227
8,pre_rope,325,0.004063911736011505
8,pre_rope,326,0.004056725651025772
8,pre_rope,327,0.0040456331335008144
8,pre_rope,328,0.004020217806100845
8,pre_rope,329,0.003999318927526474
8,pre_rope,330,0.003980335779488087
8,pre_rope,331,0.003946868237107992
8,pre_rope,332,0.00392451137304306
8,pre_rope,333,0.003910482861101627
8,pre_rope,334,0.0038591143675148487
8,pre_rope,335,0.0038292263634502888
8,pre_rope,336,0.0038143659476190805
8,pre_rope,337,0.0038078143261373043
8,pre_rope,338,0.0038008918054401875
8,pre_rope,339,0.0037545536179095507
8,pre_rope,340,0.003737668041139841
8,pre_rope,341,0.0037281892728060484
8,pre_rope,342,0.003704407252371311
8,pre_rope,343,0.0036875710356980562
8,pre_rope,344,0.0036577179562300444
8,pre_rope,345,0.0036393371410667896
8,pre_rope,346,0.0036263170186430216
8,pre_rope,347,0.0036106545012444258
8,pre_rope,348,0.0035873176530003548
8,pre_rope,349,0.003569850930944085
8,pre_rope,350,0.003548222593963146
8,pre_rope,351,0.003538459539413452
8,pre_rope,352,0.0035173159558326006
8,pre_rope,353,0.003500758670270443
8,pre_rope,354,0.003475898876786232
8,pre_rope,355,0.0034548367839306593
8,pre_rope,356,0.003439562162384391
8,pre_rope,357,0.0034135659225285053
8,pre_rope,358,0.0034011988900601864
8,pre_rope,359,0.003383604809641838
8,pre_rope,360,0.003378411987796426
8,pre_rope,361,0.0033447761088609695
8,pre_rope,362,0.00332459295168519
8,pre_rope,363,0.0033104270696640015
8,pre_rope,364,0.003281380981206894
8,pre_rope,365,0.0032610236667096615
8,pre_rope,366,0.003242802806198597
8,pre_rope,367,0.0032424703240394592
8,pre_rope,368,0.003228475572541356
8,pre_rope,369,0.003191477619111538
8,pre_rope,370,0.003177424194291234
8,pre_rope,371,0.003158238250762224
8,pre_rope,372,0.003139817388728261
8,pre_rope,373,0.00313414609991014
8,pre_rope,374,0.0031104327645152807
8,pre_rope,375,0.0031047731172293425
8,pre_rope,376,0.003086061915382743
8,pre_rope,377,0.0030848488677293062
8,pre_rope,378,0.003068151418119669
8,pre_rope,379,0.0030261364299803972
8,pre_rope,380,0.0030011797789484262
8,pre_rope,381,0.002996627474203706
8,pre_rope,382,0.0029770024120807648
8,pre_rope,383,0.0029551603365689516
8,pre_rope,384,0.00294181308709085
8,pre_rope,385,0.0029275822453200817
8,pre_rope,386,0.0029200029093772173
8,pre_rope,387,0.002902338979765773
8,pre_rope,388,0.0028810538351535797
8,pre_rope,389,0.002871545497328043
8,pre_rope,390,0.002865015994757414
8,pre_rope,391,0.0028351852670311928
8,pre_rope,392,0.0028106316458433867
8,pre_rope,393,0.0027935144025832415
8,pre_rope,394,0.002783136675134301
8,pre_rope,395,0.002772117732092738
8,pre_rope,396,0.0027556533459573984
8,pre_rope,397,0.0027336219791322947
8,pre_rope,398,0.0027178535237908363
8,pre_rope,399,0.0027000103145837784
8,pre_rope,400,0.0026864162646234035
8,pre_rope,401,0.0026784827932715416
8,pre_rope,402,0.002647902350872755
8,pre_rope,403,0.002638718346133828
8,pre_rope,404,0.002622684696689248
8,pre_rope,405,0.0026078682858496904
8,pre_rope,406,0.002605225658044219
8,pre_rope,407,0.002595794154331088
8,pre_rope,408,0.002556129824370146
8,pre_rope,409,0.002538596047088504
8,pre_rope,410,0.002528620883822441
8,pre_rope,411,0.002508393954485655
8,pre_rope,412,0.0024884988088160753
8,pre_rope,413,0.002470195759087801
8,pre_rope,414,0.0024600327014923096
8,pre_rope,415,0.002442454919219017
8,pre_rope,416,0.002432610373944044
8,pre_rope,417,0.0024049202911555767
8,pre_rope,418,0.0023992741480469704
8,pre_rope,419,0.0023816493339836597
8,pre_rope,420,0.0023723894264549017
8,pre_rope,421,0.0023654215037822723
8,pre_rope,422,0.0023553227074444294
8,pre_rope,423,0.0023419540375471115
8,pre_rope,424,0.002318028127774596
8,pre_rope,425,0.0023010692093521357
8,pre_rope,426,0.0022952582221478224
8,pre_rope,427,0.002286534057930112
8,pre_rope,428,0.0022679329849779606
8,pre_rope,429,0.0022495174780488014
8,pre_rope,430,0.0022391851525753736
8,pre_rope,431,0.002226721728220582
8,pre_rope,432,0.002212406834587455
8,pre_rope,433,0.0021929561626166105
8,pre_rope,434,0.0021677231416106224
8,pre_rope,435,0.0021624902728945017
8,pre_rope,436,0.002147397957742214
8,pre_rope,437,0.002139387419447303
8,pre_rope,438,0.0021312430035322905
8,pre_rope,439,0.0021248699631541967
8,pre_rope,440,0.0020981100387871265
8,pre_rope,441,0.002075140830129385
8,pre_rope,442,0.002060066210106015
8,pre_rope,443,0.0020360739436000586
8,pre_rope,444,0.0020247623324394226
8,pre_rope,445,0.0020178051199764013
8,pre_rope,446,0.0019979337230324745
8,pre_rope,447,0.0019899443723261356
8,pre_rope,448,0.001966130919754505
8,pre_rope,449,0.001955463318154216
8,pre_rope,450,0.0019330029608681798
8,pre_rope,451,0.001929853460751474
8,pre_rope,452,0.0019046737579628825
8,pre_rope,453,0.0018974988488480449
8,pre_rope,454,0.0018888369668275118
8,pre_rope,455,0.0018825342413038015
8,pre_rope,456,0.0018612411804497242
8,pre_rope,457,0.001841839519329369
8,pre_rope,458,0.0018206508830189705
8,pre_rope,459,0.0018148355884477496
8,pre_rope,460,0.0018042006995528936
8,pre_rope,461,0.0017862071981653571
8,pre_rope,462,0.0017661177553236485
8,pre_rope,463,0.0017416703049093485
8,pre_rope,464,0.0017155720852315426
8,pre_rope,465,0.001699076616205275
8,pre_rope,466,0.0016864455537870526
8,pre_rope,467,0.0016785738989710808
8,pre_rope,468,0.001665298594161868
8,pre_rope,469,0.0016594366170465946
8,pre_rope,470,0.001654106075875461
8,pre_rope,471,0.0016251560300588608
8,pre_rope,472,0.0016062121139839292
8,pre_rope,473,0.0015811491757631302
8,pre_rope,474,0.0015577522572129965
8,pre_rope,475,0.0015517944702878594
8,pre_rope,476,0.0015263240784406662
8,pre_rope,477,0.0015234434977173805
8,pre_rope,478,0.0015041922451928258
8,pre_rope,479,0.0014991436619311571
8,pre_rope,480,0.0014688752125948668
8,pre_rope,481,0.001460075262002647
8,pre_rope,482,0.0014416361227631569
8,pre_rope,483,0.0014324085786938667
8,pre_rope,484,0.001418074476532638
8,pre_rope,485,0.0014001971576362848
8,pre_rope,486,0.0013928409898653626
8,pre_rope,487,0.0013786733616143465
8,pre_rope,488,0.0013629271415993571
8,pre_rope,489,0.0013526866678148508
8,pre_rope,490,0.0013492589350789785
8,pre_rope,491,0.0013211885234341025
8,pre_rope,492,0.001302265445701778
8,pre_rope,493,0.0012576455483213067
8,pre_rope,494,0.001251579960808158
8,pre_rope,495,0.0012142675695940852
8,pre_rope,496,0.0011993320658802986
8,pre_rope,497,0.0011880290694534779
8,pre_rope,498,0.0011456089559942484
8,pre_rope,499,0.0011344864033162594
8,pre_rope,500,0.0011220831656828523
8,pre_rope,501,0.0011049062013626099
8,pre_rope,502,0.0010869300458580256
8,pre_rope,503,0.0010570690501481295
8,pre_rope,504,0.0010479397606104612
8,pre_rope,505,0.001001854077912867
8,pre_rope,506,0.0009441992733627558
8,pre_rope,507,0.0009361617267131805
8,pre_rope,508,0.0008884425624273717
8,pre_rope,509,0.0008444370469078422
8,pre_rope,510,0.0007897872710600495
8,pre_rope,511,0.0007282887818291783
8,pre_rope,512,0.0003573577560018748
8,post_rope,1,1.0
8,post_rope,2,0.24409650266170502
8,post_rope,3,0.22022537887096405
8,post_rope,4,0.1992114931344986
8,post_rope,5,0.18033678829669952
8,post_rope,6,0.17463013529777527
8,post_rope,7,0.161594957113266
8,post_rope,8,0.1544332206249237
8,post_rope,9,0.14790484309196472
8,post_rope,10,0.13445629179477692
8,post_rope,11,0.1272045373916626
8,post_rope,12,0.12079773098230362
8,post_rope,13,0.11951418220996857
8,post_rope,14,0.11619014292955399
8,post_rope,15,0.11338522285223007
8,post_rope,16,0.1111435815691948
8,post_rope,17,0.11059979349374771
8,post_rope,18,0.10942569375038147
8,post_rope,19,0.10727232694625854
8,post_rope,20,0.1057102307677269
8,post_rope,21,0.10501714795827866
8,post_rope,22,0.10446036607027054
8,post_rope,23,0.10394159704446793
8,post_rope,24,0.10202772170305252
8,post_rope,25,0.1010211631655693
8,post_rope,26,0.09872661530971527
8,post_rope,27,0.09695731848478317
8,post_rope,28,0.09622661769390106
8,post_rope,29,0.0938897430896759
8,post_rope,30,0.09070026129484177
8,post_rope,31,0.0889652743935585
8,post_rope,32,0.08799997717142105
8,post_rope,33,0.08670967072248459
8,post_rope,34,0.08459607511758804
8,post_rope,35,0.08355779945850372
8,post_rope,36,0.08203960210084915
8,post_rope,37,0.07818549871444702
8,post_rope,38,0.07515241950750351
8,post_rope,39,0.07369650155305862
8,post_rope,40,0.0729018971323967
8,post_rope,41,0.07266241312026978
8,post_rope,42,0.07229924947023392
8,post_rope,43,0.07149744778871536
8,post_rope,44,0.07121140509843826
8,post_rope,45,0.07004939019680023
8,post_rope,46,0.06889382004737854
8,post_rope,47,0.06822541356086731
8,post_rope,48,0.06624873727560043
8,post_rope,49,0.06184636056423187
8,post_rope,50,0.06097155436873436
8,post_rope,51,0.05930441617965698
8,post_rope,52,0.05649721249938011
8,post_rope,53,0.055494409054517746
8,post_rope,54,0.05430873483419418
8,post_rope,55,0.052354902029037476
8,post_rope,56,0.050582561641931534
8,post_rope,57,0.04949847608804703
8,post_rope,58,0.048214141279459
8,post_rope,59,0.0471050851047039
8,post_rope,60,0.04661945253610611
8,post_rope,61,0.04574589431285858
8,post_rope,62,0.045072782784700394
8,post_rope,63,0.04476166516542435
8,post_rope,64,0.04429128021001816
8,post_rope,65,0.04268767684698105
8,post_rope,66,0.04206164553761482
8,post_rope,67,0.04164872691035271
8,post_rope,68,0.040881529450416565
8,post_rope,69,0.03990713506937027
8,post_rope,70,0.0394165925681591
8,post_rope,71,0.038709480315446854
8,post_rope,72,0.03764981031417847
8,post_rope,73,0.03741138428449631
8,post_rope,74,0.037156008183956146
8,post_rope,75,0.03634384274482727
8,post_rope,76,0.03605404123663902
8,post_rope,77,0.03517639636993408
8,post_rope,78,0.03459824249148369
8,post_rope,79,0.034161776304244995
8,post_rope,80,0.03388182073831558
8,post_rope,81,0.03335213288664818
8,post_rope,82,0.0330132395029068
8,post_rope,83,0.03274717554450035
8,post_rope,84,0.032676514238119125
8,post_rope,85,0.032279741019010544
8,post_rope,86,0.03209145367145538
8,post_rope,87,0.03121980093419552
8,post_rope,88,0.03059292398393154
8,post_rope,89,0.03045312501490116
8,post_rope,90,0.030257537961006165
8,post_rope,91,0.030012737959623337
8,post_rope,92,0.029859324917197227
8,post_rope,93,0.029577303677797318
8,post_rope,94,0.02940584532916546
8,post_rope,95,0.029161926358938217
8,post_rope,96,0.02894018217921257
8,post_rope,97,0.028420235961675644
8,post_rope,98,0.028179585933685303
8,post_rope,99,0.02795327641069889
8,post_rope,100,0.027776574715971947
8,post_rope,101,0.02758161537349224
8,post_rope,102,0.027351198717951775
8,post_rope,103,0.02728031389415264
8,post_rope,104,0.02700485847890377
8,post_rope,105,0.026847662404179573
8,post_rope,106,0.0265976395457983
8,post_rope,107,0.026516471058130264
8,post_rope,108,0.026237251237034798
8,post_rope,109,0.026011310517787933
8,post_rope,110,0.025855466723442078
8,post_rope,111,0.025529125705361366
8,post_rope,112,0.02536364644765854
8,post_rope,113,0.0250198133289814
8,post_rope,114,0.0248117633163929
8,post_rope,115,0.024629971012473106
8,post_rope,116,0.024583997204899788
8,post_rope,117,0.02421744540333748
8,post_rope,118,0.02415912225842476
8,post_rope,119,0.02406647615134716
8,post_rope,120,0.023843171074986458
8,post_rope,121,0.02360174059867859
8,post_rope,122,0.023429377004504204
8,post_rope,123,0.023340225219726562
8,post_rope,124,0.023172615095973015
8,post_rope,125,0.02308301255106926
8,post_rope,126,0.022912632673978806
8,post_rope,127,0.022844906896352768
8,post_rope,128,0.02271081507205963
8,post_rope,129,0.02244667336344719
8,post_rope,130,0.022132454439997673
8,post_rope,131,0.02202002890408039
8,post_rope,132,0.021965770050883293
8,post_rope,133,0.021853705868124962
8,post_rope,134,0.021649081259965897
8,post_rope,135,0.021610943600535393
8,post_rope,136,0.021499356254935265
8,post_rope,137,0.021371185779571533
8,post_rope,138,0.021256469190120697
8,post_rope,139,0.021158607676625252
8,post_rope,140,0.021019473671913147
8,post_rope,141,0.020874224603176117
8,post_rope,142,0.02080504782497883
8,post_rope,143,0.02069036290049553
8,post_rope,144,0.020497813820838928
8,post_rope,145,0.020387647673487663
8,post_rope,146,0.020329294726252556
8,post_rope,147,0.020193345844745636
8,post_rope,148,0.02002226747572422
8,post_rope,149,0.019871370866894722
8,post_rope,150,0.019765183329582214
8,post_rope,151,0.019647633656859398
8,post_rope,152,0.019568493589758873
8,post_rope,153,0.019500983878970146
8,post_rope,154,0.019359026104211807
8,post_rope,155,0.019322846084833145
8,post_rope,156,0.0191743616014719
8,post_rope,157,0.019085317850112915
8,post_rope,158,0.019003238528966904
8,post_rope,159,0.018950551748275757
8,post_rope,160,0.018878914415836334
8,post_rope,161,0.01878160424530506
8,post_rope,162,0.01873929798603058
8,post_rope,163,0.018657740205526352
8,post_rope,164,0.018461156636476517
8,post_rope,165,0.01841547153890133
8,post_rope,166,0.01836775615811348
8,post_rope,167,0.018265804275870323
8,post_rope,168,0.018225543200969696
8,post_rope,169,0.018154116347432137
8,post_rope,170,0.018084269016981125
8,post_rope,171,0.01795945130288601
8,post_rope,172,0.017842773348093033
8,post_rope,173,0.017793431878089905
8,post_rope,174,0.017762010917067528
8,post_rope,175,0.017724160104990005
8,post_rope,176,0.01756834052503109
8,post_rope,177,0.01748141646385193
8,post_rope,178,0.01744741015136242
8,post_rope,179,0.017291119322180748
8,post_rope,180,0.017241457477211952
8,post_rope,181,0.017179181799292564
8,post_rope,182,0.01711348444223404
8,post_rope,183,0.017028070986270905
8,post_rope,184,0.01697910577058792
8,post_rope,185,0.016940994188189507
8,post_rope,186,0.016865266487002373
8,post_rope,187,0.01680576615035534
8,post_rope,188,0.016709838062524796
8,post_rope,189,0.016654709354043007
8,post_rope,190,0.016626833006739616
8,post_rope,191,0.016586991026997566
8,post_rope,192,0.016509827226400375
8,post_rope,193,0.016483865678310394
8,post_rope,194,0.01638946309685707
8,post_rope,195,0.016331076622009277
8,post_rope,196,0.01630333997309208
8,post_rope,197,0.016229821369051933
8,post_rope,198,0.01614515297114849
8,post_rope,199,0.016122478991746902
8,post_rope,200,0.016068214550614357
8,post_rope,201,0.015951773151755333
8,post_rope,202,0.01590956188738346
8,post_rope,203,0.015871472656726837
8,post_rope,204,0.015750844031572342
8,post_rope,205,0.01560616958886385
8,post_rope,206,0.01556700374931097
8,post_rope,207,0.015548080205917358
8,post_rope,208,0.015501323156058788
8,post_rope,209,0.015426869504153728
8,post_rope,210,0.015368782915174961
8,post_rope,211,0.015234732069075108
8,post_rope,212,0.015215209685266018
8,post_rope,213,0.015163805335760117
8,post_rope,214,0.015085435472428799
8,post_rope,215,0.015031477436423302
8,post_rope,216,0.014993245713412762
8,post_rope,217,0.014939436689019203
8,post_rope,218,0.01485178992152214
8,post_rope,219,0.01474815048277378
8,post_rope,220,0.014736250042915344
8,post_rope,221,0.0146722961217165
8,post_rope,222,0.014609807170927525
8,post_rope,223,0.01453360915184021
8,post_rope,224,0.014402778819203377
8,post_rope,225,0.01439782977104187
8,post_rope,226,0.014319751411676407
8,post_rope,227,0.014308895915746689
8,post_rope,228,0.014260059222579002
8,post_rope,229,0.014197776094079018
8,post_rope,230,0.014146869070827961
8,post_rope,231,0.014112860895693302
8,post_rope,232,0.013970999047160149
8,post_rope,233,0.013942591845989227
8,post_rope,234,0.013888232409954071
8,post_rope,235,0.01383939292281866
8,post_rope,236,0.013824802823364735
8,post_rope,237,0.013756899163126945
8,post_rope,238,0.013688468374311924
8,post_rope,239,0.013651024550199509
8,post_rope,240,0.01359917875379324
8,post_rope,241,0.01359469536691904
8,post_rope,242,0.013540180400013924
8,post_rope,243,0.01346152275800705
8,post_rope,244,0.013400623574852943
8,post_rope,245,0.01335791777819395
8,post_rope,246,0.013320907019078732
8,post_rope,247,0.013299626298248768
8,post_rope,248,0.013244954869151115
8,post_rope,249,0.013182150200009346
8,post_rope,250,0.013117114081978798
8,post_rope,251,0.013080627657473087
8,post_rope,252,0.012977860867977142
8,post_rope,253,0.01292850635945797
8,post_rope,254,0.012865995988249779
8,post_rope,255,0.012826678343117237
8,post_rope,256,0.012795139104127884
8,post_rope,257,0.012793433852493763
8,post_rope,258,0.012738324701786041
8,post_rope,259,0.012662669643759727
8,post_rope,260,0.012581615708768368
8,post_rope,261,0.012555367313325405
8,post_rope,262,0.01252732053399086
8,post_rope,263,0.012461308389902115
8,post_rope,264,0.012428030371665955
8,post_rope,265,0.012394974939525127
8,post_rope,266,0.01237684115767479
8,post_rope,267,0.01233702339231968
8,post_rope,268,0.0123112378641963
8,post_rope,269,0.012222491204738617
8,post_rope,270,0.01215701550245285
8,post_rope,271,0.012118698097765446
8,post_rope,272,0.012081300839781761
8,post_rope,273,0.01206023059785366
8,post_rope,274,0.01202651858329773
8,post_rope,275,0.012009501457214355
8,post_rope,276,0.011938244104385376
8,post_rope,277,0.011877365410327911
8,post_rope,278,0.011842760257422924
8,post_rope,279,0.011803041212260723
8,post_rope,280,0.0117636164650321
8,post_rope,281,0.011735940352082253
8,post_rope,282,0.011698759160935879
8,post_rope,283,0.011670058593153954
8,post_rope,284,0.01160502340644598
8,post_rope,285,0.01154390349984169
8,post_rope,286,0.011495000682771206
8,post_rope,287,0.011466596275568008
8,post_rope,288,0.011405061930418015
8,post_rope,289,0.01139118429273367
8,post_rope,290,0.011357219889760017
8,post_rope,291,0.011317691765725613
8,post_rope,292,0.011265194974839687
8,post_rope,293,0.011258128099143505
8,post_rope,294,0.011194777674973011
8,post_rope,295,0.011134501546621323
8,post_rope,296,0.01108026783913374
8,post_rope,297,0.011066232807934284
8,post_rope,298,0.010997687466442585
8,post_rope,299,0.010962465777993202
8,post_rope,300,0.010953212156891823
8,post_rope,301,0.010917039588093758
8,post_rope,302,0.01088524330407381
8,post_rope,303,0.010809478349983692
8,post_rope,304,0.010774987749755383
8,post_rope,305,0.010748961940407753
8,post_rope,306,0.010713834315538406
8,post_rope,307,0.010664042085409164
8,post_rope,308,0.01064353808760643
8,post_rope,309,0.010628036223351955
8,post_rope,310,0.010578412562608719
8,post_rope,311,0.010530833154916763
8,post_rope,312,0.010501191951334476
8,post_rope,313,0.010465448722243309
8,post_rope,314,0.010421506129205227
8,post_rope,315,0.010383430868387222
8,post_rope,316,0.01036151498556137
8,post_rope,317,0.010346018709242344
8,post_rope,318,0.010271763429045677
8,post_rope,319,0.010263384319841862
8,post_rope,320,0.01020510122179985
8,post_rope,321,0.010186652652919292
8,post_rope,322,0.010156984440982342
8,post_rope,323,0.01008954830467701
8,post_rope,324,0.010030388832092285
8,post_rope,325,0.010014272294938564
8,post_rope,326,0.009970300830900669
8,post_rope,327,0.009942665696144104
8,post_rope,328,0.009903444908559322
8,post_rope,329,0.009887933731079102
8,post_rope,330,0.00983880553394556
8,post_rope,331,0.009828931652009487
8,post_rope,332,0.009792733006179333
8,post_rope,333,0.009767229668796062
8,post_rope,334,0.009707021526992321
8,post_rope,335,0.009651437401771545
8,post_rope,336,0.009615728631615639
8,post_rope,337,0.00960332341492176
8,post_rope,338,0.009569060057401657
8,post_rope,339,0.009566931053996086
8,post_rope,340,0.009481090120971203
8,post_rope,341,0.009472474455833435
8,post_rope,342,0.009434988722205162
8,post_rope,343,0.009402823634445667
8,post_rope,344,0.009394640102982521
8,post_rope,345,0.009336993098258972
8,post_rope,346,0.009315652772784233
8,post_rope,347,0.009270845912396908
8,post_rope,348,0.009227859787642956
8,post_rope,349,0.009168977849185467
8,post_rope,350,0.009147277101874352
8,post_rope,351,0.009094656445086002
8,post_rope,352,0.009072120301425457
8,post_rope,353,0.009050777181982994
8,post_rope,354,0.00898810662329197
8,post_rope,355,0.008985210210084915
8,post_rope,356,0.008955125696957111
8,post_rope,357,0.008915085345506668
8,post_rope,358,0.008906537666916847
8,post_rope,359,0.008889393880963326
8,post_rope,360,0.008863631635904312
8,post_rope,361,0.008720731362700462
8,post_rope,362,0.008689871989190578
8,post_rope,363,0.008645500987768173
8,post_rope,364,0.008610443212091923
8,post_rope,365,0.008602718822658062
8,post_rope,366,0.008585973642766476
8,post_rope,367,0.008527755737304688
8,post_rope,368,0.00849211122840643
8,post_rope,369,0.008458023890852928
8,post_rope,370,0.008450712077319622
8,post_rope,371,0.008411533199250698
8,post_rope,372,0.008384130895137787
8,post_rope,373,0.008328912779688835
8,post_rope,374,0.008314685896039009
8,post_rope,375,0.008259749971330166
8,post_rope,376,0.00824178196489811
8,post_rope,377,0.008189518004655838
8,post_rope,378,0.00817426759749651
8,post_rope,379,0.008157840929925442
8,post_rope,380,0.008107531815767288
8,post_rope,381,0.008053264580667019
8,post_rope,382,0.008003732189536095
8,post_rope,383,0.007987773977220058
8,post_rope,384,0.007965171709656715
8,post_rope,385,0.00792201142758131
8,post_rope,386,0.007858610711991787
8,post_rope,387,0.007845388725399971
8,post_rope,388,0.007808068301528692
8,post_rope,389,0.007765349932014942
8,post_rope,390,0.007730992045253515
8,post_rope,391,0.00769445113837719
8,post_rope,392,0.007653076201677322
8,post_rope,393,0.007611782755702734
8,post_rope,394,0.007599630858749151
8,post_rope,395,0.007587273605167866
8,post_rope,396,0.007562975864857435
8,post_rope,397,0.007526949979364872
8,post_rope,398,0.007521579507738352
8,post_rope,399,0.007445841562002897
8,post_rope,400,0.007397144101560116
8,post_rope,401,0.007381519768387079
8,post_rope,402,0.007350580766797066
8,post_rope,403,0.00729402806609869
8,post_rope,404,0.007264356128871441
8,post_rope,405,0.007213742006570101
8,post_rope,406,0.0071283248253166676
8,post_rope,407,0.007117521949112415
8,post_rope,408,0.007104664109647274
8,post_rope,409,0.007058919873088598
8,post_rope,410,0.006989010144025087
8,post_rope,411,0.006972461938858032
8,post_rope,412,0.006951435934752226
8,post_rope,413,0.006908663082867861
8,post_rope,414,0.0068581667728722095
8,post_rope,415,0.006814125459641218
8,post_rope,416,0.0068043069913983345
8,post_rope,417,0.0067704711109399796
8,post_rope,418,0.006747071165591478
8,post_rope,419,0.0067192018032073975
8,post_rope,420,0.006666815374046564
8,post_rope,421,0.006640015635639429
8,post_rope,422,0.00662594847381115
8,post_rope,423,0.006579097826033831
8,post_rope,424,0.00654735928401351
8,post_rope,425,0.0065133580937981606
8,post_rope,426,0.0064483508467674255
8,post_rope,427,0.006444875150918961
8,post_rope,428,0.006410602014511824
8,post_rope,429,0.006328432820737362
8,post_rope,430,0.0062795765697956085
8,post_rope,431,0.006253914441913366
8,post_rope,432,0.006235359236598015
8,post_rope,433,0.006202148739248514
8,post_rope,434,0.006150476168841124
8,post_rope,435,0.006109938025474548
8,post_rope,436,0.006050778087228537
8,post_rope,437,0.00602228008210659
8,post_rope,438,0.005982513539493084
8,post_rope,439,0.005951832979917526
8,post_rope,440,0.005931260529905558
8,post_rope,441,0.005846874322742224
8,post_rope,442,0.005817290395498276
8,post_rope,443,0.005789594259113073
8,post_rope,444,0.005739450454711914
8,post_rope,445,0.005719610024243593
8,post_rope,446,0.00571087934076786
8,post_rope,447,0.005693472921848297
8,post_rope,448,0.005600684322416782
8,post_rope,449,0.0055422792211174965
8,post_rope,450,0.005516336765140295
8,post_rope,451,0.005458437371999025
8,post_rope,452,0.005441978108137846
8,post_rope,453,0.0054251328110694885
8,post_rope,454,0.005410257261246443
8,post_rope,455,0.005352213513106108
8,post_rope,456,0.0053034937009215355
8,post_rope,457,0.005291616544127464
8,post_rope,458,0.005192663054913282
8,post_rope,459,0.005191323813050985
8,post_rope,460,0.005176921375095844
8,post_rope,461,0.005128573160618544
8,post_rope,462,0.005057863425463438
8,post_rope,463,0.005043300800025463
8,post_rope,464,0.004979368764907122
8,post_rope,465,0.004946951754391193
8,post_rope,466,0.004871843848377466
8,post_rope,467,0.0048648701049387455
8,post_rope,468,0.004810244310647249
8,post_rope,469,0.004782105330377817
8,post_rope,470,0.0047631398774683475
8,post_rope,471,0.004698841832578182
8,post_rope,472,0.00469001941382885
8,post_rope,473,0.004579282831400633
8,post_rope,474,0.004551999736577272
8,post_rope,475,0.0045237154699862
8,post_rope,476,0.0044701737351715565
8,post_rope,477,0.004449903033673763
8,post_rope,478,0.004339585546404123
8,post_rope,479,0.004289508797228336
8,post_rope,480,0.0042372895404696465
8,post_rope,481,0.004183461889624596
8,post_rope,482,0.004107567481696606
8,post_rope,483,0.0040864706970751286
8,post_rope,484,0.004028961528092623
8,post_rope,485,0.003984352573752403
8,post_rope,486,0.003945518285036087
8,post_rope,487,0.003920342773199081
8,post_rope,488,0.003856389317661524
8,post_rope,489,0.003798372345045209
8,post_rope,490,0.003764784662052989
8,post_rope,491,0.003667128039523959
8,post_rope,492,0.003656867193058133
8,post_rope,493,0.0035350280813872814
8,post_rope,494,0.0034903453197330236
8,post_rope,495,0.0034548654220998287
8,post_rope,496,0.003410408739000559
8,post_rope,497,0.003362633055076003
8,post_rope,498,0.003292881650850177
8,post_rope,499,0.0032564369030296803
8,post_rope,500,0.0031826458871364594
8,post_rope,501,0.003157860366627574
8,post_rope,502,0.00304130045697093
8,post_rope,503,0.0029657527338713408
8,post_rope,504,0.0029360600747168064
8,post_rope,505,0.002906899666413665
8,post_rope,506,0.0028135511092841625
8,post_rope,507,0.0027636687736958265
8,post_rope,508,0.0025707015302032232
8,post_rope,509,0.00249582901597023
8,post_rope,510,0.0023838048800826073
8,post_rope,511,0.0021453355439007282
8,post_rope,512,0.0019059543265029788
9,pre_rope,1,1.0
9,pre_rope,2,0.14575254917144775
9,pre_rope,3,0.1394025981426239
9,pre_rope,4,0.12204909324645996
9,pre_rope,5,0.11121673136949539
9,pre_rope,6,0.09303279966115952
9,pre_rope,7,0.08520510792732239
9,pre_rope,8,0.08021828532218933
9,pre_rope,9,0.07503198832273483
9,pre_rope,10,0.07250698655843735
9,pre_rope,11,0.06273731589317322
9,pre_rope,12,0.06171960011124611
9,pre_rope,13,0.05646005645394325
9,pre_rope,14,0.05476195737719536
9,pre_rope,15,0.05361293628811836
9,pre_rope,16,0.05043681710958481
9,pre_rope,17,0.04873807728290558
9,pre_rope,18,0.04831773415207863
9,pre_rope,19,0.045924607664346695
9,pre_rope,20,0.043970849364995956
9,pre_rope,21,0.04329138994216919
9,pre_rope,22,0.04184313863515854
9,pre_rope,23,0.041272591799497604
9,pre_rope,24,0.03825056925415993
9,pre_rope,25,0.03750106692314148
9,pre_rope,26,0.03727412596344948
9,pre_rope,27,0.03622235357761383
9,pre_rope,28,0.03580835089087486
9,pre_rope,29,0.035219691693782806
9,pre_rope,30,0.03405003622174263
9,pre_rope,31,0.03318190574645996
9,pre_rope,32,0.03299449756741524
9,pre_rope,33,0.031786784529685974
9,pre_rope,34,0.031506288796663284
9,pre_rope,35,0.030829332768917084
9,pre_rope,36,0.029757721349596977
9,pre_rope,37,0.029297834262251854
9,pre_rope,38,0.028398552909493446
9,pre_rope,39,0.0278964601457119
9,pre_rope,40,0.02709750272333622
9,pre_rope,41,0.026391074061393738
9,pre_rope,42,0.025986839085817337
9,pre_rope,43,0.02558385767042637
9,pre_rope,44,0.024881036952137947
9,pre_rope,45,0.023968061432242393
9,pre_rope,46,0.023533310741186142
9,pre_rope,47,0.023031527176499367
9,pre_rope,48,0.02298261784017086
9,pre_rope,49,0.0227556973695755
9,pre_rope,50,0.02258176915347576
9,pre_rope,51,0.022190088406205177
9,pre_rope,52,0.022119300439953804
9,pre_rope,53,0.02157081477344036
9,pre_rope,54,0.0211812611669302
9,pre_rope,55,0.020677654072642326
9,pre_rope,56,0.020589157938957214
9,pre_rope,57,0.020537346601486206
9,pre_rope,58,0.02036917954683304
9,pre_rope,59,0.01996218040585518
9,pre_rope,60,0.019780395552515984
9,pre_rope,61,0.01945648342370987
9,pre_rope,62,0.01937568187713623
9,pre_rope,63,0.019302111119031906
9,pre_rope,64,0.018967479467391968
9,pre_rope,65,0.018681088462471962
9,pre_rope,66,0.018638838082551956
9,pre_rope,67,0.01825215481221676
9,pre_rope,68,0.018140530213713646
9,pre_rope,69,0.017943434417247772
9,pre_rope,70,0.017891662195324898
9,pre_rope,71,0.017639994621276855
9,pre_rope,72,0.017545059323310852
9,pre_rope,73,0.01733655482530594
9,pre_rope,74,0.017237529158592224
9,pre_rope,75,0.01696937531232834
9,pre_rope,76,0.016941718757152557
9,pre_rope,77,0.016648011282086372
9,pre_rope,78,0.01643114723265171
9,pre_rope,79,0.016289496794342995
9,pre_rope,80,0.0161344725638628
9,pre_rope,81,0.01596357300877571
9,pre_rope,82,0.01581944338977337
9,pre_rope,83,0.015679674223065376
9,pre_rope,84,0.015602459199726582
9,pre_rope,85,0.015321813523769379
9,pre_rope,86,0.015239720232784748
9,pre_rope,87,0.015092758461833
9,pre_rope,88,0.015011576935648918
9,pre_rope,89,0.014844165183603764
9,pre_rope,90,0.01478185411542654
9,pre_rope,91,0.01464298740029335
9,pre_rope,92,0.014500750228762627
9,pre_rope,93,0.014385783113539219
9,pre_rope,94,0.014243991114199162
9,pre_rope,95,0.014194538816809654
9,pre_rope,96,0.014122623950242996
9,pre_rope,97,0.01395205408334732
9,pre_rope,98,0.013933935202658176
9,pre_rope,99,0.013867712579667568
9,pre_rope,100,0.01351131685078144
9,pre_rope,101,0.013429325073957443
9,pre_rope,102,0.013351669535040855
9,pre_rope,103,0.013319997116923332
9,pre_rope,104,0.013224443420767784
9,pre_rope,105,0.013125494122505188
9,pre_rope,106,0.01294037140905857
9,pre_rope,107,0.012880105525255203
9,pre_rope,108,0.01283097080886364
9,pre_rope,109,0.012804132886230946
9,pre_rope,110,0.012576171196997166
9,pre_rope,111,0.012464462779462337
9,pre_rope,112,0.01235256064683199
9,pre_rope,113,0.012256809510290623
9,pre_rope,114,0.012218648567795753
9,pre_rope,115,0.012151905335485935
9,pre_rope,116,0.012117519974708557
9,pre_rope,117,0.01198219507932663
9,pre_rope,118,0.011867313645780087
9,pre_rope,119,0.011793358251452446
9,pre_rope,120,0.011659425683319569
9,pre_rope,121,0.01160387136042118
9,pre_rope,122,0.011512858793139458
9,pre_rope,123,0.011442213319242
9,pre_rope,124,0.011376803740859032
9,pre_rope,125,0.011257040314376354
9,pre_rope,126,0.011202030815184116
9,pre_rope,127,0.01119694858789444
9,pre_rope,128,0.01110151782631874
9,pre_rope,129,0.011033103801310062
9,pre_rope,130,0.010939612053334713
9,pre_rope,131,0.010914747603237629
9,pre_rope,132,0.01087767444550991
9,pre_rope,133,0.010843396186828613
9,pre_rope,134,0.010685442015528679
9,pre_rope,135,0.010594350285828114
9,pre_rope,136,0.010468444786965847
9,pre_rope,137,0.010407079942524433
9,pre_rope,138,0.01032861229032278
9,pre_rope,139,0.010267258621752262
9,pre_rope,140,0.010206361301243305
9,pre_rope,141,0.010172592476010323
9,pre_rope,142,0.010106927715241909
9,pre_rope,143,0.010032656602561474
9,pre_rope,144,0.009977728128433228
9,pre_rope,145,0.00989553052932024
9,pre_rope,146,0.009878022596240044
9,pre_rope,147,0.009729166515171528
9,pre_rope,148,0.009709002450108528
9,pre_rope,149,0.009610682725906372
9,pre_rope,150,0.009478474035859108
9,pre_rope,151,0.00946696288883686
9,pre_rope,152,0.009393139742314816
9,pre_rope,153,0.009374214336276054
9,pre_rope,154,0.009302053600549698
9,pre_rope,155,0.009254508651793003
9,pre_rope,156,0.009202221408486366
9,pre_rope,157,0.009134309366345406
9,pre_rope,158,0.009100879542529583
9,pre_rope,159,0.00902294460684061
9,pre_rope,160,0.008976067416369915
9,pre_rope,161,0.008932839147746563
9,pre_rope,162,0.008918427862226963
9,pre_rope,163,0.008760885335505009
9,pre_rope,164,0.008727517910301685
9,pre_rope,165,0.00865646731108427
9,pre_rope,166,0.008589456789195538
9,pre_rope,167,0.00857492908835411
9,pre_rope,168,0.00854052510112524
9,pre_rope,169,0.008459330536425114
9,pre_rope,170,0.008402039296925068
9,pre_rope,171,0.008375055156648159
9,pre_rope,172,0.008330991491675377
9,pre_rope,173,0.008290848694741726
9,pre_rope,174,0.008232631720602512
9,pre_rope,175,0.008171179331839085
9,pre_rope,176,0.008156277239322662
9,pre_rope,177,0.008139574900269508
9,pre_rope,178,0.008054637350142002
9,pre_rope,179,0.007995733991265297
9,pre_rope,180,0.007981725037097931
9,pre_rope,181,0.007913409732282162
9,pre_rope,182,0.007868858054280281
9,pre_rope,183,0.007832497358322144
9,pre_rope,184,0.007767694070935249
9,pre_rope,185,0.007736353203654289
9,pre_rope,186,0.007694668602198362
9,pre_rope,187,0.007671805564314127
9,pre_rope,188,0.007634506095200777
9,pre_rope,189,0.007579612545669079
9,pre_rope,190,0.007560433819890022
9,pre_rope,191,0.007511741481721401
9,pre_rope,192,0.00748308515176177
9,pre_rope,193,0.00743395509198308
9,pre_rope,194,0.0074169449508190155
9,pre_rope,195,0.007376617286354303
9,pre_rope,196,0.0073465947061777115
9,pre_rope,197,0.007284819148480892
9,pre_rope,198,0.007226211950182915
9,pre_rope,199,0.007181238383054733
9,pre_rope,200,0.007160295732319355
9,pre_rope,201,0.007112736813724041
9,pre_rope,202,0.007061399053782225
9,pre_rope,203,0.007010850124061108
9,pre_rope,204,0.0069305431097745895
9,pre_rope,205,0.00685908505693078
9,pre_rope,206,0.006826232187449932
9,pre_rope,207,0.006802435964345932
9,pre_rope,208,0.006769267376512289
9,pre_rope,209,0.006763925310224295
9,pre_rope,210,0.006748558953404427
9,pre_rope,211,0.006694828625768423
9,pre_rope,212,0.006657877471297979
9,pre_rope,213,0.006634604651480913
9,pre_rope,214,0.006612622644752264
9,pre_rope,215,0.006578180938959122
9,pre_rope,216,0.0065182833932340145
9,pre_rope,217,0.0065094903111457825
9,pre_rope,218,0.006451914552599192
9,pre_rope,219,0.006406536791473627
9,pre_rope,220,0.006373048294335604
9,pre_rope,221,0.006353533361107111
9,pre_rope,222,0.006318492349237204
9,pre_rope,223,0.0063108596950769424
9,pre_rope,224,0.006280934903770685
9,pre_rope,225,0.0062340060248970985
9,pre_rope,226,0.006224001292139292
9,pre_rope,227,0.006173413712531328
9,pre_rope,228,0.006163486745208502
9,pre_rope,229,0.006111687049269676
9,pre_rope,230,0.00610271655023098
9,pre_rope,231,0.006058705970644951
9,pre_rope,232,0.006016014609485865
9,pre_rope,233,0.005992255173623562
9,pre_rope,234,0.005985868629068136
9,pre_rope,235,0.005949669051915407
9,pre_rope,236,0.005904431454837322
9,pre_rope,237,0.0058554792776703835
9,pre_rope,238,0.005843911319971085
9,pre_rope,239,0.005797358695417643
9,pre_rope,240,0.005775895435363054
9,pre_rope,241,0.005755206570029259
9,pre_rope,242,0.005745947826653719
9,pre_rope,243,0.0057272897101938725
9,pre_rope,244,0.005685644689947367
9,pre_rope,245,0.005648093298077583
9,pre_rope,246,0.0056149340234696865
9,pre_rope,247,0.005569815170019865
9,pre_rope,248,0.005563919432461262
9,pre_rope,249,0.005536916200071573
9,pre_rope,250,0.0055215246975421906
9,pre_rope,251,0.00547433365136385
9,pre_rope,252,0.005439970642328262
9,pre_rope,253,0.005399357993155718
9,pre_rope,254,0.005378039553761482
9,pre_rope,255,0.005369206890463829
9,pre_rope,256,0.005357726011425257
9,pre_rope,257,0.005313609726727009
9,pre_rope,258,0.005285966210067272
9,pre_rope,259,0.005259494762867689
9,pre_rope,260,0.005226104520261288
9,pre_rope,261,0.005215260200202465
9,pre_rope,262,0.005170974414795637
9,pre_rope,263,0.005156735889613628
9,pre_rope,264,0.005137572064995766
9,pre_rope,265,0.0051145413890480995
9,pre_rope,266,0.005087146069854498
9,pre_rope,267,0.005071622785180807
9,pre_rope,268,0.005044541321694851
9,pre_rope,269,0.005022732075303793
9,pre_rope,270,0.0050057414919137955
9,pre_rope,271,0.004967197775840759
9,pre_rope,272,0.004951339680701494
9,pre_rope,273,0.004925602115690708
9,pre_rope,274,0.004918732680380344
9,pre_rope,275,0.004856158047914505
9,pre_rope,276,0.004851448815315962
9,pre_rope,277,0.004818635527044535
9,pre_rope,278,0.0048011294566094875
9,pre_rope,279,0.004784929566085339
9,pre_rope,280,0.004753401502966881
9,pre_rope,281,0.004744537174701691
9,pre_rope,282,0.0047208815813064575
9,pre_rope,283,0.004691271111369133
9,pre_rope,284,0.004679697100073099
9,pre_rope,285,0.0046471115201711655
9,pre_rope,286,0.004621840547770262
9,pre_rope,287,0.004605584777891636
9,pre_rope,288,0.004580853972584009
9,pre_rope,289,0.00456188665702939
9,pre_rope,290,0.00454594474285841
9,pre_rope,291,0.00449839374050498
9,pre_rope,292,0.004493544343858957
9,pre_rope,293,0.00444251112639904
9,pre_rope,294,0.004425289575010538
9,pre_rope,295,0.004413551650941372
9,pre_rope,296,0.0043961587361991405
9,pre_rope,297,0.004387633875012398
9,pre_rope,298,0.004339191131293774
9,pre_rope,299,0.004334603901952505
9,pre_rope,300,0.004300932865589857
9,pre_rope,301,0.004286883864551783
9,pre_rope,302,0.004266544710844755
9,pre_rope,303,0.004240401554852724
9,pre_rope,304,0.004215295426547527
9,pre_rope,305,0.004184724297374487
9,pre_rope,306,0.0041475980542600155
9,pre_rope,307,0.004128485452383757
9,pre_rope,308,0.004119469318538904
9,pre_rope,309,0.004102889448404312
9,pre_rope,310,0.0040799882262945175
9,pre_rope,311,0.004069710616022348
9,pre_rope,312,0.004030688665807247
9,pre_rope,313,0.0040231323800981045
9,pre_rope,314,0.003991191275417805
9,pre_rope,315,0.0039874110370874405
9,pre_rope,316,0.0039624799974262714
9,pre_rope,317,0.003943045157939196
9,pre_rope,318,0.003924170043319464
9,pre_rope,319,0.00391577510163188
9,pre_rope,320,0.003883514553308487
9,pre_rope,321,0.003867559600621462
9,pre_rope,322,0.0038505084812641144
9,pre_rope,323,0.003831472247838974
9,pre_rope,324,0.003821132006123662
9,pre_rope,325,0.0037919911555945873
9,pre_rope,326,0.0037768904585391283
9,pre_rope,327,0.0037692508194595575
9,pre_rope,328,0.0037475619465112686
9,pre_rope,329,0.0037180243525654078
9,pre_rope,330,0.00368484971113503
9,pre_rope,331,0.0036623014602810144
9,pre_rope,332,0.0036409106105566025
9,pre_rope,333,0.003623866243287921
9,pre_rope,334,0.003615136258304119
9,pre_rope,335,0.0036007072776556015
9,pre_rope,336,0.003579371841624379
9,pre_rope,337,0.0035680485889315605
9,pre_rope,338,0.0035634487867355347
9,pre_rope,339,0.0035399736370891333
9,pre_rope,340,0.003531775204464793
9,pre_rope,341,0.0035138821694999933
9,pre_rope,342,0.0034973432775586843
9,pre_rope,343,0.003470457624644041
9,pre_rope,344,0.0034620272926986217
9,pre_rope,345,0.0034444823395460844
9,pre_rope,346,0.00342942844145
9,pre_rope,347,0.003415299579501152
9,pre_rope,348,0.0033865601290017366
9,pre_rope,349,0.003371743718162179
9,pre_rope,350,0.0033513042144477367
9,pre_rope,351,0.0033467889297753572
9,pre_rope,352,0.0033189996611326933
9,pre_rope,353,0.0033041920978575945
9,pre_rope,354,0.003284105099737644
9,pre_rope,355,0.0032543002162128687
9,pre_rope,356,0.003228052519261837
9,pre_rope,357,0.0032234967220574617
9,pre_rope,358,0.0032098882365971804
9,pre_rope,359,0.003182764630764723
9,pre_rope,360,0.0031762057915329933
9,pre_rope,361,0.003163326997309923
9,pre_rope,362,0.003148856107145548
9,pre_rope,363,0.0031087766401469707
9,pre_rope,364,0.0030906042084097862
9,pre_rope,365,0.0030828379094600677
9,pre_rope,366,0.003079213434830308
9,pre_rope,367,0.0030473489314317703
9,pre_rope,368,0.0030287199188023806
9,pre_rope,369,0.0030194283463060856
9,pre_rope,370,0.00301186740398407
9,pre_rope,371,0.0029942323453724384
9,pre_rope,372,0.002960449317470193
9,pre_rope,373,0.002953434130176902
9,pre_rope,374,0.0029434794560074806
9,pre_rope,375,0.002930763876065612
9,pre_rope,376,0.0029285368509590626
9,pre_rope,377,0.002909216796979308
9,pre_rope,378,0.002892154734581709
9,pre_rope,379,0.002869056537747383
9,pre_rope,380,0.002861178480088711
9,pre_rope,381,0.0028485895600169897
9,pre_rope,382,0.002830331213772297
9,pre_rope,383,0.002810449805110693
9,pre_rope,384,0.0028032013215124607
9,pre_rope,385,0.002768181264400482
9,pre_rope,386,0.0027617337182164192
9,pre_rope,387,0.0027535108383744955
9,pre_rope,388,0.002736144931986928
9,pre_rope,389,0.0027265381067991257
9,pre_rope,390,0.0027062196750193834
9,pre_rope,391,0.002694339258596301
9,pre_rope,392,0.0026723085902631283
9,pre_rope,393,0.00266606779769063
9,pre_rope,394,0.0026594947557896376
9,pre_rope,395,0.0026374654844403267
9,pre_rope,396,0.002627538051456213
9,pre_rope,397,0.0025933049619197845
9,pre_rope,398,0.0025907831732183695
9,pre_rope,399,0.0025789274368435144
9,pre_rope,400,0.0025430903770029545
9,pre_rope,401,0.0025334751699119806
9,pre_rope,402,0.0025278597604483366
9,pre_rope,403,0.0025114736054092646
9,pre_rope,404,0.0025021107867360115
9,pre_rope,405,0.002481324365362525
9,pre_rope,406,0.0024717687629163265
9,pre_rope,407,0.002442995086312294
9,pre_rope,408,0.00244132149964571
9,pre_rope,409,0.0024268110282719135
9,pre_rope,410,0.0024054371751844883
9,pre_rope,411,0.0023953847121447325
9,pre_rope,412,0.0023888424038887024
9,pre_rope,413,0.0023738984018564224
9,pre_rope,414,0.002354012569412589
9,pre_rope,415,0.0023405798710882664
9,pre_rope,416,0.002316928468644619
9,pre_rope,417,0.002295349258929491
9,pre_rope,418,0.0022846150677651167
9,pre_rope,419,0.0022745938040316105
9,pre_rope,420,0.0022674633655697107
9,pre_rope,421,0.0022470613475888968
9,pre_rope,422,0.0022330789361149073
9,pre_rope,423,0.0022239454556256533
9,pre_rope,424,0.00221199169754982
9,pre_rope,425,0.0021790070459246635
9,pre_rope,426,0.002174282679334283
9,pre_rope,427,0.0021669112611562014
9,pre_rope,428,0.0021546015050262213
9,pre_rope,429,0.0021326649002730846
9,pre_rope,430,0.0021172477863729
9,pre_rope,431,0.0020984236616641283
9,pre_rope,432,0.0020932964980602264
9,pre_rope,433,0.0020911642350256443
9,pre_rope,434,0.0020603917073458433
9,pre_rope,435,0.0020545716397464275
9,pre_rope,436,0.0020410423167049885
9,pre_rope,437,0.002017662161961198
9,pre_rope,438,0.0020066394936293364
9,pre_rope,439,0.0019865131471306086
9,pre_rope,440,0.001973107224330306
9,pre_rope,441,0.0019694746006280184
9,pre_rope,442,0.001944362185895443
9,pre_rope,443,0.001930871163494885
9,pre_rope,444,0.0019173804903402925
9,pre_rope,445,0.0019014495192095637
9,pre_rope,446,0.001894693123176694
9,pre_rope,447,0.001885047066025436
9,pre_rope,448,0.00187571975402534
9,pre_rope,449,0.0018560823518782854
9,pre_rope,450,0.0018333353800699115
9,pre_rope,451,0.0018197972094640136
9,pre_rope,452,0.0018137210281565785
9,pre_rope,453,0.001796812517568469
9,pre_rope,454,0.0017786851385608315
9,pre_rope,455,0.0017751434352248907
9,pre_rope,456,0.0017666392959654331
9,pre_rope,457,0.001748785492964089
9,pre_rope,458,0.0017223507165908813
9,pre_rope,459,0.0017124490113928914
9,pre_rope,460,0.001692596822977066
9,pre_rope,461,0.0016731341602280736
9,pre_rope,462,0.0016588488360866904
9,pre_rope,463,0.0016446351073682308
9,pre_rope,464,0.001637884764932096
9,pre_rope,465,0.0016312284860759974
9,pre_rope,466,0.0016004930948838592
9,pre_rope,467,0.0015850586351007223
9,pre_rope,468,0.0015723509714007378
9,pre_rope,469,0.0015686041442677379
9,pre_rope,470,0.0015612199204042554
9,pre_rope,471,0.0015368110034614801
9,pre_rope,472,0.0015239763306453824
9,pre_rope,473,0.0015141044277697802
9,pre_rope,474,0.0014997196849435568
9,pre_rope,475,0.0014912793412804604
9,pre_rope,476,0.00145208858884871
9,pre_rope,477,0.0014296082081273198
9,pre_rope,478,0.001406695693731308
9,pre_rope,479,0.0013963690726086497
9,pre_rope,480,0.0013852465199306607
9,pre_rope,481,0.0013770037330687046
9,pre_rope,482,0.0013663650024682283
9,pre_rope,483,0.0013485236559063196
9,pre_rope,484,0.0013239829568192363
9,pre_rope,485,0.0013020903570577502
9,pre_rope,486,0.0012960621388629079
9,pre_rope,487,0.0012791674816980958
9,pre_rope,488,0.0012653880985453725
9,pre_rope,489,0.0012406527530401945
9,pre_rope,490,0.001206893241032958
9,pre_rope,491,0.001200809725560248
9,pre_rope,492,0.0011845127446576953
9,pre_rope,493,0.0011601739097386599
9,pre_rope,494,0.0011171166552230716
9,pre_rope,495,0.0011123936856165528
9,pre_rope,496,0.0010929486015811563
9,pre_rope,497,0.0010750337969511747
9,pre_rope,498,0.0010627147275954485
9,pre_rope,499,0.0010291181970387697
9,pre_rope,500,0.0010129465954378247
9,pre_rope,501,0.0009921557502821088
9,pre_rope,502,0.0009737199870869517
9,pre_rope,503,0.0009282166138291359
9,pre_rope,504,0.0008877940126694739
9,pre_rope,505,0.0008655890123918653
9,pre_rope,506,0.0008294560248032212
9,pre_rope,507,0.0006878817803226411
9,pre_rope,508,0.0006520029273815453
9,pre_rope,509,0.0006113896379247308
9,pre_rope,510,0.0005815341137349606
9,pre_rope,511,0.0005596919800154865
9,pre_rope,512,0.0004554293118417263
9,post_rope,1,1.0
9,post_rope,2,0.19403298199176788
9,post_rope,3,0.16013674437999725
9,post_rope,4,0.15096443891525269
9,post_rope,5,0.14747817814350128
9,post_rope,6,0.14449408650398254
9,post_rope,7,0.1371907889842987
9,post_rope,8,0.1347460001707077
9,post_rope,9,0.13176950812339783
9,post_rope,10,0.12877421081066132
9,post_rope,11,0.12711916863918304
9,post_rope,12,0.12334779649972916
9,post_rope,13,0.122819684445858
9,post_rope,14,0.12091978639364243
9,post_rope,15,0.11443020403385162
9,post_rope,16,0.11341123282909393
9,post_rope,17,0.11261378228664398
9,post_rope,18,0.11095142364501953
9,post_rope,19,0.10941184312105179
9,post_rope,20,0.10666517168283463
9,post_rope,21,0.10557723790407181
9,post_rope,22,0.10454989969730377
9,post_rope,23,0.10280975699424744
9,post_rope,24,0.10244924575090408
9,post_rope,25,0.10186246782541275
9,post_rope,26,0.1006707027554512
9,post_rope,27,0.09900519251823425
9,post_rope,28,0.09608094394207001
9,post_rope,29,0.0908733382821083
9,post_rope,30,0.08904056996107101
9,post_rope,31,0.08779286593198776
9,post_rope,32,0.08657184988260269
9,post_rope,33,0.08458253741264343
9,post_rope,34,0.08425796777009964
9,post_rope,35,0.08388117700815201
9,post_rope,36,0.08044622093439102
9,post_rope,37,0.07721284031867981
9,post_rope,38,0.07675937563180923
9,post_rope,39,0.07616657763719559
9,post_rope,40,0.06745478510856628
9,post_rope,41,0.06558476388454437
9,post_rope,42,0.061543527990579605
9,post_rope,43,0.05920950695872307
9,post_rope,44,0.05556182190775871
9,post_rope,45,0.05464712902903557
9,post_rope,46,0.053183481097221375
9,post_rope,47,0.0497455857694149
9,post_rope,48,0.04833046346902847
9,post_rope,49,0.0471322238445282
9,post_rope,50,0.04612656682729721
9,post_rope,51,0.044923510402441025
9,post_rope,52,0.040783435106277466
9,post_rope,53,0.04033020883798599
9,post_rope,54,0.03951704129576683
9,post_rope,55,0.03855622932314873
9,post_rope,56,0.03821433335542679
9,post_rope,57,0.03608137369155884
9,post_rope,58,0.035648610442876816
9,post_rope,59,0.035533126443624496
9,post_rope,60,0.03486858680844307
9,post_rope,61,0.0340271070599556
9,post_rope,62,0.033725555986166
9,post_rope,63,0.03339509665966034
9,post_rope,64,0.03332117572426796
9,post_rope,65,0.03310080245137215
9,post_rope,66,0.0328156016767025
9,post_rope,67,0.03239499405026436
9,post_rope,68,0.03208111226558685
9,post_rope,69,0.03176704794168472
9,post_rope,70,0.03159119561314583
9,post_rope,71,0.031314026564359665
9,post_rope,72,0.0309612974524498
9,post_rope,73,0.030871374532580376
9,post_rope,74,0.030586326494812965
9,post_rope,75,0.030291805043816566
9,post_rope,76,0.030124453827738762
9,post_rope,77,0.02980935201048851
9,post_rope,78,0.029480917379260063
9,post_rope,79,0.029052775353193283
9,post_rope,80,0.02884534001350403
9,post_rope,81,0.028726747259497643
9,post_rope,82,0.02848033420741558
9,post_rope,83,0.02830304205417633
9,post_rope,84,0.028270570561289787
9,post_rope,85,0.028177980333566666
9,post_rope,86,0.02786140702664852
9,post_rope,87,0.02757902443408966
9,post_rope,88,0.02730751782655716
9,post_rope,89,0.02715727500617504
9,post_rope,90,0.026822617277503014
9,post_rope,91,0.026778854429721832
9,post_rope,92,0.026651469990611076
9,post_rope,93,0.026316428557038307
9,post_rope,94,0.026096437126398087
9,post_rope,95,0.02601156197488308
9,post_rope,96,0.025861073285341263
9,post_rope,97,0.02583230845630169
9,post_rope,98,0.025586750358343124
9,post_rope,99,0.02540084533393383
9,post_rope,100,0.025295739993453026
9,post_rope,101,0.0249197855591774
9,post_rope,102,0.02473682351410389
9,post_rope,103,0.024528631940484047
9,post_rope,104,0.024474389851093292
9,post_rope,105,0.024199949577450752
9,post_rope,106,0.02415359392762184
9,post_rope,107,0.023885997012257576
9,post_rope,108,0.023815389722585678
9,post_rope,109,0.023641129955649376
9,post_rope,110,0.023516813293099403
9,post_rope,111,0.023370886221528053
9,post_rope,112,0.02333850786089897
9,post_rope,113,0.023018768057227135
9,post_rope,114,0.022973952814936638
9,post_rope,115,0.02279488928616047
9,post_rope,116,0.022654423490166664
9,post_rope,117,0.022497618570923805
9,post_rope,118,0.02236976847052574
9,post_rope,119,0.02218765951693058
9,post_rope,120,0.02215588092803955
9,post_rope,121,0.02199305035173893
9,post_rope,122,0.021926043555140495
9,post_rope,123,0.021840376779437065
9,post_rope,124,0.021776651963591576
9,post_rope,125,0.021604759618639946
9,post_rope,126,0.021457232534885406
9,post_rope,127,0.021326107904314995
9,post_rope,128,0.021180100739002228
9,post_rope,129,0.02116706408560276
9,post_rope,130,0.021085446700453758
9,post_rope,131,0.02097204513847828
9,post_rope,132,0.020825285464525223
9,post_rope,133,0.020743610337376595
9,post_rope,134,0.020614102482795715
9,post_rope,135,0.020515913143754005
9,post_rope,136,0.020462891086935997
9,post_rope,137,0.02037576399743557
9,post_rope,138,0.020265009254217148
9,post_rope,139,0.020123809576034546
9,post_rope,140,0.020111262798309326
9,post_rope,141,0.01998298056423664
9,post_rope,142,0.01981169357895851
9,post_rope,143,0.01971522904932499
9,post_rope,144,0.019641907885670662
9,post_rope,145,0.019560549408197403
9,post_rope,146,0.01947183720767498
9,post_rope,147,0.01944349706172943
9,post_rope,148,0.019310448318719864
9,post_rope,149,0.01921764761209488
9,post_rope,150,0.01920357532799244
9,post_rope,151,0.019166752696037292
9,post_rope,152,0.01888294517993927
9,post_rope,153,0.01884138211607933
9,post_rope,154,0.018809176981449127
9,post_rope,155,0.01871357299387455
9,post_rope,156,0.018621744588017464
9,post_rope,157,0.018580351024866104
9,post_rope,158,0.01849963702261448
9,post_rope,159,0.018441669642925262
9,post_rope,160,0.01835930533707142
9,post_rope,161,0.018330391496419907
9,post_rope,162,0.01816834881901741
9,post_rope,163,0.018078379333019257
9,post_rope,164,0.018029792234301567
9,post_rope,165,0.017895067110657692
9,post_rope,166,0.017878087237477303
9,post_rope,167,0.017811357975006104
9,post_rope,168,0.017738422378897667
9,post_rope,169,0.01769767515361309
9,post_rope,170,0.01766807585954666
9,post_rope,171,0.017450932413339615
9,post_rope,172,0.017429035156965256
9,post_rope,173,0.01741570048034191
9,post_rope,174,0.017385611310601234
9,post_rope,175,0.01727432943880558
9,post_rope,176,0.017256805673241615
9,post_rope,177,0.01712426170706749
9,post_rope,178,0.017073553055524826
9,post_rope,179,0.0169795211404562
9,post_rope,180,0.01694139465689659
9,post_rope,181,0.016831493005156517
9,post_rope,182,0.016805004328489304
9,post_rope,183,0.016733497381210327
9,post_rope,184,0.016704272478818893
9,post_rope,185,0.016676409170031548
9,post_rope,186,0.016639340668916702
9,post_rope,187,0.016490956768393517
9,post_rope,188,0.01638883352279663
9,post_rope,189,0.01631578803062439
9,post_rope,190,0.01626456156373024
9,post_rope,191,0.01618182845413685
9,post_rope,192,0.01615658774971962
9,post_rope,193,0.01600835472345352
9,post_rope,194,0.01595621183514595
9,post_rope,195,0.015901152044534683
9,post_rope,196,0.0158181581646204
9,post_rope,197,0.015767760574817657
9,post_rope,198,0.015656813979148865
9,post_rope,199,0.015614352189004421
9,post_rope,200,0.015583976171910763
9,post_rope,201,0.015529826283454895
9,post_rope,202,0.015488652512431145
9,post_rope,203,0.015413152985274792
9,post_rope,204,0.015319476835429668
9,post_rope,205,0.015242873691022396
9,post_rope,206,0.015229959972202778
9,post_rope,207,0.015144445933401585
9,post_rope,208,0.015097435563802719
9,post_rope,209,0.015057353302836418
9,post_rope,210,0.015008232556283474
9,post_rope,211,0.014958164654672146
9,post_rope,212,0.01481714379042387
9,post_rope,213,0.014779835008084774
9,post_rope,214,0.01472385972738266
9,post_rope,215,0.014658689498901367
9,post_rope,216,0.014564203098416328
9,post_rope,217,0.014519598335027695
9,post_rope,218,0.014492166228592396
9,post_rope,219,0.01443497184664011
9,post_rope,220,0.014365402050316334
9,post_rope,221,0.014288048259913921
9,post_rope,222,0.0142752043902874
9,post_rope,223,0.014200453646481037
9,post_rope,224,0.014172829687595367
9,post_rope,225,0.014079486951231956
9,post_rope,226,0.014038230292499065
9,post_rope,227,0.01398839708417654
9,post_rope,228,0.01393179316073656
9,post_rope,229,0.013838203623890877
9,post_rope,230,0.01380868349224329
9,post_rope,231,0.013791128993034363
9,post_rope,232,0.013781582936644554
9,post_rope,233,0.013688872568309307
9,post_rope,234,0.013622967526316643
9,post_rope,235,0.013564583845436573
9,post_rope,236,0.013550763949751854
9,post_rope,237,0.013480025343596935
9,post_rope,238,0.013436446897685528
9,post_rope,239,0.013423606753349304
9,post_rope,240,0.013387960381805897
9,post_rope,241,0.013300927355885506
9,post_rope,242,0.013242862187325954
9,post_rope,243,0.013164305128157139
9,post_rope,244,0.013136014342308044
9,post_rope,245,0.013085850514471531
9,post_rope,246,0.013050047680735588
9,post_rope,247,0.012969546020030975
9,post_rope,248,0.012935599312186241
9,post_rope,249,0.012902503833174706
9,post_rope,250,0.01281630527228117
9,post_rope,251,0.0127918915823102
9,post_rope,252,0.012697252444922924
9,post_rope,253,0.012667417526245117
9,post_rope,254,0.012558686546981335
9,post_rope,255,0.012517711147665977
9,post_rope,256,0.012495295144617558
9,post_rope,257,0.012450153939425945
9,post_rope,258,0.012429632246494293
9,post_rope,259,0.012392519973218441
9,post_rope,260,0.012364164926111698
9,post_rope,261,0.01229457650333643
9,post_rope,262,0.012222258374094963
9,post_rope,263,0.012212982401251793
9,post_rope,264,0.012149585410952568
9,post_rope,265,0.012103915214538574
9,post_rope,266,0.012061022222042084
9,post_rope,267,0.012039938010275364
9,post_rope,268,0.011934420093894005
9,post_rope,269,0.011910897679626942
9,post_rope,270,0.011888334527611732
9,post_rope,271,0.011835896410048008
9,post_rope,272,0.011785290203988552
9,post_rope,273,0.011738134548068047
9,post_rope,274,0.01168452762067318
9,post_rope,275,0.01167198084294796
9,post_rope,276,0.011634718626737595
9,post_rope,277,0.011606356129050255
9,post_rope,278,0.011546162888407707
9,post_rope,279,0.011513150297105312
9,post_rope,280,0.011485589668154716
9,post_rope,281,0.011397830210626125
9,post_rope,282,0.01137110311537981
9,post_rope,283,0.011341270059347153
9,post_rope,284,0.011264588683843613
9,post_rope,285,0.011240625753998756
9,post_rope,286,0.011216743849217892
9,post_rope,287,0.011167021468281746
9,post_rope,288,0.011124297976493835
9,post_rope,289,0.01109482441097498
9,post_rope,290,0.011066569946706295
9,post_rope,291,0.011006657965481281
9,post_rope,292,0.010982388630509377
9,post_rope,293,0.0109628364443779
9,post_rope,294,0.010924124158918858
9,post_rope,295,0.010899754241108894
9,post_rope,296,0.010859189555048943
9,post_rope,297,0.010815735906362534
9,post_rope,298,0.010784593410789967
9,post_rope,299,0.010708291083574295
9,post_rope,300,0.010668559931218624
9,post_rope,301,0.010628641583025455
9,post_rope,302,0.010598186403512955
9,post_rope,303,0.010553279891610146
9,post_rope,304,0.010542144067585468
9,post_rope,305,0.010517923161387444
9,post_rope,306,0.010500139556825161
9,post_rope,307,0.010461214929819107
9,post_rope,308,0.010387690737843513
9,post_rope,309,0.010376441292464733
9,post_rope,310,0.010336940176784992
9,post_rope,311,0.010284941643476486
9,post_rope,312,0.01020967960357666
9,post_rope,313,0.010188738815486431
9,post_rope,314,0.010165577754378319
9,post_rope,315,0.010146118700504303
9,post_rope,316,0.010123305954039097
9,post_rope,317,0.01009006891399622
9,post_rope,318,0.010043904185295105
9,post_rope,319,0.009999843314290047
9,post_rope,320,0.009954637847840786
9,post_rope,321,0.00994629506021738
9,post_rope,322,0.009889742359519005
9,post_rope,323,0.009842322207987309
9,post_rope,324,0.009831210598349571
9,post_rope,325,0.009785308502614498
9,post_rope,326,0.009755383245646954
9,post_rope,327,0.009727519005537033
9,post_rope,328,0.009713729843497276
9,post_rope,329,0.009652875363826752
9,post_rope,330,0.00962173193693161
9,post_rope,331,0.009564260952174664
9,post_rope,332,0.009547590278089046
9,post_rope,333,0.009517109021544456
9,post_rope,334,0.009490730240941048
9,post_rope,335,0.009435442276299
9,post_rope,336,0.009412393905222416
9,post_rope,337,0.009355264715850353
9,post_rope,338,0.009324944578111172
9,post_rope,339,0.009314902126789093
9,post_rope,340,0.009285174310207367
9,post_rope,341,0.009234576486051083
9,post_rope,342,0.009152798913419247
9,post_rope,343,0.009142549708485603
9,post_rope,344,0.009129264391958714
9,post_rope,345,0.009089644066989422
9,post_rope,346,0.009053557179868221
9,post_rope,347,0.009014892391860485
9,post_rope,348,0.009009373374283314
9,post_rope,349,0.008942300453782082
9,post_rope,350,0.008938109502196312
9,post_rope,351,0.008884052745997906
9,post_rope,352,0.008854619227349758
9,post_rope,353,0.008841773495078087
9,post_rope,354,0.008807925507426262
9,post_rope,355,0.008757194504141808
9,post_rope,356,0.008748754858970642
9,post_rope,357,0.00867471843957901
9,post_rope,358,0.008645167574286461
9,post_rope,359,0.008618601597845554
9,post_rope,360,0.008585228584706783
9,post_rope,361,0.008574862964451313
9,post_rope,362,0.008514421060681343
9,post_rope,363,0.008486882783472538
9,post_rope,364,0.008449533022940159
9,post_rope,365,0.008391616865992546
9,post_rope,366,0.008379761129617691
9,post_rope,367,0.00836095493286848
9,post_rope,368,0.008306069299578667
9,post_rope,369,0.008244277909398079
9,post_rope,370,0.008243313059210777
9,post_rope,371,0.008207570761442184
9,post_rope,372,0.008188905194401741
9,post_rope,373,0.008174640126526356
9,post_rope,374,0.00809536874294281
9,post_rope,375,0.008084350265562534
9,post_rope,376,0.008079876191914082
9,post_rope,377,0.008035385981202126
9,post_rope,378,0.007933488115668297
9,post_rope,379,0.007900730706751347
9,post_rope,380,0.007882396690547466
9,post_rope,381,0.0078160734847188
9,post_rope,382,0.007772356271743774
9,post_rope,383,0.0077417208813130856
9,post_rope,384,0.007719375193119049
9,post_rope,385,0.007698426488786936
9,post_rope,386,0.007673961576074362
9,post_rope,387,0.007639631163328886
9,post_rope,388,0.007619386538863182
9,post_rope,389,0.007592410314828157
9,post_rope,390,0.007554263342171907
9,post_rope,391,0.007547043263912201
9,post_rope,392,0.007504808716475964
9,post_rope,393,0.007485676556825638
9,post_rope,394,0.007475242018699646
9,post_rope,395,0.0074083623476326466
9,post_rope,396,0.0073726000264286995
9,post_rope,397,0.007310634944587946
9,post_rope,398,0.00728508410975337
9,post_rope,399,0.007265344727784395
9,post_rope,400,0.00721562746912241
9,post_rope,401,0.00718913646414876
9,post_rope,402,0.007155593950301409
9,post_rope,403,0.007141005713492632
9,post_rope,404,0.007090092170983553
9,post_rope,405,0.007054710295051336
9,post_rope,406,0.00702893640846014
9,post_rope,407,0.006993030197918415
9,post_rope,408,0.006968008354306221
9,post_rope,409,0.0069441478699445724
9,post_rope,410,0.006882146932184696
9,post_rope,411,0.006872081197798252
9,post_rope,412,0.006825809832662344
9,post_rope,413,0.0068086739629507065
9,post_rope,414,0.006780140567570925
9,post_rope,415,0.006712322123348713
9,post_rope,416,0.006672203540802002
9,post_rope,417,0.006657091900706291
9,post_rope,418,0.0066300369799137115
9,post_rope,419,0.006623630411922932
9,post_rope,420,0.00655344408005476
9,post_rope,421,0.006526418495923281
9,post_rope,422,0.006519250571727753
9,post_rope,423,0.006486346945166588
9,post_rope,424,0.006397838704288006
9,post_rope,425,0.006378404330462217
9,post_rope,426,0.006336703896522522
9,post_rope,427,0.006271856836974621
9,post_rope,428,0.006255201064050198
9,post_rope,429,0.006250143051147461
9,post_rope,430,0.006210830062627792
9,post_rope,431,0.0061515565030276775
9,post_rope,432,0.006103125400841236
9,post_rope,433,0.006056816317141056
9,post_rope,434,0.0060281637124717236
9,post_rope,435,0.006015051621943712
9,post_rope,436,0.005986370146274567
9,post_rope,437,0.005970174912363291
9,post_rope,438,0.005952627398073673
9,post_rope,439,0.005882005672901869
9,post_rope,440,0.005789069924503565
9,post_rope,441,0.005761154927313328
9,post_rope,442,0.005746486596763134
9,post_rope,443,0.005695740692317486
9,post_rope,444,0.005654193460941315
9,post_rope,445,0.005624150857329369
9,post_rope,446,0.0055254362523555756
9,post_rope,447,0.0055012572556734085
9,post_rope,448,0.005484065972268581
9,post_rope,449,0.005414930172264576
9,post_rope,450,0.005375073291361332
9,post_rope,451,0.0053498330526053905
9,post_rope,452,0.005259878002107143
9,post_rope,453,0.0052464245818555355
9,post_rope,454,0.00521050812676549
9,post_rope,455,0.005202873144298792
9,post_rope,456,0.005135476589202881
9,post_rope,457,0.005116728134453297
9,post_rope,458,0.005079264286905527
9,post_rope,459,0.005060615483671427
9,post_rope,460,0.005021778400987387
9,post_rope,461,0.00494275102391839
9,post_rope,462,0.0048894938081502914
9,post_rope,463,0.004846792668104172
9,post_rope,464,0.004816053900867701
9,post_rope,465,0.004777279682457447
9,post_rope,466,0.004739977885037661
9,post_rope,467,0.004736836068332195
9,post_rope,468,0.004692804999649525
9,post_rope,469,0.004601185210049152
9,post_rope,470,0.004575400613248348
9,post_rope,471,0.004482822492718697
9,post_rope,472,0.004426903557032347
9,post_rope,473,0.004401844460517168
9,post_rope,474,0.004347472917288542
9,post_rope,475,0.0043363249860703945
9,post_rope,476,0.004250727593898773
9,post_rope,477,0.004226042423397303
9,post_rope,478,0.004216549918055534
9,post_rope,479,0.00415732990950346
9,post_rope,480,0.004117548931390047
9,post_rope,481,0.004095934797078371
9,post_rope,482,0.004009588621556759
9,post_rope,483,0.003940562251955271
9,post_rope,484,0.00388020696118474
9,post_rope,485,0.00386498449370265
9,post_rope,486,0.0038013760931789875
9,post_rope,487,0.0037651078309863806
9,post_rope,488,0.0037418375723063946
9,post_rope,489,0.0036818296648561954
9,post_rope,490,0.0036283780355006456
9,post_rope,491,0.003589145140722394
9,post_rope,492,0.0035249723587185144
9,post_rope,493,0.003463407512754202
9,post_rope,494,0.0034193687606602907
9,post_rope,495,0.003335989313200116
9,post_rope,496,0.003297989023849368
9,post_rope,497,0.003258380340412259
9,post_rope,498,0.00318289827555418
9,post_rope,499,0.0031134781893342733
9,post_rope,500,0.0030541331507265568
9,post_rope,501,0.0029406424146145582
9,post_rope,502,0.0029036959167569876
9,post_rope,503,0.0027999631129205227
9,post_rope,504,0.0027319672517478466
9,post_rope,505,0.0025944432709366083
9,post_rope,506,0.002542802831158042
9,post_rope,507,0.002430119551718235
9,post_rope,508,0.0022806378547102213
9,post_rope,509,0.0022139435168355703
9,post_rope,510,0.002128124702721834
9,post_rope,511,0.0019232487538829446
9,post_rope,512,0.001838263706304133
10,pre_rope,1,1.0
10,pre_rope,2,0.1727699488401413
10,pre_rope,3,0.16314007341861725
10,pre_rope,4,0.15002448856830597
10,pre_rope,5,0.1333611011505127
10,pre_rope,6,0.12529638409614563
10,pre_rope,7,0.12264976650476456
10,pre_rope,8,0.10876007378101349
10,pre_rope,9,0.10030420869588852
10,pre_rope,10,0.09944792091846466
10,pre_rope,11,0.09268718212842941
10,pre_rope,12,0.08965593576431274
10,pre_rope,13,0.08473696559667587
10,pre_rope,14,0.07813481986522675
10,pre_rope,15,0.07757405936717987
10,pre_rope,16,0.0752406194806099
10,pre_rope,17,0.07130776345729828
10,pre_rope,18,0.0692746490240097
10,pre_rope,19,0.06625479459762573
10,pre_rope,20,0.0652855858206749
10,pre_rope,21,0.06263996660709381
10,pre_rope,22,0.06128709390759468
10,pre_rope,23,0.05942464992403984
10,pre_rope,24,0.057844556868076324
10,pre_rope,25,0.05602317303419113
10,pre_rope,26,0.05316551402211189
10,pre_rope,27,0.05139448866248131
10,pre_rope,28,0.04962128773331642
10,pre_rope,29,0.04750743508338928
10,pre_rope,30,0.04648221284151077
10,pre_rope,31,0.04541321098804474
10,pre_rope,32,0.04441620036959648
10,pre_rope,33,0.04406815022230148
10,pre_rope,34,0.04343804344534874
10,pre_rope,35,0.041474349796772
10,pre_rope,36,0.04077588766813278
10,pre_rope,37,0.03990105167031288
10,pre_rope,38,0.038617391139268875
10,pre_rope,39,0.03827418014407158
10,pre_rope,40,0.03688197582960129
10,pre_rope,41,0.036805182695388794
10,pre_rope,42,0.03558695316314697
10,pre_rope,43,0.03507901728153229
10,pre_rope,44,0.03448111191391945
10,pre_rope,45,0.033724550157785416
10,pre_rope,46,0.03308029845356941
10,pre_rope,47,0.031895264983177185
10,pre_rope,48,0.0317046195268631
10,pre_rope,49,0.031477801501750946
10,pre_rope,50,0.03122011572122574
10,pre_rope,51,0.030522404238581657
10,pre_rope,52,0.029917335137724876
10,pre_rope,53,0.029515855014324188
10,pre_rope,54,0.029057417064905167
10,pre_rope,55,0.02857702225446701
10,pre_rope,56,0.02847706340253353
10,pre_rope,57,0.02798197977244854
10,pre_rope,58,0.027605611830949783
10,pre_rope,59,0.027421195060014725
10,pre_rope,60,0.027082471176981926
10,pre_rope,61,0.026536323130130768
10,pre_rope,62,0.026397813111543655
10,pre_rope,63,0.02600983716547489
10,pre_rope,64,0.025499995797872543
10,pre_rope,65,0.02512495592236519
10,pre_rope,66,0.024854149669408798
10,pre_rope,67,0.024452870711684227
10,pre_rope,68,0.024196777492761612
10,pre_rope,69,0.024136805906891823
10,pre_rope,70,0.023843275383114815
10,pre_rope,71,0.023331915959715843
10,pre_rope,72,0.023242928087711334
10,pre_rope,73,0.02312312461435795
10,pre_rope,74,0.02257157675921917
10,pre_rope,75,0.02238777093589306
10,pre_rope,76,0.022154761478304863
10,pre_rope,77,0.02195093221962452
10,pre_rope,78,0.0217251256108284
10,pre_rope,79,0.021580351516604424
10,pre_rope,80,0.020994355902075768
10,pre_rope,81,0.020734617486596107
10,pre_rope,82,0.02066654898226261
10,pre_rope,83,0.020250149071216583
10,pre_rope,84,0.020151864737272263
10,pre_rope,85,0.019836310297250748
10,pre_rope,86,0.019559653475880623
10,pre_rope,87,0.019499199464917183
10,pre_rope,88,0.01919666863977909
10,pre_rope,89,0.019012901932001114
10,pre_rope,90,0.018841221928596497
10,pre_rope,91,0.018657628446817398
10,pre_rope,92,0.018503960222005844
10,pre_rope,93,0.018358109518885612
10,pre_rope,94,0.01821482926607132
10,pre_rope,95,0.018098238855600357
10,pre_rope,96,0.017934469506144524
10,pre_rope,97,0.017883330583572388
10,pre_rope,98,0.017538506537675858
10,pre_rope,99,0.01733006164431572
10,pre_rope,100,0.017210638150572777
10,pre_rope,101,0.017065031453967094
10,pre_rope,102,0.016963599249720573
10,pre_rope,103,0.01689615286886692
10,pre_rope,104,0.016689294949173927
10,pre_rope,105,0.016548380255699158
10,pre_rope,106,0.016408195719122887
10,pre_rope,107,0.016222843900322914
10,pre_rope,108,0.016046786680817604
10,pre_rope,109,0.015865925699472427
10,pre_rope,110,0.015694763511419296
10,pre_rope,111,0.01546553149819374
10,pre_rope,112,0.015419576317071915
10,pre_rope,113,0.015310144983232021
10,pre_rope,114,0.015291650779545307
10,pre_rope,115,0.015205149538815022
10,pre_rope,116,0.014878679066896439
10,pre_rope,117,0.014856626279652119
10,pre_rope,118,0.014634451828897
10,pre_rope,119,0.01451511587947607
10,pre_rope,120,0.01435889396816492
10,pre_rope,121,0.01427237968891859
10,pre_rope,122,0.014182333834469318
10,pre_rope,123,0.01402441319078207
10,pre_rope,124,0.013962425291538239
10,pre_rope,125,0.01382666826248169
10,pre_rope,126,0.013760091736912727
10,pre_rope,127,0.013673716224730015
10,pre_rope,128,0.013639935292303562
10,pre_rope,129,0.013521885499358177
10,pre_rope,130,0.013393434695899487
10,pre_rope,131,0.013372919522225857
10,pre_rope,132,0.013244148343801498
10,pre_rope,133,0.01309517677873373
10,pre_rope,134,0.01308384072035551
10,pre_rope,135,0.012866590172052383
10,pre_rope,136,0.012800361029803753
10,pre_rope,137,0.012724829837679863
10,pre_rope,138,0.012669345363974571
10,pre_rope,139,0.012497554533183575
10,pre_rope,140,0.012314974330365658
10,pre_rope,141,0.012271326035261154
10,pre_rope,142,0.012216173112392426
10,pre_rope,143,0.01214685384184122
10,pre_rope,144,0.012018625624477863
10,pre_rope,145,0.011981085874140263
10,pre_rope,146,0.011774927377700806
10,pre_rope,147,0.01172568742185831
10,pre_rope,148,0.011584069579839706
10,pre_rope,149,0.01151320431381464
10,pre_rope,150,0.011464666575193405
10,pre_rope,151,0.01139326673001051
10,pre_rope,152,0.011357862502336502
10,pre_rope,153,0.0113173583522439
10,pre_rope,154,0.011172142811119556
10,pre_rope,155,0.011167243123054504
10,pre_rope,156,0.011114048771560192
10,pre_rope,157,0.011092353612184525
10,pre_rope,158,0.011003071442246437
10,pre_rope,159,0.010854363441467285
10,pre_rope,160,0.010800249874591827
10,pre_rope,161,0.010781412944197655
10,pre_rope,162,0.010634385049343109
10,pre_rope,163,0.01056563202291727
10,pre_rope,164,0.010507049039006233
10,pre_rope,165,0.010398246347904205
10,pre_rope,166,0.010334441438317299
10,pre_rope,167,0.01031019538640976
10,pre_rope,168,0.010244617238640785
10,pre_rope,169,0.0101900864392519
10,pre_rope,170,0.01009631622582674
10,pre_rope,171,0.010073314420878887
10,pre_rope,172,0.009964040480554104
10,pre_rope,173,0.00993404071778059
10,pre_rope,174,0.00988291297107935
10,pre_rope,175,0.00974992010742426
10,pre_rope,176,0.00971298012882471
10,pre_rope,177,0.00969946850091219
10,pre_rope,178,0.00963054783642292
10,pre_rope,179,0.009566929191350937
10,pre_rope,180,0.009505823254585266
10,pre_rope,181,0.009441959671676159
10,pre_rope,182,0.009335294365882874
10,pre_rope,183,0.009270498529076576
10,pre_rope,184,0.009236373007297516
10,pre_rope,185,0.009187725372612476
10,pre_rope,186,0.00914699025452137
10,pre_rope,187,0.009090380743145943
10,pre_rope,188,0.009059101343154907
10,pre_rope,189,0.009027001447975636
10,pre_rope,190,0.008948947302997112
10,pre_rope,191,0.008916163817048073
10,pre_rope,192,0.008873997256159782
10,pre_rope,193,0.008786624297499657
10,pre_rope,194,0.008737712167203426
10,pre_rope,195,0.008709498681128025
10,pre_rope,196,0.008675344288349152
10,pre_rope,197,0.00862093735486269
10,pre_rope,198,0.008557003922760487
10,pre_rope,199,0.008529712446033955
10,pre_rope,200,0.008471231907606125
10,pre_rope,201,0.008461344987154007
10,pre_rope,202,0.008405396714806557
10,pre_rope,203,0.008385713212192059
10,pre_rope,204,0.008343013934791088
10,pre_rope,205,0.008250492624938488
10,pre_rope,206,0.008174076676368713
10,pre_rope,207,0.008159584365785122
10,pre_rope,208,0.00811995193362236
10,pre_rope,209,0.008077627047896385
10,pre_rope,210,0.008027917705476284
10,pre_rope,211,0.00801820307970047
10,pre_rope,212,0.007943500764667988
10,pre_rope,213,0.007855229079723358
10,pre_rope,214,0.007824370637536049
10,pre_rope,215,0.007785303983837366
10,pre_rope,216,0.007745557930320501
10,pre_rope,217,0.007668239995837212
10,pre_rope,218,0.007651372812688351
10,pre_rope,219,0.007614840287715197
10,pre_rope,220,0.007569805718958378
10,pre_rope,221,0.007467771880328655
10,pre_rope,222,0.007426599506288767
10,pre_rope,223,0.00740294111892581
10,pre_rope,224,0.0073577361181378365
10,pre_rope,225,0.007330501452088356
10,pre_rope,226,0.007302471902221441
10,pre_rope,227,0.007265173830091953
10,pre_rope,228,0.007255654316395521
10,pre_rope,229,0.007228855509310961
10,pre_rope,230,0.007196913938969374
10,pre_rope,231,0.007160303182899952
10,pre_rope,232,0.007085278630256653
10,pre_rope,233,0.007048510015010834
10,pre_rope,234,0.007017838768661022
10,pre_rope,235,0.006963688880205154
10,pre_rope,236,0.006925865076482296
10,pre_rope,237,0.006918099243193865
10,pre_rope,238,0.006891493685543537
10,pre_rope,239,0.006828480400145054
10,pre_rope,240,0.006781453266739845
10,pre_rope,241,0.006743516307324171
10,pre_rope,242,0.006699991412460804
10,pre_rope,243,0.006655765697360039
10,pre_rope,244,0.006630303803831339
10,pre_rope,245,0.006615909747779369
10,pre_rope,246,0.006542895454913378
10,pre_rope,247,0.006508960854262114
10,pre_rope,248,0.006469307001680136
10,pre_rope,249,0.006436361465603113
10,pre_rope,250,0.0064264158718287945
10,pre_rope,251,0.0064056990668177605
10,pre_rope,252,0.006386769004166126
10,pre_rope,253,0.006345649715512991
10,pre_rope,254,0.006301006302237511
10,pre_rope,255,0.006256541237235069
10,pre_rope,256,0.00623208936303854
10,pre_rope,257,0.006195192225277424
10,pre_rope,258,0.00615994818508625
10,pre_rope,259,0.006139526143670082
10,pre_rope,260,0.006124828010797501
10,pre_rope,261,0.006057881284505129
10,pre_rope,262,0.0060106986202299595
10,pre_rope,263,0.005978010129183531
10,pre_rope,264,0.0059659443795681
10,pre_rope,265,0.005941577721387148
10,pre_rope,266,0.005924852564930916
10,pre_rope,267,0.005860558710992336
10,pre_rope,268,0.005831900518387556
10,pre_rope,269,0.005794235970824957
10,pre_rope,270,0.005788313690572977
10,pre_rope,271,0.0057699005119502544
10,pre_rope,272,0.005703927483409643
10,pre_rope,273,0.005667451769113541
10,pre_rope,274,0.005649150349199772
10,pre_rope,275,0.005625518970191479
10,pre_rope,276,0.005611055996268988
10,pre_rope,277,0.005595081951469183
10,pre_rope,278,0.005552579183131456
10,pre_rope,279,0.0055345771834254265
10,pre_rope,280,0.005504034925252199
10,pre_rope,281,0.005466371774673462
10,pre_rope,282,0.005456531420350075
10,pre_rope,283,0.005433339159935713
10,pre_rope,284,0.005376961547881365
10,pre_rope,285,0.005371113307774067
10,pre_rope,286,0.005338778253644705
10,pre_rope,287,0.005332437809556723
10,pre_rope,288,0.005300663877278566
10,pre_rope,289,0.005286641418933868
10,pre_rope,290,0.005245429929345846
10,pre_rope,291,0.005234816577285528
10,pre_rope,292,0.005191511008888483
10,pre_rope,293,0.005166993476450443
10,pre_rope,294,0.0051508136093616486
10,pre_rope,295,0.005128555931150913
10,pre_rope,296,0.0050951531156897545
10,pre_rope,297,0.005049331579357386
10,pre_rope,298,0.005012242589145899
10,pre_rope,299,0.0049960496835410595
10,pre_rope,300,0.004982120357453823
10,pre_rope,301,0.004949161317199469
10,pre_rope,302,0.004934635013341904
10,pre_rope,303,0.004904221277683973
10,pre_rope,304,0.004874316975474358
10,pre_rope,305,0.004842652473598719
10,pre_rope,306,0.004821164067834616
10,pre_rope,307,0.004810153041034937
10,pre_rope,308,0.004791870713233948
10,pre_rope,309,0.004750454798340797
10,pre_rope,310,0.004741138778626919
10,pre_rope,311,0.004718874581158161
10,pre_rope,312,0.004683260340243578
10,pre_rope,313,0.004637483507394791
10,pre_rope,314,0.0046227918937802315
10,pre_rope,315,0.0046066842041909695
10,pre_rope,316,0.004594361409544945
10,pre_rope,317,0.004549597389996052
10,pre_rope,318,0.004541982896625996
10,pre_rope,319,0.0045214081183075905
10,pre_rope,320,0.004470274318009615
10,pre_rope,321,0.004461006727069616
10,pre_rope,322,0.004441124852746725
10,pre_rope,323,0.0044179437682032585
10,pre_rope,324,0.004395703785121441
10,pre_rope,325,0.004372141323983669
10,pre_rope,326,0.004353632219135761
10,pre_rope,327,0.004340818617492914
10,pre_rope,328,0.004310567397624254
10,pre_rope,329,0.004291128367185593
10,pre_rope,330,0.004268139600753784
10,pre_rope,331,0.004245287738740444
10,pre_rope,332,0.0042357672937214375
10,pre_rope,333,0.004223244730383158
10,pre_rope,334,0.004188172984868288
10,pre_rope,335,0.004181592725217342
10,pre_rope,336,0.004156389273703098
10,pre_rope,337,0.004114259034395218
10,pre_rope,338,0.004074644297361374
10,pre_rope,339,0.004060036037117243
10,pre_rope,340,0.0040482934564352036
10,pre_rope,341,0.004024403169751167
10,pre_rope,342,0.004008622840046883
10,pre_rope,343,0.003959610592573881
10,pre_rope,344,0.003944227937608957
10,pre_rope,345,0.003935117740184069
10,pre_rope,346,0.003911374136805534
10,pre_rope,347,0.0038992196787148714
10,pre_rope,348,0.003883614670485258
10,pre_rope,349,0.0038606878370046616
10,pre_rope,350,0.0038338727317750454
10,pre_rope,351,0.0038188970647752285
10,pre_rope,352,0.0037945036310702562
10,pre_rope,353,0.0037717975210398436
10,pre_rope,354,0.0037623734679073095
10,pre_rope,355,0.0037426992785185575
10,pre_rope,356,0.0037200755905359983
10,pre_rope,357,0.003704667557030916
10,pre_rope,358,0.0036925647873431444
10,pre_rope,359,0.0036678826436400414
10,pre_rope,360,0.0036398591473698616
10,pre_rope,361,0.0036133690737187862
10,pre_rope,362,0.0035998753737658262
10,pre_rope,363,0.003598481183871627
10,pre_rope,364,0.003565051592886448
10,pre_rope,365,0.003560303710401058
10,pre_rope,366,0.00353291560895741
10,pre_rope,367,0.003501905594021082
10,pre_rope,368,0.003491915762424469
10,pre_rope,369,0.003458078019320965
10,pre_rope,370,0.0034475859720259905
10,pre_rope,371,0.003431724151596427
10,pre_rope,372,0.003406792413443327
10,pre_rope,373,0.003394906409084797
10,pre_rope,374,0.003371042665094137
10,pre_rope,375,0.003356916829943657
10,pre_rope,376,0.0033498581033200026
10,pre_rope,377,0.0033152191899716854
10,pre_rope,378,0.003299594623968005
10,pre_rope,379,0.0032802927307784557
10,pre_rope,380,0.003256001276895404
10,pre_rope,381,0.00324359443038702
10,pre_rope,382,0.0032094712369143963
10,pre_rope,383,0.0032043294049799442
10,pre_rope,384,0.003169459290802479
10,pre_rope,385,0.0031574852764606476
10,pre_rope,386,0.0031499711330980062
10,pre_rope,387,0.003118247026577592
10,pre_rope,388,0.0031053281854838133
10,pre_rope,389,0.0031016054563224316
10,pre_rope,390,0.0030723735690116882
10,pre_rope,391,0.0030467405449599028
10,pre_rope,392,0.0030341572128236294
10,pre_rope,393,0.0030237960163503885
10,pre_rope,394,0.0029932446777820587
10,pre_rope,395,0.0029631948564201593
10,pre_rope,396,0.0029548879247158766
10,pre_rope,397,0.0029442827217280865
10,pre_rope,398,0.0029231614898890257
10,pre_rope,399,0.002911113202571869
10,pre_rope,400,0.002906069392338395
10,pre_rope,401,0.002884870395064354
10,pre_rope,402,0.0028656460344791412
10,pre_rope,403,0.0028603761456906796
10,pre_rope,404,0.002833692589774728
10,pre_rope,405,0.002813523169606924
10,pre_rope,406,0.002807995304465294
10,pre_rope,407,0.0027793769259005785
10,pre_rope,408,0.0027599844615906477
10,pre_rope,409,0.0027559399604797363
10,pre_rope,410,0.002731349552050233
10,pre_rope,411,0.0027062695007771254
10,pre_rope,412,0.0026949229650199413
10,pre_rope,413,0.002677369164302945
10,pre_rope,414,0.0026562383864074945
10,pre_rope,415,0.00264695193618536
10,pre_rope,416,0.002624616026878357
10,pre_rope,417,0.0025991653092205524
10,pre_rope,418,0.0025871978141367435
10,pre_rope,419,0.002553581027314067
10,pre_rope,420,0.0025387280620634556
10,pre_rope,421,0.002530972007662058
10,pre_rope,422,0.0025167628191411495
10,pre_rope,423,0.0024839069228619337
10,pre_rope,424,0.002478215377777815
10,pre_rope,425,0.002474732231348753
10,pre_rope,426,0.0024520764127373695
10,pre_rope,427,0.0024286783300340176
10,pre_rope,428,0.0024157611187547445
10,pre_rope,429,0.0024017267860472202
10,pre_rope,430,0.0023701987229287624
10,pre_rope,431,0.0023614647798240185
10,pre_rope,432,0.0023557464592158794
10,pre_rope,433,0.002343476749956608
10,pre_rope,434,0.0023196537513285875
10,pre_rope,435,0.0023115843068808317
10,pre_rope,436,0.0022863184567540884
10,pre_rope,437,0.002271706238389015
10,pre_rope,438,0.0022664705757051706
10,pre_rope,439,0.00224323314614594
10,pre_rope,440,0.002231489634141326
10,pre_rope,441,0.002207420067861676
10,pre_rope,442,0.0021784615237265825
10,pre_rope,443,0.0021680339705199003
10,pre_rope,444,0.0021590834949165583
10,pre_rope,445,0.0021543276961892843
10,pre_rope,446,0.0021247128024697304
10,pre_rope,447,0.0021075529512017965
10,pre_rope,448,0.002099640667438507
10,pre_rope,449,0.002082929713651538
10,pre_rope,450,0.002075694501399994
10,pre_rope,451,0.0020670259837061167
10,pre_rope,452,0.002055029384791851
10,pre_rope,453,0.0020195322576910257
10,pre_rope,454,0.0020062895491719246
10,pre_rope,455,0.0019863510970026255
10,pre_rope,456,0.001977866515517235
10,pre_rope,457,0.0019709120970219374
10,pre_rope,458,0.001936709857545793
10,pre_rope,459,0.0019215733045712113
10,pre_rope,460,0.0019137915223836899
10,pre_rope,461,0.0018868306651711464
10,pre_rope,462,0.001879843999631703
10,pre_rope,463,0.0018611674895510077
10,pre_rope,464,0.0018349079182371497
10,pre_rope,465,0.001819273573346436
10,pre_rope,466,0.0017768460093066096
10,pre_rope,467,0.0017559538828209043
10,pre_rope,468,0.0017535702791064978
10,pre_rope,469,0.001737813581712544
10,pre_rope,470,0.0017125222366303205
10,pre_rope,471,0.0017054349882528186
10,pre_rope,472,0.0016930047422647476
10,pre_rope,473,0.0016753656091168523
10,pre_rope,474,0.0016582529060542583
10,pre_rope,475,0.0016330316429957747
10,pre_rope,476,0.0016292864456772804
10,pre_rope,477,0.0016060996567830443
10,pre_rope,478,0.0015967544168233871
10,pre_rope,479,0.0015829732874408364
10,pre_rope,480,0.001567402738146484
10,pre_rope,481,0.001547510619275272
10,pre_rope,482,0.0015331790782511234
10,pre_rope,483,0.001512998016551137
10,pre_rope,484,0.0014995367964729667
10,pre_rope,485,0.0014723017811775208
10,pre_rope,486,0.001440201885998249
10,pre_rope,487,0.0014345671515911818
10,pre_rope,488,0.0014144310262054205
10,pre_rope,489,0.001387164811603725
10,pre_rope,490,0.0013837997103109956
10,pre_rope,491,0.001367564545944333
10,pre_rope,492,0.0013527098344638944
10,pre_rope,493,0.0013168388977646828
10,pre_rope,494,0.0013039994519203901
10,pre_rope,495,0.0012609460391104221
10,pre_rope,496,0.001251839566975832
10,pre_rope,497,0.001243020873516798
10,pre_rope,498,0.0012307773577049375
10,pre_rope,499,0.0012138787424191833
10,pre_rope,500,0.0012014571111649275
10,pre_rope,501,0.0011807059636339545
10,pre_rope,502,0.0011495668441057205
10,pre_rope,503,0.0011307689128443599
10,pre_rope,504,0.0011073321802541614
10,pre_rope,505,0.001038047601468861
10,pre_rope,506,0.0010312029626220465
10,pre_rope,507,0.0009977926965802908
10,pre_rope,508,0.0009689987055025995
10,pre_rope,509,0.0008074751822277904
10,pre_rope,510,0.0007660331320948899
10,pre_rope,511,0.0006805731682106853
10,pre_rope,512,0.0005597951821982861
10,post_rope,1,1.0
10,post_rope,2,0.23697634041309357
10,post_rope,3,0.22997087240219116
10,post_rope,4,0.21566833555698395
10,post_rope,5,0.187342569231987
10,post_rope,6,0.16518202424049377
10,post_rope,7,0.16275618970394135
10,post_rope,8,0.1493372917175293
10,post_rope,9,0.14527492225170135
10,post_rope,10,0.1406749039888382
10,post_rope,11,0.13577890396118164
10,post_rope,12,0.13402220606803894
10,post_rope,13,0.13085722923278809
10,post_rope,14,0.12909674644470215
10,post_rope,15,0.12800565361976624
10,post_rope,16,0.12574905157089233
10,post_rope,17,0.12375037372112274
10,post_rope,18,0.12196564674377441
10,post_rope,19,0.1190367341041565
10,post_rope,20,0.11815362423658371
10,post_rope,21,0.11715181171894073
10,post_rope,22,0.11541620641946793
10,post_rope,23,0.11339832842350006
10,post_rope,24,0.11062866449356079
10,post_rope,25,0.10916659981012344
10,post_rope,26,0.1077723279595375
10,post_rope,27,0.10665737837553024
10,post_rope,28,0.1043558269739151
10,post_rope,29,0.10250338912010193
10,post_rope,30,0.10061071813106537
10,post_rope,31,0.0999927967786789
10,post_rope,32,0.09824978560209274
10,post_rope,33,0.09759042412042618
10,post_rope,34,0.09726492315530777
10,post_rope,35,0.09649764001369476
10,post_rope,36,0.09345579147338867
10,post_rope,37,0.09126261621713638
10,post_rope,38,0.09033606946468353
10,post_rope,39,0.0889943540096283
10,post_rope,40,0.08859990537166595
10,post_rope,41,0.08579603582620621
10,post_rope,42,0.08414304256439209
10,post_rope,43,0.08361055701971054
10,post_rope,44,0.08281060308218002
10,post_rope,45,0.07897193729877472
10,post_rope,46,0.07626546174287796
10,post_rope,47,0.0744582861661911
10,post_rope,48,0.07272324711084366
10,post_rope,49,0.0709645077586174
10,post_rope,50,0.06886841356754303
10,post_rope,51,0.06635702401399612
10,post_rope,52,0.06536956876516342
10,post_rope,53,0.06262742727994919
10,post_rope,54,0.06055621802806854
10,post_rope,55,0.059907637536525726
10,post_rope,56,0.05645229294896126
10,post_rope,57,0.055173177272081375
10,post_rope,58,0.053750988095998764
10,post_rope,59,0.05205554887652397
10,post_rope,60,0.04957093298435211
10,post_rope,61,0.048271067440509796
10,post_rope,62,0.04808776080608368
10,post_rope,63,0.04637674614787102
10,post_rope,64,0.0452774278819561
10,post_rope,65,0.04414752870798111
10,post_rope,66,0.043797895312309265
10,post_rope,67,0.04177911579608917
10,post_rope,68,0.04095003753900528
10,post_rope,69,0.040036313235759735
10,post_rope,70,0.03893168643116951
10,post_rope,71,0.038117919117212296
10,post_rope,72,0.0375564843416214
10,post_rope,73,0.03738383203744888
10,post_rope,74,0.036965060979127884
10,post_rope,75,0.03645966574549675
10,post_rope,76,0.03615507856011391
10,post_rope,77,0.03576366603374481
10,post_rope,78,0.03550586476922035
10,post_rope,79,0.035318292677402496
10,post_rope,80,0.0350281186401844
10,post_rope,81,0.034888751804828644
10,post_rope,82,0.03447950631380081
10,post_rope,83,0.034391216933727264
10,post_rope,84,0.03389310836791992
10,post_rope,85,0.033537037670612335
10,post_rope,86,0.033215202391147614
10,post_rope,87,0.033048056066036224
10,post_rope,88,0.032640326768159866
10,post_rope,89,0.03240529075264931
10,post_rope,90,0.032084859907627106
10,post_rope,91,0.03179193660616875
10,post_rope,92,0.03145293891429901
10,post_rope,93,0.031138602644205093
10,post_rope,94,0.030654465779662132
10,post_rope,95,0.030470283702015877
10,post_rope,96,0.030415313318371773
10,post_rope,97,0.03031366504728794
10,post_rope,98,0.0300248134881258
10,post_rope,99,0.02991584874689579
10,post_rope,100,0.029611067846417427
10,post_rope,101,0.029488038271665573
10,post_rope,102,0.029293132945895195
10,post_rope,103,0.028922222554683685
10,post_rope,104,0.028656799346208572
10,post_rope,105,0.02857254631817341
10,post_rope,106,0.02843715250492096
10,post_rope,107,0.028381632640957832
10,post_rope,108,0.0280973631888628
10,post_rope,109,0.02792387455701828
10,post_rope,110,0.027765443548560143
10,post_rope,111,0.027603600174188614
10,post_rope,112,0.027528615668416023
10,post_rope,113,0.027385324239730835
10,post_rope,114,0.02722780406475067
10,post_rope,115,0.026978513225913048
10,post_rope,116,0.02692500315606594
10,post_rope,117,0.02680777572095394
10,post_rope,118,0.02673204243183136
10,post_rope,119,0.02657436579465866
10,post_rope,120,0.026320457458496094
10,post_rope,121,0.026197127997875214
10,post_rope,122,0.026084184646606445
10,post_rope,123,0.025940485298633575
10,post_rope,124,0.025872893631458282
10,post_rope,125,0.02578737586736679
10,post_rope,126,0.025612609460949898
10,post_rope,127,0.02544766291975975
10,post_rope,128,0.02536878176033497
10,post_rope,129,0.02505730837583542
10,post_rope,130,0.02497725374996662
10,post_rope,131,0.024811379611492157
10,post_rope,132,0.02469332329928875
10,post_rope,133,0.024622110649943352
10,post_rope,134,0.02424916997551918
10,post_rope,135,0.024197006598114967
10,post_rope,136,0.024156928062438965
10,post_rope,137,0.024063607677817345
10,post_rope,138,0.024010315537452698
10,post_rope,139,0.02390068583190441
10,post_rope,140,0.02367771975696087
10,post_rope,141,0.023585062474012375
10,post_rope,142,0.02352871559560299
10,post_rope,143,0.023310573771595955
10,post_rope,144,0.02321791835129261
10,post_rope,145,0.023052958771586418
10,post_rope,146,0.02304401807487011
10,post_rope,147,0.022845879197120667
10,post_rope,148,0.022824116051197052
10,post_rope,149,0.022760704159736633
10,post_rope,150,0.022505762055516243
10,post_rope,151,0.022443862631917
10,post_rope,152,0.022273140028119087
10,post_rope,153,0.022171469405293465
10,post_rope,154,0.021977609023451805
10,post_rope,155,0.021924030035734177
10,post_rope,156,0.021901989355683327
10,post_rope,157,0.021701959893107414
10,post_rope,158,0.021624356508255005
10,post_rope,159,0.021464509889483452
10,post_rope,160,0.021415041759610176
10,post_rope,161,0.021378912031650543
10,post_rope,162,0.021270113065838814
10,post_rope,163,0.021221427246928215
10,post_rope,164,0.021092703565955162
10,post_rope,165,0.021056869998574257
10,post_rope,166,0.020940983667969704
10,post_rope,167,0.020825179293751717
10,post_rope,168,0.020800290629267693
10,post_rope,169,0.020679032430052757
10,post_rope,170,0.02058912068605423
10,post_rope,171,0.02052178978919983
10,post_rope,172,0.02042090706527233
10,post_rope,173,0.02035422995686531
10,post_rope,174,0.02024085447192192
10,post_rope,175,0.020184319466352463
10,post_rope,176,0.020148850977420807
10,post_rope,177,0.020032227039337158
10,post_rope,178,0.01992175355553627
10,post_rope,179,0.01977805234491825
10,post_rope,180,0.019631586968898773
10,post_rope,181,0.019601253792643547
10,post_rope,182,0.019505953416228294
10,post_rope,183,0.019465012475848198
10,post_rope,184,0.019359879195690155
10,post_rope,185,0.019291413947939873
10,post_rope,186,0.019178999587893486
10,post_rope,187,0.019070664420723915
10,post_rope,188,0.0190239567309618
10,post_rope,189,0.018846847116947174
10,post_rope,190,0.018805449828505516
10,post_rope,191,0.01875237375497818
10,post_rope,192,0.018664557486772537
10,post_rope,193,0.018609214574098587
10,post_rope,194,0.018444839864969254
10,post_rope,195,0.01842603087425232
10,post_rope,196,0.018320711329579353
10,post_rope,197,0.018282920122146606
10,post_rope,198,0.01816672645509243
10,post_rope,199,0.018119851127266884
10,post_rope,200,0.018042707815766335
10,post_rope,201,0.018002614378929138
10,post_rope,202,0.017914829775691032
10,post_rope,203,0.017867105081677437
10,post_rope,204,0.01778470166027546
10,post_rope,205,0.01768963225185871
10,post_rope,206,0.017604069784283638
10,post_rope,207,0.017548618838191032
10,post_rope,208,0.017464812844991684
10,post_rope,209,0.0174570269882679
10,post_rope,210,0.017322629690170288
10,post_rope,211,0.017242811620235443
10,post_rope,212,0.017212986946105957
10,post_rope,213,0.017033660784363747
10,post_rope,214,0.017012065276503563
10,post_rope,215,0.016921035945415497
10,post_rope,216,0.016885120421648026
10,post_rope,217,0.01684233918786049
10,post_rope,218,0.016781294718384743
10,post_rope,219,0.01674799993634224
10,post_rope,220,0.016664838418364525
10,post_rope,221,0.016614127904176712
10,post_rope,222,0.016505692154169083
10,post_rope,223,0.01646740734577179
10,post_rope,224,0.016452794894576073
10,post_rope,225,0.016356905922293663
10,post_rope,226,0.016260122880339622
10,post_rope,227,0.01617720164358616
10,post_rope,228,0.016163449734449387
10,post_rope,229,0.016120653599500656
10,post_rope,230,0.01603928580880165
10,post_rope,231,0.016003604978322983
10,post_rope,232,0.01594650186598301
10,post_rope,233,0.015921199694275856
10,post_rope,234,0.01583763211965561
10,post_rope,235,0.01579427160322666
10,post_rope,236,0.015748605132102966
10,post_rope,237,0.015678398311138153
10,post_rope,238,0.01567086949944496
10,post_rope,239,0.015582072548568249
10,post_rope,240,0.01544982846826315
10,post_rope,241,0.015414837747812271
10,post_rope,242,0.015346985310316086
10,post_rope,243,0.015250739641487598
10,post_rope,244,0.015240232460200787
10,post_rope,245,0.015196354128420353
10,post_rope,246,0.015093681402504444
10,post_rope,247,0.015063837170600891
10,post_rope,248,0.015038923360407352
10,post_rope,249,0.014929714612662792
10,post_rope,250,0.014811597764492035
10,post_rope,251,0.014800977893173695
10,post_rope,252,0.014716165140271187
10,post_rope,253,0.014687689952552319
10,post_rope,254,0.014627834782004356
10,post_rope,255,0.014520925469696522
10,post_rope,256,0.014502943493425846
10,post_rope,257,0.014447582885622978
10,post_rope,258,0.014395174570381641
10,post_rope,259,0.014382469467818737
10,post_rope,260,0.014271936379373074
10,post_rope,261,0.014256678521633148
10,post_rope,262,0.014216153882443905
10,post_rope,263,0.014170094393193722
10,post_rope,264,0.014080371707677841
10,post_rope,265,0.014055255800485611
10,post_rope,266,0.014028518460690975
10,post_rope,267,0.013920591212809086
10,post_rope,268,0.013857987709343433
10,post_rope,269,0.013813134282827377
10,post_rope,270,0.01378428190946579
10,post_rope,271,0.01372077688574791
10,post_rope,272,0.013683430850505829
10,post_rope,273,0.013605440966784954
10,post_rope,274,0.013561422005295753
10,post_rope,275,0.0135182561352849
10,post_rope,276,0.01349013764411211
10,post_rope,277,0.01340843178331852
10,post_rope,278,0.013311127200722694
10,post_rope,279,0.013294815085828304
10,post_rope,280,0.0132343340665102
10,post_rope,281,0.013222010806202888
10,post_rope,282,0.013160327449440956
10,post_rope,283,0.013100539334118366
10,post_rope,284,0.013066078536212444
10,post_rope,285,0.01299906987696886
10,post_rope,286,0.012950409203767776
10,post_rope,287,0.01290399394929409
10,post_rope,288,0.012831287458539009
10,post_rope,289,0.012808428145945072
10,post_rope,290,0.012774351052939892
10,post_rope,291,0.012743816711008549
10,post_rope,292,0.012716374360024929
10,post_rope,293,0.012606121599674225
10,post_rope,294,0.012577774934470654
10,post_rope,295,0.012550349347293377
10,post_rope,296,0.012528524734079838
10,post_rope,297,0.012477962300181389
10,post_rope,298,0.012403036467730999
10,post_rope,299,0.012346437200903893
10,post_rope,300,0.012307075783610344
10,post_rope,301,0.012236871756613255
10,post_rope,302,0.012170243076980114
10,post_rope,303,0.012126796878874302
10,post_rope,304,0.012080563232302666
10,post_rope,305,0.012058443389832973
10,post_rope,306,0.011987005360424519
10,post_rope,307,0.01196351833641529
10,post_rope,308,0.011933181434869766
10,post_rope,309,0.0119022810831666
10,post_rope,310,0.011792762205004692
10,post_rope,311,0.011782228015363216
10,post_rope,312,0.011741867288947105
10,post_rope,313,0.011713599786162376
10,post_rope,314,0.01161867193877697
10,post_rope,315,0.011598823592066765
10,post_rope,316,0.011563009582459927
10,post_rope,317,0.011501670815050602
10,post_rope,318,0.011447998695075512
10,post_rope,319,0.0114067941904068
10,post_rope,320,0.011340533383190632
10,post_rope,321,0.011262970976531506
10,post_rope,322,0.011242556385695934
10,post_rope,323,0.011160322465002537
10,post_rope,324,0.011119527742266655
10,post_rope,325,0.011084230616688728
10,post_rope,326,0.011033536866307259
10,post_rope,327,0.010972545482218266
10,post_rope,328,0.01088470034301281
10,post_rope,329,0.010824847966432571
10,post_rope,330,0.010780563578009605
10,post_rope,331,0.010739348828792572
10,post_rope,332,0.010691790841519833
10,post_rope,333,0.010663527064025402
10,post_rope,334,0.010611208155751228
10,post_rope,335,0.010571645572781563
10,post_rope,336,0.010549250058829784
10,post_rope,337,0.010525747202336788
10,post_rope,338,0.01047571375966072
10,post_rope,339,0.010461426340043545
10,post_rope,340,0.010365433059632778
10,post_rope,341,0.010298480279743671
10,post_rope,342,0.01026891265064478
10,post_rope,343,0.010238347575068474
10,post_rope,344,0.010205128230154514
10,post_rope,345,0.010155318304896355
10,post_rope,346,0.010115318931639194
10,post_rope,347,0.010050686076283455
10,post_rope,348,0.010000479407608509
10,post_rope,349,0.009965023025870323
10,post_rope,350,0.009944349527359009
10,post_rope,351,0.009913715533912182
10,post_rope,352,0.009842577390372753
10,post_rope,353,0.009808029048144817
10,post_rope,354,0.009781546890735626
10,post_rope,355,0.009697506204247475
10,post_rope,356,0.009657386690378189
10,post_rope,357,0.009648020379245281
10,post_rope,358,0.00961846299469471
10,post_rope,359,0.009610271081328392
10,post_rope,360,0.009511278942227364
10,post_rope,361,0.009467020630836487
10,post_rope,362,0.009456699714064598
10,post_rope,363,0.009383427910506725
10,post_rope,364,0.009309739805758
10,post_rope,365,0.00929346401244402
10,post_rope,366,0.009220771491527557
10,post_rope,367,0.009170240722596645
10,post_rope,368,0.009129485115408897
10,post_rope,369,0.009117856621742249
10,post_rope,370,0.009069599211215973
10,post_rope,371,0.008978495374321938
10,post_rope,372,0.008909924887120724
10,post_rope,373,0.008901244960725307
10,post_rope,374,0.0088437395170331
10,post_rope,375,0.008827651850879192
10,post_rope,376,0.008822737261652946
10,post_rope,377,0.008763313293457031
10,post_rope,378,0.008727948181331158
10,post_rope,379,0.008679124526679516
10,post_rope,380,0.008642532862722874
10,post_rope,381,0.008606542833149433
10,post_rope,382,0.00854543037712574
10,post_rope,383,0.008493594825267792
10,post_rope,384,0.008444738574326038
10,post_rope,385,0.008427310734987259
10,post_rope,386,0.008416686207056046
10,post_rope,387,0.008397546596825123
10,post_rope,388,0.008339053019881248
10,post_rope,389,0.008310756646096706
10,post_rope,390,0.008254587650299072
10,post_rope,391,0.008219808340072632
10,post_rope,392,0.008204344660043716
10,post_rope,393,0.008159114979207516
10,post_rope,394,0.008146214298903942
10,post_rope,395,0.00811854936182499
10,post_rope,396,0.00804273784160614
10,post_rope,397,0.008037379011511803
10,post_rope,398,0.008001519367098808
10,post_rope,399,0.007925710640847683
10,post_rope,400,0.007901547476649284
10,post_rope,401,0.007824679836630821
10,post_rope,402,0.007785409223288298
10,post_rope,403,0.007779022213071585
10,post_rope,404,0.007720434572547674
10,post_rope,405,0.0076662590727210045
10,post_rope,406,0.007638892624527216
10,post_rope,407,0.007622986100614071
10,post_rope,408,0.0075714257545769215
10,post_rope,409,0.007482701912522316
10,post_rope,410,0.007439079228788614
10,post_rope,411,0.007409488316625357
10,post_rope,412,0.007377946749329567
10,post_rope,413,0.007326739840209484
10,post_rope,414,0.007282850798219442
10,post_rope,415,0.00724668987095356
10,post_rope,416,0.007214651443064213
10,post_rope,417,0.007187927141785622
10,post_rope,418,0.007154878228902817
10,post_rope,419,0.007121238391846418
10,post_rope,420,0.007086603902280331
10,post_rope,421,0.00704546831548214
10,post_rope,422,0.007015464827418327
10,post_rope,423,0.006974857300519943
10,post_rope,424,0.006951112765818834
10,post_rope,425,0.0068811094388365746
10,post_rope,426,0.006818210706114769
10,post_rope,427,0.006787145975977182
10,post_rope,428,0.006775600835680962
10,post_rope,429,0.006696297321468592
10,post_rope,430,0.006652331445366144
10,post_rope,431,0.006627207156270742
10,post_rope,432,0.006590441334992647
10,post_rope,433,0.006520024500787258
10,post_rope,434,0.00650479830801487
10,post_rope,435,0.006437226198613644
10,post_rope,436,0.006390460301190615
10,post_rope,437,0.006374324671924114
10,post_rope,438,0.006314755417406559
10,post_rope,439,0.006271637976169586
10,post_rope,440,0.006265409290790558
10,post_rope,441,0.006215434055775404
10,post_rope,442,0.006132852286100388
10,post_rope,443,0.006100981961935759
10,post_rope,444,0.005986057221889496
10,post_rope,445,0.005955703556537628
10,post_rope,446,0.0059377094730734825
10,post_rope,447,0.005922213662415743
10,post_rope,448,0.005904517602175474
10,post_rope,449,0.005798251833766699
10,post_rope,450,0.005784663837403059
10,post_rope,451,0.005772880744189024
10,post_rope,452,0.0057047102600336075
10,post_rope,453,0.005632780492305756
10,post_rope,454,0.005620486568659544
10,post_rope,455,0.005567934829741716
10,post_rope,456,0.005537343677133322
10,post_rope,457,0.00552625535055995
10,post_rope,458,0.005458492785692215
10,post_rope,459,0.005427191499620676
10,post_rope,460,0.005349824205040932
10,post_rope,461,0.005324424710124731
10,post_rope,462,0.005219644866883755
10,post_rope,463,0.005195670295506716
10,post_rope,464,0.0051306383684277534
10,post_rope,465,0.005099720321595669
10,post_rope,466,0.005037554539740086
10,post_rope,467,0.005004203412681818
10,post_rope,468,0.004890225362032652
10,post_rope,469,0.004801446106284857
10,post_rope,470,0.0047749984078109264
10,post_rope,471,0.004718836862593889
10,post_rope,472,0.004667951725423336
10,post_rope,473,0.004630527459084988
10,post_rope,474,0.004514375235885382
10,post_rope,475,0.0044888686388731
10,post_rope,476,0.0044662198051810265
10,post_rope,477,0.00440178019925952
10,post_rope,478,0.004356974735856056
10,post_rope,479,0.004257757216691971
10,post_rope,480,0.004164069425314665
10,post_rope,481,0.00412915600463748
10,post_rope,482,0.004072923678904772
10,post_rope,483,0.004042489919811487
10,post_rope,484,0.003927380777895451
10,post_rope,485,0.003858475713059306
10,post_rope,486,0.0038065898697823286
10,post_rope,487,0.0036947843618690968
10,post_rope,488,0.003662114031612873
10,post_rope,489,0.003549587447196245
10,post_rope,490,0.0034687418956309557
10,post_rope,491,0.0034471515100449324
10,post_rope,492,0.0032859407365322113
10,post_rope,493,0.0032633477821946144
10,post_rope,494,0.0031458621378988028
10,post_rope,495,0.003083190880715847
10,post_rope,496,0.0030108559876680374
10,post_rope,497,0.002949088579043746
10,post_rope,498,0.0028610127046704292
10,post_rope,499,0.0028461068868637085
10,post_rope,500,0.00273759663105011
10,post_rope,501,0.002597985789179802
10,post_rope,502,0.0024530375376343727
10,post_rope,503,0.002349795075133443
10,post_rope,504,0.002271392848342657
10,post_rope,505,0.0020947500597685575
10,post_rope,506,0.0020576203241944313
10,post_rope,507,0.0019738550763577223
10,post_rope,508,0.0019189065787941217
10,post_rope,509,0.0018990890821442008
10,post_rope,510,0.0018008439801633358
10,post_rope,511,0.00163345318287611
10,post_rope,512,0.001499141682870686
11,pre_rope,1,1.0
11,pre_rope,2,0.15870526432991028
11,pre_rope,3,0.14013060927391052
11,pre_rope,4,0.12509207427501678
11,pre_rope,5,0.11135707795619965
11,pre_rope,6,0.10327483713626862
11,pre_rope,7,0.10014991462230682
11,pre_rope,8,0.09410238265991211
11,pre_rope,9,0.08663460612297058
11,pre_rope,10,0.07822103798389435
11,pre_rope,11,0.07551051676273346
11,pre_rope,12,0.06879504770040512
11,pre_rope,13,0.06544463336467743
11,pre_rope,14,0.06448754668235779
11,pre_rope,15,0.059900473803281784
11,pre_rope,16,0.05870390683412552
11,pre_rope,17,0.057219989597797394
11,pre_rope,18,0.05331521853804588
11,pre_rope,19,0.05219986289739609
11,pre_rope,20,0.05105069279670715
11,pre_rope,21,0.04950178787112236
11,pre_rope,22,0.048689763993024826
11,pre_rope,23,0.04734823852777481
11,pre_rope,24,0.0449659563601017
11,pre_rope,25,0.044533975422382355
11,pre_rope,26,0.03979114070534706
11,pre_rope,27,0.038627661764621735
11,pre_rope,28,0.03774300590157509
11,pre_rope,29,0.036937322467565536
11,pre_rope,30,0.0355420783162117
11,pre_rope,31,0.034721892327070236
11,pre_rope,32,0.03423618897795677
11,pre_rope,33,0.032926902174949646
11,pre_rope,34,0.030639326199889183
11,pre_rope,35,0.03015168383717537
11,pre_rope,36,0.029167573899030685
11,pre_rope,37,0.02863370068371296
11,pre_rope,38,0.028043968603014946
11,pre_rope,39,0.02735999971628189
11,pre_rope,40,0.026598447933793068
11,pre_rope,41,0.02643183246254921
11,pre_rope,42,0.025865301489830017
11,pre_rope,43,0.02488267421722412
11,pre_rope,44,0.02462150529026985
11,pre_rope,45,0.023662975057959557
11,pre_rope,46,0.023349350318312645
11,pre_rope,47,0.02302403375506401
11,pre_rope,48,0.022899646311998367
11,pre_rope,49,0.022392336279153824
11,pre_rope,50,0.02193678542971611
11,pre_rope,51,0.021711265668272972
11,pre_rope,52,0.02140190452337265
11,pre_rope,53,0.02115539088845253
11,pre_rope,54,0.02058800682425499
11,pre_rope,55,0.02030264586210251
11,pre_rope,56,0.019986670464277267
11,pre_rope,57,0.019550368189811707
11,pre_rope,58,0.01941513828933239
11,pre_rope,59,0.019148586317896843
11,pre_rope,60,0.018947366625070572
11,pre_rope,61,0.018582206219434738
11,pre_rope,62,0.018505726009607315
11,pre_rope,63,0.018387343734502792
11,pre_rope,64,0.018126457929611206
11,pre_rope,65,0.017788106575608253
11,pre_rope,66,0.0174925085157156
11,pre_rope,67,0.01721137948334217
11,pre_rope,68,0.0170756746083498
11,pre_rope,69,0.016745375469326973
11,pre_rope,70,0.016561614349484444
11,pre_rope,71,0.016422634944319725
11,pre_rope,72,0.0163198783993721
11,pre_rope,73,0.01612595096230507
11,pre_rope,74,0.01585671305656433
11,pre_rope,75,0.01578587293624878
11,pre_rope,76,0.015421713702380657
11,pre_rope,77,0.015371600165963173
11,pre_rope,78,0.015318943187594414
11,pre_rope,79,0.01509215496480465
11,pre_rope,80,0.015007399022579193
11,pre_rope,81,0.01484466902911663
11,pre_rope,82,0.014675221405923367
11,pre_rope,83,0.014454303309321404
11,pre_rope,84,0.014393053017556667
11,pre_rope,85,0.014307866804301739
11,pre_rope,86,0.014197519049048424
11,pre_rope,87,0.01408341247588396
11,pre_rope,88,0.014044697396457195
11,pre_rope,89,0.013864860869944096
11,pre_rope,90,0.013797069899737835
11,pre_rope,91,0.013702411204576492
11,pre_rope,92,0.013407779857516289
11,pre_rope,93,0.013287927955389023
11,pre_rope,94,0.013277514837682247
11,pre_rope,95,0.0132142910733819
11,pre_rope,96,0.013081539422273636
11,pre_rope,97,0.012784789316356182
11,pre_rope,98,0.012692960910499096
11,pre_rope,99,0.01263323426246643
11,pre_rope,100,0.012551943771541119
11,pre_rope,101,0.01245701964944601
11,pre_rope,102,0.012404510751366615
11,pre_rope,103,0.012349322438240051
11,pre_rope,104,0.012255262583494186
11,pre_rope,105,0.012163207866251469
11,pre_rope,106,0.012138615362346172
11,pre_rope,107,0.01206380594521761
11,pre_rope,108,0.011991800740361214
11,pre_rope,109,0.011849774047732353
11,pre_rope,110,0.011757178232073784
11,pre_rope,111,0.011596232652664185
11,pre_rope,112,0.011530894786119461
11,pre_rope,113,0.011417287401854992
11,pre_rope,114,0.011356781236827374
11,pre_rope,115,0.011257508769631386
11,pre_rope,116,0.011187530122697353
11,pre_rope,117,0.01106246653944254
11,pre_rope,118,0.011032111011445522
11,pre_rope,119,0.010950347408652306
11,pre_rope,120,0.010869859717786312
11,pre_rope,121,0.010812103748321533
11,pre_rope,122,0.010717053897678852
11,pre_rope,123,0.010605582036077976
11,pre_rope,124,0.01059580035507679
11,pre_rope,125,0.010440092533826828
11,pre_rope,126,0.01037942711263895
11,pre_rope,127,0.010335259139537811
11,pre_rope,128,0.010322034358978271
11,pre_rope,129,0.010232657194137573
11,pre_rope,130,0.01019927766174078
11,pre_rope,131,0.01011338084936142
11,pre_rope,132,0.010095111094415188
11,pre_rope,133,0.009998885914683342
11,pre_rope,134,0.009925971738994122
11,pre_rope,135,0.009880006313323975
11,pre_rope,136,0.009859546087682247
11,pre_rope,137,0.009778577834367752
11,pre_rope,138,0.009719925932586193
11,pre_rope,139,0.009683100506663322
11,pre_rope,140,0.0096304165199399
11,pre_rope,141,0.009570957161486149
11,pre_rope,142,0.009493299759924412
11,pre_rope,143,0.009416171349585056
11,pre_rope,144,0.009384488686919212
11,pre_rope,145,0.009355427697300911
11,pre_rope,146,0.009270986542105675
11,pre_rope,147,0.009262128733098507
11,pre_rope,148,0.009186838753521442
11,pre_rope,149,0.009134548716247082
11,pre_rope,150,0.00912114791572094
11,pre_rope,151,0.009006399661302567
11,pre_rope,152,0.00897196400910616
11,pre_rope,153,0.008939475752413273
11,pre_rope,154,0.008796256966888905
11,pre_rope,155,0.008786954917013645
11,pre_rope,156,0.00873156450688839
11,pre_rope,157,0.008691375143826008
11,pre_rope,158,0.008612883277237415
11,pre_rope,159,0.008579040877521038
11,pre_rope,160,0.008533674292266369
11,pre_rope,161,0.008440895937383175
11,pre_rope,162,0.00841230433434248
11,pre_rope,163,0.008377911522984505
11,pre_rope,164,0.008342652581632137
11,pre_rope,165,0.008299634791910648
11,pre_rope,166,0.008279652334749699
11,pre_rope,167,0.008198671974241734
11,pre_rope,168,0.008157525211572647
11,pre_rope,169,0.00812155194580555
11,pre_rope,170,0.00809794757515192
11,pre_rope,171,0.008031826466321945
11,pre_rope,172,0.007943114265799522
11,pre_rope,173,0.007914087735116482
11,pre_rope,174,0.007865468971431255
11,pre_rope,175,0.007850833237171173
11,pre_rope,176,0.007808029651641846
11,pre_rope,177,0.007763443049043417
11,pre_rope,178,0.007718387059867382
11,pre_rope,179,0.007693880703300238
11,pre_rope,180,0.007637171074748039
11,pre_rope,181,0.007605725433677435
11,pre_rope,182,0.007599341217428446
11,pre_rope,183,0.007547934073954821
11,pre_rope,184,0.007519771810621023
11,pre_rope,185,0.007469512987881899
11,pre_rope,186,0.0074109872803092
11,pre_rope,187,0.007388252764940262
11,pre_rope,188,0.007348481100052595
11,pre_rope,189,0.007300307974219322
11,pre_rope,190,0.007279692217707634
11,pre_rope,191,0.007265137042850256
11,pre_rope,192,0.007189253810793161
11,pre_rope,193,0.007162765599787235
11,pre_rope,194,0.007134908344596624
11,pre_rope,195,0.007082012947648764
11,pre_rope,196,0.0070448145270347595
11,pre_rope,197,0.007039028685539961
11,pre_rope,198,0.007004589773714542
11,pre_rope,199,0.00697017228230834
11,pre_rope,200,0.006950632203370333
11,pre_rope,201,0.006897654850035906
11,pre_rope,202,0.006891144905239344
11,pre_rope,203,0.0068496884778141975
11,pre_rope,204,0.006830000784248114
11,pre_rope,205,0.006792380474507809
11,pre_rope,206,0.0067472634837031364
11,pre_rope,207,0.006695662625133991
11,pre_rope,208,0.0066826981492340565
11,pre_rope,209,0.006601037923246622
11,pre_rope,210,0.006575701758265495
11,pre_rope,211,0.006522766780108213
11,pre_rope,212,0.006497211754322052
11,pre_rope,213,0.006460526026785374
11,pre_rope,214,0.006419241428375244
11,pre_rope,215,0.0063929324969649315
11,pre_rope,216,0.006361111532896757
11,pre_rope,217,0.006345010362565517
11,pre_rope,218,0.006300496868789196
11,pre_rope,219,0.006273895036429167
11,pre_rope,220,0.006252378690987825
11,pre_rope,221,0.006211141124367714
11,pre_rope,222,0.006194728426635265
11,pre_rope,223,0.006149267312139273
11,pre_rope,224,0.006145964376628399
11,pre_rope,225,0.006121382117271423
11,pre_rope,226,0.006083382293581963
11,pre_rope,227,0.0060555231757462025
11,pre_rope,228,0.006037912331521511
11,pre_rope,229,0.006007358431816101
11,pre_rope,230,0.005982949864119291
11,pre_rope,231,0.005972355138510466
11,pre_rope,232,0.005917971953749657
11,pre_rope,233,0.005902647040784359
11,pre_rope,234,0.005846882704645395
11,pre_rope,235,0.005795214790850878
11,pre_rope,236,0.0057763345539569855
11,pre_rope,237,0.005755003076046705
11,pre_rope,238,0.005738274659961462
11,pre_rope,239,0.005683524999767542
11,pre_rope,240,0.005676188040524721
11,pre_rope,241,0.005659228190779686
11,pre_rope,242,0.005612818989902735
11,pre_rope,243,0.005592575762420893
11,pre_rope,244,0.005562051199376583
11,pre_rope,245,0.0055409991182386875
11,pre_rope,246,0.005519243888556957
11,pre_rope,247,0.005497033707797527
11,pre_rope,248,0.0054692355915904045
11,pre_rope,249,0.005449126474559307
11,pre_rope,250,0.005438514985144138
11,pre_rope,251,0.005393543746322393
11,pre_rope,252,0.005362111609429121
11,pre_rope,253,0.0053375414572656155
11,pre_rope,254,0.005305267404764891
11,pre_rope,255,0.005288400687277317
11,pre_rope,256,0.005274906754493713
11,pre_rope,257,0.005243322346359491
11,pre_rope,258,0.00522288354113698
11,pre_rope,259,0.005214223172515631
11,pre_rope,260,0.005193422082811594
11,pre_rope,261,0.005155632272362709
11,pre_rope,262,0.00512062618508935
11,pre_rope,263,0.005107259843498468
11,pre_rope,264,0.005081598646938801
11,pre_rope,265,0.005074441898614168
11,pre_rope,266,0.005051826126873493
11,pre_rope,267,0.005028414074331522
11,pre_rope,268,0.005000482313334942
11,pre_rope,269,0.004988593515008688
11,pre_rope,270,0.004963257350027561
11,pre_rope,271,0.004949110094457865
11,pre_rope,272,0.004909775219857693
11,pre_rope,273,0.004904663190245628
11,pre_rope,274,0.004871272016316652
11,pre_rope,275,0.004847882315516472
11,pre_rope,276,0.004812825471162796
11,pre_rope,277,0.004809518810361624
11,pre_rope,278,0.004783984739333391
11,pre_rope,279,0.004765694960951805
11,pre_rope,280,0.004755845293402672
11,pre_rope,281,0.004719112068414688
11,pre_rope,282,0.0047087110579013824
11,pre_rope,283,0.004670716356486082
11,pre_rope,284,0.004640309605747461
11,pre_rope,285,0.004628182388842106
11,pre_rope,286,0.004604433197528124
11,pre_rope,287,0.004588242620229721
11,pre_rope,288,0.004556027241051197
11,pre_rope,289,0.004539362620562315
11,pre_rope,290,0.004518723115324974
11,pre_rope,291,0.004511361010372639
11,pre_rope,292,0.004481734707951546
11,pre_rope,293,0.004478001967072487
11,pre_rope,294,0.004432560410350561
11,pre_rope,295,0.00440870551392436
11,pre_rope,296,0.004407194443047047
11,pre_rope,297,0.0043830834329128265
11,pre_rope,298,0.004355165641754866
11,pre_rope,299,0.004347497131675482
11,pre_rope,300,0.0043257675133645535
11,pre_rope,301,0.004298904910683632
11,pre_rope,302,0.0042807841673493385
11,pre_rope,303,0.004266717005521059
11,pre_rope,304,0.00423845462501049
11,pre_rope,305,0.004215840250253677
11,pre_rope,306,0.004195035435259342
11,pre_rope,307,0.004187020007520914
11,pre_rope,308,0.004162593279033899
11,pre_rope,309,0.004150929395109415
11,pre_rope,310,0.0041319807060062885
11,pre_rope,311,0.004124771803617477
11,pre_rope,312,0.004092248156666756
11,pre_rope,313,0.0040822881273925304
11,pre_rope,314,0.004055236931890249
11,pre_rope,315,0.004043484106659889
11,pre_rope,316,0.003998080268502235
11,pre_rope,317,0.00399229908362031
11,pre_rope,318,0.0039815898053348064
11,pre_rope,319,0.003943200223147869
11,pre_rope,320,0.003938477486371994
11,pre_rope,321,0.00392263475805521
11,pre_rope,322,0.003916912712156773
11,pre_rope,323,0.0038820381741970778
11,pre_rope,324,0.003870941000059247
11,pre_rope,325,0.003854182315990329
11,pre_rope,326,0.0038329572416841984
11,pre_rope,327,0.0038208344485610723
11,pre_rope,328,0.003794190939515829
11,pre_rope,329,0.0037757151294499636
11,pre_rope,330,0.0037620060611516237
11,pre_rope,331,0.003748757066205144
11,pre_rope,332,0.003728085197508335
11,pre_rope,333,0.0037201365921646357
11,pre_rope,334,0.0036853046622127295
11,pre_rope,335,0.003675200743600726
11,pre_rope,336,0.0036600660532712936
11,pre_rope,337,0.0036447157617658377
11,pre_rope,338,0.003638981143012643
11,pre_rope,339,0.0036161872558295727
11,pre_rope,340,0.003606509417295456
11,pre_rope,341,0.0035984532441943884
11,pre_rope,342,0.003574501723051071
11,pre_rope,343,0.0035600641276687384
11,pre_rope,344,0.0035359077155590057
11,pre_rope,345,0.0035209853667765856
11,pre_rope,346,0.0035064469557255507
11,pre_rope,347,0.0034867303911596537
11,pre_rope,348,0.003465857356786728
11,pre_rope,349,0.0034468520898371935
11,pre_rope,350,0.0034340666607022285
11,pre_rope,351,0.0034068964887410402
11,pre_rope,352,0.003395217703655362
11,pre_rope,353,0.003388504032045603
11,pre_rope,354,0.0033783363178372383
11,pre_rope,355,0.0033422750420868397
11,pre_rope,356,0.0033239161130040884
11,pre_rope,357,0.0033132280223071575
11,pre_rope,358,0.0033009999897331
11,pre_rope,359,0.0032819737680256367
11,pre_rope,360,0.003263807389885187
11,pre_rope,361,0.0032392856664955616
11,pre_rope,362,0.003235203679651022
11,pre_rope,363,0.0032290469389408827
11,pre_rope,364,0.0032070744782686234
11,pre_rope,365,0.0031988879200071096
11,pre_rope,366,0.0031926543451845646
11,pre_rope,367,0.00315733440220356
11,pre_rope,368,0.003143823007121682
11,pre_rope,369,0.0031350315548479557
11,pre_rope,370,0.0031181047670543194
11,pre_rope,371,0.0030858914833515882
11,pre_rope,372,0.003065681317821145
11,pre_rope,373,0.003056219080463052
11,pre_rope,374,0.0030424492433667183
11,pre_rope,375,0.003016445320099592
11,pre_rope,376,0.003011255757883191
11,pre_rope,377,0.0030025315936654806
11,pre_rope,378,0.0029882790986448526
11,pre_rope,379,0.002983445767313242
11,pre_rope,380,0.002975696697831154
11,pre_rope,381,0.002948156790807843
11,pre_rope,382,0.0029288665391504765
11,pre_rope,383,0.0029075900092720985
11,pre_rope,384,0.0029001235961914062
11,pre_rope,385,0.0028858575969934464
11,pre_rope,386,0.002874350640922785
11,pre_rope,387,0.002855471568182111
11,pre_rope,388,0.0028357426635921
11,pre_rope,389,0.002827039919793606
11,pre_rope,390,0.0028053326532244682
11,pre_rope,391,0.0027870063204318285
11,pre_rope,392,0.002765227109193802
11,pre_rope,393,0.0027538929134607315
11,pre_rope,394,0.0027340175583958626
11,pre_rope,395,0.002728107152506709
11,pre_rope,396,0.0027180733159184456
11,pre_rope,397,0.0026874763425439596
11,pre_rope,398,0.0026867014821618795
11,pre_rope,399,0.0026672063395380974
11,pre_rope,400,0.002666299697011709
11,pre_rope,401,0.002647475805133581
11,pre_rope,402,0.0026346896775066853
11,pre_rope,403,0.0026230609510093927
11,pre_rope,404,0.002599983476102352
11,pre_rope,405,0.002592850476503372
11,pre_rope,406,0.002551671117544174
11,pre_rope,407,0.0025400512386113405
11,pre_rope,408,0.002526251133531332
11,pre_rope,409,0.0025236320216208696
11,pre_rope,410,0.0025120130740106106
11,pre_rope,411,0.0025060446932911873
11,pre_rope,412,0.002484942553564906
11,pre_rope,413,0.002474012551829219
11,pre_rope,414,0.0024618878960609436
11,pre_rope,415,0.002441683318465948
11,pre_rope,416,0.0024297130294144154
11,pre_rope,417,0.002420158125460148
11,pre_rope,418,0.0024046720936894417
11,pre_rope,419,0.0024002210702747107
11,pre_rope,420,0.0023824714589864016
11,pre_rope,421,0.0023502681870013475
11,pre_rope,422,0.0023469235748052597
11,pre_rope,423,0.0023371961433440447
11,pre_rope,424,0.002316385740414262
11,pre_rope,425,0.0023048000875860453
11,pre_rope,426,0.0023021616507321596
11,pre_rope,427,0.002275449223816395
11,pre_rope,428,0.00226985034532845
11,pre_rope,429,0.0022553657181560993
11,pre_rope,430,0.0022453314159065485
11,pre_rope,431,0.002226710319519043
11,pre_rope,432,0.0022145428229123354
11,pre_rope,433,0.002195470267906785
11,pre_rope,434,0.002183363540098071
11,pre_rope,435,0.0021749883890151978
11,pre_rope,436,0.002167903119698167
11,pre_rope,437,0.0021619771141558886
11,pre_rope,438,0.002152702771127224
11,pre_rope,439,0.0021353531628847122
11,pre_rope,440,0.002127050654962659
11,pre_rope,441,0.0021098635625094175
11,pre_rope,442,0.002101670252159238
11,pre_rope,443,0.0020875183399766684
11,pre_rope,444,0.002066795015707612
11,pre_rope,445,0.0020547048188745975
11,pre_rope,446,0.002045929431915283
11,pre_rope,447,0.0020262286998331547
11,pre_rope,448,0.0020092702470719814
11,pre_rope,449,0.0020026005804538727
11,pre_rope,450,0.001988569274544716
11,pre_rope,451,0.0019764434546232224
11,pre_rope,452,0.00196934980340302
11,pre_rope,453,0.001955641433596611
11,pre_rope,454,0.0019337179837748408
11,pre_rope,455,0.0019174781627953053
11,pre_rope,456,0.0019075846066698432
11,pre_rope,457,0.0019003765191882849
11,pre_rope,458,0.001887524500489235
11,pre_rope,459,0.0018646406242623925
11,pre_rope,460,0.0018488927744328976
11,pre_rope,461,0.0018381415866315365
11,pre_rope,462,0.0018292246386408806
11,pre_rope,463,0.001808037981390953
11,pre_rope,464,0.0018005968304350972
11,pre_rope,465,0.001780627528205514
11,pre_rope,466,0.00176016625482589
11,pre_rope,467,0.0017548524774610996
11,pre_rope,468,0.0017399584176018834
11,pre_rope,469,0.001736513338983059
11,pre_rope,470,0.0017183639574795961
11,pre_rope,471,0.0016871013212949038
11,pre_rope,472,0.001682944130152464
11,pre_rope,473,0.0016750652575865388
11,pre_rope,474,0.0016700496198609471
11,pre_rope,475,0.0016485134838148952
11,pre_rope,476,0.0016441355692222714
11,pre_rope,477,0.001617120928131044
11,pre_rope,478,0.0016058182809501886
11,pre_rope,479,0.0016014674911275506
11,pre_rope,480,0.0015876918332651258
11,pre_rope,481,0.0015623699873685837
11,pre_rope,482,0.0015407904284074903
11,pre_rope,483,0.0015305849956348538
11,pre_rope,484,0.0015029330970719457
11,pre_rope,485,0.0014980878913775086
11,pre_rope,486,0.0014879480004310608
11,pre_rope,487,0.0014637819258496165
11,pre_rope,488,0.001425893628038466
11,pre_rope,489,0.001409310381859541
11,pre_rope,490,0.0014028033474460244
11,pre_rope,491,0.0013878963654860854
11,pre_rope,492,0.0013688012259081006
11,pre_rope,493,0.001356913591735065
11,pre_rope,494,0.0013332425151020288
11,pre_rope,495,0.0013231640914455056
11,pre_rope,496,0.0013080342905595899
11,pre_rope,497,0.0012825941666960716
11,pre_rope,498,0.0012782723642885685
11,pre_rope,499,0.0012277180794626474
11,pre_rope,500,0.001177274389192462
11,pre_rope,501,0.0011659774463623762
11,pre_rope,502,0.001151515869423747
11,pre_rope,503,0.0011073846835643053
11,pre_rope,504,0.001075100852176547
11,pre_rope,505,0.0010334248654544353
11,pre_rope,506,0.0009828817564994097
11,pre_rope,507,0.0009341497789137065
11,pre_rope,508,0.0008491953485645354
11,pre_rope,509,0.0007528390851803124
11,pre_rope,510,0.0007029803819023073
11,pre_rope,511,0.0006253332830965519
11,pre_rope,512,0.0003681544039864093
11,post_rope,1,1.0
11,post_rope,2,0.21199408173561096
11,post_rope,3,0.19120801985263824
11,post_rope,4,0.18569979071617126
11,post_rope,5,0.1519436091184616
11,post_rope,6,0.14738035202026367
11,post_rope,7,0.14272825419902802
11,post_rope,8,0.12750548124313354
11,post_rope,9,0.12468114495277405
11,post_rope,10,0.12069873511791229
11,post_rope,11,0.11805219948291779
11,post_rope,12,0.11503827571868896
11,post_rope,13,0.11261069774627686
11,post_rope,14,0.11200536042451859
11,post_rope,15,0.11109279096126556
11,post_rope,16,0.10973674058914185
11,post_rope,17,0.10857396572828293
11,post_rope,18,0.10642406344413757
11,post_rope,19,0.10630137473344803
11,post_rope,20,0.10473458468914032
11,post_rope,21,0.10212104022502899
11,post_rope,22,0.10114295035600662
11,post_rope,23,0.10039877891540527
11,post_rope,24,0.09964073449373245
11,post_rope,25,0.09795890003442764
11,post_rope,26,0.0975579172372818
11,post_rope,27,0.09508953243494034
11,post_rope,28,0.09390736371278763
11,post_rope,29,0.08954538404941559
11,post_rope,30,0.08915851265192032
11,post_rope,31,0.0888833999633789
11,post_rope,32,0.08816105127334595
11,post_rope,33,0.08719856292009354
11,post_rope,34,0.0859161838889122
11,post_rope,35,0.08534359931945801
11,post_rope,36,0.08454304188489914
11,post_rope,37,0.08262954652309418
11,post_rope,38,0.0804203525185585
11,post_rope,39,0.07866740226745605
11,post_rope,40,0.0767202377319336
11,post_rope,41,0.07589282095432281
11,post_rope,42,0.07118065655231476
11,post_rope,43,0.06840196996927261
11,post_rope,44,0.06725427508354187
11,post_rope,45,0.06540203839540482
11,post_rope,46,0.06369660794734955
11,post_rope,47,0.05840248987078667
11,post_rope,48,0.05671348050236702
11,post_rope,49,0.05614205449819565
11,post_rope,50,0.05506260320544243
11,post_rope,51,0.05411301553249359
11,post_rope,52,0.05204516276717186
11,post_rope,53,0.050984859466552734
11,post_rope,54,0.04816405102610588
11,post_rope,55,0.046356044709682465
11,post_rope,56,0.04504622519016266
11,post_rope,57,0.041005026549100876
11,post_rope,58,0.03942025080323219
11,post_rope,59,0.03790293633937836
11,post_rope,60,0.03725966811180115
11,post_rope,61,0.03583173081278801
11,post_rope,62,0.03509080410003662
11,post_rope,63,0.03483058884739876
11,post_rope,64,0.03446558490395546
11,post_rope,65,0.03359917178750038
11,post_rope,66,0.03319615498185158
11,post_rope,67,0.0328507237136364
11,post_rope,68,0.0325760655105114
11,post_rope,69,0.03172920644283295
11,post_rope,70,0.0315912626683712
11,post_rope,71,0.030372926965355873
11,post_rope,72,0.029833689332008362
11,post_rope,73,0.029391570016741753
11,post_rope,74,0.029215997084975243
11,post_rope,75,0.029021374881267548
11,post_rope,76,0.028814803808927536
11,post_rope,77,0.028433771803975105
11,post_rope,78,0.02797771990299225
11,post_rope,79,0.027791092172265053
11,post_rope,80,0.027534302324056625
11,post_rope,81,0.027463527396321297
11,post_rope,82,0.027315709739923477
11,post_rope,83,0.026986677199602127
11,post_rope,84,0.02679547481238842
11,post_rope,85,0.02670973725616932
11,post_rope,86,0.026495354250073433
11,post_rope,87,0.02631273679435253
11,post_rope,88,0.026256008073687553
11,post_rope,89,0.02601371519267559
11,post_rope,90,0.02551046758890152
11,post_rope,91,0.02531611919403076
11,post_rope,92,0.025057131424546242
11,post_rope,93,0.024980461224913597
11,post_rope,94,0.024842238053679466
11,post_rope,95,0.02463902160525322
11,post_rope,96,0.024401718750596046
11,post_rope,97,0.02414952591061592
11,post_rope,98,0.023976823315024376
11,post_rope,99,0.02395995892584324
11,post_rope,100,0.023828580975532532
11,post_rope,101,0.023511415347456932
11,post_rope,102,0.02333807572722435
11,post_rope,103,0.02311692200601101
11,post_rope,104,0.022801250219345093
11,post_rope,105,0.02273348718881607
11,post_rope,106,0.02266564406454563
11,post_rope,107,0.022432485595345497
11,post_rope,108,0.022265519946813583
11,post_rope,109,0.022221926599740982
11,post_rope,110,0.022073347121477127
11,post_rope,111,0.02202702686190605
11,post_rope,112,0.021659307181835175
11,post_rope,113,0.021525051444768906
11,post_rope,114,0.021323643624782562
11,post_rope,115,0.021272266283631325
11,post_rope,116,0.02111460454761982
11,post_rope,117,0.02082093618810177
11,post_rope,118,0.02075582928955555
11,post_rope,119,0.020677296444773674
11,post_rope,120,0.020541328936815262
11,post_rope,121,0.02049286663532257
11,post_rope,122,0.02039831504225731
11,post_rope,123,0.020272159948945045
11,post_rope,124,0.02014382928609848
11,post_rope,125,0.020034361630678177
11,post_rope,126,0.019916865974664688
11,post_rope,127,0.019815431907773018
11,post_rope,128,0.019751297309994698
11,post_rope,129,0.019661612808704376
11,post_rope,130,0.01947057992219925
11,post_rope,131,0.019353415817022324
11,post_rope,132,0.019227148965001106
11,post_rope,133,0.019174853339791298
11,post_rope,134,0.01904962956905365
11,post_rope,135,0.01900639757514
11,post_rope,136,0.018961718305945396
11,post_rope,137,0.01888314075767994
11,post_rope,138,0.01877843216061592
11,post_rope,139,0.018721934407949448
11,post_rope,140,0.018649863079190254
11,post_rope,141,0.01862495392560959
11,post_rope,142,0.01847292110323906
11,post_rope,143,0.018366949632763863
11,post_rope,144,0.018344052135944366
11,post_rope,145,0.018269790336489677
11,post_rope,146,0.01821652054786682
11,post_rope,147,0.01804930344223976
11,post_rope,148,0.017959432676434517
11,post_rope,149,0.01793830282986164
11,post_rope,150,0.017811400815844536
11,post_rope,151,0.01773558370769024
11,post_rope,152,0.017704125493764877
11,post_rope,153,0.017614424228668213
11,post_rope,154,0.01753963716328144
11,post_rope,155,0.0174772497266531
11,post_rope,156,0.017433317378163338
11,post_rope,157,0.01732904091477394
11,post_rope,158,0.017187518998980522
11,post_rope,159,0.017130784690380096
11,post_rope,160,0.0170417632907629
11,post_rope,161,0.01698034070432186
11,post_rope,162,0.01693396456539631
11,post_rope,163,0.016834817826747894
11,post_rope,164,0.016793740913271904
11,post_rope,165,0.016706250607967377
11,post_rope,166,0.01660463772714138
11,post_rope,167,0.01650993712246418
11,post_rope,168,0.016473639756441116
11,post_rope,169,0.016328956931829453
11,post_rope,170,0.01630435883998871
11,post_rope,171,0.016218043863773346
11,post_rope,172,0.0161674153059721
11,post_rope,173,0.01611488126218319
11,post_rope,174,0.01601737178862095
11,post_rope,175,0.01596646010875702
11,post_rope,176,0.015951726585626602
11,post_rope,177,0.01584288850426674
11,post_rope,178,0.01576385274529457
11,post_rope,179,0.015718474984169006
11,post_rope,180,0.015627171844244003
11,post_rope,181,0.015536289662122726
11,post_rope,182,0.01548675075173378
11,post_rope,183,0.015445499680936337
11,post_rope,184,0.015297054313123226
11,post_rope,185,0.01523407083004713
11,post_rope,186,0.01519277784973383
11,post_rope,187,0.015168518759310246
11,post_rope,188,0.015081728808581829
11,post_rope,189,0.015017877332866192
11,post_rope,190,0.014956878498196602
11,post_rope,191,0.014897743239998817
11,post_rope,192,0.014857064001262188
11,post_rope,193,0.014821368269622326
11,post_rope,194,0.01478608138859272
11,post_rope,195,0.014721724204719067
11,post_rope,196,0.014678488485515118
11,post_rope,197,0.014655781909823418
11,post_rope,198,0.014589839614927769
11,post_rope,199,0.014502408914268017
11,post_rope,200,0.014450031332671642
11,post_rope,201,0.014436165802180767
11,post_rope,202,0.014383319765329361
11,post_rope,203,0.014343174174427986
11,post_rope,204,0.014261724427342415
11,post_rope,205,0.01422091107815504
11,post_rope,206,0.01412755623459816
11,post_rope,207,0.014093626290559769
11,post_rope,208,0.014030740596354008
11,post_rope,209,0.013960224576294422
11,post_rope,210,0.01392387505620718
11,post_rope,211,0.013898316770792007
11,post_rope,212,0.013818733394145966
11,post_rope,213,0.01375548541545868
11,post_rope,214,0.01368689350783825
11,post_rope,215,0.013658350333571434
11,post_rope,216,0.013622390106320381
11,post_rope,217,0.013583156280219555
11,post_rope,218,0.013556024059653282
11,post_rope,219,0.013504900969564915
11,post_rope,220,0.013462008908390999
11,post_rope,221,0.013378075323998928
11,post_rope,222,0.013338661752641201
11,post_rope,223,0.013308831490576267
11,post_rope,224,0.013275139965116978
11,post_rope,225,0.01325417123734951
11,post_rope,226,0.01318376511335373
11,post_rope,227,0.013069688342511654
11,post_rope,228,0.013054264709353447
11,post_rope,229,0.013023790903389454
11,post_rope,230,0.013004022650420666
11,post_rope,231,0.012957869097590446
11,post_rope,232,0.012878334149718285
11,post_rope,233,0.012862672097980976
11,post_rope,234,0.012840825133025646
11,post_rope,235,0.012759435921907425
11,post_rope,236,0.012695025652647018
11,post_rope,237,0.01267800573259592
11,post_rope,238,0.0126376086845994
11,post_rope,239,0.01253794226795435
11,post_rope,240,0.012481343932449818
11,post_rope,241,0.012468171305954456
11,post_rope,242,0.01243234146386385
11,post_rope,243,0.012369338423013687
11,post_rope,244,0.012337196618318558
11,post_rope,245,0.012283365242183208
11,post_rope,246,0.012242735363543034
11,post_rope,247,0.01221610140055418
11,post_rope,248,0.012174011208117008
11,post_rope,249,0.012121687643229961
11,post_rope,250,0.01211137231439352
11,post_rope,251,0.01208422239869833
11,post_rope,252,0.011991082690656185
11,post_rope,253,0.011968820355832577
11,post_rope,254,0.011895430274307728
11,post_rope,255,0.011877333745360374
11,post_rope,256,0.011785403825342655
11,post_rope,257,0.01178225502371788
11,post_rope,258,0.011742791160941124
11,post_rope,259,0.0117350984364748
11,post_rope,260,0.011727563105523586
11,post_rope,261,0.011672621592879295
11,post_rope,262,0.011634447611868382
11,post_rope,263,0.011599252000451088
11,post_rope,264,0.011539530009031296
11,post_rope,265,0.01151447743177414
11,post_rope,266,0.0114981010556221
11,post_rope,267,0.01147350575774908
11,post_rope,268,0.01142617966979742
11,post_rope,269,0.011354166083037853
11,post_rope,270,0.01133393682539463
11,post_rope,271,0.011305814608931541
11,post_rope,272,0.011241061612963676
11,post_rope,273,0.011176406405866146
11,post_rope,274,0.011139904148876667
11,post_rope,275,0.011068244464695454
11,post_rope,276,0.011043539270758629
11,post_rope,277,0.011017746292054653
11,post_rope,278,0.010967730544507504
11,post_rope,279,0.01090752799063921
11,post_rope,280,0.010885093361139297
11,post_rope,281,0.010841946117579937
11,post_rope,282,0.01079883985221386
11,post_rope,283,0.01078878901898861
11,post_rope,284,0.010740581899881363
11,post_rope,285,0.010699235834181309
11,post_rope,286,0.01066783256828785
11,post_rope,287,0.010598579421639442
11,post_rope,288,0.01056626345962286
11,post_rope,289,0.010492890141904354
11,post_rope,290,0.010470067150890827
11,post_rope,291,0.010445814579725266
11,post_rope,292,0.01040534395724535
11,post_rope,293,0.010388495400547981
11,post_rope,294,0.010357926599681377
11,post_rope,295,0.010298694483935833
11,post_rope,296,0.01027152594178915
11,post_rope,297,0.010214130394160748
11,post_rope,298,0.010190478526055813
11,post_rope,299,0.01013206597417593
11,post_rope,300,0.010108109563589096
11,post_rope,301,0.010094273835420609
11,post_rope,302,0.010065974667668343
11,post_rope,303,0.010014425963163376
11,post_rope,304,0.009964980185031891
11,post_rope,305,0.009936293587088585
11,post_rope,306,0.009928236715495586
11,post_rope,307,0.009876888245344162
11,post_rope,308,0.009816858917474747
11,post_rope,309,0.009815052151679993
11,post_rope,310,0.009766598232090473
11,post_rope,311,0.009718231856822968
11,post_rope,312,0.009676620364189148
11,post_rope,313,0.009613211266696453
11,post_rope,314,0.009594215080142021
11,post_rope,315,0.009572392329573631
11,post_rope,316,0.009540742263197899
11,post_rope,317,0.009473773650825024
11,post_rope,318,0.009450888261198997
11,post_rope,319,0.009407095611095428
11,post_rope,320,0.009393468499183655
11,post_rope,321,0.009358610026538372
11,post_rope,322,0.009340716525912285
11,post_rope,323,0.009282063692808151
11,post_rope,324,0.009236525744199753
11,post_rope,325,0.00920324120670557
11,post_rope,326,0.009164417162537575
11,post_rope,327,0.009139747358858585
11,post_rope,328,0.009111344814300537
11,post_rope,329,0.009054591879248619
11,post_rope,330,0.009025913663208485
11,post_rope,331,0.009012623690068722
11,post_rope,332,0.008944579400122166
11,post_rope,333,0.008934346958994865
11,post_rope,334,0.008895468898117542
11,post_rope,335,0.008842140436172485
11,post_rope,336,0.008826375007629395
11,post_rope,337,0.008801151998341084
11,post_rope,338,0.008763880468904972
11,post_rope,339,0.008754544891417027
11,post_rope,340,0.008714338764548302
11,post_rope,341,0.008671055547893047
11,post_rope,342,0.008634508587419987
11,post_rope,343,0.008604716509580612
11,post_rope,344,0.00858106929808855
11,post_rope,345,0.008557431399822235
11,post_rope,346,0.008523445576429367
11,post_rope,347,0.008489400148391724
11,post_rope,348,0.008459620177745819
11,post_rope,349,0.00843554362654686
11,post_rope,350,0.008366303518414497
11,post_rope,351,0.008349635638296604
11,post_rope,352,0.008342704735696316
11,post_rope,353,0.008308310061693192
11,post_rope,354,0.008296261541545391
11,post_rope,355,0.0082714157178998
11,post_rope,356,0.008237949572503567
11,post_rope,357,0.00819431059062481
11,post_rope,358,0.008173196576535702
11,post_rope,359,0.008121657185256481
11,post_rope,360,0.008084497414529324
11,post_rope,361,0.008070457726716995
11,post_rope,362,0.00804070383310318
11,post_rope,363,0.007997577078640461
11,post_rope,364,0.007959313690662384
11,post_rope,365,0.007925243116915226
11,post_rope,366,0.00788309145718813
11,post_rope,367,0.00785832293331623
11,post_rope,368,0.00783483311533928
11,post_rope,369,0.007797987665981054
11,post_rope,370,0.0077657862566411495
11,post_rope,371,0.007734596263617277
11,post_rope,372,0.007702615112066269
11,post_rope,373,0.007674379274249077
11,post_rope,374,0.007625894621014595
11,post_rope,375,0.007610486354678869
11,post_rope,376,0.0075848717242479324
11,post_rope,377,0.0075303553603589535
11,post_rope,378,0.007505009416490793
11,post_rope,379,0.007430965080857277
11,post_rope,380,0.0074008759111166
11,post_rope,381,0.007383917458355427
11,post_rope,382,0.007347231265157461
11,post_rope,383,0.00729701342061162
11,post_rope,384,0.007267679087817669
11,post_rope,385,0.007261486258357763
11,post_rope,386,0.007257964462041855
11,post_rope,387,0.007175017148256302
11,post_rope,388,0.0071587045677006245
11,post_rope,389,0.007144046947360039
11,post_rope,390,0.007079559378325939
11,post_rope,391,0.0070535955019295216
11,post_rope,392,0.006999348755925894
11,post_rope,393,0.006941112224012613
11,post_rope,394,0.006905664224177599
11,post_rope,395,0.006869589444249868
11,post_rope,396,0.0068259877152740955
11,post_rope,397,0.006808228325098753
11,post_rope,398,0.006790563464164734
11,post_rope,399,0.00676178652793169
11,post_rope,400,0.006715536583214998
11,post_rope,401,0.006671409122645855
11,post_rope,402,0.006638421211391687
11,post_rope,403,0.006582573987543583
11,post_rope,404,0.00656278757378459
11,post_rope,405,0.006540792994201183
11,post_rope,406,0.006513659842312336
11,post_rope,407,0.0065033938735723495
11,post_rope,408,0.006445080041885376
11,post_rope,409,0.006404673680663109
11,post_rope,410,0.006358033511787653
11,post_rope,411,0.006343943066895008
11,post_rope,412,0.006288496777415276
11,post_rope,413,0.006271780468523502
11,post_rope,414,0.006251692771911621
11,post_rope,415,0.006211050320416689
11,post_rope,416,0.0061628930270671844
11,post_rope,417,0.006111300550401211
11,post_rope,418,0.0061000045388937
11,post_rope,419,0.006050306838005781
11,post_rope,420,0.006024287082254887
11,post_rope,421,0.0059799859300255775
11,post_rope,422,0.005970962345600128
11,post_rope,423,0.005950476508587599
11,post_rope,424,0.005884289741516113
11,post_rope,425,0.00587614206597209
11,post_rope,426,0.0058067007921636105
11,post_rope,427,0.005798217374831438
11,post_rope,428,0.005720240529626608
11,post_rope,429,0.005652040243148804
11,post_rope,430,0.005601158365607262
11,post_rope,431,0.00555458152666688
11,post_rope,432,0.005532781593501568
11,post_rope,433,0.005482290405780077
11,post_rope,434,0.005471197888255119
11,post_rope,435,0.005409734323620796
11,post_rope,436,0.005389244761317968
11,post_rope,437,0.005333032459020615
11,post_rope,438,0.005277857184410095
11,post_rope,439,0.005242961458861828
11,post_rope,440,0.005197800695896149
11,post_rope,441,0.005148239899426699
11,post_rope,442,0.005073727108538151
11,post_rope,443,0.00502187991514802
11,post_rope,444,0.005008109845221043
11,post_rope,445,0.0049607097171247005
11,post_rope,446,0.004937373101711273
11,post_rope,447,0.0048910691402852535
11,post_rope,448,0.0048608481884002686
11,post_rope,449,0.004828199278563261
11,post_rope,450,0.004773096647113562
11,post_rope,451,0.004751240834593773
11,post_rope,452,0.004706907086074352
11,post_rope,453,0.004673052579164505
11,post_rope,454,0.0046118199825286865
11,post_rope,455,0.004566068295389414
11,post_rope,456,0.00450056092813611
11,post_rope,457,0.0044833216816186905
11,post_rope,458,0.0044247121550142765
11,post_rope,459,0.004383043851703405
11,post_rope,460,0.004362877923995256
11,post_rope,461,0.004301507491618395
11,post_rope,462,0.004292516503483057
11,post_rope,463,0.004275865387171507
11,post_rope,464,0.004199362359941006
11,post_rope,465,0.004157368093729019
11,post_rope,466,0.004061771556735039
11,post_rope,467,0.004031638149172068
11,post_rope,468,0.003979842644184828
11,post_rope,469,0.003954241517931223
11,post_rope,470,0.003912793938070536
11,post_rope,471,0.003781196428462863
11,post_rope,472,0.0037662393879145384
11,post_rope,473,0.0037353592924773693
11,post_rope,474,0.0037094259168952703
11,post_rope,475,0.0037043141201138496
11,post_rope,476,0.0036307750269770622
11,post_rope,477,0.0035958292428404093
11,post_rope,478,0.0035603162832558155
11,post_rope,479,0.0035054823383688927
11,post_rope,480,0.0034961083438247442
11,post_rope,481,0.003394448198378086
11,post_rope,482,0.003389562014490366
11,post_rope,483,0.003365409327670932
11,post_rope,484,0.003315442008897662
11,post_rope,485,0.0033004239667207003
11,post_rope,486,0.0032511490862816572
11,post_rope,487,0.0032034297473728657
11,post_rope,488,0.0031753561925143003
11,post_rope,489,0.0031435817945748568
11,post_rope,490,0.003071677405387163
11,post_rope,491,0.0030071984510868788
11,post_rope,492,0.002986183622851968
11,post_rope,493,0.002860506996512413
11,post_rope,494,0.0028488512616604567
11,post_rope,495,0.0028042159974575043
11,post_rope,496,0.002771639497950673
11,post_rope,497,0.0027338662184774876
11,post_rope,498,0.0026628950145095587
11,post_rope,499,0.0026542937848716974
11,post_rope,500,0.0025666269939392805
11,post_rope,501,0.0025147548876702785
11,post_rope,502,0.0024456309620290995
11,post_rope,503,0.0024147662334144115
11,post_rope,504,0.002387999789789319
11,post_rope,505,0.002288616029545665
11,post_rope,506,0.0022537093609571457
11,post_rope,507,0.002168414182960987
11,post_rope,508,0.002081917133182287
11,post_rope,509,0.002031240612268448
11,post_rope,510,0.001980617642402649
11,post_rope,511,0.0018385291332378983
11,post_rope,512,0.0016795465489849448
12,pre_rope,1,1.0
12,pre_rope,2,0.15095733106136322
12,pre_rope,3,0.14056527614593506
12,pre_rope,4,0.12151447683572769
12,pre_rope,5,0.1101655587553978
12,pre_rope,6,0.10138500481843948
12,pre_rope,7,0.09637057781219482
12,pre_rope,8,0.09216976910829544
12,pre_rope,9,0.08870623260736465
12,pre_rope,10,0.07899822294712067
12,pre_rope,11,0.07436131685972214
12,pre_rope,12,0.07188793271780014
12,pre_rope,13,0.06874153017997742
12,pre_rope,14,0.06645924597978592
12,pre_rope,15,0.0644083246588707
12,pre_rope,16,0.06308672577142715
12,pre_rope,17,0.058613792061805725
12,pre_rope,18,0.05739852041006088
12,pre_rope,19,0.053969405591487885
12,pre_rope,20,0.05268707498908043
12,pre_rope,21,0.05093562602996826
12,pre_rope,22,0.050010282546281815
12,pre_rope,23,0.04923038184642792
12,pre_rope,24,0.047240082174539566
12,pre_rope,25,0.04510505497455597
12,pre_rope,26,0.04380171373486519
12,pre_rope,27,0.042695239186286926
12,pre_rope,28,0.0410127229988575
12,pre_rope,29,0.0392749197781086
12,pre_rope,30,0.03882931172847748
12,pre_rope,31,0.03693419322371483
12,pre_rope,32,0.03519626706838608
12,pre_rope,33,0.0346188060939312
12,pre_rope,34,0.03303264081478119
12,pre_rope,35,0.031483013182878494
12,pre_rope,36,0.031108323484659195
12,pre_rope,37,0.030622189864516258
12,pre_rope,38,0.029778800904750824
12,pre_rope,39,0.029366718605160713
12,pre_rope,40,0.028575904667377472
12,pre_rope,41,0.028049100190401077
12,pre_rope,42,0.027642911300063133
12,pre_rope,43,0.02699604071676731
12,pre_rope,44,0.026856033131480217
12,pre_rope,45,0.02662207931280136
12,pre_rope,46,0.026067478582262993
12,pre_rope,47,0.025248141959309578
12,pre_rope,48,0.024782292544841766
12,pre_rope,49,0.024125177413225174
12,pre_rope,50,0.024092718958854675
12,pre_rope,51,0.02384660392999649
12,pre_rope,52,0.023270389065146446
12,pre_rope,53,0.023190436884760857
12,pre_rope,54,0.022519482299685478
12,pre_rope,55,0.022206805646419525
12,pre_rope,56,0.021711178123950958
12,pre_rope,57,0.021572409197688103
12,pre_rope,58,0.021007386967539787
12,pre_rope,59,0.020808076485991478
12,pre_rope,60,0.020641053095459938
12,pre_rope,61,0.020305847749114037
12,pre_rope,62,0.02027413249015808
12,pre_rope,63,0.019872691482305527
12,pre_rope,64,0.019527200609445572
12,pre_rope,65,0.019113291054964066
12,pre_rope,66,0.018919825553894043
12,pre_rope,67,0.018779674544930458
12,pre_rope,68,0.01862543635070324
12,pre_rope,69,0.018079087138175964
12,pre_rope,70,0.01795426569879055
12,pre_rope,71,0.01780744642019272
12,pre_rope,72,0.017575599253177643
12,pre_rope,73,0.017478767782449722
12,pre_rope,74,0.017147723585367203
12,pre_rope,75,0.0170136671513319
12,pre_rope,76,0.016669554635882378
12,pre_rope,77,0.016509858891367912
12,pre_rope,78,0.01646660827100277
12,pre_rope,79,0.01624295674264431
12,pre_rope,80,0.01610279083251953
12,pre_rope,81,0.016017045825719833
12,pre_rope,82,0.015764662995934486
12,pre_rope,83,0.015575041063129902
12,pre_rope,84,0.015555224381387234
12,pre_rope,85,0.015348277986049652
12,pre_rope,86,0.015227114781737328
12,pre_rope,87,0.015024371445178986
12,pre_rope,88,0.014888012781739235
12,pre_rope,89,0.014620578847825527
12,pre_rope,90,0.014611022546887398
12,pre_rope,91,0.014504923485219479
12,pre_rope,92,0.014395063742995262
12,pre_rope,93,0.014208565466105938
12,pre_rope,94,0.014188822358846664
12,pre_rope,95,0.014078470878303051
12,pre_rope,96,0.014002939686179161
12,pre_rope,97,0.013863854110240936
12,pre_rope,98,0.013764468021690845
12,pre_rope,99,0.013680138625204563
12,pre_rope,100,0.013585898093879223
12,pre_rope,101,0.013491758145391941
12,pre_rope,102,0.013450338505208492
12,pre_rope,103,0.013280714862048626
12,pre_rope,104,0.013080509379506111
12,pre_rope,105,0.013041025958955288
12,pre_rope,106,0.013018159195780754
12,pre_rope,107,0.01280481368303299
12,pre_rope,108,0.012764389626681805
12,pre_rope,109,0.012702452018857002
12,pre_rope,110,0.012626430951058865
12,pre_rope,111,0.012494525872170925
12,pre_rope,112,0.012355879880487919
12,pre_rope,113,0.012285158969461918
12,pre_rope,114,0.012248883955180645
12,pre_rope,115,0.012097855098545551
12,pre_rope,116,0.012036146596074104
12,pre_rope,117,0.011976523324847221
12,pre_rope,118,0.011889227665960789
12,pre_rope,119,0.011764191091060638
12,pre_rope,120,0.011702775955200195
12,pre_rope,121,0.011611404828727245
12,pre_rope,122,0.011583019979298115
12,pre_rope,123,0.011560898274183273
12,pre_rope,124,0.011291729286313057
12,pre_rope,125,0.011248799972236156
12,pre_rope,126,0.011176776140928268
12,pre_rope,127,0.01109260693192482
12,pre_rope,128,0.011011458933353424
12,pre_rope,129,0.010943080298602581
12,pre_rope,130,0.010924492962658405
12,pre_rope,131,0.010830827057361603
12,pre_rope,132,0.010792692191898823
12,pre_rope,133,0.010742607526481152
12,pre_rope,134,0.010651182383298874
12,pre_rope,135,0.010614639148116112
12,pre_rope,136,0.01059040892869234
12,pre_rope,137,0.010519064962863922
12,pre_rope,138,0.0103983785957098
12,pre_rope,139,0.01032351516187191
12,pre_rope,140,0.010250215418636799
12,pre_rope,141,0.010194986127316952
12,pre_rope,142,0.010141930542886257
12,pre_rope,143,0.01006893441081047
12,pre_rope,144,0.010014723055064678
12,pre_rope,145,0.009988168254494667
12,pre_rope,146,0.009861328639090061
12,pre_rope,147,0.009831899777054787
12,pre_rope,148,0.009756257757544518
12,pre_rope,149,0.00972383376210928
12,pre_rope,150,0.009663923643529415
12,pre_rope,151,0.009571568109095097
12,pre_rope,152,0.009544922038912773
12,pre_rope,153,0.00952137541025877
12,pre_rope,154,0.009476975537836552
12,pre_rope,155,0.00940284226089716
12,pre_rope,156,0.009328042156994343
12,pre_rope,157,0.009229299612343311
12,pre_rope,158,0.009199538268148899
12,pre_rope,159,0.009157049469649792
12,pre_rope,160,0.00913738552480936
12,pre_rope,161,0.009053840301930904
12,pre_rope,162,0.008959109894931316
12,pre_rope,163,0.00893798004835844
12,pre_rope,164,0.008865372277796268
12,pre_rope,165,0.008813470602035522
12,pre_rope,166,0.008759154006838799
12,pre_rope,167,0.008731208741664886
12,pre_rope,168,0.008679024875164032
12,pre_rope,169,0.008672048337757587
12,pre_rope,170,0.008593250066041946
12,pre_rope,171,0.008547197096049786
12,pre_rope,172,0.008506099693477154
12,pre_rope,173,0.008465192280709743
12,pre_rope,174,0.008395656943321228
12,pre_rope,175,0.008321802131831646
12,pre_rope,176,0.008312658406794071
12,pre_rope,177,0.008228875696659088
12,pre_rope,178,0.008187554776668549
12,pre_rope,179,0.008164958097040653
12,pre_rope,180,0.0081038111820817
12,pre_rope,181,0.008079604245722294
12,pre_rope,182,0.008013148792088032
12,pre_rope,183,0.007989829406142235
12,pre_rope,184,0.007971922867000103
12,pre_rope,185,0.007923217490315437
12,pre_rope,186,0.007878055796027184
12,pre_rope,187,0.007869569584727287
12,pre_rope,188,0.0077737378887832165
12,pre_rope,189,0.0077431597746908665
12,pre_rope,190,0.00768880732357502
12,pre_rope,191,0.007678968831896782
12,pre_rope,192,0.007636244874447584
12,pre_rope,193,0.0076148356311023235
12,pre_rope,194,0.0075733535923063755
12,pre_rope,195,0.007558723911643028
12,pre_rope,196,0.007496591657400131
12,pre_rope,197,0.007480950094759464
12,pre_rope,198,0.007431264966726303
12,pre_rope,199,0.007379609160125256
12,pre_rope,200,0.007335662841796875
12,pre_rope,201,0.007288823835551739
12,pre_rope,202,0.00720549188554287
12,pre_rope,203,0.007174775004386902
12,pre_rope,204,0.007134607993066311
12,pre_rope,205,0.007087554316967726
12,pre_rope,206,0.0070793586783111095
12,pre_rope,207,0.007027857471257448
12,pre_rope,208,0.0069929505698382854
12,pre_rope,209,0.0069629717618227005
12,pre_rope,210,0.006922179367393255
12,pre_rope,211,0.006898300256580114
12,pre_rope,212,0.006877309177070856
12,pre_rope,213,0.006827032193541527
12,pre_rope,214,0.0068134707398712635
12,pre_rope,215,0.0067851124331355095
12,pre_rope,216,0.006728698033839464
12,pre_rope,217,0.006713020149618387
12,pre_rope,218,0.006680711172521114
12,pre_rope,219,0.006620647385716438
12,pre_rope,220,0.006573032587766647
12,pre_rope,221,0.006562824361026287
12,pre_rope,222,0.006517812144011259
12,pre_rope,223,0.006500936578959227
12,pre_rope,224,0.00648302398622036
12,pre_rope,225,0.006420008838176727
12,pre_rope,226,0.006398283410817385
12,pre_rope,227,0.006378046702593565
12,pre_rope,228,0.006346366833895445
12,pre_rope,229,0.0063408175483345985
12,pre_rope,230,0.006296786013990641
12,pre_rope,231,0.006244958844035864
12,pre_rope,232,0.006224874872714281
12,pre_rope,233,0.006211457774043083
12,pre_rope,234,0.006161599885672331
12,pre_rope,235,0.006136004347354174
12,pre_rope,236,0.006091481540352106
12,pre_rope,237,0.006067474838346243
12,pre_rope,238,0.006033620331436396
12,pre_rope,239,0.00598453963175416
12,pre_rope,240,0.005963585339486599
12,pre_rope,241,0.005927629768848419
12,pre_rope,242,0.0058891442604362965
12,pre_rope,243,0.005844342056661844
12,pre_rope,244,0.005823670420795679
12,pre_rope,245,0.005792425479739904
12,pre_rope,246,0.005733198020607233
12,pre_rope,247,0.005711372010409832
12,pre_rope,248,0.005699645262211561
12,pre_rope,249,0.005669921170920134
12,pre_rope,250,0.005648688413202763
12,pre_rope,251,0.005640395916998386
12,pre_rope,252,0.00559698510915041
12,pre_rope,253,0.005556901916861534
12,pre_rope,254,0.00555260619148612
12,pre_rope,255,0.005525314714759588
12,pre_rope,256,0.005502902437001467
12,pre_rope,257,0.0054744333028793335
12,pre_rope,258,0.0054399361833930016
12,pre_rope,259,0.005398413632065058
12,pre_rope,260,0.005363150499761105
12,pre_rope,261,0.005349338054656982
12,pre_rope,262,0.005336325615644455
12,pre_rope,263,0.00529214134439826
12,pre_rope,264,0.005290050990879536
12,pre_rope,265,0.005247973836958408
12,pre_rope,266,0.00520892720669508
12,pre_rope,267,0.005177649669349194
12,pre_rope,268,0.0051632956601679325
12,pre_rope,269,0.005117636639624834
12,pre_rope,270,0.005104368086904287
12,pre_rope,271,0.005069103557616472
12,pre_rope,272,0.005038519389927387
12,pre_rope,273,0.005004642531275749
12,pre_rope,274,0.004990553017705679
12,pre_rope,275,0.004973658360540867
12,pre_rope,276,0.004949390888214111
12,pre_rope,277,0.004929188638925552
12,pre_rope,278,0.004917660262435675
12,pre_rope,279,0.004889834672212601
12,pre_rope,280,0.004868816584348679
12,pre_rope,281,0.004843451548367739
12,pre_rope,282,0.004813979845494032
12,pre_rope,283,0.004799220245331526
12,pre_rope,284,0.00477511016651988
12,pre_rope,285,0.004769425839185715
12,pre_rope,286,0.004737274721264839
12,pre_rope,287,0.0047008623369038105
12,pre_rope,288,0.004673663526773453
12,pre_rope,289,0.004660057369619608
12,pre_rope,290,0.004647000692784786
12,pre_rope,291,0.004606190603226423
12,pre_rope,292,0.004590432159602642
12,pre_rope,293,0.004568883683532476
12,pre_rope,294,0.0045371223241090775
12,pre_rope,295,0.004512988030910492
12,pre_rope,296,0.004494696389883757
12,pre_rope,297,0.004447754472494125
12,pre_rope,298,0.004434869159013033
12,pre_rope,299,0.004426582716405392
12,pre_rope,300,0.004404897335916758
12,pre_rope,301,0.004390126094222069
12,pre_rope,302,0.0043558464385569096
12,pre_rope,303,0.004346008412539959
12,pre_rope,304,0.004322961438447237
12,pre_rope,305,0.004311618860810995
12,pre_rope,306,0.004292844794690609
12,pre_rope,307,0.0042694634757936
12,pre_rope,308,0.004243004135787487
12,pre_rope,309,0.004223252646625042
12,pre_rope,310,0.004214638844132423
12,pre_rope,311,0.0041795894503593445
12,pre_rope,312,0.0041681560687720776
12,pre_rope,313,0.004152417648583651
12,pre_rope,314,0.004123107995837927
12,pre_rope,315,0.004103552550077438
12,pre_rope,316,0.004088530316948891
12,pre_rope,317,0.00404508737847209
12,pre_rope,318,0.004020420368760824
12,pre_rope,319,0.004011711571365595
12,pre_rope,320,0.004002282861620188
12,pre_rope,321,0.003966921474784613
12,pre_rope,322,0.003934802487492561
12,pre_rope,323,0.003908839076757431
12,pre_rope,324,0.0039030625484883785
12,pre_rope,325,0.0038932422176003456
12,pre_rope,326,0.0038720860611647367
12,pre_rope,327,0.00382866058498621
12,pre_rope,328,0.003813914954662323
12,pre_rope,329,0.003804676001891494
12,pre_rope,330,0.0037755139637738466
12,pre_rope,331,0.003771761432290077
12,pre_rope,332,0.003738297149538994
12,pre_rope,333,0.0037146410904824734
12,pre_rope,334,0.0036989697255194187
12,pre_rope,335,0.0036853065248578787
12,pre_rope,336,0.003677600296214223
12,pre_rope,337,0.003658852307125926
12,pre_rope,338,0.0036448128521442413
12,pre_rope,339,0.0036406058352440596
12,pre_rope,340,0.003599930554628372
12,pre_rope,341,0.003589198924601078
12,pre_rope,342,0.00355498306453228
12,pre_rope,343,0.003521898528560996
12,pre_rope,344,0.0035178493708372116
12,pre_rope,345,0.0035000282805413008
12,pre_rope,346,0.0034748115576803684
12,pre_rope,347,0.003470518160611391
12,pre_rope,348,0.00343838008120656
12,pre_rope,349,0.003392856800928712
12,pre_rope,350,0.0033806099090725183
12,pre_rope,351,0.0033616151195019484
12,pre_rope,352,0.0033507393673062325
12,pre_rope,353,0.0033465935848653316
12,pre_rope,354,0.0033259119372814894
12,pre_rope,355,0.0033202979248017073
12,pre_rope,356,0.0032978567760437727
12,pre_rope,357,0.0032836792524904013
12,pre_rope,358,0.0032724568154662848
12,pre_rope,359,0.003244139486923814
12,pre_rope,360,0.003232247196137905
12,pre_rope,361,0.0032273228280246258
12,pre_rope,362,0.003183874534443021
12,pre_rope,363,0.003169299801811576
12,pre_rope,364,0.003158925799652934
12,pre_rope,365,0.0031407801434397697
12,pre_rope,366,0.003112299833446741
12,pre_rope,367,0.0030969735234975815
12,pre_rope,368,0.003079569898545742
12,pre_rope,369,0.0030646685045212507
12,pre_rope,370,0.0030525841284543276
12,pre_rope,371,0.0030232383869588375
12,pre_rope,372,0.003018084215000272
12,pre_rope,373,0.0030000018887221813
12,pre_rope,374,0.0029771775007247925
12,pre_rope,375,0.0029599859844893217
12,pre_rope,376,0.002955884672701359
12,pre_rope,377,0.002938973717391491
12,pre_rope,378,0.0029173814691603184
12,pre_rope,379,0.002892519114539027
12,pre_rope,380,0.002888253889977932
12,pre_rope,381,0.002869158750399947
12,pre_rope,382,0.002856039209291339
12,pre_rope,383,0.002823930000886321
12,pre_rope,384,0.002814043778926134
12,pre_rope,385,0.0027932373341172934
12,pre_rope,386,0.002783999778330326
12,pre_rope,387,0.002749285427853465
12,pre_rope,388,0.0027402054984122515
12,pre_rope,389,0.002726468490436673
12,pre_rope,390,0.0027209182735532522
12,pre_rope,391,0.002687690081074834
12,pre_rope,392,0.002675913041457534
12,pre_rope,393,0.0026479302905499935
12,pre_rope,394,0.0026238239370286465
12,pre_rope,395,0.0026095970533788204
12,pre_rope,396,0.00260297954082489
12,pre_rope,397,0.002581242239102721
12,pre_rope,398,0.002570896875113249
12,pre_rope,399,0.0025550411082804203
12,pre_rope,400,0.0025420766323804855
12,pre_rope,401,0.002523268572986126
12,pre_rope,402,0.0025082328356802464
12,pre_rope,403,0.0025018667802214622
12,pre_rope,404,0.0024684041272848845
12,pre_rope,405,0.002458177739754319
12,pre_rope,406,0.0024301407393068075
12,pre_rope,407,0.002427750499919057
12,pre_rope,408,0.0024115080013871193
12,pre_rope,409,0.0023806863464415073
12,pre_rope,410,0.0023713181726634502
12,pre_rope,411,0.0023690967354923487
12,pre_rope,412,0.0023532381746917963
12,pre_rope,413,0.002327169058844447
12,pre_rope,414,0.002317436272278428
12,pre_rope,415,0.002296766731888056
12,pre_rope,416,0.0022842830512672663
12,pre_rope,417,0.002254622057080269
12,pre_rope,418,0.002244256902486086
12,pre_rope,419,0.002224607625976205
12,pre_rope,420,0.002203113166615367
12,pre_rope,421,0.0021908460184931755
12,pre_rope,422,0.00217194645665586
12,pre_rope,423,0.002141808858141303
12,pre_rope,424,0.002139555523172021
12,pre_rope,425,0.0021175656002014875
12,pre_rope,426,0.0021020493004471064
12,pre_rope,427,0.0020669903606176376
12,pre_rope,428,0.002062421292066574
12,pre_rope,429,0.0020467292051762342
12,pre_rope,430,0.0020238987635821104
12,pre_rope,431,0.0020156768150627613
12,pre_rope,432,0.001983614871278405
12,pre_rope,433,0.001967325806617737
12,pre_rope,434,0.0019487321842461824
12,pre_rope,435,0.0019334570970386267
12,pre_rope,436,0.0019084824016317725
12,pre_rope,437,0.001892977044917643
12,pre_rope,438,0.0018858282128348947
12,pre_rope,439,0.0018569350941106677
12,pre_rope,440,0.0018510028021410108
12,pre_rope,441,0.0018242954974994063
12,pre_rope,442,0.0018127007642760873
12,pre_rope,443,0.0017957391683012247
12,pre_rope,444,0.0017783810617402196
12,pre_rope,445,0.0017598383128643036
12,pre_rope,446,0.001756191486492753
12,pre_rope,447,0.0017343520885333419
12,pre_rope,448,0.001718237646855414
12,pre_rope,449,0.0017110819462686777
12,pre_rope,450,0.0016830688109621406
12,pre_rope,451,0.0016670197946950793
12,pre_rope,452,0.001648145029321313
12,pre_rope,453,0.0016375579871237278
12,pre_rope,454,0.0015991504769772291
12,pre_rope,455,0.0015942406607791781
12,pre_rope,456,0.0015865990426391363
12,pre_rope,457,0.0015591738047078252
12,pre_rope,458,0.0015472995582967997
12,pre_rope,459,0.0015325855929404497
12,pre_rope,460,0.00152385828550905
12,pre_rope,461,0.001507625449448824
12,pre_rope,462,0.0014890014426782727
12,pre_rope,463,0.0014668250223621726
12,pre_rope,464,0.0014589130878448486
12,pre_rope,465,0.0014020890230312943
12,pre_rope,466,0.0013929998967796564
12,pre_rope,467,0.0013824686175212264
12,pre_rope,468,0.0013703431468456984
12,pre_rope,469,0.0013485847739502788
12,pre_rope,470,0.0013389717787504196
12,pre_rope,471,0.0013062336947768927
12,pre_rope,472,0.0013054640730842948
12,pre_rope,473,0.0012938670115545392
12,pre_rope,474,0.001271842047572136
12,pre_rope,475,0.001240990124642849
12,pre_rope,476,0.0012242138618603349
12,pre_rope,477,0.0012105228379368782
12,pre_rope,478,0.0011847484856843948
12,pre_rope,479,0.001173463766463101
12,pre_rope,480,0.0011557674733921885
12,pre_rope,481,0.0011463903356343508
12,pre_rope,482,0.001112920930609107
12,pre_rope,483,0.0011088994797319174
12,pre_rope,484,0.0010797183495014906
12,pre_rope,485,0.0010767163475975394
12,pre_rope,486,0.0010696310782805085
12,pre_rope,487,0.0010564479744061828
12,pre_rope,488,0.0010330651421099901
12,pre_rope,489,0.0010110798757523298
12,pre_rope,490,0.000992721295915544
12,pre_rope,491,0.0009820981649681926
12,pre_rope,492,0.000945613719522953
12,pre_rope,493,0.0009235813631676137
12,pre_rope,494,0.0008991615613922477
12,pre_rope,495,0.0008920441032387316
12,pre_rope,496,0.0008626647759228945
12,pre_rope,497,0.0008491605403833091
12,pre_rope,498,0.0008393050520680845
12,pre_rope,499,0.0007941873627714813
12,pre_rope,500,0.0007852325215935707
12,pre_rope,501,0.0007789423689246178
12,pre_rope,502,0.0007683078292757273
12,pre_rope,503,0.0007301447330974042
12,pre_rope,504,0.0007163501577451825
12,pre_rope,505,0.0007117063505575061
12,pre_rope,506,0.0006696967757306993
12,pre_rope,507,0.0006485750200226903
12,pre_rope,508,0.0006223513628356159
12,pre_rope,509,0.0006028146017342806
12,pre_rope,510,0.0005767637630924582
12,pre_rope,511,0.0005286422092467546
12,pre_rope,512,0.0004834472492802888
12,post_rope,1,1.0
12,post_rope,2,0.19875110685825348
12,post_rope,3,0.18142466247081757
12,post_rope,4,0.17592252790927887
12,post_rope,5,0.1546594798564911
12,post_rope,6,0.1483689695596695
12,post_rope,7,0.14672242105007172
12,post_rope,8,0.13745133578777313
12,post_rope,9,0.1325647532939911
12,post_rope,10,0.1316915601491928
12,post_rope,11,0.13022160530090332
12,post_rope,12,0.12880508601665497
12,post_rope,13,0.12715934216976166
12,post_rope,14,0.1254802942276001
12,post_rope,15,0.12380632013082504
12,post_rope,16,0.12316887080669403
12,post_rope,17,0.1217719167470932
12,post_rope,18,0.12107031792402267
12,post_rope,19,0.12050563097000122
12,post_rope,20,0.11938966810703278
12,post_rope,21,0.11897088587284088
12,post_rope,22,0.11744634062051773
12,post_rope,23,0.11556889861822128
12,post_rope,24,0.11450442671775818
12,post_rope,25,0.1093963235616684
12,post_rope,26,0.10637500882148743
12,post_rope,27,0.10248654335737228
12,post_rope,28,0.10042029619216919
12,post_rope,29,0.099037304520607
12,post_rope,30,0.09877041727304459
12,post_rope,31,0.09820256382226944
12,post_rope,32,0.0958302840590477
12,post_rope,33,0.09473709017038345
12,post_rope,34,0.09423957765102386
12,post_rope,35,0.09362111240625381
12,post_rope,36,0.09303680062294006
12,post_rope,37,0.09245017915964127
12,post_rope,38,0.09166093915700912
12,post_rope,39,0.08983059972524643
12,post_rope,40,0.08247779309749603
12,post_rope,41,0.07863465696573257
12,post_rope,42,0.07480772584676743
12,post_rope,43,0.07259204238653183
12,post_rope,44,0.07156022638082504
12,post_rope,45,0.0681113451719284
12,post_rope,46,0.06783461570739746
12,post_rope,47,0.06420185416936874
12,post_rope,48,0.062039609998464584
12,post_rope,49,0.06009287387132645
12,post_rope,50,0.05753861367702484
12,post_rope,51,0.05562255159020424
12,post_rope,52,0.05451299622654915
12,post_rope,53,0.05192160978913307
12,post_rope,54,0.05098867416381836
12,post_rope,55,0.04952612891793251
12,post_rope,56,0.046769626438617706
12,post_rope,57,0.04436134546995163
12,post_rope,58,0.04236505553126335
12,post_rope,59,0.041330449283123016
12,post_rope,60,0.03914733976125717
12,post_rope,61,0.03745690733194351
12,post_rope,62,0.03690987825393677
12,post_rope,63,0.0352342389523983
12,post_rope,64,0.0350082628428936
12,post_rope,65,0.03453730419278145
12,post_rope,66,0.03437183052301407
12,post_rope,67,0.03401985391974449
12,post_rope,68,0.03337683901190758
12,post_rope,69,0.03287190571427345
12,post_rope,70,0.032250262796878815
12,post_rope,71,0.03204580768942833
12,post_rope,72,0.03163723275065422
12,post_rope,73,0.03159106522798538
12,post_rope,74,0.031203273683786392
12,post_rope,75,0.031014228239655495
12,post_rope,76,0.030787501484155655
12,post_rope,77,0.03072509355843067
12,post_rope,78,0.030473224818706512
12,post_rope,79,0.030218347907066345
12,post_rope,80,0.029898857697844505
12,post_rope,81,0.0297705065459013
12,post_rope,82,0.02957182005047798
12,post_rope,83,0.029286755248904228
12,post_rope,84,0.02907528169453144
12,post_rope,85,0.028994329273700714
12,post_rope,86,0.02892468497157097
12,post_rope,87,0.028537319973111153
12,post_rope,88,0.028380250558257103
12,post_rope,89,0.02817719243466854
12,post_rope,90,0.028007684275507927
12,post_rope,91,0.027805810794234276
12,post_rope,92,0.0274247694760561
12,post_rope,93,0.027341311797499657
12,post_rope,94,0.026863761246204376
12,post_rope,95,0.026856372132897377
12,post_rope,96,0.026664406061172485
12,post_rope,97,0.026471273973584175
12,post_rope,98,0.026206281036138535
12,post_rope,99,0.026098797097802162
12,post_rope,100,0.0260024257004261
12,post_rope,101,0.025963110849261284
12,post_rope,102,0.025740761309862137
12,post_rope,103,0.025524228811264038
12,post_rope,104,0.025443920865654945
12,post_rope,105,0.02527071349322796
12,post_rope,106,0.02511725015938282
12,post_rope,107,0.0249785166233778
12,post_rope,108,0.024837171658873558
12,post_rope,109,0.02455762028694153
12,post_rope,110,0.024407541379332542
12,post_rope,111,0.024247178807854652
12,post_rope,112,0.024210194125771523
12,post_rope,113,0.023995475843548775
12,post_rope,114,0.023926986381411552
12,post_rope,115,0.023801233619451523
12,post_rope,116,0.02366139553487301
12,post_rope,117,0.023533953353762627
12,post_rope,118,0.02345728687942028
12,post_rope,119,0.023230548948049545
12,post_rope,120,0.022967392578721046
12,post_rope,121,0.02292666584253311
12,post_rope,122,0.02286003716289997
12,post_rope,123,0.022779252380132675
12,post_rope,124,0.022567791864275932
12,post_rope,125,0.02252451702952385
12,post_rope,126,0.022450724616646767
12,post_rope,127,0.02228395640850067
12,post_rope,128,0.022097470238804817
12,post_rope,129,0.022070787847042084
12,post_rope,130,0.021971501410007477
12,post_rope,131,0.021898062899708748
12,post_rope,132,0.021757731214165688
12,post_rope,133,0.021697957068681717
12,post_rope,134,0.021622229367494583
12,post_rope,135,0.021427391096949577
12,post_rope,136,0.021409790962934494
12,post_rope,137,0.021317828446626663
12,post_rope,138,0.0212573055177927
12,post_rope,139,0.021109778434038162
12,post_rope,140,0.020926188677549362
12,post_rope,141,0.02085430733859539
12,post_rope,142,0.020790116861462593
12,post_rope,143,0.020556572824716568
12,post_rope,144,0.020415212959051132
12,post_rope,145,0.02040519379079342
12,post_rope,146,0.020356301218271255
12,post_rope,147,0.020231129601597786
12,post_rope,148,0.02013256959617138
12,post_rope,149,0.020043659955263138
12,post_rope,150,0.019959768280386925
12,post_rope,151,0.019777387380599976
12,post_rope,152,0.019741134718060493
12,post_rope,153,0.019602011889219284
12,post_rope,154,0.019550321623682976
12,post_rope,155,0.019412754103541374
12,post_rope,156,0.019289087504148483
12,post_rope,157,0.019172748550772667
12,post_rope,158,0.019112545996904373
12,post_rope,159,0.019000845029950142
12,post_rope,160,0.018833616748452187
12,post_rope,161,0.018811190500855446
12,post_rope,162,0.018748413771390915
12,post_rope,163,0.018628019839525223
12,post_rope,164,0.01860484853386879
12,post_rope,165,0.018520569428801537
12,post_rope,166,0.018355486914515495
12,post_rope,167,0.0182990450412035
12,post_rope,168,0.018206512555480003
12,post_rope,169,0.018134593963623047
12,post_rope,170,0.018083686009049416
12,post_rope,171,0.018001489341259003
12,post_rope,172,0.017887573689222336
12,post_rope,173,0.017779916524887085
12,post_rope,174,0.017763769254088402
12,post_rope,175,0.01767870783805847
12,post_rope,176,0.017590319737792015
12,post_rope,177,0.01752217672765255
12,post_rope,178,0.017494745552539825
12,post_rope,179,0.017415907233953476
12,post_rope,180,0.01738886721432209
12,post_rope,181,0.017283936962485313
12,post_rope,182,0.017213573679327965
12,post_rope,183,0.017155297100543976
12,post_rope,184,0.017066437751054764
12,post_rope,185,0.016960008069872856
12,post_rope,186,0.0169284176081419
12,post_rope,187,0.016865979880094528
12,post_rope,188,0.01680435985326767
12,post_rope,189,0.01674490235745907
12,post_rope,190,0.016660727560520172
12,post_rope,191,0.016594523563981056
12,post_rope,192,0.016504736617207527
12,post_rope,193,0.016463560983538628
12,post_rope,194,0.016450555995106697
12,post_rope,195,0.016349419951438904
12,post_rope,196,0.016253145411610603
12,post_rope,197,0.016217002645134926
12,post_rope,198,0.01619042456150055
12,post_rope,199,0.01613619364798069
12,post_rope,200,0.016071777790784836
12,post_rope,201,0.015933675691485405
12,post_rope,202,0.015904366970062256
12,post_rope,203,0.01577797904610634
12,post_rope,204,0.015743499621748924
12,post_rope,205,0.015664564445614815
12,post_rope,206,0.015555085614323616
12,post_rope,207,0.015484808944165707
12,post_rope,208,0.015474557876586914
12,post_rope,209,0.015400334261357784
12,post_rope,210,0.015368892811238766
12,post_rope,211,0.015244442038238049
12,post_rope,212,0.015189245343208313
12,post_rope,213,0.015131176449358463
12,post_rope,214,0.015105362981557846
12,post_rope,215,0.015072613954544067
12,post_rope,216,0.014982393011450768
12,post_rope,217,0.01493012998253107
12,post_rope,218,0.014862061478197575
12,post_rope,219,0.014825268648564816
12,post_rope,220,0.014775080606341362
12,post_rope,221,0.014755363576114178
12,post_rope,222,0.01471114531159401
12,post_rope,223,0.014645424671471119
12,post_rope,224,0.014587254263460636
12,post_rope,225,0.014482568949460983
12,post_rope,226,0.014465748332440853
12,post_rope,227,0.014374004676938057
12,post_rope,228,0.014354990795254707
12,post_rope,229,0.014317410998046398
12,post_rope,230,0.014225850813090801
12,post_rope,231,0.01416116114705801
12,post_rope,232,0.014103654772043228
12,post_rope,233,0.01406528614461422
12,post_rope,234,0.014020230621099472
12,post_rope,235,0.01395248994231224
12,post_rope,236,0.013899010606110096
12,post_rope,237,0.013796916231513023
12,post_rope,238,0.013774378225207329
12,post_rope,239,0.013754266314208508
12,post_rope,240,0.01370044331997633
12,post_rope,241,0.013685262762010098
12,post_rope,242,0.013630351051688194
12,post_rope,243,0.013583414256572723
12,post_rope,244,0.0135115385055542
12,post_rope,245,0.01347776036709547
12,post_rope,246,0.013413997367024422
12,post_rope,247,0.013368964195251465
12,post_rope,248,0.01332815457135439
12,post_rope,249,0.013282853178679943
12,post_rope,250,0.013198995031416416
12,post_rope,251,0.013148138299584389
12,post_rope,252,0.013139602728188038
12,post_rope,253,0.013105139136314392
12,post_rope,254,0.013057399541139603
12,post_rope,255,0.013011276721954346
12,post_rope,256,0.012986662797629833
12,post_rope,257,0.01292825024574995
12,post_rope,258,0.012874326668679714
12,post_rope,259,0.012819630093872547
12,post_rope,260,0.012799827381968498
12,post_rope,261,0.012759068980813026
12,post_rope,262,0.012707224115729332
12,post_rope,263,0.012674929574131966
12,post_rope,264,0.01262822188436985
12,post_rope,265,0.012576368637382984
12,post_rope,266,0.012546617537736893
12,post_rope,267,0.012515158392488956
12,post_rope,268,0.012430966831743717
12,post_rope,269,0.012392772361636162
12,post_rope,270,0.012371956370770931
12,post_rope,271,0.01234331727027893
12,post_rope,272,0.012312992475926876
12,post_rope,273,0.012230723164975643
12,post_rope,274,0.012183143757283688
12,post_rope,275,0.012150959111750126
12,post_rope,276,0.012133486568927765
12,post_rope,277,0.012080817483365536
12,post_rope,278,0.012050874531269073
12,post_rope,279,0.012013496831059456
12,post_rope,280,0.011897832155227661
12,post_rope,281,0.011878971010446548
12,post_rope,282,0.011863366700708866
12,post_rope,283,0.01181156374514103
12,post_rope,284,0.011791637167334557
12,post_rope,285,0.01171888131648302
12,post_rope,286,0.0117014916613698
12,post_rope,287,0.011630760505795479
12,post_rope,288,0.011609694920480251
12,post_rope,289,0.01158345676958561
12,post_rope,290,0.011542142368853092
12,post_rope,291,0.011503004468977451
12,post_rope,292,0.011470071040093899
12,post_rope,293,0.011453956365585327
12,post_rope,294,0.011429199017584324
12,post_rope,295,0.011357121169567108
12,post_rope,296,0.011322587728500366
12,post_rope,297,0.011258243583142757
12,post_rope,298,0.01121684443205595
12,post_rope,299,0.011184671893715858
12,post_rope,300,0.011154537089169025
12,post_rope,301,0.011135445907711983
12,post_rope,302,0.011094602756202221
12,post_rope,303,0.0110373729839921
12,post_rope,304,0.011020665057003498
12,post_rope,305,0.010988996364176273
12,post_rope,306,0.010923213325440884
12,post_rope,307,0.010887542739510536
12,post_rope,308,0.010836564935743809
12,post_rope,309,0.010805515572428703
12,post_rope,310,0.010767587460577488
12,post_rope,311,0.010729719884693623
12,post_rope,312,0.01070880051702261
12,post_rope,313,0.01065179705619812
12,post_rope,314,0.010626057162880898
12,post_rope,315,0.010569029487669468
12,post_rope,316,0.010538546368479729
12,post_rope,317,0.01047518476843834
12,post_rope,318,0.010470055975019932
12,post_rope,319,0.010442317463457584
12,post_rope,320,0.010431877337396145
12,post_rope,321,0.01035002339631319
12,post_rope,322,0.010320721194148064
12,post_rope,323,0.010281078517436981
12,post_rope,324,0.010251901112496853
12,post_rope,325,0.01021176390349865
12,post_rope,326,0.010153759270906448
12,post_rope,327,0.010148043744266033
12,post_rope,328,0.010107198730111122
12,post_rope,329,0.010090503841638565
12,post_rope,330,0.010039737448096275
12,post_rope,331,0.010020468384027481
12,post_rope,332,0.009958131238818169
12,post_rope,333,0.009892592206597328
12,post_rope,334,0.009875863790512085
12,post_rope,335,0.009830722585320473
12,post_rope,336,0.009807022288441658
12,post_rope,337,0.009779619053006172
12,post_rope,338,0.009725239127874374
12,post_rope,339,0.009677590802311897
12,post_rope,340,0.009636284783482552
12,post_rope,341,0.009603212587535381
12,post_rope,342,0.009589013643562794
12,post_rope,343,0.00956166535615921
12,post_rope,344,0.009524768218398094
12,post_rope,345,0.009493956342339516
12,post_rope,346,0.009453804232180119
12,post_rope,347,0.009412926621735096
12,post_rope,348,0.00935965683311224
12,post_rope,349,0.009301322512328625
12,post_rope,350,0.009295173920691013
12,post_rope,351,0.009263355284929276
12,post_rope,352,0.009211760014295578
12,post_rope,353,0.009170069359242916
12,post_rope,354,0.009142601862549782
12,post_rope,355,0.00908163096755743
12,post_rope,356,0.009069779887795448
12,post_rope,357,0.009008035063743591
12,post_rope,358,0.008960827253758907
12,post_rope,359,0.008957807905972004
12,post_rope,360,0.008873390965163708
12,post_rope,361,0.008842961862683296
12,post_rope,362,0.008807873353362083
12,post_rope,363,0.008777836337685585
12,post_rope,364,0.008736765943467617
12,post_rope,365,0.008685151115059853
12,post_rope,366,0.008626125752925873
12,post_rope,367,0.008575012907385826
12,post_rope,368,0.008560610935091972
12,post_rope,369,0.008521553128957748
12,post_rope,370,0.008483465760946274
12,post_rope,371,0.008451920002698898
12,post_rope,372,0.008400725200772285
12,post_rope,373,0.008369763381779194
12,post_rope,374,0.008361341431736946
12,post_rope,375,0.008289075456559658
12,post_rope,376,0.008267016150057316
12,post_rope,377,0.008200736716389656
12,post_rope,378,0.008167083375155926
12,post_rope,379,0.008136200718581676
12,post_rope,380,0.008075009100139141
12,post_rope,381,0.008003085851669312
12,post_rope,382,0.007993008010089397
12,post_rope,383,0.007975878193974495
12,post_rope,384,0.007933867163956165
12,post_rope,385,0.007902571000158787
12,post_rope,386,0.007859896868467331
12,post_rope,387,0.007799634709954262
12,post_rope,388,0.0077249882742762566
12,post_rope,389,0.007637423928827047
12,post_rope,390,0.007618280127644539
12,post_rope,391,0.007567884400486946
12,post_rope,392,0.007463621906936169
12,post_rope,393,0.007436240091919899
12,post_rope,394,0.007390736136585474
12,post_rope,395,0.007336021400988102
12,post_rope,396,0.0072715687565505505
12,post_rope,397,0.007233728654682636
12,post_rope,398,0.007181213237345219
12,post_rope,399,0.007172403857111931
12,post_rope,400,0.007098752539604902
12,post_rope,401,0.007037533912807703
12,post_rope,402,0.0069512492045760155
12,post_rope,403,0.006893923040479422
12,post_rope,404,0.006870627403259277
12,post_rope,405,0.006818878930062056
12,post_rope,406,0.006752858404070139
12,post_rope,407,0.006707252003252506
12,post_rope,408,0.0066606332547962666
12,post_rope,409,0.006605485919862986
12,post_rope,410,0.006593769881874323
12,post_rope,411,0.006536615546792746
12,post_rope,412,0.0064775375649333
12,post_rope,413,0.00637931888923049
12,post_rope,414,0.006372556090354919
12,post_rope,415,0.00628827977925539
12,post_rope,416,0.006245139520615339
12,post_rope,417,0.0062089781276881695
12,post_rope,418,0.006152067333459854
12,post_rope,419,0.006114788819104433
12,post_rope,420,0.006079965736716986
12,post_rope,421,0.006052264012396336
12,post_rope,422,0.006001392379403114
12,post_rope,423,0.005961258430033922
12,post_rope,424,0.005907476879656315
12,post_rope,425,0.005843966268002987
12,post_rope,426,0.005780255421996117
12,post_rope,427,0.005765504203736782
12,post_rope,428,0.0057369498535990715
12,post_rope,429,0.005629460792988539
12,post_rope,430,0.005605767946690321
12,post_rope,431,0.005580881144851446
12,post_rope,432,0.005557064898312092
12,post_rope,433,0.005527501925826073
12,post_rope,434,0.005492451135069132
12,post_rope,435,0.005408782046288252
12,post_rope,436,0.005334693938493729
12,post_rope,437,0.005319307092577219
12,post_rope,438,0.005312529392540455
12,post_rope,439,0.0052262782119214535
12,post_rope,440,0.005187699571251869
12,post_rope,441,0.005169391166418791
12,post_rope,442,0.005118758883327246
12,post_rope,443,0.005032635293900967
12,post_rope,444,0.005026661325246096
12,post_rope,445,0.005019758827984333
12,post_rope,446,0.004935116041451693
12,post_rope,447,0.004860907327383757
12,post_rope,448,0.004834637977182865
12,post_rope,449,0.0048316605389118195
12,post_rope,450,0.004761610645800829
12,post_rope,451,0.004722746089100838
12,post_rope,452,0.004611670505255461
12,post_rope,453,0.004538130480796099
12,post_rope,454,0.004516199231147766
12,post_rope,455,0.004476180765777826
12,post_rope,456,0.004383482970297337
12,post_rope,457,0.004316544625908136
12,post_rope,458,0.004256274085491896
12,post_rope,459,0.004159160424023867
12,post_rope,460,0.00399064039811492
12,post_rope,461,0.0038928643334656954
12,post_rope,462,0.0038286224007606506
12,post_rope,463,0.0037806269247084856
12,post_rope,464,0.0037263098638504744
12,post_rope,465,0.0036695622839033604
12,post_rope,466,0.0036135113332420588
12,post_rope,467,0.003517331089824438
12,post_rope,468,0.0034089067485183477
12,post_rope,469,0.003398670582100749
12,post_rope,470,0.003383939852938056
12,post_rope,471,0.0032664253376424313
12,post_rope,472,0.003258494893088937
12,post_rope,473,0.003223778447136283
12,post_rope,474,0.0030903969891369343
12,post_rope,475,0.0029935496859252453
12,post_rope,476,0.002949358429759741
12,post_rope,477,0.0028820540755987167
12,post_rope,478,0.002801798051223159
12,post_rope,479,0.002711288630962372
12,post_rope,480,0.0026767163071781397
12,post_rope,481,0.0026582111604511738
12,post_rope,482,0.0025573333259671926
12,post_rope,483,0.0025092281866818666
12,post_rope,484,0.002488985424861312
12,post_rope,485,0.0024129077792167664
12,post_rope,486,0.002381655154749751
12,post_rope,487,0.0023467950522899628
12,post_rope,488,0.0022680305410176516
12,post_rope,489,0.0021909719798713923
12,post_rope,490,0.0021671729627996683
12,post_rope,491,0.0021216445602476597
12,post_rope,492,0.0021031026262789965
12,post_rope,493,0.002028097165748477
12,post_rope,494,0.0019943933002650738
12,post_rope,495,0.001940073212608695
12,post_rope,496,0.001883804565295577
12,post_rope,497,0.0018451112555339932
12,post_rope,498,0.001804537489078939
12,post_rope,499,0.0016860701143741608
12,post_rope,500,0.0016369319055229425
12,post_rope,501,0.0016267604660242796
12,post_rope,502,0.001583150471560657
12,post_rope,503,0.0015440217684954405
12,post_rope,504,0.001507805660367012
12,post_rope,505,0.0014694802230224013
12,post_rope,506,0.0014223671751096845
12,post_rope,507,0.0013573846081271768
12,post_rope,508,0.0013146190904080868
12,post_rope,509,0.0012220930075272918
12,post_rope,510,0.0011879248777404428
12,post_rope,511,0.0011297895107418299
12,post_rope,512,0.001038820599205792
13,pre_rope,1,1.0
13,pre_rope,2,0.15267927944660187
13,pre_rope,3,0.13901980221271515
13,pre_rope,4,0.13041682541370392
13,pre_rope,5,0.11442214250564575
13,pre_rope,6,0.10557602345943451
13,pre_rope,7,0.09300418943166733
13,pre_rope,8,0.09041936695575714
13,pre_rope,9,0.0865536630153656
13,pre_rope,10,0.08233954012393951
13,pre_rope,11,0.07464290410280228
13,pre_rope,12,0.0706971138715744
13,pre_rope,13,0.0697828009724617
13,pre_rope,14,0.06634116917848587
13,pre_rope,15,0.0647105798125267
13,pre_rope,16,0.06314632296562195
13,pre_rope,17,0.06097295880317688
13,pre_rope,18,0.05758287385106087
13,pre_rope,19,0.05508610978722572
13,pre_rope,20,0.05389643460512161
13,pre_rope,21,0.05251550301909447
13,pre_rope,22,0.05190114304423332
13,pre_rope,23,0.049894724041223526
13,pre_rope,24,0.048816993832588196
13,pre_rope,25,0.04730445519089699
13,pre_rope,26,0.04358786344528198
13,pre_rope,27,0.04296509549021721
13,pre_rope,28,0.04164409637451172
13,pre_rope,29,0.04138172045350075
13,pre_rope,30,0.03953281417489052
13,pre_rope,31,0.038492679595947266
13,pre_rope,32,0.036546044051647186
13,pre_rope,33,0.03404126688838005
13,pre_rope,34,0.03322573006153107
13,pre_rope,35,0.03267508000135422
13,pre_rope,36,0.03197094798088074
13,pre_rope,37,0.03114216960966587
13,pre_rope,38,0.02993699163198471
13,pre_rope,39,0.028963549062609673
13,pre_rope,40,0.02825101837515831
13,pre_rope,41,0.02769356779754162
13,pre_rope,42,0.027227453887462616
13,pre_rope,43,0.02700766734778881
13,pre_rope,44,0.026482723653316498
13,pre_rope,45,0.026419103145599365
13,pre_rope,46,0.02519347332417965
13,pre_rope,47,0.025040583685040474
13,pre_rope,48,0.024437297135591507
13,pre_rope,49,0.02416347712278366
13,pre_rope,50,0.02350500226020813
13,pre_rope,51,0.02330178953707218
13,pre_rope,52,0.022647731006145477
13,pre_rope,53,0.02242758497595787
13,pre_rope,54,0.022138211876153946
13,pre_rope,55,0.021812353283166885
13,pre_rope,56,0.02118704281747341
13,pre_rope,57,0.02086462453007698
13,pre_rope,58,0.020426621660590172
13,pre_rope,59,0.020213859155774117
13,pre_rope,60,0.019592497497797012
13,pre_rope,61,0.01919405162334442
13,pre_rope,62,0.018989121541380882
13,pre_rope,63,0.01888926699757576
13,pre_rope,64,0.018699346110224724
13,pre_rope,65,0.018453562632203102
13,pre_rope,66,0.018349628895521164
13,pre_rope,67,0.018130740150809288
13,pre_rope,68,0.01795443519949913
13,pre_rope,69,0.017917880788445473
13,pre_rope,70,0.01753906160593033
13,pre_rope,71,0.01743439957499504
13,pre_rope,72,0.017199547961354256
13,pre_rope,73,0.017059631645679474
13,pre_rope,74,0.0168989859521389
13,pre_rope,75,0.0166889950633049
13,pre_rope,76,0.01645820215344429
13,pre_rope,77,0.01620474085211754
13,pre_rope,78,0.01610538922250271
13,pre_rope,79,0.01594897173345089
13,pre_rope,80,0.015809278935194016
13,pre_rope,81,0.015655742958188057
13,pre_rope,82,0.015610896050930023
13,pre_rope,83,0.015197772532701492
13,pre_rope,84,0.015192206017673016
13,pre_rope,85,0.014890339225530624
13,pre_rope,86,0.014803019352257252
13,pre_rope,87,0.01470424048602581
13,pre_rope,88,0.014586152508854866
13,pre_rope,89,0.014536915346980095
13,pre_rope,90,0.014355727471411228
13,pre_rope,91,0.01426740176975727
13,pre_rope,92,0.014165941625833511
13,pre_rope,93,0.014063682407140732
13,pre_rope,94,0.013912846334278584
13,pre_rope,95,0.013774813152849674
13,pre_rope,96,0.013726522214710712
13,pre_rope,97,0.01358868833631277
13,pre_rope,98,0.01348079927265644
13,pre_rope,99,0.013387144543230534
13,pre_rope,100,0.013281638734042645
13,pre_rope,101,0.013172290287911892
13,pre_rope,102,0.013066070154309273
13,pre_rope,103,0.012948881834745407
13,pre_rope,104,0.012885102070868015
13,pre_rope,105,0.012759460136294365
13,pre_rope,106,0.01266811229288578
13,pre_rope,107,0.012572300620377064
13,pre_rope,108,0.012466458603739738
13,pre_rope,109,0.012401845306158066
13,pre_rope,110,0.012372290715575218
13,pre_rope,111,0.012218523770570755
13,pre_rope,112,0.012186172418296337
13,pre_rope,113,0.012137755751609802
13,pre_rope,114,0.012007717043161392
13,pre_rope,115,0.01198065560311079
13,pre_rope,116,0.011904693208634853
13,pre_rope,117,0.011819158680737019
13,pre_rope,118,0.011760014109313488
13,pre_rope,119,0.011628225445747375
13,pre_rope,120,0.011618814431130886
13,pre_rope,121,0.011503106914460659
13,pre_rope,122,0.0114598348736763
13,pre_rope,123,0.011412326246500015
13,pre_rope,124,0.011325639672577381
13,pre_rope,125,0.01131314504891634
13,pre_rope,126,0.011256598867475986
13,pre_rope,127,0.011143581010401249
13,pre_rope,128,0.011045694351196289
13,pre_rope,129,0.011015912517905235
13,pre_rope,130,0.010918487794697285
13,pre_rope,131,0.010874494910240173
13,pre_rope,132,0.010779782198369503
13,pre_rope,133,0.010742236860096455
13,pre_rope,134,0.010592599399387836
13,pre_rope,135,0.010566027835011482
13,pre_rope,136,0.010526027530431747
13,pre_rope,137,0.01043786946684122
13,pre_rope,138,0.010413648560643196
13,pre_rope,139,0.010341046378016472
13,pre_rope,140,0.010286880657076836
13,pre_rope,141,0.010260943323373795
13,pre_rope,142,0.01024413201957941
13,pre_rope,143,0.010136887431144714
13,pre_rope,144,0.01012737862765789
13,pre_rope,145,0.010046335868537426
13,pre_rope,146,0.009975621476769447
13,pre_rope,147,0.009912869893014431
13,pre_rope,148,0.009868163615465164
13,pre_rope,149,0.009815270081162453
13,pre_rope,150,0.009742462076246738
13,pre_rope,151,0.0096666244789958
13,pre_rope,152,0.009634636342525482
13,pre_rope,153,0.009611446410417557
13,pre_rope,154,0.009527789428830147
13,pre_rope,155,0.00951717421412468
13,pre_rope,156,0.009476273320615292
13,pre_rope,157,0.0094142472371459
13,pre_rope,158,0.009388943202793598
13,pre_rope,159,0.009315136820077896
13,pre_rope,160,0.009264438413083553
13,pre_rope,161,0.009242765605449677
13,pre_rope,162,0.009187028743326664
13,pre_rope,163,0.009148375131189823
13,pre_rope,164,0.00910696666687727
13,pre_rope,165,0.009095757268369198
13,pre_rope,166,0.009049888700246811
13,pre_rope,167,0.009002073667943478
13,pre_rope,168,0.008913458324968815
13,pre_rope,169,0.008894786238670349
13,pre_rope,170,0.008867312222719193
13,pre_rope,171,0.008796507492661476
13,pre_rope,172,0.008762656711041927
13,pre_rope,173,0.00871244166046381
13,pre_rope,174,0.008645812049508095
13,pre_rope,175,0.008597880601882935
13,pre_rope,176,0.008527935482561588
13,pre_rope,177,0.008489154279232025
13,pre_rope,178,0.008486333303153515
13,pre_rope,179,0.008449625223875046
13,pre_rope,180,0.00840810127556324
13,pre_rope,181,0.00838195625692606
13,pre_rope,182,0.008309555239975452
13,pre_rope,183,0.008305789902806282
13,pre_rope,184,0.008235334418714046
13,pre_rope,185,0.008160696364939213
13,pre_rope,186,0.00813975092023611
13,pre_rope,187,0.008070887066423893
13,pre_rope,188,0.008028795011341572
13,pre_rope,189,0.007993737235665321
13,pre_rope,190,0.007974380627274513
13,pre_rope,191,0.007956868037581444
13,pre_rope,192,0.007930482737720013
13,pre_rope,193,0.007896778173744678
13,pre_rope,194,0.007816338911652565
13,pre_rope,195,0.007780941668897867
13,pre_rope,196,0.007763972971588373
13,pre_rope,197,0.007726543117314577
13,pre_rope,198,0.007690224796533585
13,pre_rope,199,0.0076574599370360374
13,pre_rope,200,0.007610649336129427
13,pre_rope,201,0.007586351595818996
13,pre_rope,202,0.0075766099616885185
13,pre_rope,203,0.007511058822274208
13,pre_rope,204,0.007462152745574713
13,pre_rope,205,0.0074554025195539
13,pre_rope,206,0.007403371389955282
13,pre_rope,207,0.007383326999843121
13,pre_rope,208,0.007332348730415106
13,pre_rope,209,0.007327257189899683
13,pre_rope,210,0.007235595490783453
13,pre_rope,211,0.007225888315588236
13,pre_rope,212,0.007165294140577316
13,pre_rope,213,0.0071468660607934
13,pre_rope,214,0.007130864076316357
13,pre_rope,215,0.0071138255298137665
13,pre_rope,216,0.007112474180757999
13,pre_rope,217,0.007047907914966345
13,pre_rope,218,0.007039120886474848
13,pre_rope,219,0.00700213061645627
13,pre_rope,220,0.006953641306608915
13,pre_rope,221,0.006942084990441799
13,pre_rope,222,0.006918787024915218
13,pre_rope,223,0.00688213063403964
13,pre_rope,224,0.006846758536994457
13,pre_rope,225,0.006834044121205807
13,pre_rope,226,0.006799593567848206
13,pre_rope,227,0.00676773302257061
13,pre_rope,228,0.006724567152559757
13,pre_rope,229,0.006711018271744251
13,pre_rope,230,0.006667609792202711
13,pre_rope,231,0.0066345189698040485
13,pre_rope,232,0.0065800491720438
13,pre_rope,233,0.0065590995363891125
13,pre_rope,234,0.006545337848365307
13,pre_rope,235,0.00650797551497817
13,pre_rope,236,0.006496122572571039
13,pre_rope,237,0.00643592793494463
13,pre_rope,238,0.006413165479898453
13,pre_rope,239,0.006372131872922182
13,pre_rope,240,0.006351079326122999
13,pre_rope,241,0.006344895344227552
13,pre_rope,242,0.006302753463387489
13,pre_rope,243,0.006279474124312401
13,pre_rope,244,0.006225248333066702
13,pre_rope,245,0.006182461977005005
13,pre_rope,246,0.006164198741316795
13,pre_rope,247,0.006143847014755011
13,pre_rope,248,0.00612660450860858
13,pre_rope,249,0.00610542856156826
13,pre_rope,250,0.006095919292420149
13,pre_rope,251,0.006068896036595106
13,pre_rope,252,0.006027063354849815
13,pre_rope,253,0.00599133362993598
13,pre_rope,254,0.005967988166958094
13,pre_rope,255,0.005936761386692524
13,pre_rope,256,0.0059213037602603436
13,pre_rope,257,0.005883768666535616
13,pre_rope,258,0.005857327487319708
13,pre_rope,259,0.005819940939545631
13,pre_rope,260,0.0058169178664684296
13,pre_rope,261,0.005775144789367914
13,pre_rope,262,0.0057515306398272514
13,pre_rope,263,0.005711492616683245
13,pre_rope,264,0.005700281821191311
13,pre_rope,265,0.005673791281878948
13,pre_rope,266,0.005636153277009726
13,pre_rope,267,0.005598988384008408
13,pre_rope,268,0.00559164909645915
13,pre_rope,269,0.005578322801738977
13,pre_rope,270,0.005547389388084412
13,pre_rope,271,0.005499540828168392
13,pre_rope,272,0.005484707187861204
13,pre_rope,273,0.005469749681651592
13,pre_rope,274,0.005436799488961697
13,pre_rope,275,0.005412721540778875
13,pre_rope,276,0.005408336874097586
13,pre_rope,277,0.0053865727968513966
13,pre_rope,278,0.005355823319405317
13,pre_rope,279,0.00531785236671567
13,pre_rope,280,0.005285417195409536
13,pre_rope,281,0.005272890906780958
13,pre_rope,282,0.005255139898508787
13,pre_rope,283,0.005248946603387594
13,pre_rope,284,0.005219542887061834
13,pre_rope,285,0.005180747248232365
13,pre_rope,286,0.0051466356962919235
13,pre_rope,287,0.005125772207975388
13,pre_rope,288,0.005100534297525883
13,pre_rope,289,0.005086389370262623
13,pre_rope,290,0.005060918163508177
13,pre_rope,291,0.005035002715885639
13,pre_rope,292,0.005029772408306599
13,pre_rope,293,0.004975371994078159
13,pre_rope,294,0.004962069448083639
13,pre_rope,295,0.004937109537422657
13,pre_rope,296,0.004922603257000446
13,pre_rope,297,0.0049011060036718845
13,pre_rope,298,0.004871177487075329
13,pre_rope,299,0.004860826767981052
13,pre_rope,300,0.004827011376619339
13,pre_rope,301,0.004820635542273521
13,pre_rope,302,0.004799976479262114
13,pre_rope,303,0.004782519768923521
13,pre_rope,304,0.004770209547132254
13,pre_rope,305,0.0047388807870447636
13,pre_rope,306,0.004716214723885059
13,pre_rope,307,0.0046716672368347645
13,pre_rope,308,0.004652016796171665
13,pre_rope,309,0.0046364925801754
13,pre_rope,310,0.004594112280756235
13,pre_rope,311,0.004584172274917364
13,pre_rope,312,0.004550269804894924
13,pre_rope,313,0.00453830836340785
13,pre_rope,314,0.004510482307523489
13,pre_rope,315,0.004492712207138538
13,pre_rope,316,0.004472233355045319
13,pre_rope,317,0.004461978562176228
13,pre_rope,318,0.004421739373356104
13,pre_rope,319,0.0044106487184762955
13,pre_rope,320,0.0043987431563436985
13,pre_rope,321,0.004374858923256397
13,pre_rope,322,0.004347669892013073
13,pre_rope,323,0.004340344108641148
13,pre_rope,324,0.004311435390263796
13,pre_rope,325,0.0042741806246340275
13,pre_rope,326,0.004261367488652468
13,pre_rope,327,0.004243441857397556
13,pre_rope,328,0.0042289323173463345
13,pre_rope,329,0.004203345160931349
13,pre_rope,330,0.004186974838376045
13,pre_rope,331,0.004148189909756184
13,pre_rope,332,0.0041275168769061565
13,pre_rope,333,0.00410829670727253
13,pre_rope,334,0.004093723837286234
13,pre_rope,335,0.004069170448929071
13,pre_rope,336,0.004050872288644314
13,pre_rope,337,0.0040343087166547775
13,pre_rope,338,0.004009098745882511
13,pre_rope,339,0.003989765886217356
13,pre_rope,340,0.003960013389587402
13,pre_rope,341,0.003956812433898449
13,pre_rope,342,0.003945212345570326
13,pre_rope,343,0.003927577752619982
13,pre_rope,344,0.003914873581379652
13,pre_rope,345,0.003900514915585518
13,pre_rope,346,0.0038539499510079622
13,pre_rope,347,0.0038351286202669144
13,pre_rope,348,0.0038311390671879053
13,pre_rope,349,0.003810824593529105
13,pre_rope,350,0.0037956240121275187
13,pre_rope,351,0.003777481382712722
13,pre_rope,352,0.003758464939892292
13,pre_rope,353,0.003745526075363159
13,pre_rope,354,0.0037125309463590384
13,pre_rope,355,0.0037011534441262484
13,pre_rope,356,0.00368581828661263
13,pre_rope,357,0.0036620881874114275
13,pre_rope,358,0.0036331983283162117
13,pre_rope,359,0.0036087119951844215
13,pre_rope,360,0.003593742148950696
13,pre_rope,361,0.003560692071914673
13,pre_rope,362,0.003544991835951805
13,pre_rope,363,0.0035442484077066183
13,pre_rope,364,0.003534299088642001
13,pre_rope,365,0.0035175264347344637
13,pre_rope,366,0.0034950757399201393
13,pre_rope,367,0.003489576978608966
13,pre_rope,368,0.0034707062877714634
13,pre_rope,369,0.0034549941774457693
13,pre_rope,370,0.0034364976454526186
13,pre_rope,371,0.0034160949289798737
13,pre_rope,372,0.0033984538167715073
13,pre_rope,373,0.003354769665747881
13,pre_rope,374,0.003345135133713484
13,pre_rope,375,0.003325945930555463
13,pre_rope,376,0.00330265867523849
13,pre_rope,377,0.003287234576418996
13,pre_rope,378,0.0032800529152154922
13,pre_rope,379,0.003263800172135234
13,pre_rope,380,0.0032366986852139235
13,pre_rope,381,0.0032246029004454613
13,pre_rope,382,0.0031831630039960146
13,pre_rope,383,0.0031777166295796633
13,pre_rope,384,0.0031649726442992687
13,pre_rope,385,0.0031508065294474363
13,pre_rope,386,0.003138978499919176
13,pre_rope,387,0.0031046930234879255
13,pre_rope,388,0.003098839893937111
13,pre_rope,389,0.0030846293084323406
13,pre_rope,390,0.003043056232854724
13,pre_rope,391,0.0030284582171589136
13,pre_rope,392,0.003018160816282034
13,pre_rope,393,0.0030097702983766794
13,pre_rope,394,0.0029751809779554605
13,pre_rope,395,0.0029727111104875803
13,pre_rope,396,0.002953067421913147
13,pre_rope,397,0.002943650120869279
13,pre_rope,398,0.002931277034804225
13,pre_rope,399,0.0028954932931810617
13,pre_rope,400,0.002892459509894252
13,pre_rope,401,0.002874732483178377
13,pre_rope,402,0.0028594741597771645
13,pre_rope,403,0.0028421247843652964
13,pre_rope,404,0.0028093254659324884
13,pre_rope,405,0.002802075818181038
13,pre_rope,406,0.0027843143325299025
13,pre_rope,407,0.0027687246911227703
13,pre_rope,408,0.0027462774887681007
13,pre_rope,409,0.002716443268582225
13,pre_rope,410,0.0027112443931400776
13,pre_rope,411,0.002700673881918192
13,pre_rope,412,0.0026752145495265722
13,pre_rope,413,0.00266154739074409
13,pre_rope,414,0.0026443246752023697
13,pre_rope,415,0.0026216048281639814
13,pre_rope,416,0.002608936047181487
13,pre_rope,417,0.00260445405729115
13,pre_rope,418,0.002571098506450653
13,pre_rope,419,0.002550313249230385
13,pre_rope,420,0.002547436160966754
13,pre_rope,421,0.0025134289171546698
13,pre_rope,422,0.002508938079699874
13,pre_rope,423,0.0024834934156388044
13,pre_rope,424,0.0024720714427530766
13,pre_rope,425,0.002463690470904112
13,pre_rope,426,0.002435970352962613
13,pre_rope,427,0.0024250755086541176
13,pre_rope,428,0.002400335855782032
13,pre_rope,429,0.002395934658125043
13,pre_rope,430,0.0023686441127210855
13,pre_rope,431,0.0023433389142155647
13,pre_rope,432,0.0023401365615427494
13,pre_rope,433,0.0023303471971303225
13,pre_rope,434,0.0023138795513659716
13,pre_rope,435,0.0022919990587979555
13,pre_rope,436,0.002284546382725239
13,pre_rope,437,0.0022654952481389046
13,pre_rope,438,0.0022527005057781935
13,pre_rope,439,0.0022280849516391754
13,pre_rope,440,0.0022155726328492165
13,pre_rope,441,0.0021932292729616165
13,pre_rope,442,0.002179945120587945
13,pre_rope,443,0.002154747722670436
13,pre_rope,444,0.002149099949747324
13,pre_rope,445,0.0021269628778100014
13,pre_rope,446,0.002122460398823023
13,pre_rope,447,0.0021003843285143375
13,pre_rope,448,0.0020880266092717648
13,pre_rope,449,0.002074677962809801
13,pre_rope,450,0.0020560440607368946
13,pre_rope,451,0.0020460670348256826
13,pre_rope,452,0.002033311640843749
13,pre_rope,453,0.0020094038918614388
13,pre_rope,454,0.0019903492648154497
13,pre_rope,455,0.0019812360405921936
13,pre_rope,456,0.0019581844098865986
13,pre_rope,457,0.0019415040733292699
13,pre_rope,458,0.0019258566899225116
13,pre_rope,459,0.0019028582610189915
13,pre_rope,460,0.001877313363365829
13,pre_rope,461,0.0018678710330277681
13,pre_rope,462,0.0018547557992860675
13,pre_rope,463,0.0018428253242745996
13,pre_rope,464,0.0018290483858436346
13,pre_rope,465,0.0018184552900493145
13,pre_rope,466,0.001785456552170217
13,pre_rope,467,0.0017794478917494416
13,pre_rope,468,0.0017563594738021493
13,pre_rope,469,0.0017494451021775603
13,pre_rope,470,0.0017243792535737157
13,pre_rope,471,0.0017060086829587817
13,pre_rope,472,0.0016835008282214403
13,pre_rope,473,0.0016571894520893693
13,pre_rope,474,0.00164452672470361
13,pre_rope,475,0.0016345541225746274
13,pre_rope,476,0.001621006173081696
13,pre_rope,477,0.0016024834476411343
13,pre_rope,478,0.001570750493556261
13,pre_rope,479,0.0015534608392044902
13,pre_rope,480,0.001539390068501234
13,pre_rope,481,0.001521250931546092
13,pre_rope,482,0.0015065636252984405
13,pre_rope,483,0.0014977980172261596
13,pre_rope,484,0.0014760005287826061
13,pre_rope,485,0.0014491947367787361
13,pre_rope,486,0.0014239443698897958
13,pre_rope,487,0.0013828086666762829
13,pre_rope,488,0.0013688195031136274
13,pre_rope,489,0.0013434268767014146
13,pre_rope,490,0.0013228231109678745
13,pre_rope,491,0.001304789911955595
13,pre_rope,492,0.0012897559208795428
13,pre_rope,493,0.0012800469994544983
13,pre_rope,494,0.0012341233668848872
13,pre_rope,495,0.0012154843425378203
13,pre_rope,496,0.00118966621812433
13,pre_rope,497,0.0011842475505545735
13,pre_rope,498,0.001175248296931386
13,pre_rope,499,0.0011005993001163006
13,pre_rope,500,0.0010885486844927073
13,pre_rope,501,0.0010791089152917266
13,pre_rope,502,0.0010719551937654614
13,pre_rope,503,0.0010060644708573818
13,pre_rope,504,0.0009860368445515633
13,pre_rope,505,0.0009410557104274631
13,pre_rope,506,0.0009081775206141174
13,pre_rope,507,0.0008395717013627291
13,pre_rope,508,0.0007859645411372185
13,pre_rope,509,0.0006871025543659925
13,pre_rope,510,0.0005825828993692994
13,pre_rope,511,0.000552149023860693
13,pre_rope,512,0.0004583214467857033
13,post_rope,1,1.0
13,post_rope,2,0.21248875558376312
13,post_rope,3,0.1909719854593277
13,post_rope,4,0.19048559665679932
13,post_rope,5,0.18371284008026123
13,post_rope,6,0.17544804513454437
13,post_rope,7,0.1638288050889969
13,post_rope,8,0.1535857766866684
13,post_rope,9,0.1477712243795395
13,post_rope,10,0.13284382224082947
13,post_rope,11,0.13162264227867126
13,post_rope,12,0.12765219807624817
13,post_rope,13,0.12592168152332306
13,post_rope,14,0.12331587821245193
13,post_rope,15,0.12242291867733002
13,post_rope,16,0.12117332965135574
13,post_rope,17,0.12054158747196198
13,post_rope,18,0.12027687579393387
13,post_rope,19,0.11936186999082565
13,post_rope,20,0.11920101195573807
13,post_rope,21,0.11782890558242798
13,post_rope,22,0.11692351847887039
13,post_rope,23,0.11625996977090836
13,post_rope,24,0.11483731120824814
13,post_rope,25,0.11467400193214417
13,post_rope,26,0.11327604949474335
13,post_rope,27,0.11285953968763351
13,post_rope,28,0.11221226304769516
13,post_rope,29,0.11113636940717697
13,post_rope,30,0.11056578159332275
13,post_rope,31,0.110279381275177
13,post_rope,32,0.10806743055582047
13,post_rope,33,0.10629283636808395
13,post_rope,34,0.10558997839689255
13,post_rope,35,0.10443109273910522
13,post_rope,36,0.10404267907142639
13,post_rope,37,0.09832800924777985
13,post_rope,38,0.09749195724725723
13,post_rope,39,0.08931262791156769
13,post_rope,40,0.0837901383638382
13,post_rope,41,0.07934354990720749
13,post_rope,42,0.07627224922180176
13,post_rope,43,0.07226747274398804
13,post_rope,44,0.07137423753738403
13,post_rope,45,0.06839219480752945
13,post_rope,46,0.06750338524580002
13,post_rope,47,0.0672118291258812
13,post_rope,48,0.06593409925699234
13,post_rope,49,0.06299387663602829
13,post_rope,50,0.06046596169471741
13,post_rope,51,0.058641642332077026
13,post_rope,52,0.05822020396590233
13,post_rope,53,0.05728708207607269
13,post_rope,54,0.05464322492480278
13,post_rope,55,0.053495485335588455
13,post_rope,56,0.050103768706321716
13,post_rope,57,0.048449017107486725
13,post_rope,58,0.04521589353680611
13,post_rope,59,0.04445220157504082
13,post_rope,60,0.04296758398413658
13,post_rope,61,0.04095159471035004
13,post_rope,62,0.0400979146361351
13,post_rope,63,0.03862606734037399
13,post_rope,64,0.0376090332865715
13,post_rope,65,0.03651466220617294
13,post_rope,66,0.035654935985803604
13,post_rope,67,0.035523828119039536
13,post_rope,68,0.03486945480108261
13,post_rope,69,0.034721095114946365
13,post_rope,70,0.03438779339194298
13,post_rope,71,0.034218281507492065
13,post_rope,72,0.03367068991065025
13,post_rope,73,0.03312951326370239
13,post_rope,74,0.032950691878795624
13,post_rope,75,0.032329656183719635
13,post_rope,76,0.03192256763577461
13,post_rope,77,0.03172285482287407
13,post_rope,78,0.03154243901371956
13,post_rope,79,0.031217392534017563
13,post_rope,80,0.030923277139663696
13,post_rope,81,0.030728256329894066
13,post_rope,82,0.03049171343445778
13,post_rope,83,0.030347181484103203
13,post_rope,84,0.029961317777633667
13,post_rope,85,0.029782939702272415
13,post_rope,86,0.029710575938224792
13,post_rope,87,0.029405348002910614
13,post_rope,88,0.029035337269306183
13,post_rope,89,0.029022902250289917
13,post_rope,90,0.02883114665746689
13,post_rope,91,0.02868117205798626
13,post_rope,92,0.028388170525431633
13,post_rope,93,0.02796376496553421
13,post_rope,94,0.027671944350004196
13,post_rope,95,0.027623949572443962
13,post_rope,96,0.027359627187252045
13,post_rope,97,0.0272990595549345
13,post_rope,98,0.026936262845993042
13,post_rope,99,0.026800407096743584
13,post_rope,100,0.026759862899780273
13,post_rope,101,0.026575209572911263
13,post_rope,102,0.02638399228453636
13,post_rope,103,0.026193130761384964
13,post_rope,104,0.02616696059703827
13,post_rope,105,0.025791432708501816
13,post_rope,106,0.02559722028672695
13,post_rope,107,0.025475207716226578
13,post_rope,108,0.02531895786523819
13,post_rope,109,0.02520095929503441
13,post_rope,110,0.02511325292289257
13,post_rope,111,0.025008825585246086
13,post_rope,112,0.024813272058963776
13,post_rope,113,0.024761106818914413
13,post_rope,114,0.024576161056756973
13,post_rope,115,0.024509862065315247
13,post_rope,116,0.024357188493013382
13,post_rope,117,0.024295922368764877
13,post_rope,118,0.02405378222465515
13,post_rope,119,0.023925701156258583
13,post_rope,120,0.023872848600149155
13,post_rope,121,0.0238153338432312
13,post_rope,122,0.02362135611474514
13,post_rope,123,0.02355327270925045
13,post_rope,124,0.023392699658870697
13,post_rope,125,0.02325386554002762
13,post_rope,126,0.02320670895278454
13,post_rope,127,0.023038571700453758
13,post_rope,128,0.022993873804807663
13,post_rope,129,0.02269243821501732
13,post_rope,130,0.022615687921643257
13,post_rope,131,0.02245292253792286
13,post_rope,132,0.02233271859586239
13,post_rope,133,0.02225511521100998
13,post_rope,134,0.022048814222216606
13,post_rope,135,0.02200072817504406
13,post_rope,136,0.021828975528478622
13,post_rope,137,0.021712807938456535
13,post_rope,138,0.02165624126791954
13,post_rope,139,0.021530264988541603
13,post_rope,140,0.021352507174015045
13,post_rope,141,0.021260986104607582
13,post_rope,142,0.021212592720985413
13,post_rope,143,0.021106941625475883
13,post_rope,144,0.02106858789920807
13,post_rope,145,0.020971260964870453
13,post_rope,146,0.020916879177093506
13,post_rope,147,0.020876413211226463
13,post_rope,148,0.020699018612504005
13,post_rope,149,0.02064027450978756
13,post_rope,150,0.020558461546897888
13,post_rope,151,0.020528897643089294
13,post_rope,152,0.02042516879737377
13,post_rope,153,0.020353272557258606
13,post_rope,154,0.020271355286240578
13,post_rope,155,0.020134273916482925
13,post_rope,156,0.02003295160830021
13,post_rope,157,0.019916314631700516
13,post_rope,158,0.01979740522801876
13,post_rope,159,0.019717201590538025
13,post_rope,160,0.01970665529370308
13,post_rope,161,0.01959344744682312
13,post_rope,162,0.019501684233546257
13,post_rope,163,0.01938079111278057
13,post_rope,164,0.01936473324894905
13,post_rope,165,0.01928449235856533
13,post_rope,166,0.019192826002836227
13,post_rope,167,0.019079076126217842
13,post_rope,168,0.019036786630749702
13,post_rope,169,0.01888125389814377
13,post_rope,170,0.018874093890190125
13,post_rope,171,0.018725210800766945
13,post_rope,172,0.01867598481476307
13,post_rope,173,0.018582405522465706
13,post_rope,174,0.01851915940642357
13,post_rope,175,0.018494388088583946
13,post_rope,176,0.018407689407467842
13,post_rope,177,0.018301023170351982
13,post_rope,178,0.018206126987934113
13,post_rope,179,0.01816559210419655
13,post_rope,180,0.01810072362422943
13,post_rope,181,0.018023815006017685
13,post_rope,182,0.017992861568927765
13,post_rope,183,0.017930520698428154
13,post_rope,184,0.01787656359374523
13,post_rope,185,0.017759012058377266
13,post_rope,186,0.017732659354805946
13,post_rope,187,0.01766079105436802
13,post_rope,188,0.017546793445944786
13,post_rope,189,0.017442436888813972
13,post_rope,190,0.017368705943226814
13,post_rope,191,0.0173483993858099
13,post_rope,192,0.01732073351740837
13,post_rope,193,0.017260707914829254
13,post_rope,194,0.017249105498194695
13,post_rope,195,0.017062120139598846
13,post_rope,196,0.017024215310811996
13,post_rope,197,0.017005054280161858
13,post_rope,198,0.016891520470380783
13,post_rope,199,0.016790591180324554
13,post_rope,200,0.016769176349043846
13,post_rope,201,0.016670264303684235
13,post_rope,202,0.01659560017287731
13,post_rope,203,0.016566788777709007
13,post_rope,204,0.0164660532027483
13,post_rope,205,0.01640167087316513
13,post_rope,206,0.01634039729833603
13,post_rope,207,0.016303744167089462
13,post_rope,208,0.016191337257623672
13,post_rope,209,0.016183964908123016
13,post_rope,210,0.016122153028845787
13,post_rope,211,0.016056131571531296
13,post_rope,212,0.015991711989045143
13,post_rope,213,0.015934577211737633
13,post_rope,214,0.015927599743008614
13,post_rope,215,0.01585821434855461
13,post_rope,216,0.01579218916594982
13,post_rope,217,0.01571269892156124
13,post_rope,218,0.015667280182242393
13,post_rope,219,0.015574495308101177
13,post_rope,220,0.015501532703638077
13,post_rope,221,0.01547945011407137
13,post_rope,222,0.015435822308063507
13,post_rope,223,0.015374795533716679
13,post_rope,224,0.015305837616324425
13,post_rope,225,0.015242218039929867
13,post_rope,226,0.015178133733570576
13,post_rope,227,0.015146630816161633
13,post_rope,228,0.015113577246665955
13,post_rope,229,0.014992007985711098
13,post_rope,230,0.014911171048879623
13,post_rope,231,0.014852616004645824
13,post_rope,232,0.01480056717991829
13,post_rope,233,0.014774875715374947
13,post_rope,234,0.014745385386049747
13,post_rope,235,0.01469358615577221
13,post_rope,236,0.014611687511205673
13,post_rope,237,0.014540350995957851
13,post_rope,238,0.014507842250168324
13,post_rope,239,0.01446545124053955
13,post_rope,240,0.014450564980506897
13,post_rope,241,0.014390604570508003
13,post_rope,242,0.01434025913476944
13,post_rope,243,0.014263039454817772
13,post_rope,244,0.014234858565032482
13,post_rope,245,0.01420289184898138
13,post_rope,246,0.014155025593936443
13,post_rope,247,0.014102578163146973
13,post_rope,248,0.014067815616726875
13,post_rope,249,0.014055656269192696
13,post_rope,250,0.013999760150909424
13,post_rope,251,0.013903138227760792
13,post_rope,252,0.01387372612953186
13,post_rope,253,0.013786867260932922
13,post_rope,254,0.013766136951744556
13,post_rope,255,0.013741998001933098
13,post_rope,256,0.013711695559322834
13,post_rope,257,0.013684061355888844
13,post_rope,258,0.013605590909719467
13,post_rope,259,0.013599609956145287
13,post_rope,260,0.013498852029442787
13,post_rope,261,0.013478489592671394
13,post_rope,262,0.01346051599830389
13,post_rope,263,0.013420488685369492
13,post_rope,264,0.013384819030761719
13,post_rope,265,0.013302100822329521
13,post_rope,266,0.01328829675912857
13,post_rope,267,0.013255967758595943
13,post_rope,268,0.013160067610442638
13,post_rope,269,0.01306962501257658
13,post_rope,270,0.013049709610641003
13,post_rope,271,0.013014768250286579
13,post_rope,272,0.01298340130597353
13,post_rope,273,0.012910113669931889
13,post_rope,274,0.012904712930321693
13,post_rope,275,0.012798129580914974
13,post_rope,276,0.012726353481411934
13,post_rope,277,0.012719457037746906
13,post_rope,278,0.01266870740801096
13,post_rope,279,0.012640143744647503
13,post_rope,280,0.012617485597729683
13,post_rope,281,0.012572200037539005
13,post_rope,282,0.012539072893559933
13,post_rope,283,0.012463528662919998
13,post_rope,284,0.012414638884365559
13,post_rope,285,0.01235939096659422
13,post_rope,286,0.0123446024954319
13,post_rope,287,0.012314791791141033
13,post_rope,288,0.01230871956795454
13,post_rope,289,0.012224758975207806
13,post_rope,290,0.012156717479228973
13,post_rope,291,0.012147105298936367
13,post_rope,292,0.012098678387701511
13,post_rope,293,0.012067317962646484
13,post_rope,294,0.012028682976961136
13,post_rope,295,0.011987348087131977
13,post_rope,296,0.011969455517828465
13,post_rope,297,0.011899178847670555
13,post_rope,298,0.011881398968398571
13,post_rope,299,0.011835562996566296
13,post_rope,300,0.011805936694145203
13,post_rope,301,0.011773781850934029
13,post_rope,302,0.011762576177716255
13,post_rope,303,0.011703609488904476
13,post_rope,304,0.011636649258434772
13,post_rope,305,0.011599354445934296
13,post_rope,306,0.011556762270629406
13,post_rope,307,0.011554601602256298
13,post_rope,308,0.011479591950774193
13,post_rope,309,0.011431029066443443
13,post_rope,310,0.011405043303966522
13,post_rope,311,0.011368426494300365
13,post_rope,312,0.011350183747708797
13,post_rope,313,0.011304845102131367
13,post_rope,314,0.011263229884207249
13,post_rope,315,0.011251351796090603
13,post_rope,316,0.011187845841050148
13,post_rope,317,0.011135302484035492
13,post_rope,318,0.011128617450594902
13,post_rope,319,0.011088130064308643
13,post_rope,320,0.011057921685278416
13,post_rope,321,0.010982821695506573
13,post_rope,322,0.01094729918986559
13,post_rope,323,0.010900585912168026
13,post_rope,324,0.010833503678441048
13,post_rope,325,0.010810505598783493
13,post_rope,326,0.01076973881572485
13,post_rope,327,0.010759476572275162
13,post_rope,328,0.010690188966691494
13,post_rope,329,0.01063547469675541
13,post_rope,330,0.010619116947054863
13,post_rope,331,0.010572548024356365
13,post_rope,332,0.010552925057709217
13,post_rope,333,0.01047270093113184
13,post_rope,334,0.0104373125359416
13,post_rope,335,0.010413420386612415
13,post_rope,336,0.010362415574491024
13,post_rope,337,0.010316720232367516
13,post_rope,338,0.010298063047230244
13,post_rope,339,0.010251320898532867
13,post_rope,340,0.010203775018453598
13,post_rope,341,0.010177710093557835
13,post_rope,342,0.010145795531570911
13,post_rope,343,0.010105060413479805
13,post_rope,344,0.0100863603875041
13,post_rope,345,0.01005044300109148
13,post_rope,346,0.010028015822172165
13,post_rope,347,0.009952319785952568
13,post_rope,348,0.00991384219378233
13,post_rope,349,0.009868369437754154
13,post_rope,350,0.009839866310358047
13,post_rope,351,0.009802230633795261
13,post_rope,352,0.009783743880689144
13,post_rope,353,0.00975525751709938
13,post_rope,354,0.0097403135150671
13,post_rope,355,0.009664133191108704
13,post_rope,356,0.009659342467784882
13,post_rope,357,0.009560191072523594
13,post_rope,358,0.00952344574034214
13,post_rope,359,0.00949739757925272
13,post_rope,360,0.009476400911808014
13,post_rope,361,0.009368788450956345
13,post_rope,362,0.009343677200376987
13,post_rope,363,0.009322414174675941
13,post_rope,364,0.009280911646783352
13,post_rope,365,0.009238425642251968
13,post_rope,366,0.009171615354716778
13,post_rope,367,0.009135599248111248
13,post_rope,368,0.009118841961026192
13,post_rope,369,0.009010699577629566
13,post_rope,370,0.009001893922686577
13,post_rope,371,0.008982419967651367
13,post_rope,372,0.008884252980351448
13,post_rope,373,0.008838975802063942
13,post_rope,374,0.008811885491013527
13,post_rope,375,0.008762462064623833
13,post_rope,376,0.008741010911762714
13,post_rope,377,0.008686299435794353
13,post_rope,378,0.008657422848045826
13,post_rope,379,0.00858711265027523
13,post_rope,380,0.00853089801967144
13,post_rope,381,0.008504865691065788
13,post_rope,382,0.008495896123349667
13,post_rope,383,0.00840294361114502
13,post_rope,384,0.008345386944711208
13,post_rope,385,0.00828880537301302
13,post_rope,386,0.008267579600214958
13,post_rope,387,0.00824491586536169
13,post_rope,388,0.008181027136743069
13,post_rope,389,0.008125231601297855
13,post_rope,390,0.00805620290338993
13,post_rope,391,0.008055062033236027
13,post_rope,392,0.007972675375640392
13,post_rope,393,0.00792956817895174
13,post_rope,394,0.007897269912064075
13,post_rope,395,0.007847090251743793
13,post_rope,396,0.007806424051523209
13,post_rope,397,0.007793634198606014
13,post_rope,398,0.007781124673783779
13,post_rope,399,0.0077347224578261375
13,post_rope,400,0.007691610604524612
13,post_rope,401,0.0076108030043542385
13,post_rope,402,0.0075928810983896255
13,post_rope,403,0.00753474747762084
13,post_rope,404,0.007478395476937294
13,post_rope,405,0.00740573275834322
13,post_rope,406,0.007391732651740313
13,post_rope,407,0.007335697766393423
13,post_rope,408,0.007305989507585764
13,post_rope,409,0.007265590596944094
13,post_rope,410,0.007224448956549168
13,post_rope,411,0.007091821171343327
13,post_rope,412,0.007075536996126175
13,post_rope,413,0.007034791633486748
13,post_rope,414,0.006982207298278809
13,post_rope,415,0.006909193005412817
13,post_rope,416,0.006873365491628647
13,post_rope,417,0.006823170464485884
13,post_rope,418,0.006777608301490545
13,post_rope,419,0.0067355134524405
13,post_rope,420,0.006655932869762182
13,post_rope,421,0.0065953051671385765
13,post_rope,422,0.006541162729263306
13,post_rope,423,0.006520500406622887
13,post_rope,424,0.006445736158639193
13,post_rope,425,0.006373684387654066
13,post_rope,426,0.00633775582537055
13,post_rope,427,0.006327260751277208
13,post_rope,428,0.006225354503840208
13,post_rope,429,0.00617905892431736
13,post_rope,430,0.006147958803921938
13,post_rope,431,0.006060943007469177
13,post_rope,432,0.006022822577506304
13,post_rope,433,0.0059445942752063274
13,post_rope,434,0.005869612097740173
13,post_rope,435,0.005855173338204622
13,post_rope,436,0.005738894455134869
13,post_rope,437,0.005713511258363724
13,post_rope,438,0.005699133034795523
13,post_rope,439,0.005532045383006334
13,post_rope,440,0.005515818018466234
13,post_rope,441,0.005465852562338114
13,post_rope,442,0.005352397449314594
13,post_rope,443,0.00531533220782876
13,post_rope,444,0.005265716463327408
13,post_rope,445,0.005225690081715584
13,post_rope,446,0.005083176307380199
13,post_rope,447,0.005053291562944651
13,post_rope,448,0.005014858208596706
13,post_rope,449,0.004952386952936649
13,post_rope,450,0.004918940365314484
13,post_rope,451,0.0047878180630505085
13,post_rope,452,0.004677122924476862
13,post_rope,453,0.004614429548382759
13,post_rope,454,0.004534979350864887
13,post_rope,455,0.004524655174463987
13,post_rope,456,0.004464417230337858
13,post_rope,457,0.0044114370830357075
13,post_rope,458,0.004370778799057007
13,post_rope,459,0.004271694924682379
13,post_rope,460,0.00423092907294631
13,post_rope,461,0.0041292523965239525
13,post_rope,462,0.004072521813213825
13,post_rope,463,0.004038583021610975
13,post_rope,464,0.003963058814406395
13,post_rope,465,0.003919168375432491
13,post_rope,466,0.0038771415129303932
13,post_rope,467,0.003794340416789055
13,post_rope,468,0.0037255133502185345
13,post_rope,469,0.003686187556013465
13,post_rope,470,0.0036084624007344246
13,post_rope,471,0.003544402541592717
13,post_rope,472,0.003490084782242775
13,post_rope,473,0.0034813829697668552
13,post_rope,474,0.0034228067379444838
13,post_rope,475,0.003296641865745187
13,post_rope,476,0.0032484366092830896
13,post_rope,477,0.003143863519653678
13,post_rope,478,0.0031181653030216694
13,post_rope,479,0.0031112616416066885
13,post_rope,480,0.0030297653283923864
13,post_rope,481,0.0029537086375057697
13,post_rope,482,0.0029207454062998295
13,post_rope,483,0.002890034345909953
13,post_rope,484,0.002796103246510029
13,post_rope,485,0.0027721950318664312
13,post_rope,486,0.0027503555174916983
13,post_rope,487,0.0027361635584384203
13,post_rope,488,0.002651620889082551
13,post_rope,489,0.0026060729287564754
13,post_rope,490,0.0025483896024525166
13,post_rope,491,0.0025036593433469534
13,post_rope,492,0.0024490193463861942
13,post_rope,493,0.002396508352831006
13,post_rope,494,0.0023511387407779694
13,post_rope,495,0.0023077717050909996
13,post_rope,496,0.002261185785755515
13,post_rope,497,0.0022066798992455006
13,post_rope,498,0.002175373723730445
13,post_rope,499,0.0021093501709401608
13,post_rope,500,0.002096264623105526
13,post_rope,501,0.002050156006589532
13,post_rope,502,0.001981603680178523
13,post_rope,503,0.0019437028095126152
13,post_rope,504,0.001894323155283928
13,post_rope,505,0.0018530719680711627
13,post_rope,506,0.0018163768108934164
13,post_rope,507,0.00168627651873976
13,post_rope,508,0.0016726519679650664
13,post_rope,509,0.0016480530612170696
13,post_rope,510,0.0015088330255821347
13,post_rope,511,0.0014222312020137906
13,post_rope,512,0.0012745555723086
14,pre_rope,1,1.0
14,pre_rope,2,0.17752911150455475
14,pre_rope,3,0.17431749403476715
14,pre_rope,4,0.14649438858032227
14,pre_rope,5,0.14163199067115784
14,pre_rope,6,0.13933655619621277
14,pre_rope,7,0.12006225436925888
14,pre_rope,8,0.11388721317052841
14,pre_rope,9,0.11078260838985443
14,pre_rope,10,0.10518283396959305
14,pre_rope,11,0.10108068585395813
14,pre_rope,12,0.09286487102508545
14,pre_rope,13,0.09209756553173065
14,pre_rope,14,0.08754021674394608
14,pre_rope,15,0.08695869147777557
14,pre_rope,16,0.08296434581279755
14,pre_rope,17,0.07871804386377335
14,pre_rope,18,0.07528326660394669
14,pre_rope,19,0.0740196630358696
14,pre_rope,20,0.0726117268204689
14,pre_rope,21,0.06927590817213058
14,pre_rope,22,0.06746486574411392
14,pre_rope,23,0.06516647338867188
14,pre_rope,24,0.06021556630730629
14,pre_rope,25,0.0592314675450325
14,pre_rope,26,0.057168733328580856
14,pre_rope,27,0.055066436529159546
14,pre_rope,28,0.053578779101371765
14,pre_rope,29,0.051092781126499176
14,pre_rope,30,0.04634475335478783
14,pre_rope,31,0.04499759525060654
14,pre_rope,32,0.043200764805078506
14,pre_rope,33,0.04180670157074928
14,pre_rope,34,0.04014413803815842
14,pre_rope,35,0.038576312363147736
14,pre_rope,36,0.035634845495224
14,pre_rope,37,0.03524636849761009
14,pre_rope,38,0.033871814608573914
14,pre_rope,39,0.033389173448085785
14,pre_rope,40,0.0328814759850502
14,pre_rope,41,0.03179233521223068
14,pre_rope,42,0.030526053160429
14,pre_rope,43,0.029762612655758858
14,pre_rope,44,0.029542963951826096
14,pre_rope,45,0.028741037473082542
14,pre_rope,46,0.02799311839044094
14,pre_rope,47,0.027612296864390373
14,pre_rope,48,0.026465756818652153
14,pre_rope,49,0.025834299623966217
14,pre_rope,50,0.02563382126390934
14,pre_rope,51,0.025345684960484505
14,pre_rope,52,0.024677447974681854
14,pre_rope,53,0.02423805370926857
14,pre_rope,54,0.023872364312410355
14,pre_rope,55,0.023103417828679085
14,pre_rope,56,0.022950440645217896
14,pre_rope,57,0.02216017059981823
14,pre_rope,58,0.02200016751885414
14,pre_rope,59,0.021373499184846878
14,pre_rope,60,0.0211478341370821
14,pre_rope,61,0.020661795511841774
14,pre_rope,62,0.020229756832122803
14,pre_rope,63,0.020129159092903137
14,pre_rope,64,0.01977398246526718
14,pre_rope,65,0.019512968137860298
14,pre_rope,66,0.019146669656038284
14,pre_rope,67,0.018913257867097855
14,pre_rope,68,0.018702911213040352
14,pre_rope,69,0.018397638574242592
14,pre_rope,70,0.01821735128760338
14,pre_rope,71,0.01789393648505211
14,pre_rope,72,0.017511557787656784
14,pre_rope,73,0.01736198551952839
14,pre_rope,74,0.017179280519485474
14,pre_rope,75,0.016958272084593773
14,pre_rope,76,0.01686888188123703
14,pre_rope,77,0.016497934237122536
14,pre_rope,78,0.01638871058821678
14,pre_rope,79,0.016198130324482918
14,pre_rope,80,0.015880821272730827
14,pre_rope,81,0.015687977895140648
14,pre_rope,82,0.0154696861281991
14,pre_rope,83,0.015450472943484783
14,pre_rope,84,0.015241727232933044
14,pre_rope,85,0.015099183656275272
14,pre_rope,86,0.014837713912129402
14,pre_rope,87,0.014807385392487049
14,pre_rope,88,0.014602522365748882
14,pre_rope,89,0.014569616876542568
14,pre_rope,90,0.014344043098390102
14,pre_rope,91,0.014178373850882053
14,pre_rope,92,0.013993654400110245
14,pre_rope,93,0.013829122297465801
14,pre_rope,94,0.013628777116537094
14,pre_rope,95,0.013547668233513832
14,pre_rope,96,0.013474131003022194
14,pre_rope,97,0.013377873227000237
14,pre_rope,98,0.013217629864811897
14,pre_rope,99,0.01316889002919197
14,pre_rope,100,0.013040738180279732
14,pre_rope,101,0.01288713701069355
14,pre_rope,102,0.012638283893465996
14,pre_rope,103,0.012473535723984241
14,pre_rope,104,0.012328874319791794
14,pre_rope,105,0.01228119246661663
14,pre_rope,106,0.012202386744320393
14,pre_rope,107,0.01207815483212471
14,pre_rope,108,0.011995766311883926
14,pre_rope,109,0.011622852645814419
14,pre_rope,110,0.011578836478292942
14,pre_rope,111,0.01150326244533062
14,pre_rope,112,0.01144241914153099
14,pre_rope,113,0.011358522810041904
14,pre_rope,114,0.011272190138697624
14,pre_rope,115,0.01119167823344469
14,pre_rope,116,0.010971738956868649
14,pre_rope,117,0.010914299637079239
14,pre_rope,118,0.010804319754242897
14,pre_rope,119,0.010760587640106678
14,pre_rope,120,0.010616098530590534
14,pre_rope,121,0.010525614023208618
14,pre_rope,122,0.010473559610545635
14,pre_rope,123,0.010373021475970745
14,pre_rope,124,0.010330884717404842
14,pre_rope,125,0.01019954215735197
14,pre_rope,126,0.010091554373502731
14,pre_rope,127,0.010033190250396729
14,pre_rope,128,0.009990663267672062
14,pre_rope,129,0.009893007576465607
14,pre_rope,130,0.009828384034335613
14,pre_rope,131,0.009696939028799534
14,pre_rope,132,0.009634134359657764
14,pre_rope,133,0.00955269206315279
14,pre_rope,134,0.00952314306050539
14,pre_rope,135,0.009387998841702938
14,pre_rope,136,0.00935711245983839
14,pre_rope,137,0.009320234879851341
14,pre_rope,138,0.009246480651199818
14,pre_rope,139,0.009134787134826183
14,pre_rope,140,0.009065685793757439
14,pre_rope,141,0.00897818710654974
14,pre_rope,142,0.008944367989897728
14,pre_rope,143,0.008849505335092545
14,pre_rope,144,0.00876681786030531
14,pre_rope,145,0.008736713789403439
14,pre_rope,146,0.008630036376416683
14,pre_rope,147,0.008617952466011047
14,pre_rope,148,0.008512137457728386
14,pre_rope,149,0.008484645746648312
14,pre_rope,150,0.008448254317045212
14,pre_rope,151,0.008389286696910858
14,pre_rope,152,0.008280561305582523
14,pre_rope,153,0.008256625384092331
14,pre_rope,154,0.00822934228926897
14,pre_rope,155,0.008204955607652664
14,pre_rope,156,0.008104009553790092
14,pre_rope,157,0.008082115091383457
14,pre_rope,158,0.008046746253967285
14,pre_rope,159,0.007898661307990551
14,pre_rope,160,0.0078018647618591785
14,pre_rope,161,0.00776150356978178
14,pre_rope,162,0.007712813094258308
14,pre_rope,163,0.007623743731528521
14,pre_rope,164,0.007591788657009602
14,pre_rope,165,0.007541756611317396
14,pre_rope,166,0.007470085285604
14,pre_rope,167,0.007415125146508217
14,pre_rope,168,0.007378931622952223
14,pre_rope,169,0.0073336949571967125
14,pre_rope,170,0.0072141713462769985
14,pre_rope,171,0.00716767180711031
14,pre_rope,172,0.007160426117479801
14,pre_rope,173,0.007145085837692022
14,pre_rope,174,0.0070553733967244625
14,pre_rope,175,0.007035232614725828
14,pre_rope,176,0.007023249287158251
14,pre_rope,177,0.007005444727838039
14,pre_rope,178,0.006912887096405029
14,pre_rope,179,0.006861024536192417
14,pre_rope,180,0.006793096661567688
14,pre_rope,181,0.006780860014259815
14,pre_rope,182,0.006772322580218315
14,pre_rope,183,0.006622410845011473
14,pre_rope,184,0.0065786088816821575
14,pre_rope,185,0.006551406811922789
14,pre_rope,186,0.006487512961030006
14,pre_rope,187,0.006441786885261536
14,pre_rope,188,0.006419220473617315
14,pre_rope,189,0.006395579315721989
14,pre_rope,190,0.00630808062851429
14,pre_rope,191,0.006301627028733492
14,pre_rope,192,0.006251832935959101
14,pre_rope,193,0.006208421196788549
14,pre_rope,194,0.00617697648704052
14,pre_rope,195,0.006120692007243633
14,pre_rope,196,0.00608968548476696
14,pre_rope,197,0.006065476685762405
14,pre_rope,198,0.006020210217684507
14,pre_rope,199,0.006004560273140669
14,pre_rope,200,0.005932558327913284
14,pre_rope,201,0.005872873589396477
14,pre_rope,202,0.005821907892823219
14,pre_rope,203,0.005805190186947584
14,pre_rope,204,0.005756727419793606
14,pre_rope,205,0.005717352032661438
14,pre_rope,206,0.005625179503113031
14,pre_rope,207,0.0056221578270196915
14,pre_rope,208,0.005559989251196384
14,pre_rope,209,0.005523542407900095
14,pre_rope,210,0.005505280569195747
14,pre_rope,211,0.00547581072896719
14,pre_rope,212,0.005435805767774582
14,pre_rope,213,0.005369585007429123
14,pre_rope,214,0.005326564889401197
14,pre_rope,215,0.005310214124619961
14,pre_rope,216,0.005289996042847633
14,pre_rope,217,0.005243890918791294
14,pre_rope,218,0.005198595579713583
14,pre_rope,219,0.005181717220693827
14,pre_rope,220,0.0051463935524225235
14,pre_rope,221,0.005108336452394724
14,pre_rope,222,0.005094921216368675
14,pre_rope,223,0.005032803397625685
14,pre_rope,224,0.005014935974031687
14,pre_rope,225,0.004999638069421053
14,pre_rope,226,0.0049798921681940556
14,pre_rope,227,0.004927962087094784
14,pre_rope,228,0.004896427504718304
14,pre_rope,229,0.004851186648011208
14,pre_rope,230,0.004830904770642519
14,pre_rope,231,0.004812082275748253
14,pre_rope,232,0.004785395693033934
14,pre_rope,233,0.0047501372173428535
14,pre_rope,234,0.004698086064308882
14,pre_rope,235,0.004676664713770151
14,pre_rope,236,0.004651584662497044
14,pre_rope,237,0.004634745419025421
14,pre_rope,238,0.004565706476569176
14,pre_rope,239,0.004553505685180426
14,pre_rope,240,0.004533254075795412
14,pre_rope,241,0.004482892341911793
14,pre_rope,242,0.004462537821382284
14,pre_rope,243,0.004445035941898823
14,pre_rope,244,0.004399592988193035
14,pre_rope,245,0.00438298936933279
14,pre_rope,246,0.004352953284978867
14,pre_rope,247,0.00434483727440238
14,pre_rope,248,0.004324096255004406
14,pre_rope,249,0.004290875978767872
14,pre_rope,250,0.004244779236614704
14,pre_rope,251,0.0042304787784814835
14,pre_rope,252,0.004210167098790407
14,pre_rope,253,0.0041808499954640865
14,pre_rope,254,0.004142213147133589
14,pre_rope,255,0.004126760642975569
14,pre_rope,256,0.00409762654453516
14,pre_rope,257,0.004044653847813606
14,pre_rope,258,0.0040193279273808
14,pre_rope,259,0.003979504108428955
14,pre_rope,260,0.003961995244026184
14,pre_rope,261,0.003950062673538923
14,pre_rope,262,0.003909741993993521
14,pre_rope,263,0.003887277329340577
14,pre_rope,264,0.0038564843125641346
14,pre_rope,265,0.0038471731822937727
14,pre_rope,266,0.003818996949121356
14,pre_rope,267,0.003783038118854165
14,pre_rope,268,0.00376849714666605
14,pre_rope,269,0.003747193608433008
14,pre_rope,270,0.0037286647129803896
14,pre_rope,271,0.0036934795789420605
14,pre_rope,272,0.0036562285386025906
14,pre_rope,273,0.0036454247310757637
14,pre_rope,274,0.0036212941631674767
14,pre_rope,275,0.0036032390780746937
14,pre_rope,276,0.0035633945371955633
14,pre_rope,277,0.003545596729964018
14,pre_rope,278,0.003529574256390333
14,pre_rope,279,0.003494533710181713
14,pre_rope,280,0.003480881219729781
14,pre_rope,281,0.0034481422044336796
14,pre_rope,282,0.003434484824538231
14,pre_rope,283,0.0034261688124388456
14,pre_rope,284,0.003399326466023922
14,pre_rope,285,0.003364883828908205
14,pre_rope,286,0.003342518350109458
14,pre_rope,287,0.0033283629454672337
14,pre_rope,288,0.0033106941264122725
14,pre_rope,289,0.0032897824421525
14,pre_rope,290,0.003242358099669218
14,pre_rope,291,0.0032254639081656933
14,pre_rope,292,0.0032139765098690987
14,pre_rope,293,0.003197272075340152
14,pre_rope,294,0.003170487005263567
14,pre_rope,295,0.0031415531411767006
14,pre_rope,296,0.003132061567157507
14,pre_rope,297,0.003119636792689562
14,pre_rope,298,0.0031132132280617952
14,pre_rope,299,0.003059946233406663
14,pre_rope,300,0.0030347646679729223
14,pre_rope,301,0.003014936577528715
14,pre_rope,302,0.002986588515341282
14,pre_rope,303,0.0029593631625175476
14,pre_rope,304,0.00295102596282959
14,pre_rope,305,0.0029308153316378593
14,pre_rope,306,0.0029111953917890787
14,pre_rope,307,0.0028934734873473644
14,pre_rope,308,0.002873399294912815
14,pre_rope,309,0.0028495958540588617
14,pre_rope,310,0.0028343747835606337
14,pre_rope,311,0.002811538754031062
14,pre_rope,312,0.0027788642328232527
14,pre_rope,313,0.002761133946478367
14,pre_rope,314,0.002746888902038336
14,pre_rope,315,0.0027309420984238386
14,pre_rope,316,0.002695038914680481
14,pre_rope,317,0.0026840390637516975
14,pre_rope,318,0.0026628372725099325
14,pre_rope,319,0.002654314273968339
14,pre_rope,320,0.002632009331136942
14,pre_rope,321,0.0026270614471286535
14,pre_rope,322,0.0026093951892107725
14,pre_rope,323,0.0025920853950083256
14,pre_rope,324,0.0025703543797135353
14,pre_rope,325,0.0025381308514624834
14,pre_rope,326,0.002520667389035225
14,pre_rope,327,0.0025125250685960054
14,pre_rope,328,0.0024886848405003548
14,pre_rope,329,0.002478223294019699
14,pre_rope,330,0.002469268860295415
14,pre_rope,331,0.0024557828437536955
14,pre_rope,332,0.0024230177514255047
14,pre_rope,333,0.0024024448357522488
14,pre_rope,334,0.002378493780270219
14,pre_rope,335,0.002371536334976554
14,pre_rope,336,0.002342093735933304
14,pre_rope,337,0.0023354454897344112
14,pre_rope,338,0.0023259546142071486
14,pre_rope,339,0.0023030671291053295
14,pre_rope,340,0.0022653653286397457
14,pre_rope,341,0.00226151617243886
14,pre_rope,342,0.002242870396003127
14,pre_rope,343,0.0022110636346042156
14,pre_rope,344,0.002198282163590193
14,pre_rope,345,0.0021830054465681314
14,pre_rope,346,0.00214767805300653
14,pre_rope,347,0.0021423439029604197
14,pre_rope,348,0.002121907426044345
14,pre_rope,349,0.0021056141704320908
14,pre_rope,350,0.0020991431083530188
14,pre_rope,351,0.002091931411996484
14,pre_rope,352,0.0020806575194001198
14,pre_rope,353,0.0020572198554873466
14,pre_rope,354,0.0020458803046494722
14,pre_rope,355,0.002026922069489956
14,pre_rope,356,0.002024236600846052
14,pre_rope,357,0.001993428682908416
14,pre_rope,358,0.001988338539376855
14,pre_rope,359,0.0019511085702106357
14,pre_rope,360,0.0019242531852796674
14,pre_rope,361,0.0019215657375752926
14,pre_rope,362,0.001898355782032013
14,pre_rope,363,0.0018878270639106631
14,pre_rope,364,0.0018794299103319645
14,pre_rope,365,0.0018567052902653813
14,pre_rope,366,0.0018505569314584136
14,pre_rope,367,0.0018460678402334452
14,pre_rope,368,0.0018379593966528773
14,pre_rope,369,0.0018074429826810956
14,pre_rope,370,0.0017986554885283113
14,pre_rope,371,0.0017859991639852524
14,pre_rope,372,0.001779510173946619
14,pre_rope,373,0.001755270641297102
14,pre_rope,374,0.0017514134524390101
14,pre_rope,375,0.0017434559995308518
14,pre_rope,376,0.0017090791370719671
14,pre_rope,377,0.0017005836125463247
14,pre_rope,378,0.0016736298566684127
14,pre_rope,379,0.0016695181839168072
14,pre_rope,380,0.0016478614415973425
14,pre_rope,381,0.001646385295316577
14,pre_rope,382,0.001630281680263579
14,pre_rope,383,0.0016063671791926026
14,pre_rope,384,0.001593935303390026
14,pre_rope,385,0.0015886606415733695
14,pre_rope,386,0.0015728861326351762
14,pre_rope,387,0.0015585854416713119
14,pre_rope,388,0.0015550417592749
14,pre_rope,389,0.0015445874305441976
14,pre_rope,390,0.0015248819254338741
14,pre_rope,391,0.001514806179329753
14,pre_rope,392,0.0015014680102467537
14,pre_rope,393,0.001489051734097302
14,pre_rope,394,0.0014721385668963194
14,pre_rope,395,0.00146587030030787
14,pre_rope,396,0.0014580944553017616
14,pre_rope,397,0.0014439600054174662
14,pre_rope,398,0.0014381172368302941
14,pre_rope,399,0.001427779090590775
14,pre_rope,400,0.0014210337540134788
14,pre_rope,401,0.0014064590213820338
14,pre_rope,402,0.0013961634831503034
14,pre_rope,403,0.0013841020409017801
14,pre_rope,404,0.0013595951022580266
14,pre_rope,405,0.001351706450805068
14,pre_rope,406,0.0013333577662706375
14,pre_rope,407,0.001326361671090126
14,pre_rope,408,0.0013114756438881159
14,pre_rope,409,0.0013039425248280168
14,pre_rope,410,0.0012980947503820062
14,pre_rope,411,0.0012885612668469548
14,pre_rope,412,0.0012776931980624795
14,pre_rope,413,0.0012668418930843472
14,pre_rope,414,0.0012446612818166614
14,pre_rope,415,0.0012391653144732118
14,pre_rope,416,0.0012189268600195646
14,pre_rope,417,0.00120816589333117
14,pre_rope,418,0.0012051586527377367
14,pre_rope,419,0.001182796317152679
14,pre_rope,420,0.00117461325135082
14,pre_rope,421,0.0011716628214344382
14,pre_rope,422,0.001160352141596377
14,pre_rope,423,0.0011542695574462414
14,pre_rope,424,0.0011401898227632046
14,pre_rope,425,0.0011356633622199297
14,pre_rope,426,0.0011141076683998108
14,pre_rope,427,0.0011068658204749227
14,pre_rope,428,0.0011020692763850093
14,pre_rope,429,0.0010965140536427498
14,pre_rope,430,0.0010849499376490712
14,pre_rope,431,0.0010722695151343942
14,pre_rope,432,0.0010672758799046278
14,pre_rope,433,0.0010585859417915344
14,pre_rope,434,0.0010521881049498916
14,pre_rope,435,0.001040356932207942
14,pre_rope,436,0.0010288585908710957
14,pre_rope,437,0.0010213394416496158
14,pre_rope,438,0.0010156146017834544
14,pre_rope,439,0.001006996026262641
14,pre_rope,440,0.0009973467094823718
14,pre_rope,441,0.000985065707936883
14,pre_rope,442,0.0009729629964567721
14,pre_rope,443,0.0009574973955750465
14,pre_rope,444,0.0009537301957607269
14,pre_rope,445,0.0009416404063813388
14,pre_rope,446,0.0009277877979911864
14,pre_rope,447,0.0009169596014544368
14,pre_rope,448,0.0009062046301551163
14,pre_rope,449,0.0009012450464069843
14,pre_rope,450,0.0008866358548402786
14,pre_rope,451,0.0008836870547384024
14,pre_rope,452,0.000871843658387661
14,pre_rope,453,0.0008619126747362316
14,pre_rope,454,0.0008598817512392998
14,pre_rope,455,0.0008509100880473852
14,pre_rope,456,0.0008360813953913748
14,pre_rope,457,0.0008300014887936413
14,pre_rope,458,0.000828495598398149
14,pre_rope,459,0.0008194593829102814
14,pre_rope,460,0.0008120652055367827
14,pre_rope,461,0.0007955368491820991
14,pre_rope,462,0.0007881443598307669
14,pre_rope,463,0.0007859086617827415
14,pre_rope,464,0.0007816164870746434
14,pre_rope,465,0.0007804078049957752
14,pre_rope,466,0.0007607917068526149
14,pre_rope,467,0.000757381203584373
14,pre_rope,468,0.0007426211377605796
14,pre_rope,469,0.0007401630864478648
14,pre_rope,470,0.0007378746522590518
14,pre_rope,471,0.0007322804303839803
14,pre_rope,472,0.0007248111651279032
14,pre_rope,473,0.0007225960143841803
14,pre_rope,474,0.0007163602276705205
14,pre_rope,475,0.0007065159152261913
14,pre_rope,476,0.0006962813204154372
14,pre_rope,477,0.0006951972027309239
14,pre_rope,478,0.000689017993863672
14,pre_rope,479,0.0006741177057847381
14,pre_rope,480,0.0006684465915895998
14,pre_rope,481,0.000658149947412312
14,pre_rope,482,0.0006539046298712492
14,pre_rope,483,0.0006414424860849977
14,pre_rope,484,0.0006406605243682861
14,pre_rope,485,0.0006281984387896955
14,pre_rope,486,0.00062309589702636
14,pre_rope,487,0.0006191395805217326
14,pre_rope,488,0.000613599200733006
14,pre_rope,489,0.000605710141826421
14,pre_rope,490,0.0005942679708823562
14,pre_rope,491,0.0005877053481526673
14,pre_rope,492,0.0005772046279162169
14,pre_rope,493,0.0005668175290338695
14,pre_rope,494,0.0005658488953486085
14,pre_rope,495,0.0005506969755515456
14,pre_rope,496,0.0005462055560201406
14,pre_rope,497,0.0005405377014540136
14,pre_rope,498,0.0005381505470722914
14,pre_rope,499,0.0005255306605249643
14,pre_rope,500,0.0005153961246833205
14,pre_rope,501,0.0005090165650472045
14,pre_rope,502,0.000498275738209486
14,pre_rope,503,0.0004908699193038046
14,pre_rope,504,0.00048350170254707336
14,pre_rope,505,0.0004718294949270785
14,pre_rope,506,0.0004569021693896502
14,pre_rope,507,0.000455486704595387
14,pre_rope,508,0.00043664558324962854
14,pre_rope,509,0.0004216409579385072
14,pre_rope,510,0.0003959025489166379
14,pre_rope,511,0.0003796553937718272
14,pre_rope,512,0.00037309620529413223
14,post_rope,1,1.0
14,post_rope,2,0.23390717804431915
14,post_rope,3,0.22123576700687408
14,post_rope,4,0.21222619712352753
14,post_rope,5,0.18365596234798431
14,post_rope,6,0.18119606375694275
14,post_rope,7,0.16840696334838867
14,post_rope,8,0.1559823453426361
14,post_rope,9,0.14257895946502686
14,post_rope,10,0.13892371952533722
14,post_rope,11,0.1358986496925354
14,post_rope,12,0.13297054171562195
14,post_rope,13,0.12576940655708313
14,post_rope,14,0.12023527920246124
14,post_rope,15,0.11709898710250854
14,post_rope,16,0.11670403182506561
14,post_rope,17,0.11339535564184189
14,post_rope,18,0.11230002343654633
14,post_rope,19,0.1111770048737526
14,post_rope,20,0.11026191711425781
14,post_rope,21,0.1091328114271164
14,post_rope,22,0.10759732872247696
14,post_rope,23,0.10645152628421783
14,post_rope,24,0.10622440278530121
14,post_rope,25,0.1050066202878952
14,post_rope,26,0.1040945053100586
14,post_rope,27,0.10301435738801956
14,post_rope,28,0.1009569987654686
14,post_rope,29,0.09973504394292831
14,post_rope,30,0.09921348839998245
14,post_rope,31,0.09909476339817047
14,post_rope,32,0.09731446206569672
14,post_rope,33,0.09605662524700165
14,post_rope,34,0.09505213052034378
14,post_rope,35,0.0935383290052414
14,post_rope,36,0.0901578888297081
14,post_rope,37,0.08849415183067322
14,post_rope,38,0.08788159489631653
14,post_rope,39,0.08737373352050781
14,post_rope,40,0.08607956767082214
14,post_rope,41,0.08457046747207642
14,post_rope,42,0.08401170372962952
14,post_rope,43,0.08379417657852173
14,post_rope,44,0.08282692730426788
14,post_rope,45,0.08194106072187424
14,post_rope,46,0.0790041908621788
14,post_rope,47,0.07842128723859787
14,post_rope,48,0.07676129043102264
14,post_rope,49,0.07470390200614929
14,post_rope,50,0.07403386384248734
14,post_rope,51,0.07216847687959671
14,post_rope,52,0.06915310770273209
14,post_rope,53,0.06770043820142746
14,post_rope,54,0.06701809167861938
14,post_rope,55,0.06416453421115875
14,post_rope,56,0.062214307487010956
14,post_rope,57,0.0591348260641098
14,post_rope,58,0.057478033006191254
14,post_rope,59,0.05509030073881149
14,post_rope,60,0.05041736736893654
14,post_rope,61,0.04666413739323616
14,post_rope,62,0.04545987769961357
14,post_rope,63,0.043153680860996246
14,post_rope,64,0.03996051102876663
14,post_rope,65,0.039719048887491226
14,post_rope,66,0.03919406607747078
14,post_rope,67,0.03756903484463692
14,post_rope,68,0.03697504475712776
14,post_rope,69,0.03661508113145828
14,post_rope,70,0.03520449623465538
14,post_rope,71,0.03402694687247276
14,post_rope,72,0.03359675407409668
14,post_rope,73,0.033418260514736176
14,post_rope,74,0.03269542008638382
14,post_rope,75,0.03204173967242241
14,post_rope,76,0.03166096284985542
14,post_rope,77,0.031157203018665314
14,post_rope,78,0.030559098348021507
14,post_rope,79,0.03047175146639347
14,post_rope,80,0.030469397082924843
14,post_rope,81,0.030222544446587563
14,post_rope,82,0.02984168380498886
14,post_rope,83,0.029230637475848198
14,post_rope,84,0.029065657407045364
14,post_rope,85,0.028801297768950462
14,post_rope,86,0.028602413833141327
14,post_rope,87,0.0283261239528656
14,post_rope,88,0.02800806239247322
14,post_rope,89,0.027609873563051224
14,post_rope,90,0.027511797845363617
14,post_rope,91,0.027025112882256508
14,post_rope,92,0.02685941755771637
14,post_rope,93,0.026672499254345894
14,post_rope,94,0.02653629705309868
14,post_rope,95,0.026346011087298393
14,post_rope,96,0.026089446619153023
14,post_rope,97,0.026022227481007576
14,post_rope,98,0.025885464623570442
14,post_rope,99,0.025744406506419182
14,post_rope,100,0.025622794404625893
14,post_rope,101,0.025536976754665375
14,post_rope,102,0.025281814858317375
14,post_rope,103,0.025224922224879265
14,post_rope,104,0.024953195825219154
14,post_rope,105,0.02475392073392868
14,post_rope,106,0.024678468704223633
14,post_rope,107,0.02457459457218647
14,post_rope,108,0.024288862943649292
14,post_rope,109,0.024075008928775787
14,post_rope,110,0.023951753973960876
14,post_rope,111,0.02381180413067341
14,post_rope,112,0.02362867444753647
14,post_rope,113,0.02334470860660076
14,post_rope,114,0.02326064370572567
14,post_rope,115,0.023215720430016518
14,post_rope,116,0.022979961708188057
14,post_rope,117,0.02290739119052887
14,post_rope,118,0.022701965644955635
14,post_rope,119,0.022660907357931137
14,post_rope,120,0.022372322157025337
14,post_rope,121,0.022337615489959717
14,post_rope,122,0.022166194394230843
14,post_rope,123,0.022037630900740623
14,post_rope,124,0.021848216652870178
14,post_rope,125,0.021802624687552452
14,post_rope,126,0.02167314477264881
14,post_rope,127,0.02152824215590954
14,post_rope,128,0.02132638357579708
14,post_rope,129,0.021255508065223694
14,post_rope,130,0.021207042038440704
14,post_rope,131,0.021120930090546608
14,post_rope,132,0.021042650565505028
14,post_rope,133,0.020905477926135063
14,post_rope,134,0.020853804424405098
14,post_rope,135,0.020683975890278816
14,post_rope,136,0.020636992529034615
14,post_rope,137,0.020597288385033607
14,post_rope,138,0.020473377779126167
14,post_rope,139,0.020261164754629135
14,post_rope,140,0.0202095378190279
14,post_rope,141,0.020124148577451706
14,post_rope,142,0.020028280094265938
14,post_rope,143,0.019940517842769623
14,post_rope,144,0.019849397242069244
14,post_rope,145,0.019744236022233963
14,post_rope,146,0.019714882597327232
14,post_rope,147,0.019657379016280174
14,post_rope,148,0.019543316215276718
14,post_rope,149,0.019491536542773247
14,post_rope,150,0.019303899258375168
14,post_rope,151,0.01923658326268196
14,post_rope,152,0.019196506589651108
14,post_rope,153,0.018971333280205727
14,post_rope,154,0.018903933465480804
14,post_rope,155,0.01880633644759655
14,post_rope,156,0.018677333369851112
14,post_rope,157,0.01859784685075283
14,post_rope,158,0.018490968272089958
14,post_rope,159,0.018375147134065628
14,post_rope,160,0.018338989466428757
14,post_rope,161,0.018094118684530258
14,post_rope,162,0.01795262284576893
14,post_rope,163,0.017889901995658875
14,post_rope,164,0.017784059047698975
14,post_rope,165,0.017640408128499985
14,post_rope,166,0.017613545060157776
14,post_rope,167,0.017513597384095192
14,post_rope,168,0.01750645600259304
14,post_rope,169,0.01743229851126671
14,post_rope,170,0.017380088567733765
14,post_rope,171,0.017229845747351646
14,post_rope,172,0.017043452709913254
14,post_rope,173,0.016994982957839966
14,post_rope,174,0.01690191775560379
14,post_rope,175,0.016776684671640396
14,post_rope,176,0.016750339418649673
14,post_rope,177,0.01663956232368946
14,post_rope,178,0.016535138711333275
14,post_rope,179,0.01637321710586548
14,post_rope,180,0.016299504786729813
14,post_rope,181,0.016205359250307083
14,post_rope,182,0.016111502423882484
14,post_rope,183,0.01605767011642456
14,post_rope,184,0.01594148389995098
14,post_rope,185,0.01584811322391033
14,post_rope,186,0.015754224732518196
14,post_rope,187,0.015686405822634697
14,post_rope,188,0.015649067237973213
14,post_rope,189,0.015569021925330162
14,post_rope,190,0.01546969823539257
14,post_rope,191,0.015405951999127865
14,post_rope,192,0.01529624592512846
14,post_rope,193,0.015212181024253368
14,post_rope,194,0.015118425711989403
14,post_rope,195,0.015060978010296822
14,post_rope,196,0.015045666135847569
14,post_rope,197,0.014872800558805466
14,post_rope,198,0.014810687862336636
14,post_rope,199,0.014680375345051289
14,post_rope,200,0.014624511823058128
14,post_rope,201,0.014505584724247456
14,post_rope,202,0.014448313042521477
14,post_rope,203,0.014380589127540588
14,post_rope,204,0.014301213435828686
14,post_rope,205,0.014264341443777084
14,post_rope,206,0.014173734933137894
14,post_rope,207,0.014124290086328983
14,post_rope,208,0.014022145420312881
14,post_rope,209,0.013939268887043
14,post_rope,210,0.013875708915293217
14,post_rope,211,0.013847703114151955
14,post_rope,212,0.013781093060970306
14,post_rope,213,0.013683765195310116
14,post_rope,214,0.013563593849539757
14,post_rope,215,0.013442394323647022
14,post_rope,216,0.013420513831079006
14,post_rope,217,0.01323287095874548
14,post_rope,218,0.013160323724150658
14,post_rope,219,0.013109749183058739
14,post_rope,220,0.013009424321353436
14,post_rope,221,0.01295816246420145
14,post_rope,222,0.012909477576613426
14,post_rope,223,0.01283409632742405
14,post_rope,224,0.01278640516102314
14,post_rope,225,0.012766895815730095
14,post_rope,226,0.012616753578186035
14,post_rope,227,0.012543579563498497
14,post_rope,228,0.012508233077824116
14,post_rope,229,0.012457684613764286
14,post_rope,230,0.012411621399223804
14,post_rope,231,0.012331613339483738
14,post_rope,232,0.012294347397983074
14,post_rope,233,0.012281486764550209
14,post_rope,234,0.012160643935203552
14,post_rope,235,0.012135579250752926
14,post_rope,236,0.012088047340512276
14,post_rope,237,0.012056012637913227
14,post_rope,238,0.01195975486189127
14,post_rope,239,0.0118741225451231
14,post_rope,240,0.011819730512797832
14,post_rope,241,0.011738221161067486
14,post_rope,242,0.011698092333972454
14,post_rope,243,0.011647749692201614
14,post_rope,244,0.01159026101231575
14,post_rope,245,0.011571424081921577
14,post_rope,246,0.011530321091413498
14,post_rope,247,0.011438651010394096
14,post_rope,248,0.011390664614737034
14,post_rope,249,0.011361655779182911
14,post_rope,250,0.011311634443700314
14,post_rope,251,0.011222640983760357
14,post_rope,252,0.011138089932501316
14,post_rope,253,0.01106932945549488
14,post_rope,254,0.011014343239367008
14,post_rope,255,0.010994886048138142
14,post_rope,256,0.01094774529337883
14,post_rope,257,0.01091877929866314
14,post_rope,258,0.010795745067298412
14,post_rope,259,0.010768616572022438
14,post_rope,260,0.010690375231206417
14,post_rope,261,0.010649115778505802
14,post_rope,262,0.010592758655548096
14,post_rope,263,0.010578341782093048
14,post_rope,264,0.010495619848370552
14,post_rope,265,0.010429651476442814
14,post_rope,266,0.01040332019329071
14,post_rope,267,0.010400423780083656
14,post_rope,268,0.010286523029208183
14,post_rope,269,0.010266631841659546
14,post_rope,270,0.010216709226369858
14,post_rope,271,0.010146456770598888
14,post_rope,272,0.010098278522491455
14,post_rope,273,0.010032218880951405
14,post_rope,274,0.010012972168624401
14,post_rope,275,0.009979400783777237
14,post_rope,276,0.009951715357601643
14,post_rope,277,0.009833239018917084
14,post_rope,278,0.009805871173739433
14,post_rope,279,0.009765878319740295
14,post_rope,280,0.009724079631268978
14,post_rope,281,0.009677031077444553
14,post_rope,282,0.00965444091707468
14,post_rope,283,0.009602122940123081
14,post_rope,284,0.0095228161662817
14,post_rope,285,0.009515145793557167
14,post_rope,286,0.009462656453251839
14,post_rope,287,0.009392507374286652
14,post_rope,288,0.009361114352941513
14,post_rope,289,0.00931058544665575
14,post_rope,290,0.009282332845032215
14,post_rope,291,0.009247100912034512
14,post_rope,292,0.009235325269401073
14,post_rope,293,0.009185155853629112
14,post_rope,294,0.009095822460949421
14,post_rope,295,0.009074313566088676
14,post_rope,296,0.009041326120495796
14,post_rope,297,0.009013431146740913
14,post_rope,298,0.008920226246118546
14,post_rope,299,0.008881618268787861
14,post_rope,300,0.008860038593411446
14,post_rope,301,0.008811152540147305
14,post_rope,302,0.008742139674723148
14,post_rope,303,0.008710444904863834
14,post_rope,304,0.00867720227688551
14,post_rope,305,0.008578832261264324
14,post_rope,306,0.008557260036468506
14,post_rope,307,0.008450494147837162
14,post_rope,308,0.008435270749032497
14,post_rope,309,0.008400790393352509
14,post_rope,310,0.008377160876989365
14,post_rope,311,0.008331219665706158
14,post_rope,312,0.008279874920845032
14,post_rope,313,0.00825947429984808
14,post_rope,314,0.008163348771631718
14,post_rope,315,0.0081421984359622
14,post_rope,316,0.008087435737252235
14,post_rope,317,0.008046585135161877
14,post_rope,318,0.008009967394173145
14,post_rope,319,0.007970497012138367
14,post_rope,320,0.007926607504487038
14,post_rope,321,0.007865042425692081
14,post_rope,322,0.007814845070242882
14,post_rope,323,0.007777220103889704
14,post_rope,324,0.007728720083832741
14,post_rope,325,0.007687847595661879
14,post_rope,326,0.0076235318556427956
14,post_rope,327,0.007597841788083315
14,post_rope,328,0.007567612919956446
14,post_rope,329,0.007514558266848326
14,post_rope,330,0.007433970458805561
14,post_rope,331,0.007414137478917837
14,post_rope,332,0.007347051054239273
14,post_rope,333,0.007333762478083372
14,post_rope,334,0.007286287844181061
14,post_rope,335,0.007263896055519581
14,post_rope,336,0.007236636243760586
14,post_rope,337,0.0071960086934268475
14,post_rope,338,0.007170960772782564
14,post_rope,339,0.007161972112953663
14,post_rope,340,0.007113442290574312
14,post_rope,341,0.007067238446325064
14,post_rope,342,0.007044038735330105
14,post_rope,343,0.006948435679078102
14,post_rope,344,0.006935326848179102
14,post_rope,345,0.006885029841214418
14,post_rope,346,0.0068587008863687515
14,post_rope,347,0.006830770056694746
14,post_rope,348,0.006756742484867573
14,post_rope,349,0.006709351669996977
14,post_rope,350,0.006666396278887987
14,post_rope,351,0.006628028117120266
14,post_rope,352,0.006538046058267355
14,post_rope,353,0.006458395626395941
14,post_rope,354,0.00643550232052803
14,post_rope,355,0.0063779051415622234
14,post_rope,356,0.006338329054415226
14,post_rope,357,0.006278711836785078
14,post_rope,358,0.006200343370437622
14,post_rope,359,0.006177653558552265
14,post_rope,360,0.006140273995697498
14,post_rope,361,0.006098785437643528
14,post_rope,362,0.006001340691000223
14,post_rope,363,0.00597244082018733
14,post_rope,364,0.005859742406755686
14,post_rope,365,0.005856338422745466
14,post_rope,366,0.005813924595713615
14,post_rope,367,0.005733858793973923
14,post_rope,368,0.005689241923391819
14,post_rope,369,0.0056775822304189205
14,post_rope,370,0.005636119749397039
14,post_rope,371,0.005590495187789202
14,post_rope,372,0.005544602405279875
14,post_rope,373,0.005516681354492903
14,post_rope,374,0.0054907891899347305
14,post_rope,375,0.005424371920526028
14,post_rope,376,0.005401040893048048
14,post_rope,377,0.0053654685616493225
14,post_rope,378,0.005313711240887642
14,post_rope,379,0.005289486143738031
14,post_rope,380,0.005249863024801016
14,post_rope,381,0.005167888943105936
14,post_rope,382,0.005161979701370001
14,post_rope,383,0.0051040491089224815
14,post_rope,384,0.0050988271832466125
14,post_rope,385,0.005053362809121609
14,post_rope,386,0.005009243730455637
14,post_rope,387,0.004981650039553642
14,post_rope,388,0.004912782460451126
14,post_rope,389,0.0048774229362607
14,post_rope,390,0.0048140049912035465
14,post_rope,391,0.004786776844412088
14,post_rope,392,0.004762270953506231
14,post_rope,393,0.004685320425778627
14,post_rope,394,0.004650386516004801
14,post_rope,395,0.004572081379592419
14,post_rope,396,0.004551848396658897
14,post_rope,397,0.004536493681371212
14,post_rope,398,0.004480995703488588
14,post_rope,399,0.00443754019215703
14,post_rope,400,0.004428171087056398
14,post_rope,401,0.004350780975073576
14,post_rope,402,0.004337497055530548
14,post_rope,403,0.004246175289154053
14,post_rope,404,0.004237500485032797
14,post_rope,405,0.004208137281239033
14,post_rope,406,0.004137808457016945
14,post_rope,407,0.004110326059162617
14,post_rope,408,0.004107073415070772
14,post_rope,409,0.004048651084303856
14,post_rope,410,0.0040002185851335526
14,post_rope,411,0.0039598667062819
14,post_rope,412,0.0039438665844500065
14,post_rope,413,0.0038405098021030426
14,post_rope,414,0.003765909932553768
14,post_rope,415,0.0037133442237973213
14,post_rope,416,0.003655915381386876
14,post_rope,417,0.003581638913601637
14,post_rope,418,0.0035139890387654305
14,post_rope,419,0.0033810699824243784
14,post_rope,420,0.003255720715969801
14,post_rope,421,0.0032211043871939182
14,post_rope,422,0.003170912154018879
14,post_rope,423,0.003090441459789872
14,post_rope,424,0.0029924889095127583
14,post_rope,425,0.0029361119959503412
14,post_rope,426,0.002864037174731493
14,post_rope,427,0.0027619635220617056
14,post_rope,428,0.0027343842666596174
14,post_rope,429,0.002601322252303362
14,post_rope,430,0.0025702344719320536
14,post_rope,431,0.0025121390353888273
14,post_rope,432,0.0024527262430638075
14,post_rope,433,0.0024462719447910786
14,post_rope,434,0.0023921371903270483
14,post_rope,435,0.002366369590163231
14,post_rope,436,0.0023386103566735983
14,post_rope,437,0.002286210423335433
14,post_rope,438,0.002223096089437604
14,post_rope,439,0.0021967077627778053
14,post_rope,440,0.0021760885138064623
14,post_rope,441,0.002150481566786766
14,post_rope,442,0.002074591815471649
14,post_rope,443,0.0020455820485949516
14,post_rope,444,0.0020292552653700113
14,post_rope,445,0.0020000406075268984
14,post_rope,446,0.0019328800262883306
14,post_rope,447,0.0018988957162946463
14,post_rope,448,0.0018520019948482513
14,post_rope,449,0.0018072143429890275
14,post_rope,450,0.0017802739748731256
14,post_rope,451,0.0017630017828196287
14,post_rope,452,0.0017458779038861394
14,post_rope,453,0.0017216422129422426
14,post_rope,454,0.0016996694030240178
14,post_rope,455,0.0016664656577631831
14,post_rope,456,0.001662159338593483
14,post_rope,457,0.001636835397221148
14,post_rope,458,0.0016153575852513313
14,post_rope,459,0.0015985796926543117
14,post_rope,460,0.001572989160194993
14,post_rope,461,0.001536545343697071
14,post_rope,462,0.001512720831669867
14,post_rope,463,0.0014980074483901262
14,post_rope,464,0.0014893512707203627
14,post_rope,465,0.0014587603509426117
14,post_rope,466,0.001448930473998189
14,post_rope,467,0.0014325394295156002
14,post_rope,468,0.0013946769759058952
14,post_rope,469,0.0013828399823978543
14,post_rope,470,0.0013734449166804552
14,post_rope,471,0.001332096173427999
14,post_rope,472,0.0013113254681229591
14,post_rope,473,0.0013010551920160651
14,post_rope,474,0.0012999022146686912
14,post_rope,475,0.0012804130092263222
14,post_rope,476,0.001259445445612073
14,post_rope,477,0.0012464815517887473
14,post_rope,478,0.0012194291921332479
14,post_rope,479,0.0012114665005356073
14,post_rope,480,0.0011923497077077627
14,post_rope,481,0.0011681594187393785
14,post_rope,482,0.0011414051987230778
14,post_rope,483,0.0011361421784386039
14,post_rope,484,0.001120106433518231
14,post_rope,485,0.0010985215194523335
14,post_rope,486,0.0010850683320313692
14,post_rope,487,0.0010757636046037078
14,post_rope,488,0.0010403426131233573
14,post_rope,489,0.001032944768667221
14,post_rope,490,0.0010198013624176383
14,post_rope,491,0.001005091005936265
14,post_rope,492,0.0009846953907981515
14,post_rope,493,0.0009725039708428085
14,post_rope,494,0.0009665011893957853
14,post_rope,495,0.0009500471642240882
14,post_rope,496,0.0009300957899540663
14,post_rope,497,0.0009213341982103884
14,post_rope,498,0.0009105101926252246
14,post_rope,499,0.0008833179017528892
14,post_rope,500,0.0008752639987505972
14,post_rope,501,0.0008691501570865512
14,post_rope,502,0.0008476166985929012
14,post_rope,503,0.0008265275973826647
14,post_rope,504,0.0007960040820762515
14,post_rope,505,0.0007758479914627969
14,post_rope,506,0.0007745646871626377
14,post_rope,507,0.0007465794333256781
14,post_rope,508,0.0007435246952809393
14,post_rope,509,0.0007139913504943252
14,post_rope,510,0.000670798821374774
14,post_rope,511,0.0006582721252925694
14,post_rope,512,0.0006325869471766055
15,pre_rope,1,1.0
15,pre_rope,2,0.15269339084625244
15,pre_rope,3,0.1415984034538269
15,pre_rope,4,0.13234242796897888
15,pre_rope,5,0.11715510487556458
15,pre_rope,6,0.10665827989578247
15,pre_rope,7,0.09893087297677994
15,pre_rope,8,0.09335389733314514
15,pre_rope,9,0.09247354418039322
15,pre_rope,10,0.08459731191396713
15,pre_rope,11,0.07839435338973999
15,pre_rope,12,0.07535664737224579
15,pre_rope,13,0.06990642100572586
15,pre_rope,14,0.06856618821620941
15,pre_rope,15,0.06801480799913406
15,pre_rope,16,0.06604252755641937
15,pre_rope,17,0.06054411083459854
15,pre_rope,18,0.059598930180072784
15,pre_rope,19,0.058253154158592224
15,pre_rope,20,0.056967537850141525
15,pre_rope,21,0.05451234057545662
15,pre_rope,22,0.05196653679013252
15,pre_rope,23,0.051902152597904205
15,pre_rope,24,0.0514405257999897
15,pre_rope,25,0.049345843493938446
15,pre_rope,26,0.0486234687268734
15,pre_rope,27,0.04534392058849335
15,pre_rope,28,0.044099707156419754
15,pre_rope,29,0.04311718791723251
15,pre_rope,30,0.04101517051458359
15,pre_rope,31,0.04017312824726105
15,pre_rope,32,0.037878960371017456
15,pre_rope,33,0.03708043321967125
15,pre_rope,34,0.03494914621114731
15,pre_rope,35,0.03444983810186386
15,pre_rope,36,0.03289632126688957
15,pre_rope,37,0.03256915137171745
15,pre_rope,38,0.030734024941921234
15,pre_rope,39,0.03032580576837063
15,pre_rope,40,0.029323279857635498
15,pre_rope,41,0.0291161946952343
15,pre_rope,42,0.028211982920765877
15,pre_rope,43,0.02757762186229229
15,pre_rope,44,0.027475127950310707
15,pre_rope,45,0.027261881157755852
15,pre_rope,46,0.026828737929463387
15,pre_rope,47,0.025466561317443848
15,pre_rope,48,0.02508026361465454
15,pre_rope,49,0.024176236242055893
15,pre_rope,50,0.02372642233967781
15,pre_rope,51,0.023324545472860336
15,pre_rope,52,0.022821730002760887
15,pre_rope,53,0.022399140521883965
15,pre_rope,54,0.021913694217801094
15,pre_rope,55,0.021393833681941032
15,pre_rope,56,0.021060524508357048
15,pre_rope,57,0.020712587982416153
15,pre_rope,58,0.020473383367061615
15,pre_rope,59,0.02033717930316925
15,pre_rope,60,0.020311947911977768
15,pre_rope,61,0.01979166269302368
15,pre_rope,62,0.019262859597802162
15,pre_rope,63,0.019008085131645203
15,pre_rope,64,0.01882752776145935
15,pre_rope,65,0.018702229484915733
15,pre_rope,66,0.01836181804537773
15,pre_rope,67,0.018002036958932877
15,pre_rope,68,0.017864994704723358
15,pre_rope,69,0.017588701099157333
15,pre_rope,70,0.017440922558307648
15,pre_rope,71,0.01739473268389702
15,pre_rope,72,0.017285827547311783
15,pre_rope,73,0.017066974192857742
15,pre_rope,74,0.016708990558981895
15,pre_rope,75,0.016637062653899193
15,pre_rope,76,0.01656988076865673
15,pre_rope,77,0.016256490722298622
15,pre_rope,78,0.016133414581418037
15,pre_rope,79,0.016035348176956177
15,pre_rope,80,0.015965184196829796
15,pre_rope,81,0.015801679342985153
15,pre_rope,82,0.015683375298976898
15,pre_rope,83,0.01532957423478365
15,pre_rope,84,0.015279656276106834
15,pre_rope,85,0.015157261863350868
15,pre_rope,86,0.015039637684822083
15,pre_rope,87,0.014814783819019794
15,pre_rope,88,0.014771703630685806
15,pre_rope,89,0.014586417004466057
15,pre_rope,90,0.014410873875021935
15,pre_rope,91,0.014216490089893341
15,pre_rope,92,0.014110386371612549
15,pre_rope,93,0.01404709741473198
15,pre_rope,94,0.013903629034757614
15,pre_rope,95,0.013825029134750366
15,pre_rope,96,0.013764326460659504
15,pre_rope,97,0.013608383946120739
15,pre_rope,98,0.0134781738743186
15,pre_rope,99,0.013421541079878807
15,pre_rope,100,0.013269349932670593
15,pre_rope,101,0.013110940344631672
15,pre_rope,102,0.013010695576667786
15,pre_rope,103,0.012898994609713554
15,pre_rope,104,0.01267212349921465
15,pre_rope,105,0.012592249549925327
15,pre_rope,106,0.012532632797956467
15,pre_rope,107,0.012408094480633736
15,pre_rope,108,0.012378516606986523
15,pre_rope,109,0.012219315394759178
15,pre_rope,110,0.01201054360717535
15,pre_rope,111,0.011997462250292301
15,pre_rope,112,0.011873643845319748
15,pre_rope,113,0.011769804172217846
15,pre_rope,114,0.01164816040545702
15,pre_rope,115,0.011487052775919437
15,pre_rope,116,0.011458037421107292
15,pre_rope,117,0.011333346366882324
15,pre_rope,118,0.01119623426347971
15,pre_rope,119,0.011139312759041786
15,pre_rope,120,0.011099416762590408
15,pre_rope,121,0.010954046621918678
15,pre_rope,122,0.010883227922022343
15,pre_rope,123,0.010737857781350613
15,pre_rope,124,0.01063618529587984
15,pre_rope,125,0.010575329884886742
15,pre_rope,126,0.010539081878960133
15,pre_rope,127,0.010483239777386189
15,pre_rope,128,0.010249900631606579
15,pre_rope,129,0.010232191532850266
15,pre_rope,130,0.010175136849284172
15,pre_rope,131,0.010106918402016163
15,pre_rope,132,0.010040612891316414
15,pre_rope,133,0.009983273223042488
15,pre_rope,134,0.009901810437440872
15,pre_rope,135,0.009783901274204254
15,pre_rope,136,0.009726859629154205
15,pre_rope,137,0.009645882993936539
15,pre_rope,138,0.009595836512744427
15,pre_rope,139,0.00952210184186697
15,pre_rope,140,0.009397760033607483
15,pre_rope,141,0.009389911778271198
15,pre_rope,142,0.009264877066016197
15,pre_rope,143,0.009202239103615284
15,pre_rope,144,0.009180423803627491
15,pre_rope,145,0.009097099304199219
15,pre_rope,146,0.009030034765601158
15,pre_rope,147,0.008935421705245972
15,pre_rope,148,0.008891741745173931
15,pre_rope,149,0.008775525726377964
15,pre_rope,150,0.008708091452717781
15,pre_rope,151,0.008622942492365837
15,pre_rope,152,0.008573129773139954
15,pre_rope,153,0.008454526774585247
15,pre_rope,154,0.008404240943491459
15,pre_rope,155,0.008387750945985317
15,pre_rope,156,0.0083445580676198
15,pre_rope,157,0.008264581672847271
15,pre_rope,158,0.008199885487556458
15,pre_rope,159,0.008191687986254692
15,pre_rope,160,0.008113219402730465
15,pre_rope,161,0.0080715948715806
15,pre_rope,162,0.008012078702449799
15,pre_rope,163,0.007960693910717964
15,pre_rope,164,0.00791800394654274
15,pre_rope,165,0.007803178392350674
15,pre_rope,166,0.007755031809210777
15,pre_rope,167,0.007673484273254871
15,pre_rope,168,0.007643193006515503
15,pre_rope,169,0.007618512026965618
15,pre_rope,170,0.00754079595208168
15,pre_rope,171,0.007500738371163607
15,pre_rope,172,0.007484735921025276
15,pre_rope,173,0.007456153631210327
15,pre_rope,174,0.0073482259176671505
15,pre_rope,175,0.007310220971703529
15,pre_rope,176,0.007264219224452972
15,pre_rope,177,0.0072341859340667725
15,pre_rope,178,0.007139494642615318
15,pre_rope,179,0.007102086208760738
15,pre_rope,180,0.007069034036248922
15,pre_rope,181,0.00700868247076869
15,pre_rope,182,0.006967676803469658
15,pre_rope,183,0.006937562022358179
15,pre_rope,184,0.006876516155898571
15,pre_rope,185,0.006825815420597792
15,pre_rope,186,0.006821133196353912
15,pre_rope,187,0.006751873530447483
15,pre_rope,188,0.006720090750604868
15,pre_rope,189,0.0066968840546905994
15,pre_rope,190,0.006639346946030855
15,pre_rope,191,0.006631257012486458
15,pre_rope,192,0.006594500504434109
15,pre_rope,193,0.006525806151330471
15,pre_rope,194,0.006431021727621555
15,pre_rope,195,0.006402971222996712
15,pre_rope,196,0.006369061302393675
15,pre_rope,197,0.006345644593238831
15,pre_rope,198,0.0063217803835868835
15,pre_rope,199,0.00629610987380147
15,pre_rope,200,0.006268927827477455
15,pre_rope,201,0.006182004697620869
15,pre_rope,202,0.0061204880475997925
15,pre_rope,203,0.006101058330386877
15,pre_rope,204,0.0060402266681194305
15,pre_rope,205,0.006004614289849997
15,pre_rope,206,0.005943535827100277
15,pre_rope,207,0.005911705084145069
15,pre_rope,208,0.005894873291254044
15,pre_rope,209,0.005842565093189478
15,pre_rope,210,0.005824764259159565
15,pre_rope,211,0.00578644871711731
15,pre_rope,212,0.005752264987677336
15,pre_rope,213,0.005721301306039095
15,pre_rope,214,0.00565701350569725
15,pre_rope,215,0.005645301192998886
15,pre_rope,216,0.005596293602138758
15,pre_rope,217,0.005545696709305048
15,pre_rope,218,0.005535461474210024
15,pre_rope,219,0.0054956963285803795
15,pre_rope,220,0.005452270619571209
15,pre_rope,221,0.005423755384981632
15,pre_rope,222,0.005408636759966612
15,pre_rope,223,0.005360892508178949
15,pre_rope,224,0.005314428359270096
15,pre_rope,225,0.005297542084008455
15,pre_rope,226,0.005262122489511967
15,pre_rope,227,0.005228500813245773
15,pre_rope,228,0.00520715769380331
15,pre_rope,229,0.005190060008317232
15,pre_rope,230,0.005159755703061819
15,pre_rope,231,0.005139209795743227
15,pre_rope,232,0.005093594081699848
15,pre_rope,233,0.005073055159300566
15,pre_rope,234,0.005044091492891312
15,pre_rope,235,0.004987186286598444
15,pre_rope,236,0.004969045054167509
15,pre_rope,237,0.00495727825909853
15,pre_rope,238,0.004929370246827602
15,pre_rope,239,0.004890910349786282
15,pre_rope,240,0.004870367236435413
15,pre_rope,241,0.00483707943931222
15,pre_rope,242,0.004812927450984716
15,pre_rope,243,0.004774324130266905
15,pre_rope,244,0.004719903226941824
15,pre_rope,245,0.004698298871517181
15,pre_rope,246,0.004676681477576494
15,pre_rope,247,0.004641612060368061
15,pre_rope,248,0.0046174596063792706
15,pre_rope,249,0.004585532937198877
15,pre_rope,250,0.00456425454467535
15,pre_rope,251,0.004531605634838343
15,pre_rope,252,0.004482767079025507
15,pre_rope,253,0.004471298772841692
15,pre_rope,254,0.0044587780721485615
15,pre_rope,255,0.004423815757036209
15,pre_rope,256,0.004415895789861679
15,pre_rope,257,0.004360682796686888
15,pre_rope,258,0.0043359496630728245
15,pre_rope,259,0.004316444508731365
15,pre_rope,260,0.004299458581954241
15,pre_rope,261,0.0042642997577786446
15,pre_rope,262,0.0042482283897697926
15,pre_rope,263,0.00421129958704114
15,pre_rope,264,0.004203813150525093
15,pre_rope,265,0.004159458447247744
15,pre_rope,266,0.004129631444811821
15,pre_rope,267,0.004100952763110399
15,pre_rope,268,0.004082843661308289
15,pre_rope,269,0.004070159047842026
15,pre_rope,270,0.004004837945103645
15,pre_rope,271,0.003976773004978895
15,pre_rope,272,0.003957423381507397
15,pre_rope,273,0.003933706786483526
15,pre_rope,274,0.003909221384674311
15,pre_rope,275,0.0038602708373218775
15,pre_rope,276,0.0038329376839101315
15,pre_rope,277,0.0038250251673161983
15,pre_rope,278,0.0038192530628293753
15,pre_rope,279,0.003800700418651104
15,pre_rope,280,0.003788774600252509
15,pre_rope,281,0.003765030298382044
15,pre_rope,282,0.003737354651093483
15,pre_rope,283,0.003726495197042823
15,pre_rope,284,0.0037102317437529564
15,pre_rope,285,0.0036798682995140553
15,pre_rope,286,0.0036616071593016386
15,pre_rope,287,0.0036206815857440233
15,pre_rope,288,0.0036067157052457333
15,pre_rope,289,0.003590419190004468
15,pre_rope,290,0.003559673670679331
15,pre_rope,291,0.0035460880026221275
15,pre_rope,292,0.0035307426005601883
15,pre_rope,293,0.0035198982805013657
15,pre_rope,294,0.0034936529118567705
15,pre_rope,295,0.003462492488324642
15,pre_rope,296,0.0034424501936882734
15,pre_rope,297,0.0034137144684791565
15,pre_rope,298,0.003388686804100871
15,pre_rope,299,0.003380213864147663
15,pre_rope,300,0.0033589000813663006
15,pre_rope,301,0.003337752539664507
15,pre_rope,302,0.0033094666432589293
15,pre_rope,303,0.0032936171628534794
15,pre_rope,304,0.00325743923895061
15,pre_rope,305,0.0032379666808992624
15,pre_rope,306,0.003234186442568898
15,pre_rope,307,0.003231651848182082
15,pre_rope,308,0.003198429476469755
15,pre_rope,309,0.003156667575240135
15,pre_rope,310,0.0031512747518718243
15,pre_rope,311,0.0031413326505571604
15,pre_rope,312,0.0031043177004903555
15,pre_rope,313,0.0030972224194556475
15,pre_rope,314,0.0030953120440244675
15,pre_rope,315,0.003071475075557828
15,pre_rope,316,0.003049116116017103
15,pre_rope,317,0.003040775889530778
15,pre_rope,318,0.003020710777491331
15,pre_rope,319,0.0030008377507328987
15,pre_rope,320,0.0029705106280744076
15,pre_rope,321,0.0029514555353671312
15,pre_rope,322,0.0029314907733350992
15,pre_rope,323,0.0029155313968658447
15,pre_rope,324,0.002899695886299014
15,pre_rope,325,0.0028870897367596626
15,pre_rope,326,0.0028735084924846888
15,pre_rope,327,0.002852446399629116
15,pre_rope,328,0.0028340935241431
15,pre_rope,329,0.00280394428409636
15,pre_rope,330,0.00277400529012084
15,pre_rope,331,0.0027583360206335783
15,pre_rope,332,0.0027402008417993784
15,pre_rope,333,0.0027255627792328596
15,pre_rope,334,0.002712826244533062
15,pre_rope,335,0.002698694821447134
15,pre_rope,336,0.0026904332917183638
15,pre_rope,337,0.002669726964086294
15,pre_rope,338,0.0026624957099556923
15,pre_rope,339,0.002633050549775362
15,pre_rope,340,0.0026090694591403008
15,pre_rope,341,0.00260183890350163
15,pre_rope,342,0.0025912486016750336
15,pre_rope,343,0.002568594878539443
15,pre_rope,344,0.0025527270045131445
15,pre_rope,345,0.0025402200408279896
15,pre_rope,346,0.002527231816202402
15,pre_rope,347,0.0024989768862724304
15,pre_rope,348,0.0024813066702336073
15,pre_rope,349,0.0024781690444797277
15,pre_rope,350,0.0024690257851034403
15,pre_rope,351,0.0024427880998700857
15,pre_rope,352,0.0024307293351739645
15,pre_rope,353,0.0024176095612347126
15,pre_rope,354,0.0023934992495924234
15,pre_rope,355,0.002372919814661145
15,pre_rope,356,0.0023679183796048164
15,pre_rope,357,0.0023644689936190844
15,pre_rope,358,0.0023499869275838137
15,pre_rope,359,0.0023305718787014484
15,pre_rope,360,0.0023098683450371027
15,pre_rope,361,0.0023073223419487476
15,pre_rope,362,0.002290048636496067
15,pre_rope,363,0.0022712505888193846
15,pre_rope,364,0.002248212695121765
15,pre_rope,365,0.0022363713942468166
15,pre_rope,366,0.0022256383672356606
15,pre_rope,367,0.002203100360929966
15,pre_rope,368,0.0021880557760596275
15,pre_rope,369,0.0021755527704954147
15,pre_rope,370,0.0021660940255969763
15,pre_rope,371,0.0021528915967792273
15,pre_rope,372,0.0021459884010255337
15,pre_rope,373,0.0021233169827610254
15,pre_rope,374,0.0021174121648073196
15,pre_rope,375,0.0021043934393674135
15,pre_rope,376,0.0020914857741445303
15,pre_rope,377,0.0020656688138842583
15,pre_rope,378,0.002056409837678075
15,pre_rope,379,0.0020431089214980602
15,pre_rope,380,0.0020253187976777554
15,pre_rope,381,0.002006846247240901
15,pre_rope,382,0.00198567402549088
15,pre_rope,383,0.001983128022402525
15,pre_rope,384,0.0019653281196951866
15,pre_rope,385,0.0019426780054345727
15,pre_rope,386,0.0019389701774343848
15,pre_rope,387,0.001927291159518063
15,pre_rope,388,0.0019052984425798059
15,pre_rope,389,0.0018946670461446047
15,pre_rope,390,0.0018871142528951168
15,pre_rope,391,0.0018747634021565318
15,pre_rope,392,0.0018606262747198343
15,pre_rope,393,0.0018533319234848022
15,pre_rope,394,0.0018387888558208942
15,pre_rope,395,0.0018218666082248092
15,pre_rope,396,0.0017994495574384928
15,pre_rope,397,0.0017917081713676453
15,pre_rope,398,0.0017758723115548491
15,pre_rope,399,0.0017670831875875592
15,pre_rope,400,0.0017641503363847733
15,pre_rope,401,0.0017445229459553957
15,pre_rope,402,0.0017286337679252028
15,pre_rope,403,0.0017212681705132127
15,pre_rope,404,0.0017134136287495494
15,pre_rope,405,0.0016833696281537414
15,pre_rope,406,0.001671842997893691
15,pre_rope,407,0.001655487809330225
15,pre_rope,408,0.0016530688153579831
15,pre_rope,409,0.0016454457072541118
15,pre_rope,410,0.0016351065132766962
15,pre_rope,411,0.0016318808775395155
15,pre_rope,412,0.001611911109648645
15,pre_rope,413,0.0015991342952474952
15,pre_rope,414,0.0015918832505121827
15,pre_rope,415,0.0015760811511427164
15,pre_rope,416,0.001558986958116293
15,pre_rope,417,0.0015511602396145463
15,pre_rope,418,0.0015434068627655506
15,pre_rope,419,0.0015178928151726723
15,pre_rope,420,0.0015104085905477405
15,pre_rope,421,0.0015028594061732292
15,pre_rope,422,0.0014853746397420764
15,pre_rope,423,0.0014816242037340999
15,pre_rope,424,0.001474235556088388
15,pre_rope,425,0.0014585534809157252
15,pre_rope,426,0.0014327717944979668
15,pre_rope,427,0.0014212520327419043
15,pre_rope,428,0.0014102307613939047
15,pre_rope,429,0.0014063493581488729
15,pre_rope,430,0.001392379985190928
15,pre_rope,431,0.0013808871153742075
15,pre_rope,432,0.0013796866405755281
15,pre_rope,433,0.001365245901979506
15,pre_rope,434,0.0013605812564492226
15,pre_rope,435,0.0013385731726884842
15,pre_rope,436,0.0013221872504800558
15,pre_rope,437,0.001316278474405408
15,pre_rope,438,0.0013052294962108135
15,pre_rope,439,0.0012950439704582095
15,pre_rope,440,0.0012769144959747791
15,pre_rope,441,0.0012713717296719551
15,pre_rope,442,0.0012581858318299055
15,pre_rope,443,0.0012457758421078324
15,pre_rope,444,0.0012287816498428583
15,pre_rope,445,0.0012243979144841433
15,pre_rope,446,0.001214458723552525
15,pre_rope,447,0.0012031605001538992
15,pre_rope,448,0.001183737418614328
15,pre_rope,449,0.0011720960028469563
15,pre_rope,450,0.0011605280451476574
15,pre_rope,451,0.0011567247565835714
15,pre_rope,452,0.0011490010656416416
15,pre_rope,453,0.001136631821282208
15,pre_rope,454,0.001126557937823236
15,pre_rope,455,0.0011053674388676882
15,pre_rope,456,0.0010960421059280634
15,pre_rope,457,0.001088575809262693
15,pre_rope,458,0.001081937807612121
15,pre_rope,459,0.0010717976838350296
15,pre_rope,460,0.0010422382038086653
15,pre_rope,461,0.0010375805431976914
15,pre_rope,462,0.0010187648003920913
15,pre_rope,463,0.001016500173136592
15,pre_rope,464,0.0009924194309860468
15,pre_rope,465,0.0009808259783312678
15,pre_rope,466,0.0009758132509887218
15,pre_rope,467,0.0009604799561202526
15,pre_rope,468,0.0009489624062553048
15,pre_rope,469,0.0009387881145812571
15,pre_rope,470,0.0009067881619557738
15,pre_rope,471,0.0008980039856396616
15,pre_rope,472,0.000882033200468868
15,pre_rope,473,0.0008725438383407891
15,pre_rope,474,0.0008501989068463445
15,pre_rope,475,0.0008387412526644766
15,pre_rope,476,0.0008222134201787412
15,pre_rope,477,0.0008164121536538005
15,pre_rope,478,0.0007909535197541118
15,pre_rope,479,0.0007726296898908913
15,pre_rope,480,0.0007613396737724543
15,pre_rope,481,0.0007285884348675609
15,pre_rope,482,0.0007186424918472767
15,pre_rope,483,0.000697000534273684
15,pre_rope,484,0.000686542596668005
15,pre_rope,485,0.0006718795048072934
15,pre_rope,486,0.0006621020729653537
15,pre_rope,487,0.0006417423137463629
15,pre_rope,488,0.00063222402241081
15,pre_rope,489,0.0006076518911868334
15,pre_rope,490,0.0006035428959876299
15,pre_rope,491,0.0005947101162746549
15,pre_rope,492,0.0005887866136617959
15,pre_rope,493,0.0005733969737775624
15,pre_rope,494,0.000552626617718488
15,pre_rope,495,0.00054913543863222
15,pre_rope,496,0.0005396809428930283
15,pre_rope,497,0.000527270371094346
15,pre_rope,498,0.0005114268860779703
15,pre_rope,499,0.0004976072232238948
15,pre_rope,500,0.0004905383684672415
15,pre_rope,501,0.0004770025552716106
15,pre_rope,502,0.00046153145376592875
15,pre_rope,503,0.0004579845117405057
15,pre_rope,504,0.00045616115676239133
15,pre_rope,505,0.0004491426225285977
15,pre_rope,506,0.00043253955664113164
15,pre_rope,507,0.0004239309346303344
15,pre_rope,508,0.00040810953942127526
15,pre_rope,509,0.0003825456078629941
15,pre_rope,510,0.00036350448499433696
15,pre_rope,511,0.00035279299481771886
15,pre_rope,512,0.00031943561043590307
15,post_rope,1,1.0
15,post_rope,2,0.1832735389471054
15,post_rope,3,0.17586131393909454
15,post_rope,4,0.17092867195606232
15,post_rope,5,0.15321744978427887
15,post_rope,6,0.14774571359157562
15,post_rope,7,0.14012835919857025
15,post_rope,8,0.13946017622947693
15,post_rope,9,0.1386663019657135
15,post_rope,10,0.12534627318382263
15,post_rope,11,0.12401868402957916
15,post_rope,12,0.12336265295743942
15,post_rope,13,0.1215340718626976
15,post_rope,14,0.1202312484383583
15,post_rope,15,0.11886284500360489
15,post_rope,16,0.1171945258975029
15,post_rope,17,0.11654938012361526
15,post_rope,18,0.11560560017824173
15,post_rope,19,0.11498956382274628
15,post_rope,20,0.11432908475399017
15,post_rope,21,0.11414765566587448
15,post_rope,22,0.11282085627317429
15,post_rope,23,0.11114713549613953
15,post_rope,24,0.11111387610435486
15,post_rope,25,0.11012335121631622
15,post_rope,26,0.10891952365636826
15,post_rope,27,0.10483851283788681
15,post_rope,28,0.10456836223602295
15,post_rope,29,0.10265085846185684
15,post_rope,30,0.10181860625743866
15,post_rope,31,0.10029120743274689
15,post_rope,32,0.10001728683710098
15,post_rope,33,0.0993579626083374
15,post_rope,34,0.09858211129903793
15,post_rope,35,0.09682761877775192
15,post_rope,36,0.09641057252883911
15,post_rope,37,0.09564848244190216
15,post_rope,38,0.0951739028096199
15,post_rope,39,0.09355048835277557
15,post_rope,40,0.0888855904340744
15,post_rope,41,0.08373330533504486
15,post_rope,42,0.07807111740112305
15,post_rope,43,0.07441442459821701
15,post_rope,44,0.07207871228456497
15,post_rope,45,0.07128787785768509
15,post_rope,46,0.0680246353149414
15,post_rope,47,0.06645514816045761
15,post_rope,48,0.063809834420681
15,post_rope,49,0.06284066289663315
15,post_rope,50,0.061021674424409866
15,post_rope,51,0.06064986437559128
15,post_rope,52,0.05905177444219589
15,post_rope,53,0.05620225518941879
15,post_rope,54,0.05306685343384743
15,post_rope,55,0.052083760499954224
15,post_rope,56,0.04966896399855614
15,post_rope,57,0.04882953688502312
15,post_rope,58,0.047234561294317245
15,post_rope,59,0.04484465345740318
15,post_rope,60,0.04366980120539665
15,post_rope,61,0.03977268561720848
15,post_rope,62,0.03949093446135521
15,post_rope,63,0.036779455840587616
15,post_rope,64,0.03515701740980148
15,post_rope,65,0.0349489264190197
15,post_rope,66,0.03444429114460945
15,post_rope,67,0.033394962549209595
15,post_rope,68,0.03282288834452629
15,post_rope,69,0.03255913034081459
15,post_rope,70,0.03224954754114151
15,post_rope,71,0.03202391788363457
15,post_rope,72,0.03189030662178993
15,post_rope,73,0.03137006238102913
15,post_rope,74,0.03110450878739357
15,post_rope,75,0.030791783705353737
15,post_rope,76,0.030436841771006584
15,post_rope,77,0.030365917831659317
15,post_rope,78,0.03006754070520401
15,post_rope,79,0.029862048104405403
15,post_rope,80,0.029749738052487373
15,post_rope,81,0.029669294133782387
15,post_rope,82,0.029444552958011627
15,post_rope,83,0.02917296066880226
15,post_rope,84,0.028992516919970512
15,post_rope,85,0.028718318790197372
15,post_rope,86,0.028564002364873886
15,post_rope,87,0.028470860794186592
15,post_rope,88,0.028277957811951637
15,post_rope,89,0.028023235499858856
15,post_rope,90,0.027993574738502502
15,post_rope,91,0.02774379588663578
15,post_rope,92,0.02742144837975502
15,post_rope,93,0.02707984857261181
15,post_rope,94,0.02700546756386757
15,post_rope,95,0.02696174569427967
15,post_rope,96,0.02662339061498642
15,post_rope,97,0.026528051123023033
15,post_rope,98,0.026263630017638206
15,post_rope,99,0.026058075949549675
15,post_rope,100,0.02600167691707611
15,post_rope,101,0.02564060315489769
15,post_rope,102,0.025511857122182846
15,post_rope,103,0.025293366983532906
15,post_rope,104,0.02520647644996643
15,post_rope,105,0.025118449702858925
15,post_rope,106,0.02486509457230568
15,post_rope,107,0.024648724123835564
15,post_rope,108,0.024531491100788116
15,post_rope,109,0.024300720542669296
15,post_rope,110,0.02413739450275898
15,post_rope,111,0.02402541972696781
15,post_rope,112,0.02401052601635456
15,post_rope,113,0.023796673864126205
15,post_rope,114,0.023657390847802162
15,post_rope,115,0.023426467552781105
15,post_rope,116,0.02334960363805294
15,post_rope,117,0.023153582587838173
15,post_rope,118,0.02306189388036728
15,post_rope,119,0.022869262844324112
15,post_rope,120,0.02280230075120926
15,post_rope,121,0.022586338222026825
15,post_rope,122,0.022519979625940323
15,post_rope,123,0.022318344563245773
15,post_rope,124,0.022281460464000702
15,post_rope,125,0.02210976928472519
15,post_rope,126,0.02200063318014145
15,post_rope,127,0.02196314185857773
15,post_rope,128,0.021837161853909492
15,post_rope,129,0.021804476156830788
15,post_rope,130,0.021701443940401077
15,post_rope,131,0.021486705169081688
15,post_rope,132,0.021410908550024033
15,post_rope,133,0.021271253004670143
15,post_rope,134,0.021239059045910835
15,post_rope,135,0.020981058478355408
15,post_rope,136,0.020868947729468346
15,post_rope,137,0.020747903734445572
15,post_rope,138,0.02070813812315464
15,post_rope,139,0.020598677918314934
15,post_rope,140,0.020495250821113586
15,post_rope,141,0.020330285653471947
15,post_rope,142,0.020314373075962067
15,post_rope,143,0.02025018446147442
15,post_rope,144,0.020103363320231438
15,post_rope,145,0.020014584064483643
15,post_rope,146,0.01994209550321102
15,post_rope,147,0.01980005018413067
15,post_rope,148,0.019705280661582947
15,post_rope,149,0.019574837759137154
15,post_rope,150,0.019505342468619347
15,post_rope,151,0.019464660435914993
15,post_rope,152,0.019386116415262222
15,post_rope,153,0.019350111484527588
15,post_rope,154,0.0193023644387722
15,post_rope,155,0.019132720306515694
15,post_rope,156,0.019051117822527885
15,post_rope,157,0.018988829106092453
15,post_rope,158,0.018913350999355316
15,post_rope,159,0.01875324733555317
15,post_rope,160,0.018698222935199738
15,post_rope,161,0.01864543743431568
15,post_rope,162,0.018595438450574875
15,post_rope,163,0.018463797867298126
15,post_rope,164,0.01837923377752304
15,post_rope,165,0.018295880407094955
15,post_rope,166,0.018238743767142296
15,post_rope,167,0.01817774400115013
15,post_rope,168,0.018159205093979836
15,post_rope,169,0.01813860423862934
15,post_rope,170,0.017993377521634102
15,post_rope,171,0.01793975569307804
15,post_rope,172,0.017888663336634636
15,post_rope,173,0.017833640798926353
15,post_rope,174,0.017637882381677628
15,post_rope,175,0.017610805109143257
15,post_rope,176,0.017494231462478638
15,post_rope,177,0.017402172088623047
15,post_rope,178,0.01735319383442402
15,post_rope,179,0.017276404425501823
15,post_rope,180,0.017239592969417572
15,post_rope,181,0.017151370644569397
15,post_rope,182,0.0170602947473526
15,post_rope,183,0.017019938677549362
15,post_rope,184,0.01697339490056038
15,post_rope,185,0.016937794163823128
15,post_rope,186,0.01689460687339306
15,post_rope,187,0.016784576699137688
15,post_rope,188,0.016682934015989304
15,post_rope,189,0.016626521944999695
15,post_rope,190,0.01659228838980198
15,post_rope,191,0.016493234783411026
15,post_rope,192,0.016479795798659325
15,post_rope,193,0.016373764723539352
15,post_rope,194,0.01628994569182396
15,post_rope,195,0.01628650352358818
15,post_rope,196,0.01624443009495735
15,post_rope,197,0.016216779127717018
15,post_rope,198,0.01612531580030918
15,post_rope,199,0.01607947237789631
15,post_rope,200,0.016057491302490234
15,post_rope,201,0.016010086983442307
15,post_rope,202,0.015952259302139282
15,post_rope,203,0.01587798073887825
15,post_rope,204,0.015860578045248985
15,post_rope,205,0.01573394238948822
15,post_rope,206,0.015693672001361847
15,post_rope,207,0.015547170303761959
15,post_rope,208,0.015498209744691849
15,post_rope,209,0.01544323842972517
15,post_rope,210,0.01542517077177763
15,post_rope,211,0.01534806378185749
15,post_rope,212,0.015308442525565624
15,post_rope,213,0.015256278216838837
15,post_rope,214,0.01518754567950964
15,post_rope,215,0.015150608494877815
15,post_rope,216,0.015074572525918484
15,post_rope,217,0.015044346451759338
15,post_rope,218,0.014989304356276989
15,post_rope,219,0.014911139383912086
15,post_rope,220,0.014858629554510117
15,post_rope,221,0.014842639677226543
15,post_rope,222,0.014812849462032318
15,post_rope,223,0.014776282012462616
15,post_rope,224,0.014679070562124252
15,post_rope,225,0.01458826381713152
15,post_rope,226,0.0145147405564785
15,post_rope,227,0.014507582411170006
15,post_rope,228,0.014491429552435875
15,post_rope,229,0.014435638673603535
15,post_rope,230,0.014387689530849457
15,post_rope,231,0.014292240142822266
15,post_rope,232,0.014261852949857712
15,post_rope,233,0.01423049345612526
15,post_rope,234,0.014074643142521381
15,post_rope,235,0.014047841541469097
15,post_rope,236,0.013990686275064945
15,post_rope,237,0.013886810280382633
15,post_rope,238,0.013856686651706696
15,post_rope,239,0.013797161169350147
15,post_rope,240,0.013767524622380733
15,post_rope,241,0.013686854392290115
15,post_rope,242,0.013622398488223553
15,post_rope,243,0.013555152341723442
15,post_rope,244,0.013549020513892174
15,post_rope,245,0.013454636558890343
15,post_rope,246,0.013395432382822037
15,post_rope,247,0.013366442173719406
15,post_rope,248,0.013260466046631336
15,post_rope,249,0.013216938823461533
15,post_rope,250,0.013207708485424519
15,post_rope,251,0.01314367726445198
15,post_rope,252,0.013097415678203106
15,post_rope,253,0.013056022115051746
15,post_rope,254,0.01300345454365015
15,post_rope,255,0.012950868345797062
15,post_rope,256,0.012835042551159859
15,post_rope,257,0.01281482633203268
15,post_rope,258,0.012771951965987682
15,post_rope,259,0.012756050564348698
15,post_rope,260,0.012680785730481148
15,post_rope,261,0.012667568400502205
15,post_rope,262,0.012567801401019096
15,post_rope,263,0.012547374702990055
15,post_rope,264,0.012519928626716137
15,post_rope,265,0.012442095205187798
15,post_rope,266,0.012422492727637291
15,post_rope,267,0.0123142059892416
15,post_rope,268,0.012286554090678692
15,post_rope,269,0.012246266938745975
15,post_rope,270,0.012223231606185436
15,post_rope,271,0.012173750437796116
15,post_rope,272,0.012102551758289337
15,post_rope,273,0.012005268596112728
15,post_rope,274,0.011937081813812256
15,post_rope,275,0.011914490722119808
15,post_rope,276,0.011894197203218937
15,post_rope,277,0.011827225796878338
15,post_rope,278,0.011724715121090412
15,post_rope,279,0.01166684739291668
15,post_rope,280,0.011656994931399822
15,post_rope,281,0.01162048615515232
15,post_rope,282,0.011534979566931725
15,post_rope,283,0.011482290923595428
15,post_rope,284,0.011418475769460201
15,post_rope,285,0.01136601623147726
15,post_rope,286,0.011291204020380974
15,post_rope,287,0.011264526285231113
15,post_rope,288,0.011210950091481209
15,post_rope,289,0.011195582337677479
15,post_rope,290,0.011148461140692234
15,post_rope,291,0.011082763783633709
15,post_rope,292,0.011021758429706097
15,post_rope,293,0.010967426933348179
15,post_rope,294,0.010926364921033382
15,post_rope,295,0.010875428095459938
15,post_rope,296,0.010820158757269382
15,post_rope,297,0.010755915194749832
15,post_rope,298,0.010707167908549309
15,post_rope,299,0.010682827793061733
15,post_rope,300,0.010661709122359753
15,post_rope,301,0.010630843229591846
15,post_rope,302,0.0105576291680336
15,post_rope,303,0.010491909459233284
15,post_rope,304,0.010461615398526192
15,post_rope,305,0.010370844975113869
15,post_rope,306,0.010329806245863438
15,post_rope,307,0.010281550697982311
15,post_rope,308,0.010205273516476154
15,post_rope,309,0.010183002799749374
15,post_rope,310,0.01014511939138174
15,post_rope,311,0.010102075524628162
15,post_rope,312,0.010039310902357101
15,post_rope,313,0.010012456215918064
15,post_rope,314,0.009965465404093266
15,post_rope,315,0.009929918684065342
15,post_rope,316,0.00990451779216528
15,post_rope,317,0.009851074777543545
15,post_rope,318,0.009808308444917202
15,post_rope,319,0.009769069030880928
15,post_rope,320,0.009726140648126602
15,post_rope,321,0.009685494937002659
15,post_rope,322,0.009642655029892921
15,post_rope,323,0.009554722346365452
15,post_rope,324,0.00952867604792118
15,post_rope,325,0.009470866061747074
15,post_rope,326,0.0094148525968194
15,post_rope,327,0.009408253245055676
15,post_rope,328,0.009376837871968746
15,post_rope,329,0.009307212196290493
15,post_rope,330,0.009288929402828217
15,post_rope,331,0.009216642007231712
15,post_rope,332,0.009140570648014545
15,post_rope,333,0.00913060363382101
15,post_rope,334,0.009057208895683289
15,post_rope,335,0.008995176292955875
15,post_rope,336,0.008934468030929565
15,post_rope,337,0.008883033879101276
15,post_rope,338,0.008797597140073776
15,post_rope,339,0.008753601461648941
15,post_rope,340,0.008731970563530922
15,post_rope,341,0.008685571141541004
15,post_rope,342,0.008571154437959194
15,post_rope,343,0.008559259586036205
15,post_rope,344,0.008540220558643341
15,post_rope,345,0.008503842167556286
15,post_rope,346,0.008467759005725384
15,post_rope,347,0.008395599201321602
15,post_rope,348,0.008300094865262508
15,post_rope,349,0.008280541747808456
15,post_rope,350,0.008230534382164478
15,post_rope,351,0.008175091817975044
15,post_rope,352,0.008074724115431309
15,post_rope,353,0.00805338378995657
15,post_rope,354,0.007981299422681332
15,post_rope,355,0.007834499701857567
15,post_rope,356,0.007812362629920244
15,post_rope,357,0.007724076975136995
15,post_rope,358,0.007681900169700384
15,post_rope,359,0.007610720116645098
15,post_rope,360,0.007583340164273977
15,post_rope,361,0.007513505406677723
15,post_rope,362,0.007458174601197243
15,post_rope,363,0.007403434719890356
15,post_rope,364,0.007367350161075592
15,post_rope,365,0.007311604451388121
15,post_rope,366,0.007280307821929455
15,post_rope,367,0.00725005567073822
15,post_rope,368,0.007185576483607292
15,post_rope,369,0.007124843075871468
15,post_rope,370,0.007094718050211668
15,post_rope,371,0.007015581242740154
15,post_rope,372,0.00688173295930028
15,post_rope,373,0.006871845573186874
15,post_rope,374,0.0068239476531744
15,post_rope,375,0.0067573911510407925
15,post_rope,376,0.006680209655314684
15,post_rope,377,0.006661837920546532
15,post_rope,378,0.006646050605922937
15,post_rope,379,0.006498286034911871
15,post_rope,380,0.006476887036114931
15,post_rope,381,0.0064335595816373825
15,post_rope,382,0.006391455419361591
15,post_rope,383,0.006373008247464895
15,post_rope,384,0.006311014294624329
15,post_rope,385,0.006214112043380737
15,post_rope,386,0.006178631912916899
15,post_rope,387,0.006110690999776125
15,post_rope,388,0.00608504842966795
15,post_rope,389,0.00605637626722455
15,post_rope,390,0.006028592120856047
15,post_rope,391,0.005979213863611221
15,post_rope,392,0.005935837514698505
15,post_rope,393,0.005860816687345505
15,post_rope,394,0.005792863201349974
15,post_rope,395,0.005757488310337067
15,post_rope,396,0.005722050089389086
15,post_rope,397,0.00566164730116725
15,post_rope,398,0.005632867105305195
15,post_rope,399,0.005573169328272343
15,post_rope,400,0.005498780403286219
15,post_rope,401,0.005450237076729536
15,post_rope,402,0.005354946479201317
15,post_rope,403,0.005308616440743208
15,post_rope,404,0.0052569955587387085
15,post_rope,405,0.00522739440202713
15,post_rope,406,0.0051400670781731606
15,post_rope,407,0.005123631097376347
15,post_rope,408,0.005065067205578089
15,post_rope,409,0.005053791217505932
15,post_rope,410,0.005026328843086958
15,post_rope,411,0.004985255654901266
15,post_rope,412,0.004899786785244942
15,post_rope,413,0.00486432109028101
15,post_rope,414,0.004750019870698452
15,post_rope,415,0.004692541901022196
15,post_rope,416,0.004665359854698181
15,post_rope,417,0.00460218358784914
15,post_rope,418,0.0045440890826284885
15,post_rope,419,0.004462157841771841
15,post_rope,420,0.004411666188389063
15,post_rope,421,0.004340022336691618
15,post_rope,422,0.00431368313729763
15,post_rope,423,0.004266220144927502
15,post_rope,424,0.0042168814688920975
15,post_rope,425,0.004165038000792265
15,post_rope,426,0.004091387148946524
15,post_rope,427,0.0040701888501644135
15,post_rope,428,0.003967723343521357
15,post_rope,429,0.003914572764188051
15,post_rope,430,0.0038778053130954504
15,post_rope,431,0.0037987350951880217
15,post_rope,432,0.0037279962562024593
15,post_rope,433,0.0036850380711257458
15,post_rope,434,0.003643054747954011
15,post_rope,435,0.0035626378376036882
15,post_rope,436,0.0035334990825504065
15,post_rope,437,0.0034847108181566
15,post_rope,438,0.0034631083253771067
15,post_rope,439,0.003423696383833885
15,post_rope,440,0.0033265019301325083
15,post_rope,441,0.003263743594288826
15,post_rope,442,0.003202552907168865
15,post_rope,443,0.0031482051126658916
15,post_rope,444,0.0030759768560528755
15,post_rope,445,0.0030128094367682934
15,post_rope,446,0.0030022456776350737
15,post_rope,447,0.0029472203459590673
15,post_rope,448,0.0029163414146751165
15,post_rope,449,0.002853389596566558
15,post_rope,450,0.0028348644264042377
15,post_rope,451,0.0027663912624120712
15,post_rope,452,0.00273416331037879
15,post_rope,453,0.002723833080381155
15,post_rope,454,0.00263859611004591
15,post_rope,455,0.002598540158942342
15,post_rope,456,0.002549109049141407
15,post_rope,457,0.002539421431720257
15,post_rope,458,0.002460945164784789
15,post_rope,459,0.002402096288278699
15,post_rope,460,0.0023618044797331095
15,post_rope,461,0.0023113503120839596
15,post_rope,462,0.0022617592476308346
15,post_rope,463,0.0022494911681860685
15,post_rope,464,0.002157967770472169
15,post_rope,465,0.0021335536148399115
15,post_rope,466,0.002066837390884757
15,post_rope,467,0.002048742724582553
15,post_rope,468,0.002021987223997712
15,post_rope,469,0.0019759919960051775
15,post_rope,470,0.001969885779544711
15,post_rope,471,0.0019405006896704435
15,post_rope,472,0.0019204983254894614
15,post_rope,473,0.0018345264252275229
15,post_rope,474,0.001807339838705957
15,post_rope,475,0.0017746188677847385
15,post_rope,476,0.0017554516671225429
15,post_rope,477,0.001684075454249978
15,post_rope,478,0.0016690598567947745
15,post_rope,479,0.0016442688647657633
15,post_rope,480,0.0016022605122998357
15,post_rope,481,0.0015779798850417137
15,post_rope,482,0.0015350787434726954
15,post_rope,483,0.0015137230511754751
15,post_rope,484,0.0014932210324332118
15,post_rope,485,0.0014878432266414165
15,post_rope,486,0.0013547042617574334
15,post_rope,487,0.0013181983958929777
15,post_rope,488,0.0012953102122992277
15,post_rope,489,0.0012678207131102681
15,post_rope,490,0.0011706027435138822
15,post_rope,491,0.0011415020562708378
15,post_rope,492,0.0011364544043317437
15,post_rope,493,0.00105943251401186
15,post_rope,494,0.0010145659325644374
15,post_rope,495,0.000976512033957988
15,post_rope,496,0.0009587365784682333
15,post_rope,497,0.000902600004337728
15,post_rope,498,0.0008797439513728023
15,post_rope,499,0.0008541707647964358
15,post_rope,500,0.0008317981846630573
15,post_rope,501,0.000791456492152065
15,post_rope,502,0.0007720413850620389
15,post_rope,503,0.0007559238583780825
15,post_rope,504,0.0007521145744249225
15,post_rope,505,0.0007239272235892713
15,post_rope,506,0.0006924386252649128
15,post_rope,507,0.0006734064663760364
15,post_rope,508,0.0006336302612908185
15,post_rope,509,0.0006159347831271589
15,post_rope,510,0.0006007782649248838
15,post_rope,511,0.000553770165424794
15,post_rope,512,0.0005174531834200025
