layer,kind,index,sigma_norm
0,pre_rope,1,1.0
0,pre_rope,2,0.4363360106945038
0,pre_rope,3,0.24914175271987915
0,pre_rope,4,0.2121916264295578
0,pre_rope,5,0.15409666299819946
0,pre_rope,6,0.12565287947654724
0,pre_rope,7,0.09340774267911911
0,pre_rope,8,0.07750539481639862
0,pre_rope,9,0.07356158643960953
0,pre_rope,10,0.062429338693618774
0,pre_rope,11,0.05521620810031891
0,pre_rope,12,0.04363654926419258
0,pre_rope,13,0.0427473783493042
0,pre_rope,14,0.03389271721243858
0,pre_rope,15,0.030996112152934074
0,pre_rope,16,0.02700193040072918
0,pre_rope,17,0.025611475110054016
0,pre_rope,18,0.023583153262734413
0,pre_rope,19,0.022473381832242012
0,pre_rope,20,0.02073942869901657
0,pre_rope,21,0.018553055822849274
0,pre_rope,22,0.0163032915443182
0,pre_rope,23,0.015736138448119164
0,pre_rope,24,0.01491408608853817
0,pre_rope,25,0.013619378209114075
0,pre_rope,26,0.012384315952658653
0,pre_rope,27,0.011995010077953339
0,pre_rope,28,0.01095214020460844
0,pre_rope,29,0.010553653351962566
0,pre_rope,30,0.0101266298443079
0,pre_rope,31,0.009426025673747063
0,pre_rope,32,0.008771977387368679
0,pre_rope,33,0.008208932355046272
0,pre_rope,34,0.007910349406301975
0,pre_rope,35,0.007718084380030632
0,pre_rope,36,0.007182214874774218
0,pre_rope,37,0.006797011010348797
0,pre_rope,38,0.00656217522919178
0,pre_rope,39,0.006258022040128708
0,pre_rope,40,0.0061814067885279655
0,pre_rope,41,0.00576077401638031
0,pre_rope,42,0.0055817426182329655
0,pre_rope,43,0.00529355276376009
0,pre_rope,44,0.0051635089330375195
0,pre_rope,45,0.00486234063282609
0,pre_rope,46,0.004681585822254419
0,pre_rope,47,0.004596800543367863
0,pre_rope,48,0.004335333127528429
0,pre_rope,49,0.0040110694244503975
0,pre_rope,50,0.003959661349654198
0,pre_rope,51,0.003913993015885353
0,pre_rope,52,0.0036480831913650036
0,pre_rope,53,0.003584805643185973
0,pre_rope,54,0.003359223948791623
0,pre_rope,55,0.0032409930136054754
0,pre_rope,56,0.0032134896609932184
0,pre_rope,57,0.003157466184347868
0,pre_rope,58,0.0029643229208886623
0,pre_rope,59,0.00274896458722651
0,pre_rope,60,0.0027179487515240908
0,pre_rope,61,0.002673851791769266
0,pre_rope,62,0.0025908988900482655
0,pre_rope,63,0.0025482415221631527
0,pre_rope,64,0.002499261172488332
0,pre_rope,65,0.002436924260109663
0,pre_rope,66,0.0023751219268888235
0,pre_rope,67,0.002273663878440857
0,pre_rope,68,0.002243275986984372
0,pre_rope,69,0.0021208098623901606
0,pre_rope,70,0.0020730108954012394
0,pre_rope,71,0.0020302736666053534
0,pre_rope,72,0.002005842048674822
0,pre_rope,73,0.001960775349289179
0,pre_rope,74,0.0019144417019560933
0,pre_rope,75,0.001848455984145403
0,pre_rope,76,0.0018132583936676383
0,pre_rope,77,0.0017583168810233474
0,pre_rope,78,0.0017361885402351618
0,pre_rope,79,0.0016925057861953974
0,pre_rope,80,0.0016372203826904297
0,pre_rope,81,0.001573062501847744
0,pre_rope,82,0.0015452129300683737
0,pre_rope,83,0.001512056333012879
0,pre_rope,84,0.0014499935787171125
0,pre_rope,85,0.001406778348609805
0,pre_rope,86,0.0013683784054592252
0,pre_rope,87,0.0013531349832192063
0,pre_rope,88,0.0013008813839405775
0,pre_rope,89,0.001272424589842558
0,pre_rope,90,0.001227137167006731
0,pre_rope,91,0.0012060757726430893
0,pre_rope,92,0.0011991668725386262
0,pre_rope,93,0.0011708167148754
0,pre_rope,94,0.0011474370257928967
0,pre_rope,95,0.0011257403530180454
0,pre_rope,96,0.0010992756579071283
0,pre_rope,97,0.0010624803835526109
0,pre_rope,98,0.001017931499518454
0,pre_rope,99,0.0010086182737722993
0,pre_rope,100,0.0009948320221155882
0,pre_rope,101,0.0009667121921665967
0,pre_rope,102,0.0009604272781871259
0,pre_rope,103,0.0009292155154980719
0,pre_rope,104,0.0008939361432567239
0,pre_rope,105,0.000875870231539011
0,pre_rope,106,0.0008587292395532131
0,pre_rope,107,0.0008333406876772642
0,pre_rope,108,0.0008026626892387867
0,pre_rope,109,0.0007949137361720204
0,pre_rope,110,0.000788418052252382
0,pre_rope,111,0.0007752572419121861
0,pre_rope,112,0.0007665590383112431
0,pre_rope,113,0.0007332204841077328
0,pre_rope,114,0.0007242363062687218
0,pre_rope,115,0.0007058227784000337
0,pre_rope,116,0.0006989002577029169
0,pre_rope,117,0.0006769316387362778
0,pre_rope,118,0.0006626352551393211
0,pre_rope,119,0.0006344497087411582
0,pre_rope,120,0.0006241078954190016
0,pre_rope,121,0.0006188512779772282
0,pre_rope,122,0.000611841503996402
0,pre_rope,123,0.0006016856641508639
0,pre_rope,124,0.0005789021961390972
0,pre_rope,125,0.0005664517520926893
0,pre_rope,126,0.0005602925084531307
0,pre_rope,127,0.000551394303329289
0,pre_rope,128,0.0005372072337195277
0,pre_rope,129,0.0005333103472366929
0,pre_rope,130,0.0005169179057702422
0,pre_rope,131,0.0005129668861627579
0,pre_rope,132,0.0005057844682596624
0,pre_rope,133,0.0004997453070245683
0,pre_rope,134,0.0004897286999039352
0,pre_rope,135,0.0004795921850018203
0,pre_rope,136,0.0004703457816503942
0,pre_rope,137,0.0004612394259311259
0,pre_rope,138,0.00045455951476469636
0,pre_rope,139,0.00044188747415319085
0,pre_rope,140,0.00043180998181924224
0,pre_rope,141,0.000430132175097242
0,pre_rope,142,0.0004154245543759316
0,pre_rope,143,0.00041143366252072155
0,pre_rope,144,0.00040519816684536636
0,pre_rope,145,0.00039532018126919866
0,pre_rope,146,0.0003925798228010535
0,pre_rope,147,0.00038375999429263175
0,pre_rope,148,0.00037500140024349093
0,pre_rope,149,0.00037149942363612354
0,pre_rope,150,0.00036395539063960314
0,pre_rope,151,0.0003613267617765814
0,pre_rope,152,0.0003559948818292469
0,pre_rope,153,0.0003461821470409632
0,pre_rope,154,0.00033746130065992475
0,pre_rope,155,0.000334117648890242
0,pre_rope,156,0.0003294908965472132
0,pre_rope,157,0.00032027362613007426
0,pre_rope,158,0.00031615636544302106
0,pre_rope,159,0.00030435557710006833
0,pre_rope,160,0.00029866278055123985
0,pre_rope,161,0.00029298377921804786
0,pre_rope,162,0.0002898835518863052
0,pre_rope,163,0.0002856514183804393
0,pre_rope,164,0.0002828031138051301
0,pre_rope,165,0.000276630453299731
0,pre_rope,166,0.00026791830896399915
0,pre_rope,167,0.00026373116998001933
0,pre_rope,168,0.0002627332869451493
0,pre_rope,169,0.00025584694230929017
0,pre_rope,170,0.0002525959280319512
0,pre_rope,171,0.00024997632135637105
0,pre_rope,172,0.00024630659027025104
0,pre_rope,173,0.00023841680376790464
0,pre_rope,174,0.00023589396732859313
0,pre_rope,175,0.00023326408700086176
0,pre_rope,176,0.00022673193598166108
0,pre_rope,177,0.00022345647448673844
0,pre_rope,178,0.00022143012029118836
0,pre_rope,179,0.00021509990619961172
0,pre_rope,180,0.0002097562828566879
0,pre_rope,181,0.00020834569295402616
0,pre_rope,182,0.0002080160193145275
0,pre_rope,183,0.00020067344303242862
0,pre_rope,184,0.00020012009190395474
0,pre_rope,185,0.00019458617316558957
0,pre_rope,186,0.00019239353423472494
0,pre_rope,187,0.00019007353694178164
0,pre_rope,188,0.00018296002235729247
0,pre_rope,189,0.00018243619706481695
0,pre_rope,190,0.00017996023234445602
0,pre_rope,191,0.00017676103743724525
0,pre_rope,192,0.00017297537124250084
0,pre_rope,193,0.00016812772082630545
0,pre_rope,194,0.0001669082121225074
0,pre_rope,195,0.00016179117665160447
0,pre_rope,196,0.00016003887867555022
0,pre_rope,197,0.00015710537263657898
0,pre_rope,198,0.00015525719209108502
0,pre_rope,199,0.00015263828390743583
0,pre_rope,200,0.00014885319978930056
0,pre_rope,201,0.00014640511653851718
0,pre_rope,202,0.00014406848640646785
0,pre_rope,203,0.00014119638944976032
0,pre_rope,204,0.00014001890667714179
0,pre_rope,205,0.00013669767940882593
0,pre_rope,206,0.0001338729343842715
0,pre_rope,207,0.0001323822361882776
0,pre_rope,208,0.00013016807497479022
0,pre_rope,209,0.00012699581566266716
0,pre_rope,210,0.00012606878590304404
0,pre_rope,211,0.00012334590428508818
0,pre_rope,212,0.00012043794413330033
0,pre_rope,213,0.00011600405559875071
0,pre_rope,214,0.00011338497279211879
0,pre_rope,215,0.00011254574928898364
0,pre_rope,216,0.00011091469059465453
0,pre_rope,217,0.00010820530587807298
0,pre_rope,218,0.00010659204417606816
0,pre_rope,219,0.00010153420589631423
0,pre_rope,220,9.77228264673613e-05
0,pre_rope,221,9.498934377916157e-05
0,pre_rope,222,9.394773951498792e-05
0,pre_rope,223,9.131133992923424e-05
0,pre_rope,224,8.73831013450399e-05
0,pre_rope,225,8.600867295172065e-05
0,pre_rope,226,8.500101102981716e-05
0,pre_rope,227,8.35515747894533e-05
0,pre_rope,228,7.720576832070947e-05
0,pre_rope,229,7.566562999272719e-05
0,pre_rope,230,7.497441401937976e-05
0,pre_rope,231,6.8959932832513e-05
0,pre_rope,232,6.732488691341132e-05
0,pre_rope,233,6.527302321046591e-05
0,pre_rope,234,6.251630111364648e-05
0,pre_rope,235,5.964493175270036e-05
0,pre_rope,236,5.633874752675183e-05
0,pre_rope,237,5.311640416039154e-05
0,pre_rope,238,5.102854993310757e-05
0,pre_rope,239,4.781178722623736e-05
0,pre_rope,240,4.56825910077896e-05
0,pre_rope,241,4.236648601363413e-05
0,pre_rope,242,4.16400253016036e-05
0,pre_rope,243,3.9094997191568837e-05
0,pre_rope,244,3.8424077501986176e-05
0,pre_rope,245,3.583084253477864e-05
0,pre_rope,246,3.289320011390373e-05
0,pre_rope,247,3.1791201763553545e-05
0,pre_rope,248,2.861624670913443e-05
0,pre_rope,249,2.5941473722923547e-05
0,pre_rope,250,2.225725256721489e-05
0,pre_rope,251,1.9546561816241592e-05
0,pre_rope,252,1.8411556084174663e-05
0,pre_rope,253,1.2827242244384252e-05
0,pre_rope,254,8.167749001586344e-06
0,pre_rope,255,6.277908141782973e-06
0,pre_rope,256,5.386944394558668e-06
0,post_rope,1,1.0
0,post_rope,2,0.8872565031051636
0,post_rope,3,0.6547133922576904
0,post_rope,4,0.565436065196991
0,post_rope,5,0.4205726981163025
0,post_rope,6,0.37332120537757874
0,post_rope,7,0.365761399269104
0,post_rope,8,0.36320722103118896
0,post_rope,9,0.32700446248054504
0,post_rope,10,0.31168222427368164
0,post_rope,11,0.3067324161529541
0,post_rope,12,0.30402201414108276
0,post_rope,13,0.29916906356811523
0,post_rope,14,0.29839861392974854
0,post_rope,15,0.27931588888168335
0,post_rope,16,0.26440390944480896
0,post_rope,17,0.26048028469085693
0,post_rope,18,0.25135332345962524
0,post_rope,19,0.2497355043888092
0,post_rope,20,0.24415883421897888
0,post_rope,21,0.23733296990394592
0,post_rope,22,0.2334274798631668
0,post_rope,23,0.2283315360546112
0,post_rope,24,0.22742579877376556
0,post_rope,25,0.21893548965454102
0,post_rope,26,0.21000942587852478
0,post_rope,27,0.20479828119277954
0,post_rope,28,0.20421554148197174
0,post_rope,29,0.20155660808086395
0,post_rope,30,0.20007199048995972
0,post_rope,31,0.19739218056201935
0,post_rope,32,0.1938970386981964
0,post_rope,33,0.19253835082054138
0,post_rope,34,0.19035030901432037
0,post_rope,35,0.18577997386455536
0,post_rope,36,0.1819460093975067
0,post_rope,37,0.18063420057296753
0,post_rope,38,0.17958196997642517
0,post_rope,39,0.17608238756656647
0,post_rope,40,0.17513640224933624
0,post_rope,41,0.1740872710943222
0,post_rope,42,0.1728636771440506
0,post_rope,43,0.16741931438446045
0,post_rope,44,0.16574475169181824
0,post_rope,45,0.16467183828353882
0,post_rope,46,0.15871691703796387
0,post_rope,47,0.15548093616962433
0,post_rope,48,0.15229052305221558
0,post_rope,49,0.1506335288286209
0,post_rope,50,0.149684876203537
0,post_rope,51,0.14819899201393127
0,post_rope,52,0.14278502762317657
0,post_rope,53,0.1350940465927124
0,post_rope,54,0.12961497902870178
0,post_rope,55,0.12249036878347397
0,post_rope,56,0.120231993496418
0,post_rope,57,0.11746218055486679
0,post_rope,58,0.11640854924917221
0,post_rope,59,0.11522900313138962
0,post_rope,60,0.11268950998783112
0,post_rope,61,0.1111789420247078
0,post_rope,62,0.10845117270946503
0,post_rope,63,0.10659035295248032
0,post_rope,64,0.1048448458313942
0,post_rope,65,0.10402463376522064
0,post_rope,66,0.10287266969680786
0,post_rope,67,0.10112380236387253
0,post_rope,68,0.09776494652032852
0,post_rope,69,0.09563005715608597
0,post_rope,70,0.09417586773633957
0,post_rope,71,0.09331943839788437
0,post_rope,72,0.09272478520870209
0,post_rope,73,0.09200851619243622
0,post_rope,74,0.09093843400478363
0,post_rope,75,0.09068289399147034
0,post_rope,76,0.09004687517881393
0,post_rope,77,0.08897838741540909
0,post_rope,78,0.08812147378921509
0,post_rope,79,0.08775502443313599
0,post_rope,80,0.08689191937446594
0,post_rope,81,0.08567348122596741
0,post_rope,82,0.08492723852396011
0,post_rope,83,0.08388368785381317
0,post_rope,84,0.08248396217823029
0,post_rope,85,0.08174703270196915
0,post_rope,86,0.08044024556875229
0,post_rope,87,0.0802280455827713
0,post_rope,88,0.0797383040189743
0,post_rope,89,0.0792701467871666
0,post_rope,90,0.07905229181051254
0,post_rope,91,0.07901522517204285
0,post_rope,92,0.07834737002849579
0,post_rope,93,0.07716206461191177
0,post_rope,94,0.07636407017707825
0,post_rope,95,0.07579442113637924
0,post_rope,96,0.07528983801603317
0,post_rope,97,0.07438050210475922
0,post_rope,98,0.0736057311296463
0,post_rope,99,0.0730455070734024
0,post_rope,100,0.07253247499465942
0,post_rope,101,0.07178152352571487
0,post_rope,102,0.07156883180141449
0,post_rope,103,0.07017923891544342
0,post_rope,104,0.06923903524875641
0,post_rope,105,0.06890848278999329
0,post_rope,106,0.06836358457803726
0,post_rope,107,0.06808742135763168
0,post_rope,108,0.06765298545360565
0,post_rope,109,0.06698080897331238
0,post_rope,110,0.06613980978727341
0,post_rope,111,0.06540819257497787
0,post_rope,112,0.06424900144338608
0,post_rope,113,0.06420090049505234
0,post_rope,114,0.06369203329086304
0,post_rope,115,0.06335702538490295
0,post_rope,116,0.06192702427506447
0,post_rope,117,0.06154613941907883
0,post_rope,118,0.06055065989494324
0,post_rope,119,0.06027949973940849
0,post_rope,120,0.059310268610715866
0,post_rope,121,0.05886644497513771
0,post_rope,122,0.05849355831742287
0,post_rope,123,0.058082371950149536
0,post_rope,124,0.057745207101106644
0,post_rope,125,0.05681651085615158
0,post_rope,126,0.05586889386177063
0,post_rope,127,0.05532153695821762
0,post_rope,128,0.054960574954748154
0,post_rope,129,0.05439314991235733
0,post_rope,130,0.05388234555721283
0,post_rope,131,0.05337193235754967
0,post_rope,132,0.052740853279829025
0,post_rope,133,0.05155209079384804
0,post_rope,134,0.05079150199890137
0,post_rope,135,0.050395555794239044
0,post_rope,136,0.049219224601984024
0,post_rope,137,0.04848625883460045
0,post_rope,138,0.04826175048947334
0,post_rope,139,0.04778335615992546
0,post_rope,140,0.04742589592933655
0,post_rope,141,0.04667459800839424
0,post_rope,142,0.04589526727795601
0,post_rope,143,0.0455806739628315
0,post_rope,144,0.045122966170310974
0,post_rope,145,0.04465038329362869
0,post_rope,146,0.04424089565873146
0,post_rope,147,0.043813250958919525
0,post_rope,148,0.04313022643327713
0,post_rope,149,0.043086886405944824
0,post_rope,150,0.04232711344957352
0,post_rope,151,0.04191314056515694
0,post_rope,152,0.041429560631513596
0,post_rope,153,0.04102366045117378
0,post_rope,154,0.04059167206287384
0,post_rope,155,0.04003358632326126
0,post_rope,156,0.039507050067186356
0,post_rope,157,0.03918486088514328
0,post_rope,158,0.039065759629011154
0,post_rope,159,0.03876497596502304
0,post_rope,160,0.03815124183893204
0,post_rope,161,0.03754488006234169
0,post_rope,162,0.03697621077299118
0,post_rope,163,0.03651544824242592
0,post_rope,164,0.036363594233989716
0,post_rope,165,0.03606114163994789
0,post_rope,166,0.035856883972883224
0,post_rope,167,0.034791067242622375
0,post_rope,168,0.03448446840047836
0,post_rope,169,0.0338379368185997
0,post_rope,170,0.03336351737380028
0,post_rope,171,0.03261497616767883
0,post_rope,172,0.032162848860025406
0,post_rope,173,0.03196462616324425
0,post_rope,174,0.03157541900873184
0,post_rope,175,0.031003784388303757
0,post_rope,176,0.030090609565377235
0,post_rope,177,0.029981302097439766
0,post_rope,178,0.02954774536192417
0,post_rope,179,0.029413992539048195
0,post_rope,180,0.028725814074277878
0,post_rope,181,0.028592968359589577
0,post_rope,182,0.02853175811469555
0,post_rope,183,0.028048424050211906
0,post_rope,184,0.027599476277828217
0,post_rope,185,0.02752922847867012
0,post_rope,186,0.027422605082392693
0,post_rope,187,0.02728656306862831
0,post_rope,188,0.02678282931447029
0,post_rope,189,0.026594478636980057
0,post_rope,190,0.026275645941495895
0,post_rope,191,0.026221975684165955
0,post_rope,192,0.025870610028505325
0,post_rope,193,0.0256669819355011
0,post_rope,194,0.025432461872696877
0,post_rope,195,0.025139641016721725
0,post_rope,196,0.024950899183750153
0,post_rope,197,0.024506354704499245
0,post_rope,198,0.024269113317131996
0,post_rope,199,0.024008451029658318
0,post_rope,200,0.02365035004913807
0,post_rope,201,0.02341572940349579
0,post_rope,202,0.022670384496450424
0,post_rope,203,0.021920517086982727
0,post_rope,204,0.021805381402373314
0,post_rope,205,0.021743422374129295
0,post_rope,206,0.021356215700507164
0,post_rope,207,0.02123750001192093
0,post_rope,208,0.01985490508377552
0,post_rope,209,0.01935657486319542
0,post_rope,210,0.018017159774899483
0,post_rope,211,0.01765897311270237
0,post_rope,212,0.016882717609405518
0,post_rope,213,0.015886515378952026
0,post_rope,214,0.015571704134345055
0,post_rope,215,0.015185489319264889
0,post_rope,216,0.014695202931761742
0,post_rope,217,0.014352020807564259
0,post_rope,218,0.013225327245891094
0,post_rope,219,0.012146670371294022
0,post_rope,220,0.011564315296709538
0,post_rope,221,0.011304838582873344
0,post_rope,222,0.01099981740117073
0,post_rope,223,0.010445704683661461
0,post_rope,224,0.009460664354264736
0,post_rope,225,0.00896838866174221
0,post_rope,226,0.008584116585552692
0,post_rope,227,0.008104839362204075
0,post_rope,228,0.00757562043145299
0,post_rope,229,0.007200110703706741
0,post_rope,230,0.007059036288410425
0,post_rope,231,0.006570778321474791
0,post_rope,232,0.006266152951866388
0,post_rope,233,0.0057371435686945915
0,post_rope,234,0.0054135010577738285
0,post_rope,235,0.004885868169367313
0,post_rope,236,0.004484622273594141
0,post_rope,237,0.00431408267468214
0,post_rope,238,0.003894404973834753
0,post_rope,239,0.0036670942790806293
0,post_rope,240,0.003578929230570793
0,post_rope,241,0.002921903505921364
0,post_rope,242,0.00282556121237576
0,post_rope,243,0.002515200525522232
0,post_rope,244,0.0022663285490125418
0,post_rope,245,0.002054409822449088
0,post_rope,246,0.0019211906474083662
0,post_rope,247,0.001850439584814012
0,post_rope,248,0.001514153671450913
0,post_rope,249,0.0013339699944481254
0,post_rope,250,0.0010975983459502459
0,post_rope,251,0.001042972318828106
0,post_rope,252,0.000755702902097255
0,post_rope,253,0.0004734753165394068
0,post_rope,254,0.00042487517930567265
0,post_rope,255,0.0003040473675355315
0,post_rope,256,0.00023606725153513253
1,pre_rope,1,1.0
1,pre_rope,2,0.1687145233154297
1,pre_rope,3,0.13420571386814117
1,pre_rope,4,0.11333832889795303
1,pre_rope,5,0.10021212697029114
1,pre_rope,6,0.08836393803358078
1,pre_rope,7,0.07876994460821152
1,pre_rope,8,0.07028824836015701
1,pre_rope,9,0.06382288783788681
1,pre_rope,10,0.058819208294153214
1,pre_rope,11,0.05002483353018761
1,pre_rope,12,0.04508158564567566
1,pre_rope,13,0.04476040229201317
1,pre_rope,14,0.03894013166427612
1,pre_rope,15,0.03611234948039055
1,pre_rope,16,0.034789931029081345
1,pre_rope,17,0.03147149085998535
1,pre_rope,18,0.02906910702586174
1,pre_rope,19,0.02813037298619747
1,pre_rope,20,0.026063622906804085
1,pre_rope,21,0.02484394609928131
1,pre_rope,22,0.023442218080163002
1,pre_rope,23,0.02226969040930271
1,pre_rope,24,0.02159062586724758
1,pre_rope,25,0.020891208201646805
1,pre_rope,26,0.01943708397448063
1,pre_rope,27,0.019012033939361572
1,pre_rope,28,0.01852571777999401
1,pre_rope,29,0.01779669150710106
1,pre_rope,30,0.017388230189681053
1,pre_rope,31,0.016947247087955475
1,pre_rope,32,0.016393646597862244
1,pre_rope,33,0.014967457391321659
1,pre_rope,34,0.014405735768377781
1,pre_rope,35,0.014274932444095612
1,pre_rope,36,0.013946335762739182
1,pre_rope,37,0.013677600771188736
1,pre_rope,38,0.013545255176723003
1,pre_rope,39,0.012925711460411549
1,pre_rope,40,0.012539810501039028
1,pre_rope,41,0.01213004719465971
1,pre_rope,42,0.011798948049545288
1,pre_rope,43,0.011654063127934933
1,pre_rope,44,0.010615206323564053
1,pre_rope,45,0.010414430871605873
1,pre_rope,46,0.010159021243453026
1,pre_rope,47,0.010009349323809147
1,pre_rope,48,0.009914804250001907
1,pre_rope,49,0.009704305790364742
1,pre_rope,50,0.009534179233014584
1,pre_rope,51,0.009112092666327953
1,pre_rope,52,0.008861838839948177
1,pre_rope,53,0.008795304223895073
1,pre_rope,54,0.00855974480509758
1,pre_rope,55,0.00840005837380886
1,pre_rope,56,0.00829613208770752
1,pre_rope,57,0.00802092719823122
1,pre_rope,58,0.007830454967916012
1,pre_rope,59,0.007662659045308828
1,pre_rope,60,0.0074828015640378
1,pre_rope,61,0.007389653939753771
1,pre_rope,62,0.007178186438977718
1,pre_rope,63,0.00692616356536746
1,pre_rope,64,0.006870526820421219
1,pre_rope,65,0.006759156472980976
1,pre_rope,66,0.006503371987491846
1,pre_rope,67,0.006388493813574314
1,pre_rope,68,0.006128731183707714
1,pre_rope,69,0.006047524977475405
1,pre_rope,70,0.006014050915837288
1,pre_rope,71,0.005827740766108036
1,pre_rope,72,0.005799493752419949
1,pre_rope,73,0.005669714417308569
1,pre_rope,74,0.005566031206399202
1,pre_rope,75,0.005448829848319292
1,pre_rope,76,0.005431781522929668
1,pre_rope,77,0.005284731741994619
1,pre_rope,78,0.005201051011681557
1,pre_rope,79,0.005124810617417097
1,pre_rope,80,0.0051085143350064754
1,pre_rope,81,0.0050607952289283276
1,pre_rope,82,0.0049190158024430275
1,pre_rope,83,0.00484043313190341
1,pre_rope,84,0.004772697575390339
1,pre_rope,85,0.004690936300903559
1,pre_rope,86,0.004659767262637615
1,pre_rope,87,0.0045470548793673515
1,pre_rope,88,0.004500165116041899
1,pre_rope,89,0.004349406808614731
1,pre_rope,90,0.00433460483327508
1,pre_rope,91,0.004245670046657324
1,pre_rope,92,0.004182546399533749
1,pre_rope,93,0.004158820025622845
1,pre_rope,94,0.0041068498976528645
1,pre_rope,95,0.003999808803200722
1,pre_rope,96,0.0039811767637729645
1,pre_rope,97,0.003926683217287064
1,pre_rope,98,0.003853464499115944
1,pre_rope,99,0.0037828143686056137
1,pre_rope,100,0.003747922834008932
1,pre_rope,101,0.0037104389630258083
1,pre_rope,102,0.0036053883377462626
1,pre_rope,103,0.0035764046479016542
1,pre_rope,104,0.003514855168759823
1,pre_rope,105,0.003474227851256728
1,pre_rope,106,0.003445130307227373
1,pre_rope,107,0.0033659827895462513
1,pre_rope,108,0.0033430487383157015
1,pre_rope,109,0.003286524210125208
1,pre_rope,110,0.003224716754630208
1,pre_rope,111,0.003130497643724084
1,pre_rope,112,0.0030932757072150707
1,pre_rope,113,0.003051669569686055
1,pre_rope,114,0.0030307937413454056
1,pre_rope,115,0.003001802135258913
1,pre_rope,116,0.002952949609607458
1,pre_rope,117,0.002849987940862775
1,pre_rope,118,0.002836395287886262
1,pre_rope,119,0.002773779910057783
1,pre_rope,120,0.0027568796649575233
1,pre_rope,121,0.0027353609912097454
1,pre_rope,122,0.0027036010287702084
1,pre_rope,123,0.002638599369674921
1,pre_rope,124,0.002621128922328353
1,pre_rope,125,0.002551476703956723
1,pre_rope,126,0.002514626830816269
1,pre_rope,127,0.002488240832462907
1,pre_rope,128,0.0024839132092893124
1,pre_rope,129,0.002465770812705159
1,pre_rope,130,0.0024123552720993757
1,pre_rope,131,0.0023692504037171602
1,pre_rope,132,0.002357249381020665
1,pre_rope,133,0.002327368129044771
1,pre_rope,134,0.0023065621498972178
1,pre_rope,135,0.0022694070357829332
1,pre_rope,136,0.0022373953834176064
1,pre_rope,137,0.0022048656828701496
1,pre_rope,138,0.002179023576900363
1,pre_rope,139,0.0021221463102847338
1,pre_rope,140,0.0020955686923116446
1,pre_rope,141,0.0020603651646524668
1,pre_rope,142,0.0020023498218506575
1,pre_rope,143,0.0019869222305715084
1,pre_rope,144,0.0019713223446160555
1,pre_rope,145,0.0019225734286010265
1,pre_rope,146,0.001910343999043107
1,pre_rope,147,0.0018739119404926896
1,pre_rope,148,0.001855751033872366
1,pre_rope,149,0.0018217600882053375
1,pre_rope,150,0.001798945595510304
1,pre_rope,151,0.001755302189849317
1,pre_rope,152,0.0017453855834901333
1,pre_rope,153,0.0017226702766492963
1,pre_rope,154,0.0016955224564298987
1,pre_rope,155,0.0016619318630546331
1,pre_rope,156,0.0016552623128518462
1,pre_rope,157,0.001638049609027803
1,pre_rope,158,0.001582594821229577
1,pre_rope,159,0.0015666579129174352
1,pre_rope,160,0.0015576125588268042
1,pre_rope,161,0.001544508500955999
1,pre_rope,162,0.0014987153699621558
1,pre_rope,163,0.0014883356634527445
1,pre_rope,164,0.0014825852122157812
1,pre_rope,165,0.001468717004172504
1,pre_rope,166,0.0014335528248921037
1,pre_rope,167,0.0013868160312995315
1,pre_rope,168,0.0013640798861160874
1,pre_rope,169,0.0013497361214831471
1,pre_rope,170,0.0013423911295831203
1,pre_rope,171,0.0013134930050000548
1,pre_rope,172,0.0012872812803834677
1,pre_rope,173,0.0012865044409409165
1,pre_rope,174,0.0012545807985588908
1,pre_rope,175,0.001243889331817627
1,pre_rope,176,0.0012383324792608619
1,pre_rope,177,0.0011989041231572628
1,pre_rope,178,0.0011845030821859837
1,pre_rope,179,0.001163370325230062
1,pre_rope,180,0.001137124141678214
1,pre_rope,181,0.0011117139365524054
1,pre_rope,182,0.001089214812964201
1,pre_rope,183,0.0010699138510972261
1,pre_rope,184,0.0010365506168454885
1,pre_rope,185,0.0010293148225173354
1,pre_rope,186,0.0010135764023289084
1,pre_rope,187,0.0009952662512660027
1,pre_rope,188,0.0009762555127963424
1,pre_rope,189,0.0009595980518497527
1,pre_rope,190,0.0009318069205619395
1,pre_rope,191,0.0009217840852215886
1,pre_rope,192,0.0009106151410378516
1,pre_rope,193,0.000907407549675554
1,pre_rope,194,0.0008766824030317366
1,pre_rope,195,0.0008510536281391978
1,pre_rope,196,0.0008434652700088918
1,pre_rope,197,0.0008353084558621049
1,pre_rope,198,0.0008127050823532045
1,pre_rope,199,0.0008034177590161562
1,pre_rope,200,0.0007960012881085277
1,pre_rope,201,0.0007784246699884534
1,pre_rope,202,0.0007593175396323204
1,pre_rope,203,0.0007553062750957906
1,pre_rope,204,0.0007283227751031518
1,pre_rope,205,0.000726268335711211
1,pre_rope,206,0.0007185286376625299
1,pre_rope,207,0.0006935112178325653
1,pre_rope,208,0.0006743673584423959
1,pre_rope,209,0.0006530702230520546
1,pre_rope,210,0.0006267930148169398
1,pre_rope,211,0.0006163730286061764
1,pre_rope,212,0.0005985534517094493
1,pre_rope,213,0.0005866966093890369
1,pre_rope,214,0.0005743675283156335
1,pre_rope,215,0.000563091307412833
1,pre_rope,216,0.0005450416938401759
1,pre_rope,217,0.0005333698936738074
1,pre_rope,218,0.0005238077137619257
1,pre_rope,219,0.0005139776039868593
1,pre_rope,220,0.0004997325013391674
1,pre_rope,221,0.0004816795408260077
1,pre_rope,222,0.0004747959319502115
1,pre_rope,223,0.00046618067426607013
1,pre_rope,224,0.0004440248594619334
1,pre_rope,225,0.00043161658686585724
1,pre_rope,226,0.00042010252946056426
1,pre_rope,227,0.00039206520887091756
1,pre_rope,228,0.000385548104532063
1,pre_rope,229,0.00038192718056961894
1,pre_rope,230,0.0003572943969629705
1,pre_rope,231,0.0003475898702163249
1,pre_rope,232,0.00033058426924981177
1,pre_rope,233,0.0003063952026423067
1,pre_rope,234,0.0002864001435227692
1,pre_rope,235,0.00026116782100871205
1,pre_rope,236,0.00024197774473577738
1,pre_rope,237,0.00022012722911313176
1,pre_rope,238,0.00020618669805116951
1,pre_rope,239,0.0001948243734659627
1,pre_rope,240,0.00016469653928652406
1,pre_rope,241,0.00014406889386009425
1,pre_rope,242,0.0001382877817377448
1,pre_rope,243,0.00012646646064240485
1,pre_rope,244,0.00011017997894668952
1,pre_rope,245,0.00010287378245266154
1,pre_rope,246,8.727970998734236e-05
1,pre_rope,247,8.184520265785977e-05
1,pre_rope,248,8.10879937489517e-05
1,pre_rope,249,5.784623499494046e-05
1,pre_rope,250,4.832885679206811e-05
1,pre_rope,251,3.3719377825036645e-05
1,pre_rope,252,2.892892007366754e-05
1,pre_rope,253,2.456385118421167e-05
1,pre_rope,254,2.325522291357629e-05
1,pre_rope,255,1.9708972104126588e-05
1,pre_rope,256,1.7169131751870736e-05
1,post_rope,1,1.0
1,post_rope,2,0.9482271671295166
1,post_rope,3,0.6218308210372925
1,post_rope,4,0.5349797606468201
1,post_rope,5,0.5321229696273804
1,post_rope,6,0.46870899200439453
1,post_rope,7,0.4173484146595001
1,post_rope,8,0.415816992521286
1,post_rope,9,0.41473475098609924
1,post_rope,10,0.3214249312877655
1,post_rope,11,0.32057371735572815
1,post_rope,12,0.2847956717014313
1,post_rope,13,0.2838818430900574
1,post_rope,14,0.2820589542388916
1,post_rope,15,0.273076593875885
1,post_rope,16,0.24752011895179749
1,post_rope,17,0.24570955336093903
1,post_rope,18,0.2412988245487213
1,post_rope,19,0.24008513987064362
1,post_rope,20,0.23606866598129272
1,post_rope,21,0.22591525316238403
1,post_rope,22,0.22379939258098602
1,post_rope,23,0.21175116300582886
1,post_rope,24,0.2110913246870041
1,post_rope,25,0.20285706222057343
1,post_rope,26,0.19827166199684143
1,post_rope,27,0.18573616445064545
1,post_rope,28,0.1840572953224182
1,post_rope,29,0.17671161890029907
1,post_rope,30,0.17569603025913239
1,post_rope,31,0.16029390692710876
1,post_rope,32,0.15936501324176788
1,post_rope,33,0.15521149337291718
1,post_rope,34,0.1537603884935379
1,post_rope,35,0.1475282907485962
1,post_rope,36,0.14060375094413757
1,post_rope,37,0.13618940114974976
1,post_rope,38,0.1349996030330658
1,post_rope,39,0.12482087314128876
1,post_rope,40,0.12375133484601974
1,post_rope,41,0.12005949765443802
1,post_rope,42,0.1139034554362297
1,post_rope,43,0.1101466715335846
1,post_rope,44,0.10674881190061569
1,post_rope,45,0.10575176775455475
1,post_rope,46,0.09654342383146286
1,post_rope,47,0.09512754529714584
1,post_rope,48,0.09480714052915573
1,post_rope,49,0.09445023536682129
1,post_rope,50,0.0928560271859169
1,post_rope,51,0.0912247821688652
1,post_rope,52,0.08962967991828918
1,post_rope,53,0.08805064857006073
1,post_rope,54,0.08660745620727539
1,post_rope,55,0.08532902598381042
1,post_rope,56,0.08404994755983353
1,post_rope,57,0.08253120630979538
1,post_rope,58,0.0812949538230896
1,post_rope,59,0.07973306626081467
1,post_rope,60,0.079506516456604
1,post_rope,61,0.07883066684007645
1,post_rope,62,0.07737737894058228
1,post_rope,63,0.07704612612724304
1,post_rope,64,0.07659927755594254
1,post_rope,65,0.0756378024816513
1,post_rope,66,0.0748402327299118
1,post_rope,67,0.07374664396047592
1,post_rope,68,0.07301685959100723
1,post_rope,69,0.07282747328281403
1,post_rope,70,0.07200270146131516
1,post_rope,71,0.07180816680192947
1,post_rope,72,0.07095500081777573
1,post_rope,73,0.07026353478431702
1,post_rope,74,0.0694984719157219
1,post_rope,75,0.06901770085096359
1,post_rope,76,0.06856570392847061
1,post_rope,77,0.06815288960933685
1,post_rope,78,0.06736166030168533
1,post_rope,79,0.06677202880382538
1,post_rope,80,0.06651771813631058
1,post_rope,81,0.06521447002887726
1,post_rope,82,0.0641087219119072
1,post_rope,83,0.06313932687044144
1,post_rope,84,0.06277914345264435
1,post_rope,85,0.0614318810403347
1,post_rope,86,0.06081162020564079
1,post_rope,87,0.05953821912407875
1,post_rope,88,0.058848802000284195
1,post_rope,89,0.058099959045648575
1,post_rope,90,0.05729028210043907
1,post_rope,91,0.05688663572072983
1,post_rope,92,0.0566798560321331
1,post_rope,93,0.05658984184265137
1,post_rope,94,0.05580475181341171
1,post_rope,95,0.055429019033908844
1,post_rope,96,0.05521202087402344
1,post_rope,97,0.055157627910375595
1,post_rope,98,0.054742664098739624
1,post_rope,99,0.05427495762705803
1,post_rope,100,0.053694769740104675
1,post_rope,101,0.05298971012234688
1,post_rope,102,0.05242352560162544
1,post_rope,103,0.05189566686749458
1,post_rope,104,0.05175985023379326
1,post_rope,105,0.05105193704366684
1,post_rope,106,0.05087265744805336
1,post_rope,107,0.05034750699996948
1,post_rope,108,0.049582917243242264
1,post_rope,109,0.04908975586295128
1,post_rope,110,0.048759572207927704
1,post_rope,111,0.04808211326599121
1,post_rope,112,0.04740709438920021
1,post_rope,113,0.04740159586071968
1,post_rope,114,0.04686099290847778
1,post_rope,115,0.04645784944295883
1,post_rope,116,0.046077318489551544
1,post_rope,117,0.045890673995018005
1,post_rope,118,0.04547847807407379
1,post_rope,119,0.04514811933040619
1,post_rope,120,0.044809695333242416
1,post_rope,121,0.044629864394664764
1,post_rope,122,0.044211436063051224
1,post_rope,123,0.04406806826591492
1,post_rope,124,0.0435834638774395
1,post_rope,125,0.04314297437667847
1,post_rope,126,0.042545512318611145
1,post_rope,127,0.042402807623147964
1,post_rope,128,0.041883230209350586
1,post_rope,129,0.041525647044181824
1,post_rope,130,0.041463833302259445
1,post_rope,131,0.04114968329668045
1,post_rope,132,0.04087352007627487
1,post_rope,133,0.040694668889045715
1,post_rope,134,0.04039821773767471
1,post_rope,135,0.040087033063173294
1,post_rope,136,0.039942968636751175
1,post_rope,137,0.03984854370355606
1,post_rope,138,0.03920069336891174
1,post_rope,139,0.038753096014261246
1,post_rope,140,0.038425687700510025
1,post_rope,141,0.03833054378628731
1,post_rope,142,0.03825192153453827
1,post_rope,143,0.037940528243780136
1,post_rope,144,0.03775494918227196
1,post_rope,145,0.03734937310218811
1,post_rope,146,0.03697352483868599
1,post_rope,147,0.03675131872296333
1,post_rope,148,0.03655131906270981
1,post_rope,149,0.036256540566682816
1,post_rope,150,0.03538443148136139
1,post_rope,151,0.03514685854315758
1,post_rope,152,0.03513820469379425
1,post_rope,153,0.034769538789987564
1,post_rope,154,0.03397497907280922
1,post_rope,155,0.033722009509801865
1,post_rope,156,0.03346092626452446
1,post_rope,157,0.03313805162906647
1,post_rope,158,0.032837532460689545
1,post_rope,159,0.03252333402633667
1,post_rope,160,0.03232359513640404
1,post_rope,161,0.0320083349943161
1,post_rope,162,0.03169061243534088
1,post_rope,163,0.03135998174548149
1,post_rope,164,0.03120572492480278
1,post_rope,165,0.031059661880135536
1,post_rope,166,0.03078419901430607
1,post_rope,167,0.03037923388183117
1,post_rope,168,0.030073506757616997
1,post_rope,169,0.02993127517402172
1,post_rope,170,0.02962539531290531
1,post_rope,171,0.02899532951414585
1,post_rope,172,0.02884809300303459
1,post_rope,173,0.02880537509918213
1,post_rope,174,0.028451858088374138
1,post_rope,175,0.028295116499066353
1,post_rope,176,0.028139591217041016
1,post_rope,177,0.027902059257030487
1,post_rope,178,0.027498170733451843
1,post_rope,179,0.027404241263866425
1,post_rope,180,0.026994865387678146
1,post_rope,181,0.02695387601852417
1,post_rope,182,0.026569781824946404
1,post_rope,183,0.026258137077093124
1,post_rope,184,0.026179665699601173
1,post_rope,185,0.025594651699066162
1,post_rope,186,0.025154223665595055
1,post_rope,187,0.024985074996948242
1,post_rope,188,0.02454197034239769
1,post_rope,189,0.024492749944329262
1,post_rope,190,0.024157032370567322
1,post_rope,191,0.023801583796739578
1,post_rope,192,0.023276744410395622
1,post_rope,193,0.02290993556380272
1,post_rope,194,0.022842712700366974
1,post_rope,195,0.02255142293870449
1,post_rope,196,0.021729886531829834
1,post_rope,197,0.020761264488101006
1,post_rope,198,0.020314525812864304
1,post_rope,199,0.020037909969687462
1,post_rope,200,0.019865479320287704
1,post_rope,201,0.01963263563811779
1,post_rope,202,0.019557662308216095
1,post_rope,203,0.019091030582785606
1,post_rope,204,0.018858104944229126
1,post_rope,205,0.01883336901664734
1,post_rope,206,0.01828567311167717
1,post_rope,207,0.017874160781502724
1,post_rope,208,0.017620529979467392
1,post_rope,209,0.017318351194262505
1,post_rope,210,0.016377782449126244
1,post_rope,211,0.015942959114909172
1,post_rope,212,0.015379052609205246
1,post_rope,213,0.014797743409872055
1,post_rope,214,0.014397160150110722
1,post_rope,215,0.013476254418492317
1,post_rope,216,0.01305326633155346
1,post_rope,217,0.012817919254302979
1,post_rope,218,0.012720066122710705
1,post_rope,219,0.01223304495215416
1,post_rope,220,0.011651184409856796
1,post_rope,221,0.011299454607069492
1,post_rope,222,0.010969514027237892
1,post_rope,223,0.01037761103361845
1,post_rope,224,0.010092003270983696
1,post_rope,225,0.009864769876003265
1,post_rope,226,0.009553048759698868
1,post_rope,227,0.009231507778167725
1,post_rope,228,0.008833694271743298
1,post_rope,229,0.008265345357358456
1,post_rope,230,0.007927372120320797
1,post_rope,231,0.007394546642899513
1,post_rope,232,0.007353303954005241
1,post_rope,233,0.0068730320781469345
1,post_rope,234,0.006674294825643301
1,post_rope,235,0.006332376040518284
1,post_rope,236,0.005998437292873859
1,post_rope,237,0.005401066970080137
1,post_rope,238,0.004985510837286711
1,post_rope,239,0.004864778835326433
1,post_rope,240,0.004615776240825653
1,post_rope,241,0.0038962203543633223
1,post_rope,242,0.0036076109390705824
1,post_rope,243,0.0034036808647215366
1,post_rope,244,0.0028510037809610367
1,post_rope,245,0.0027886598836630583
1,post_rope,246,0.0022085155360400677
1,post_rope,247,0.0019231075420975685
1,post_rope,248,0.0016604296397417784
1,post_rope,249,0.001505106221884489
1,post_rope,250,0.00130502600222826
1,post_rope,251,0.0011025788262486458
1,post_rope,252,0.001009796978905797
1,post_rope,253,0.0008889867458492517
1,post_rope,254,0.0005700764013454318
1,post_rope,255,0.0004855878069065511
1,post_rope,256,0.0003946106880903244
2,pre_rope,1,1.0
2,pre_rope,2,0.15719254314899445
2,pre_rope,3,0.14116045832633972
2,pre_rope,4,0.11690948903560638
2,pre_rope,5,0.11047154664993286
2,pre_rope,6,0.09703631699085236
2,pre_rope,7,0.09269747883081436
2,pre_rope,8,0.09022673219442368
2,pre_rope,9,0.08711624890565872
2,pre_rope,10,0.08548873662948608
2,pre_rope,11,0.0807158350944519
2,pre_rope,12,0.07536777853965759
2,pre_rope,13,0.07487058639526367
2,pre_rope,14,0.07040959596633911
2,pre_rope,15,0.06834378838539124
2,pre_rope,16,0.06677544116973877
2,pre_rope,17,0.06520993262529373
2,pre_rope,18,0.06415417045354843
2,pre_rope,19,0.06310391426086426
2,pre_rope,20,0.06060758978128433
2,pre_rope,21,0.05858316272497177
2,pre_rope,22,0.05766889452934265
2,pre_rope,23,0.05666397139430046
2,pre_rope,24,0.05640573054552078
2,pre_rope,25,0.05371757596731186
2,pre_rope,26,0.05220524221658707
2,pre_rope,27,0.05052129924297333
2,pre_rope,28,0.05024290829896927
2,pre_rope,29,0.048619285225868225
2,pre_rope,30,0.04749548062682152
2,pre_rope,31,0.04660968855023384
2,pre_rope,32,0.04557492583990097
2,pre_rope,33,0.04440773278474808
2,pre_rope,34,0.04337800666689873
2,pre_rope,35,0.04210202023386955
2,pre_rope,36,0.04014530032873154
2,pre_rope,37,0.0390625074505806
2,pre_rope,38,0.038609202951192856
2,pre_rope,39,0.038237012922763824
2,pre_rope,40,0.03746062517166138
2,pre_rope,41,0.03664975240826607
2,pre_rope,42,0.0362405963242054
2,pre_rope,43,0.035656560212373734
2,pre_rope,44,0.0350387878715992
2,pre_rope,45,0.03486110270023346
2,pre_rope,46,0.03436686843633652
2,pre_rope,47,0.03409508243203163
2,pre_rope,48,0.033603668212890625
2,pre_rope,49,0.033029649406671524
2,pre_rope,50,0.032272253185510635
2,pre_rope,51,0.03162727877497673
2,pre_rope,52,0.03126246854662895
2,pre_rope,53,0.030380848795175552
2,pre_rope,54,0.029880667105317116
2,pre_rope,55,0.02953939512372017
2,pre_rope,56,0.028803855180740356
2,pre_rope,57,0.02870144695043564
2,pre_rope,58,0.02819841168820858
2,pre_rope,59,0.027611656114459038
2,pre_rope,60,0.027141965925693512
2,pre_rope,61,0.02665303461253643
2,pre_rope,62,0.02626958116889
2,pre_rope,63,0.025958091020584106
2,pre_rope,64,0.02550271712243557
2,pre_rope,65,0.025286022573709488
2,pre_rope,66,0.025130296126008034
2,pre_rope,67,0.02494100295007229
2,pre_rope,68,0.024443823844194412
2,pre_rope,69,0.02365797385573387
2,pre_rope,70,0.023358363658189774
2,pre_rope,71,0.02319224365055561
2,pre_rope,72,0.02287517860531807
2,pre_rope,73,0.0225593913346529
2,pre_rope,74,0.022418996319174767
2,pre_rope,75,0.022024765610694885
2,pre_rope,76,0.021793339401483536
2,pre_rope,77,0.021616311743855476
2,pre_rope,78,0.0213315486907959
2,pre_rope,79,0.02095942571759224
2,pre_rope,80,0.02080223150551319
2,pre_rope,81,0.020193547010421753
2,pre_rope,82,0.019936759024858475
2,pre_rope,83,0.01984637789428234
2,pre_rope,84,0.019642435014247894
2,pre_rope,85,0.019502976909279823
2,pre_rope,86,0.01910942792892456
2,pre_rope,87,0.01889864355325699
2,pre_rope,88,0.018809717148542404
2,pre_rope,89,0.01857343129813671
2,pre_rope,90,0.018413661047816277
2,pre_rope,91,0.017935167998075485
2,pre_rope,92,0.01772010140120983
2,pre_rope,93,0.017637591809034348
2,pre_rope,94,0.017475903034210205
2,pre_rope,95,0.017092682421207428
2,pre_rope,96,0.016983259469270706
2,pre_rope,97,0.0165580902248621
2,pre_rope,98,0.016446154564619064
2,pre_rope,99,0.01617613062262535
2,pre_rope,100,0.016084842383861542
2,pre_rope,101,0.015912000089883804
2,pre_rope,102,0.015825890004634857
2,pre_rope,103,0.0154807697981596
2,pre_rope,104,0.015408997423946857
2,pre_rope,105,0.015298633836209774
2,pre_rope,106,0.014917752705514431
2,pre_rope,107,0.014720587991178036
2,pre_rope,108,0.014509309083223343
2,pre_rope,109,0.014454925432801247
2,pre_rope,110,0.01421818882226944
2,pre_rope,111,0.014114070683717728
2,pre_rope,112,0.01403085608035326
2,pre_rope,113,0.013794634491205215
2,pre_rope,114,0.013659695163369179
2,pre_rope,115,0.013551941141486168
2,pre_rope,116,0.013378637842833996
2,pre_rope,117,0.013183828443288803
2,pre_rope,118,0.013120905496180058
2,pre_rope,119,0.013032423332333565
2,pre_rope,120,0.01282928604632616
2,pre_rope,121,0.012795080430805683
2,pre_rope,122,0.012631358578801155
2,pre_rope,123,0.012550441548228264
2,pre_rope,124,0.012378442101180553
2,pre_rope,125,0.012226121500134468
2,pre_rope,126,0.01213303953409195
2,pre_rope,127,0.012007099576294422
2,pre_rope,128,0.011836200021207333
2,pre_rope,129,0.011597322300076485
2,pre_rope,130,0.011498566716909409
2,pre_rope,131,0.011472964659333229
2,pre_rope,132,0.011400320567190647
2,pre_rope,133,0.011234993115067482
2,pre_rope,134,0.01111914124339819
2,pre_rope,135,0.010966637171804905
2,pre_rope,136,0.010823980905115604
2,pre_rope,137,0.010760056786239147
2,pre_rope,138,0.01063349936157465
2,pre_rope,139,0.010479243472218513
2,pre_rope,140,0.010460111312568188
2,pre_rope,141,0.01038425974547863
2,pre_rope,142,0.010265972465276718
2,pre_rope,143,0.010148129425942898
2,pre_rope,144,0.010066843591630459
2,pre_rope,145,0.009982367977499962
2,pre_rope,146,0.009929274208843708
2,pre_rope,147,0.009909458458423615
2,pre_rope,148,0.009726138785481453
2,pre_rope,149,0.009538202546536922
2,pre_rope,150,0.009497183375060558
2,pre_rope,151,0.00933028943836689
2,pre_rope,152,0.00928378477692604
2,pre_rope,153,0.009220325388014317
2,pre_rope,154,0.009065323509275913
2,pre_rope,155,0.008945886045694351
2,pre_rope,156,0.008899356238543987
2,pre_rope,157,0.008833186700940132
2,pre_rope,158,0.008673525415360928
2,pre_rope,159,0.008625645190477371
2,pre_rope,160,0.00847136601805687
2,pre_rope,161,0.00840909592807293
2,pre_rope,162,0.008325470611453056
2,pre_rope,163,0.008148599416017532
2,pre_rope,164,0.008101804181933403
2,pre_rope,165,0.008038876578211784
2,pre_rope,166,0.007889694534242153
2,pre_rope,167,0.007815408520400524
2,pre_rope,168,0.007770168595016003
2,pre_rope,169,0.00768249249085784
2,pre_rope,170,0.007572399452328682
2,pre_rope,171,0.007430590223520994
2,pre_rope,172,0.007427549455314875
2,pre_rope,173,0.0073355562053620815
2,pre_rope,174,0.007275543175637722
2,pre_rope,175,0.007164651993662119
2,pre_rope,176,0.00708445068448782
2,pre_rope,177,0.006983364466577768
2,pre_rope,178,0.00682091573253274
2,pre_rope,179,0.006749188061803579
2,pre_rope,180,0.006660138722509146
2,pre_rope,181,0.006618170998990536
2,pre_rope,182,0.006529992911964655
2,pre_rope,183,0.006469648331403732
2,pre_rope,184,0.0063676778227090836
2,pre_rope,185,0.006346234120428562
2,pre_rope,186,0.0062537528574466705
2,pre_rope,187,0.006211172789335251
2,pre_rope,188,0.006129452958703041
2,pre_rope,189,0.006023332942277193
2,pre_rope,190,0.0059402077458798885
2,pre_rope,191,0.005932490807026625
2,pre_rope,192,0.005831584800034761
2,pre_rope,193,0.005822032690048218
2,pre_rope,194,0.005637173540890217
2,pre_rope,195,0.005594139453023672
2,pre_rope,196,0.005559988785535097
2,pre_rope,197,0.0055192806757986546
2,pre_rope,198,0.0054242354817688465
2,pre_rope,199,0.005342748947441578
2,pre_rope,200,0.005256688687950373
2,pre_rope,201,0.005169798620045185
2,pre_rope,202,0.005146440118551254
2,pre_rope,203,0.005102214403450489
2,pre_rope,204,0.005036544520407915
2,pre_rope,205,0.004996695090085268
2,pre_rope,206,0.004906090442091227
2,pre_rope,207,0.004856727086007595
2,pre_rope,208,0.004791901912540197
2,pre_rope,209,0.004759224131703377
2,pre_rope,210,0.004691076464951038
2,pre_rope,211,0.004634505603462458
2,pre_rope,212,0.004566659685224295
2,pre_rope,213,0.004538165871053934
2,pre_rope,214,0.004461158532649279
2,pre_rope,215,0.004445188213139772
2,pre_rope,216,0.004318661522120237
2,pre_rope,217,0.004254746716469526
2,pre_rope,218,0.004189543891698122
2,pre_rope,219,0.004119547083973885
2,pre_rope,220,0.004099296405911446
2,pre_rope,221,0.004012982826679945
2,pre_rope,222,0.003911211621016264
2,pre_rope,223,0.003900151001289487
2,pre_rope,224,0.0038321467582136393
2,pre_rope,225,0.003793521085754037
2,pre_rope,226,0.003777900245040655
2,pre_rope,227,0.0036808119621127844
2,pre_rope,228,0.003574059810489416
2,pre_rope,229,0.0035665081813931465
2,pre_rope,230,0.003485466819256544
2,pre_rope,231,0.0034408140927553177
2,pre_rope,232,0.0033858756069093943
2,pre_rope,233,0.0032877670601010323
2,pre_rope,234,0.0032668968196958303
2,pre_rope,235,0.003226795932278037
2,pre_rope,236,0.0031551066786050797
2,pre_rope,237,0.003106591524556279
2,pre_rope,238,0.0030240043997764587
2,pre_rope,239,0.002982929116114974
2,pre_rope,240,0.0029325021896511316
2,pre_rope,241,0.002870529890060425
2,pre_rope,242,0.0027995940763503313
2,pre_rope,243,0.002778254682198167
2,pre_rope,244,0.0026804874651134014
2,pre_rope,245,0.0026149374898523092
2,pre_rope,246,0.0025930344127118587
2,pre_rope,247,0.0024843604769557714
2,pre_rope,248,0.0024352564942091703
2,pre_rope,249,0.0024008657783269882
2,pre_rope,250,0.0023721891921013594
2,pre_rope,251,0.0022079809568822384
2,pre_rope,252,0.0021432889625430107
2,pre_rope,253,0.0020413044840097427
2,pre_rope,254,0.001709262258373201
2,pre_rope,255,0.0014563737204298377
2,pre_rope,256,0.001030018669553101
2,post_rope,1,1.0
2,post_rope,2,0.9378291964530945
2,post_rope,3,0.5637089610099792
2,post_rope,4,0.3097276985645294
2,post_rope,5,0.29952648282051086
2,post_rope,6,0.2569558620452881
2,post_rope,7,0.23456265032291412
2,post_rope,8,0.23336736857891083
2,post_rope,9,0.22665955126285553
2,post_rope,10,0.2047652304172516
2,post_rope,11,0.2036609798669815
2,post_rope,12,0.19932818412780762
2,post_rope,13,0.198625847697258
2,post_rope,14,0.1981610506772995
2,post_rope,15,0.19738420844078064
2,post_rope,16,0.19656240940093994
2,post_rope,17,0.19447754323482513
2,post_rope,18,0.18970629572868347
2,post_rope,19,0.18860362470149994
2,post_rope,20,0.18383100628852844
2,post_rope,21,0.18206362426280975
2,post_rope,22,0.1801975518465042
2,post_rope,23,0.17780815064907074
2,post_rope,24,0.17608217895030975
2,post_rope,25,0.17377963662147522
2,post_rope,26,0.1684613674879074
2,post_rope,27,0.16154266893863678
2,post_rope,28,0.15895599126815796
2,post_rope,29,0.15753883123397827
2,post_rope,30,0.15413646399974823
2,post_rope,31,0.1534564048051834
2,post_rope,32,0.15240874886512756
2,post_rope,33,0.15026694536209106
2,post_rope,34,0.14593009650707245
2,post_rope,35,0.14094863831996918
2,post_rope,36,0.13925497233867645
2,post_rope,37,0.13796456158161163
2,post_rope,38,0.13498029112815857
2,post_rope,39,0.13333618640899658
2,post_rope,40,0.13116265833377838
2,post_rope,41,0.12903441488742828
2,post_rope,42,0.1244874894618988
2,post_rope,43,0.12292082607746124
2,post_rope,44,0.12168221175670624
2,post_rope,45,0.12016347795724869
2,post_rope,46,0.11698214709758759
2,post_rope,47,0.11614616960287094
2,post_rope,48,0.1104874238371849
2,post_rope,49,0.1086941510438919
2,post_rope,50,0.10797707736492157
2,post_rope,51,0.10493054986000061
2,post_rope,52,0.10366199910640717
2,post_rope,53,0.10322873294353485
2,post_rope,54,0.10156302899122238
2,post_rope,55,0.09992612153291702
2,post_rope,56,0.0995340347290039
2,post_rope,57,0.09753742814064026
2,post_rope,58,0.09714195132255554
2,post_rope,59,0.09496716409921646
2,post_rope,60,0.09402403980493546
2,post_rope,61,0.09268048405647278
2,post_rope,62,0.0918457955121994
2,post_rope,63,0.09071516245603561
2,post_rope,64,0.09010495245456696
2,post_rope,65,0.0886073037981987
2,post_rope,66,0.08824994415044785
2,post_rope,67,0.08557775616645813
2,post_rope,68,0.0849798247218132
2,post_rope,69,0.08366659283638
2,post_rope,70,0.08272524923086166
2,post_rope,71,0.08083158731460571
2,post_rope,72,0.08059093356132507
2,post_rope,73,0.07934801280498505
2,post_rope,74,0.07919349521398544
2,post_rope,75,0.07793007045984268
2,post_rope,76,0.0775856152176857
2,post_rope,77,0.0772647112607956
2,post_rope,78,0.07632727175951004
2,post_rope,79,0.075718954205513
2,post_rope,80,0.07500781863927841
2,post_rope,81,0.07471626996994019
2,post_rope,82,0.07415357232093811
2,post_rope,83,0.07404690980911255
2,post_rope,84,0.07318232953548431
2,post_rope,85,0.07225137203931808
2,post_rope,86,0.07201426476240158
2,post_rope,87,0.07114765793085098
2,post_rope,88,0.0706808939576149
2,post_rope,89,0.07061876356601715
2,post_rope,90,0.06986736506223679
2,post_rope,91,0.06878434866666794
2,post_rope,92,0.06868593394756317
2,post_rope,93,0.06792068481445312
2,post_rope,94,0.06769203394651413
2,post_rope,95,0.06768893450498581
2,post_rope,96,0.0673069879412651
2,post_rope,97,0.06608957052230835
2,post_rope,98,0.06589287519454956
2,post_rope,99,0.06518600136041641
2,post_rope,100,0.06484398245811462
2,post_rope,101,0.0642535537481308
2,post_rope,102,0.06406555324792862
2,post_rope,103,0.0633363202214241
2,post_rope,104,0.06260206550359726
2,post_rope,105,0.06199457123875618
2,post_rope,106,0.061592403799295425
2,post_rope,107,0.06099650636315346
2,post_rope,108,0.06019630655646324
2,post_rope,109,0.05953240767121315
2,post_rope,110,0.05921440199017525
2,post_rope,111,0.05831034108996391
2,post_rope,112,0.057888954877853394
2,post_rope,113,0.0567852184176445
2,post_rope,114,0.05639052763581276
2,post_rope,115,0.05574895069003105
2,post_rope,116,0.05522632971405983
2,post_rope,117,0.054570168256759644
2,post_rope,118,0.053741585463285446
2,post_rope,119,0.05359532684087753
2,post_rope,120,0.052987657487392426
2,post_rope,121,0.05218163877725601
2,post_rope,122,0.05201146751642227
2,post_rope,123,0.051581982523202896
2,post_rope,124,0.05135750025510788
2,post_rope,125,0.05107710137963295
2,post_rope,126,0.05058615654706955
2,post_rope,127,0.05028435215353966
2,post_rope,128,0.04960571229457855
2,post_rope,129,0.04918728023767471
2,post_rope,130,0.04888086020946503
2,post_rope,131,0.048703450709581375
2,post_rope,132,0.04839765653014183
2,post_rope,133,0.048121027648448944
2,post_rope,134,0.04761626571416855
2,post_rope,135,0.04749522730708122
2,post_rope,136,0.04695570841431618
2,post_rope,137,0.04673033952713013
2,post_rope,138,0.04635731875896454
2,post_rope,139,0.04578077793121338
2,post_rope,140,0.045270029455423355
2,post_rope,141,0.04519078880548477
2,post_rope,142,0.04504784569144249
2,post_rope,143,0.044547706842422485
2,post_rope,144,0.04452379047870636
2,post_rope,145,0.04421471059322357
2,post_rope,146,0.04378587752580643
2,post_rope,147,0.043514009565114975
2,post_rope,148,0.04314803704619408
2,post_rope,149,0.04287853091955185
2,post_rope,150,0.042652830481529236
2,post_rope,151,0.042305268347263336
2,post_rope,152,0.04180698096752167
2,post_rope,153,0.041714441031217575
2,post_rope,154,0.04148745909333229
2,post_rope,155,0.04135425388813019
2,post_rope,156,0.04102226346731186
2,post_rope,157,0.040897760540246964
2,post_rope,158,0.04060346260666847
2,post_rope,159,0.040532030165195465
2,post_rope,160,0.04010787978768349
2,post_rope,161,0.0397602915763855
2,post_rope,162,0.039640940725803375
2,post_rope,163,0.03940106928348541
2,post_rope,164,0.03929613158106804
2,post_rope,165,0.038819439709186554
2,post_rope,166,0.03852075710892677
2,post_rope,167,0.03822461515665054
2,post_rope,168,0.03794685751199722
2,post_rope,169,0.03791401535272598
2,post_rope,170,0.03732592985033989
2,post_rope,171,0.03719276934862137
2,post_rope,172,0.03697972372174263
2,post_rope,173,0.0369226448237896
2,post_rope,174,0.036598268896341324
2,post_rope,175,0.03634846955537796
2,post_rope,176,0.036067795008420944
2,post_rope,177,0.03599684312939644
2,post_rope,178,0.035750094801187515
2,post_rope,179,0.03540215641260147
2,post_rope,180,0.03526964783668518
2,post_rope,181,0.03517823666334152
2,post_rope,182,0.03493912145495415
2,post_rope,183,0.03445588797330856
2,post_rope,184,0.03430313244462013
2,post_rope,185,0.03425780311226845
2,post_rope,186,0.03411169350147247
2,post_rope,187,0.033746130764484406
2,post_rope,188,0.03361500799655914
2,post_rope,189,0.03341566026210785
2,post_rope,190,0.03319738805294037
2,post_rope,191,0.03298674523830414
2,post_rope,192,0.032656263560056686
2,post_rope,193,0.03249077871441841
2,post_rope,194,0.03232359513640404
2,post_rope,195,0.0321434922516346
2,post_rope,196,0.031944695860147476
2,post_rope,197,0.031589869409799576
2,post_rope,198,0.03125734627246857
2,post_rope,199,0.030953964218497276
2,post_rope,200,0.03060404397547245
2,post_rope,201,0.03045698069036007
2,post_rope,202,0.03012991137802601
2,post_rope,203,0.02976095676422119
2,post_rope,204,0.029321307316422462
2,post_rope,205,0.029010819271206856
2,post_rope,206,0.028603995218873024
2,post_rope,207,0.028219038620591164
2,post_rope,208,0.02805984392762184
2,post_rope,209,0.02785053290426731
2,post_rope,210,0.027609921991825104
2,post_rope,211,0.027176260948181152
2,post_rope,212,0.027022430673241615
2,post_rope,213,0.026932021602988243
2,post_rope,214,0.026791376993060112
2,post_rope,215,0.026569394394755363
2,post_rope,216,0.026253877207636833
2,post_rope,217,0.026188107207417488
2,post_rope,218,0.02603384107351303
2,post_rope,219,0.025950858369469643
2,post_rope,220,0.025831781327724457
2,post_rope,221,0.025679225102066994
2,post_rope,222,0.025439778342843056
2,post_rope,223,0.025393370538949966
2,post_rope,224,0.025207417085766792
2,post_rope,225,0.02490154840052128
2,post_rope,226,0.02469497360289097
2,post_rope,227,0.024544646963477135
2,post_rope,228,0.024380959570407867
2,post_rope,229,0.02415471524000168
2,post_rope,230,0.02400287054479122
2,post_rope,231,0.023831991478800774
2,post_rope,232,0.023690851405262947
2,post_rope,233,0.023533007130026817
2,post_rope,234,0.023261165246367455
2,post_rope,235,0.023090505972504616
2,post_rope,236,0.02286602556705475
2,post_rope,237,0.022731609642505646
2,post_rope,238,0.022525211796164513
2,post_rope,239,0.0222548246383667
2,post_rope,240,0.022205229848623276
2,post_rope,241,0.02186572179198265
2,post_rope,242,0.021493883803486824
2,post_rope,243,0.02125183865427971
2,post_rope,244,0.02106713131070137
2,post_rope,245,0.020358417183160782
2,post_rope,246,0.020181704312562943
2,post_rope,247,0.019980788230895996
2,post_rope,248,0.019721129909157753
2,post_rope,249,0.018910130485892296
2,post_rope,250,0.018700692802667618
2,post_rope,251,0.018453136086463928
2,post_rope,252,0.017871608957648277
2,post_rope,253,0.01642482727766037
2,post_rope,254,0.015998030081391335
2,post_rope,255,0.015809761360287666
2,post_rope,256,0.013956766575574875
3,pre_rope,1,1.0
3,pre_rope,2,0.1581205576658249
3,pre_rope,3,0.13969123363494873
3,pre_rope,4,0.1012759804725647
3,pre_rope,5,0.09827914088964462
3,pre_rope,6,0.08752758800983429
3,pre_rope,7,0.07600688934326172
3,pre_rope,8,0.07406839728355408
3,pre_rope,9,0.0665985494852066
3,pre_rope,10,0.061038900166749954
3,pre_rope,11,0.05694105476140976
3,pre_rope,12,0.05234256759285927
3,pre_rope,13,0.0503699854016304
3,pre_rope,14,0.048269812017679214
3,pre_rope,15,0.04343518987298012
3,pre_rope,16,0.042139049619436264
3,pre_rope,17,0.03866022825241089
3,pre_rope,18,0.03618832305073738
3,pre_rope,19,0.03530413284897804
3,pre_rope,20,0.03376370295882225
3,pre_rope,21,0.03284703567624092
3,pre_rope,22,0.032262686640024185
3,pre_rope,23,0.030981924384832382
3,pre_rope,24,0.03005031868815422
3,pre_rope,25,0.029248833656311035
3,pre_rope,26,0.02820567786693573
3,pre_rope,27,0.02796712890267372
3,pre_rope,28,0.027266662567853928
3,pre_rope,29,0.025650618597865105
3,pre_rope,30,0.025136521086096764
3,pre_rope,31,0.025036556646227837
3,pre_rope,32,0.024767307564616203
3,pre_rope,33,0.0239945650100708
3,pre_rope,34,0.023762401193380356
3,pre_rope,35,0.023242557421326637
3,pre_rope,36,0.022410942241549492
3,pre_rope,37,0.021781058982014656
3,pre_rope,38,0.021763883531093597
3,pre_rope,39,0.021562544628977776
3,pre_rope,40,0.020750025287270546
3,pre_rope,41,0.020333614200353622
3,pre_rope,42,0.01984361931681633
3,pre_rope,43,0.019594579935073853
3,pre_rope,44,0.01884719356894493
3,pre_rope,45,0.01863265596330166
3,pre_rope,46,0.018416503444314003
3,pre_rope,47,0.018330566585063934
3,pre_rope,48,0.018088679760694504
3,pre_rope,49,0.017835518345236778
3,pre_rope,50,0.017652275040745735
3,pre_rope,51,0.017362041398882866
3,pre_rope,52,0.01693587377667427
3,pre_rope,53,0.016486989334225655
3,pre_rope,54,0.016366571187973022
3,pre_rope,55,0.01595914550125599
3,pre_rope,56,0.015617765486240387
3,pre_rope,57,0.015551431104540825
3,pre_rope,58,0.015201456844806671
3,pre_rope,59,0.014994768425822258
3,pre_rope,60,0.014861993491649628
3,pre_rope,61,0.01481175608932972
3,pre_rope,62,0.014515259303152561
3,pre_rope,63,0.014285746030509472
3,pre_rope,64,0.01407581940293312
3,pre_rope,65,0.01372678391635418
3,pre_rope,66,0.01370200514793396
3,pre_rope,67,0.013430346734821796
3,pre_rope,68,0.013287249952554703
3,pre_rope,69,0.013185039162635803
3,pre_rope,70,0.01280913408845663
3,pre_rope,71,0.012747465632855892
3,pre_rope,72,0.012595410458743572
3,pre_rope,73,0.012396072037518024
3,pre_rope,74,0.012201579287648201
3,pre_rope,75,0.01196556631475687
3,pre_rope,76,0.011841975152492523
3,pre_rope,77,0.0117874750867486
3,pre_rope,78,0.011612819507718086
3,pre_rope,79,0.011464093811810017
3,pre_rope,80,0.01140928640961647
3,pre_rope,81,0.011262808926403522
3,pre_rope,82,0.011053488589823246
3,pre_rope,83,0.010810786858201027
3,pre_rope,84,0.01068940944969654
3,pre_rope,85,0.010588439181447029
3,pre_rope,86,0.010499317198991776
3,pre_rope,87,0.010474372655153275
3,pre_rope,88,0.010397788137197495
3,pre_rope,89,0.01022588461637497
3,pre_rope,90,0.01021676603704691
3,pre_rope,91,0.010117066092789173
3,pre_rope,92,0.01006333902478218
3,pre_rope,93,0.0100418571382761
3,pre_rope,94,0.009789387695491314
3,pre_rope,95,0.009634614922106266
3,pre_rope,96,0.009570472873747349
3,pre_rope,97,0.009465893730521202
3,pre_rope,98,0.009325520135462284
3,pre_rope,99,0.009288689121603966
3,pre_rope,100,0.009124482981860638
3,pre_rope,101,0.009059488773345947
3,pre_rope,102,0.009022646583616734
3,pre_rope,103,0.008908811025321484
3,pre_rope,104,0.008825327269732952
3,pre_rope,105,0.008699820376932621
3,pre_rope,106,0.008645870722830296
3,pre_rope,107,0.008488323539495468
3,pre_rope,108,0.008292339742183685
3,pre_rope,109,0.008213518187403679
3,pre_rope,110,0.00815308466553688
3,pre_rope,111,0.008094591088593006
3,pre_rope,112,0.007930619642138481
3,pre_rope,113,0.007840992882847786
3,pre_rope,114,0.007776589132845402
3,pre_rope,115,0.007738342043012381
3,pre_rope,116,0.007685537915676832
3,pre_rope,117,0.007554796524345875
3,pre_rope,118,0.007488475181162357
3,pre_rope,119,0.007359213661402464
3,pre_rope,120,0.007289209868758917
3,pre_rope,121,0.007225691340863705
3,pre_rope,122,0.007198394741863012
3,pre_rope,123,0.007083068136125803
3,pre_rope,124,0.00704995496198535
3,pre_rope,125,0.007013627793639898
3,pre_rope,126,0.006961348000913858
3,pre_rope,127,0.0068984925746917725
3,pre_rope,128,0.006771145388484001
3,pre_rope,129,0.00672842375934124
3,pre_rope,130,0.0066152396611869335
3,pre_rope,131,0.00655995262786746
3,pre_rope,132,0.006526144687086344
3,pre_rope,133,0.0064664860256016254
3,pre_rope,134,0.006393308751285076
3,pre_rope,135,0.006338323466479778
3,pre_rope,136,0.006200956180691719
3,pre_rope,137,0.006159259472042322
3,pre_rope,138,0.006137175485491753
3,pre_rope,139,0.006079763639718294
3,pre_rope,140,0.006022043060511351
3,pre_rope,141,0.005982612259685993
3,pre_rope,142,0.005864943843334913
3,pre_rope,143,0.005855512339621782
3,pre_rope,144,0.0057867588475346565
3,pre_rope,145,0.005755751393735409
3,pre_rope,146,0.00573672354221344
3,pre_rope,147,0.005639852490276098
3,pre_rope,148,0.005565138999372721
3,pre_rope,149,0.005493242293596268
3,pre_rope,150,0.005459938198328018
3,pre_rope,151,0.00539739616215229
3,pre_rope,152,0.0053647831082344055
3,pre_rope,153,0.005337236914783716
3,pre_rope,154,0.0053033079020679
3,pre_rope,155,0.005217195954173803
3,pre_rope,156,0.005123958922922611
3,pre_rope,157,0.005069860257208347
3,pre_rope,158,0.005033387802541256
3,pre_rope,159,0.00500483950600028
3,pre_rope,160,0.004944088403135538
3,pre_rope,161,0.004914202727377415
3,pre_rope,162,0.004881373140960932
3,pre_rope,163,0.004831904079765081
3,pre_rope,164,0.0048256563022732735
3,pre_rope,165,0.004780130926519632
3,pre_rope,166,0.004721275996416807
3,pre_rope,167,0.004691219422966242
3,pre_rope,168,0.004634522367268801
3,pre_rope,169,0.004574009217321873
3,pre_rope,170,0.004477947484701872
3,pre_rope,171,0.004426020663231611
3,pre_rope,172,0.004415607545524836
3,pre_rope,173,0.0043900152668356895
3,pre_rope,174,0.004289719741791487
3,pre_rope,175,0.004267508164048195
3,pre_rope,176,0.004205823410302401
3,pre_rope,177,0.004169583786278963
3,pre_rope,178,0.004065928049385548
3,pre_rope,179,0.004027824383229017
3,pre_rope,180,0.004007053095847368
3,pre_rope,181,0.003970546182245016
3,pre_rope,182,0.003921349998563528
3,pre_rope,183,0.003895089728757739
3,pre_rope,184,0.0038510591257363558
3,pre_rope,185,0.003811783157289028
3,pre_rope,186,0.0037909375969320536
3,pre_rope,187,0.003754410892724991
3,pre_rope,188,0.0037095961160957813
3,pre_rope,189,0.003617753740400076
3,pre_rope,190,0.003608377417549491
3,pre_rope,191,0.0035682893358170986
3,pre_rope,192,0.0035161625128239393
3,pre_rope,193,0.003449000883847475
3,pre_rope,194,0.003427122486755252
3,pre_rope,195,0.0034138543996959925
3,pre_rope,196,0.003333986969664693
3,pre_rope,197,0.0033184944186359644
3,pre_rope,198,0.0032909319270402193
3,pre_rope,199,0.003269817912951112
3,pre_rope,200,0.003208232345059514
3,pre_rope,201,0.0031835255213081837
3,pre_rope,202,0.003140872111544013
3,pre_rope,203,0.0030880810227245092
3,pre_rope,204,0.0030678659677505493
3,pre_rope,205,0.0030337378848344088
3,pre_rope,206,0.0030072066001594067
3,pre_rope,207,0.0029802091885358095
3,pre_rope,208,0.0029472289606928825
3,pre_rope,209,0.0029375532176345587
3,pre_rope,210,0.002846564631909132
3,pre_rope,211,0.002832460682839155
3,pre_rope,212,0.0028039843309670687
3,pre_rope,213,0.0027867360040545464
3,pre_rope,214,0.0027568205259740353
3,pre_rope,215,0.002685660496354103
3,pre_rope,216,0.0026670817751437426
3,pre_rope,217,0.0026404315140098333
3,pre_rope,218,0.0025820720475167036
3,pre_rope,219,0.0025554136373102665
3,pre_rope,220,0.0025272127240896225
3,pre_rope,221,0.002482252661138773
3,pre_rope,222,0.0024608029052615166
3,pre_rope,223,0.002391994930803776
3,pre_rope,224,0.0023871450684964657
3,pre_rope,225,0.0023549015168100595
3,pre_rope,226,0.002344217151403427
3,pre_rope,227,0.0022585925180464983
3,pre_rope,228,0.002251925179734826
3,pre_rope,229,0.0022296695969998837
3,pre_rope,230,0.00218205782584846
3,pre_rope,231,0.002166286576539278
3,pre_rope,232,0.002116505289450288
3,pre_rope,233,0.0020895753987133503
3,pre_rope,234,0.0020554703660309315
3,pre_rope,235,0.0020303039345890284
3,pre_rope,236,0.0019890887197107077
3,pre_rope,237,0.0019534816965460777
3,pre_rope,238,0.0019037594320252538
3,pre_rope,239,0.0018782902043312788
3,pre_rope,240,0.001814781571738422
3,pre_rope,241,0.0017852619057521224
3,pre_rope,242,0.0017809924902394414
3,pre_rope,243,0.0016974782338365912
3,pre_rope,244,0.0016780830919742584
3,pre_rope,245,0.001653505489230156
3,pre_rope,246,0.0016125956317409873
3,pre_rope,247,0.001576153445057571
3,pre_rope,248,0.0015301817329600453
3,pre_rope,249,0.001468272297643125
3,pre_rope,250,0.0013402943732216954
3,pre_rope,251,0.00127048185095191
3,pre_rope,252,0.0012551856925711036
3,pre_rope,253,0.000968672800809145
3,pre_rope,254,0.0009391778148710728
3,pre_rope,255,0.0007562445243820548
3,pre_rope,256,0.0006004430470056832
3,post_rope,1,1.0
3,post_rope,2,0.9255428910255432
3,post_rope,3,0.6956170797348022
3,post_rope,4,0.39300432801246643
3,post_rope,5,0.3348675072193146
3,post_rope,6,0.3141818046569824
3,post_rope,7,0.30921491980552673
3,post_rope,8,0.28914791345596313
3,post_rope,9,0.28909561038017273
3,post_rope,10,0.2264210432767868
3,post_rope,11,0.22335311770439148
3,post_rope,12,0.2204107791185379
3,post_rope,13,0.2107050120830536
3,post_rope,14,0.209548681974411
3,post_rope,15,0.18590129911899567
3,post_rope,16,0.18457798659801483
3,post_rope,17,0.1797720193862915
3,post_rope,18,0.17703300714492798
3,post_rope,19,0.17222197353839874
3,post_rope,20,0.16845715045928955
3,post_rope,21,0.16707585752010345
3,post_rope,22,0.16657443344593048
3,post_rope,23,0.16584423184394836
3,post_rope,24,0.16321004927158356
3,post_rope,25,0.16286936402320862
3,post_rope,26,0.16204242408275604
3,post_rope,27,0.16185548901557922
3,post_rope,28,0.16110731661319733
3,post_rope,29,0.15934963524341583
3,post_rope,30,0.15498296916484833
3,post_rope,31,0.15478980541229248
3,post_rope,32,0.15430863201618195
3,post_rope,33,0.15310148894786835
3,post_rope,34,0.15075869858264923
3,post_rope,35,0.14753380417823792
3,post_rope,36,0.1411968618631363
3,post_rope,37,0.13957379758358002
3,post_rope,38,0.1365879625082016
3,post_rope,39,0.12674234807491302
3,post_rope,40,0.12180230021476746
3,post_rope,41,0.12065209448337555
3,post_rope,42,0.10811575502157211
3,post_rope,43,0.1071719378232956
3,post_rope,44,0.10331764817237854
3,post_rope,45,0.10050204396247864
3,post_rope,46,0.09558327496051788
3,post_rope,47,0.09417568892240524
3,post_rope,48,0.09214578568935394
3,post_rope,49,0.08720044046640396
3,post_rope,50,0.08439129590988159
3,post_rope,51,0.08339954912662506
3,post_rope,52,0.08097948133945465
3,post_rope,53,0.0791788324713707
3,post_rope,54,0.07499821484088898
3,post_rope,55,0.0734502375125885
3,post_rope,56,0.07275912910699844
3,post_rope,57,0.072110116481781
3,post_rope,58,0.06997791677713394
3,post_rope,59,0.069631427526474
3,post_rope,60,0.0692187249660492
3,post_rope,61,0.06833843141794205
3,post_rope,62,0.0672888308763504
3,post_rope,63,0.06709691137075424
3,post_rope,64,0.06568379700183868
3,post_rope,65,0.06504800915718079
3,post_rope,66,0.0648377314209938
3,post_rope,67,0.0642472356557846
3,post_rope,68,0.06373139470815659
3,post_rope,69,0.06285750865936279
3,post_rope,70,0.06125996634364128
3,post_rope,71,0.06072014942765236
3,post_rope,72,0.060403332114219666
3,post_rope,73,0.05914602801203728
3,post_rope,74,0.057989709079265594
3,post_rope,75,0.057411327958106995
3,post_rope,76,0.05678734555840492
3,post_rope,77,0.05607771873474121
3,post_rope,78,0.055648643523454666
3,post_rope,79,0.05520445480942726
3,post_rope,80,0.05486449971795082
3,post_rope,81,0.054520897567272186
3,post_rope,82,0.054114166647195816
3,post_rope,83,0.05359795317053795
3,post_rope,84,0.05274653062224388
3,post_rope,85,0.051915764808654785
3,post_rope,86,0.051820918917655945
3,post_rope,87,0.05148347094655037
3,post_rope,88,0.05090892314910889
3,post_rope,89,0.050441037863492966
3,post_rope,90,0.050142012536525726
3,post_rope,91,0.049871109426021576
3,post_rope,92,0.04969659820199013
3,post_rope,93,0.04904916137456894
3,post_rope,94,0.04895365238189697
3,post_rope,95,0.04877515509724617
3,post_rope,96,0.04840707778930664
3,post_rope,97,0.04786856472492218
3,post_rope,98,0.04755634814500809
3,post_rope,99,0.046753041446208954
3,post_rope,100,0.04610301926732063
3,post_rope,101,0.04585902392864227
3,post_rope,102,0.045655280351638794
3,post_rope,103,0.04536546766757965
3,post_rope,104,0.045073818415403366
3,post_rope,105,0.04461479187011719
3,post_rope,106,0.0444561168551445
3,post_rope,107,0.04419611766934395
3,post_rope,108,0.043976400047540665
3,post_rope,109,0.043774496763944626
3,post_rope,110,0.04338934272527695
3,post_rope,111,0.04309871047735214
3,post_rope,112,0.04286082088947296
3,post_rope,113,0.04255511984229088
3,post_rope,114,0.04235569387674332
3,post_rope,115,0.041954923421144485
3,post_rope,116,0.04161536693572998
3,post_rope,117,0.041538529098033905
3,post_rope,118,0.04109989106655121
3,post_rope,119,0.04089001566171646
3,post_rope,120,0.040680866688489914
3,post_rope,121,0.040288470685482025
3,post_rope,122,0.04011936113238335
3,post_rope,123,0.03969310224056244
3,post_rope,124,0.039620548486709595
3,post_rope,125,0.039384666830301285
3,post_rope,126,0.039181552827358246
3,post_rope,127,0.03885522857308388
3,post_rope,128,0.03870006278157234
3,post_rope,129,0.03850182145833969
3,post_rope,130,0.03835514560341835
3,post_rope,131,0.038121480494737625
3,post_rope,132,0.037781886756420135
3,post_rope,133,0.03738649562001228
3,post_rope,134,0.037227556109428406
3,post_rope,135,0.0368800014257431
3,post_rope,136,0.03663657605648041
3,post_rope,137,0.036348361521959305
3,post_rope,138,0.03631317988038063
3,post_rope,139,0.03602970018982887
3,post_rope,140,0.035889025777578354
3,post_rope,141,0.03583269938826561
3,post_rope,142,0.035376306623220444
3,post_rope,143,0.03526878356933594
3,post_rope,144,0.03511879965662956
3,post_rope,145,0.03475431352853775
3,post_rope,146,0.03460930660367012
3,post_rope,147,0.03446879982948303
3,post_rope,148,0.0343036875128746
3,post_rope,149,0.03391442447900772
3,post_rope,150,0.033784981817007065
3,post_rope,151,0.03335746005177498
3,post_rope,152,0.03322619944810867
3,post_rope,153,0.033140555024147034
3,post_rope,154,0.03301884979009628
3,post_rope,155,0.03271965682506561
3,post_rope,156,0.03255613520741463
3,post_rope,157,0.03231612220406532
3,post_rope,158,0.03211188316345215
3,post_rope,159,0.031913284212350845
3,post_rope,160,0.03159821778535843
3,post_rope,161,0.0314493402838707
3,post_rope,162,0.031283728778362274
3,post_rope,163,0.030995246022939682
3,post_rope,164,0.03091534785926342
3,post_rope,165,0.030748775228857994
3,post_rope,166,0.03052394837141037
3,post_rope,167,0.030321748927235603
3,post_rope,168,0.03017435222864151
3,post_rope,169,0.030008159577846527
3,post_rope,170,0.029805654659867287
3,post_rope,171,0.029601983726024628
3,post_rope,172,0.02957363799214363
3,post_rope,173,0.029091695323586464
3,post_rope,174,0.028945429250597954
3,post_rope,175,0.028653021901845932
3,post_rope,176,0.028566643595695496
3,post_rope,177,0.028377685695886612
3,post_rope,178,0.028209492564201355
3,post_rope,179,0.028050968423485756
3,post_rope,180,0.027864715084433556
3,post_rope,181,0.02777896262705326
3,post_rope,182,0.02764851041138172
3,post_rope,183,0.027492424473166466
3,post_rope,184,0.027173183858394623
3,post_rope,185,0.02698197402060032
3,post_rope,186,0.026791762560606003
3,post_rope,187,0.02652490697801113
3,post_rope,188,0.026392577216029167
3,post_rope,189,0.02617284096777439
3,post_rope,190,0.026034051552414894
3,post_rope,191,0.0258294939994812
3,post_rope,192,0.02573275938630104
3,post_rope,193,0.02554437331855297
3,post_rope,194,0.02536160871386528
3,post_rope,195,0.025275662541389465
3,post_rope,196,0.02516569383442402
3,post_rope,197,0.02478749118745327
3,post_rope,198,0.024613507091999054
3,post_rope,199,0.0244631115347147
3,post_rope,200,0.024254195392131805
3,post_rope,201,0.024040760472416878
3,post_rope,202,0.023951802402734756
3,post_rope,203,0.02376297488808632
3,post_rope,204,0.023537924513220787
3,post_rope,205,0.023427406325936317
3,post_rope,206,0.023228490725159645
3,post_rope,207,0.02309725433588028
3,post_rope,208,0.02265479974448681
3,post_rope,209,0.022511160001158714
3,post_rope,210,0.022368431091308594
3,post_rope,211,0.022248275578022003
3,post_rope,212,0.022069985046982765
3,post_rope,213,0.02192113921046257
3,post_rope,214,0.02160586789250374
3,post_rope,215,0.02117372676730156
3,post_rope,216,0.02094927243888378
3,post_rope,217,0.020847316831350327
3,post_rope,218,0.020812686532735825
3,post_rope,219,0.020519565790891647
3,post_rope,220,0.020465238019824028
3,post_rope,221,0.020214371383190155
3,post_rope,222,0.019956165924668312
3,post_rope,223,0.01979662850499153
3,post_rope,224,0.019695140421390533
3,post_rope,225,0.01926339976489544
3,post_rope,226,0.019225895404815674
3,post_rope,227,0.018947461619973183
3,post_rope,228,0.01873502880334854
3,post_rope,229,0.018513789400458336
3,post_rope,230,0.018224405124783516
3,post_rope,231,0.017846882343292236
3,post_rope,232,0.017592743039131165
3,post_rope,233,0.017461813986301422
3,post_rope,234,0.016833221539855003
3,post_rope,235,0.016737302765250206
3,post_rope,236,0.01636706478893757
3,post_rope,237,0.01615235209465027
3,post_rope,238,0.01581299677491188
3,post_rope,239,0.015722453594207764
3,post_rope,240,0.015443100593984127
3,post_rope,241,0.015053384006023407
3,post_rope,242,0.014909534715116024
3,post_rope,243,0.01448032446205616
3,post_rope,244,0.01427383441478014
3,post_rope,245,0.014210060238838196
3,post_rope,246,0.013352653943002224
3,post_rope,247,0.013203203678131104
3,post_rope,248,0.01266169361770153
3,post_rope,249,0.012290009297430515
3,post_rope,250,0.011390634812414646
3,post_rope,251,0.011141104623675346
3,post_rope,252,0.010889755561947823
3,post_rope,253,0.010556703433394432
3,post_rope,254,0.009406565688550472
3,post_rope,255,0.008874951861798763
3,post_rope,256,0.005539487581700087
4,pre_rope,1,1.0
4,pre_rope,2,0.15675652027130127
4,pre_rope,3,0.14679278433322906
4,pre_rope,4,0.11432364583015442
4,pre_rope,5,0.0894116535782814
4,pre_rope,6,0.07798890024423599
4,pre_rope,7,0.0731804221868515
4,pre_rope,8,0.0702228844165802
4,pre_rope,9,0.06888164579868317
4,pre_rope,10,0.06636476516723633
4,pre_rope,11,0.0615062490105629
4,pre_rope,12,0.055512119084596634
4,pre_rope,13,0.051680803298950195
4,pre_rope,14,0.05080900713801384
4,pre_rope,15,0.04553016647696495
4,pre_rope,16,0.043895576149225235
4,pre_rope,17,0.04274758696556091
4,pre_rope,18,0.04205318167805672
4,pre_rope,19,0.04002927988767624
4,pre_rope,20,0.039012279361486435
4,pre_rope,21,0.038338128477334976
4,pre_rope,22,0.03742026910185814
4,pre_rope,23,0.035793088376522064
4,pre_rope,24,0.03449514880776405
4,pre_rope,25,0.03298039734363556
4,pre_rope,26,0.03257663547992706
4,pre_rope,27,0.03227488696575165
4,pre_rope,28,0.031388748437166214
4,pre_rope,29,0.03126082196831703
4,pre_rope,30,0.030651599168777466
4,pre_rope,31,0.030350401997566223
4,pre_rope,32,0.029209129512310028
4,pre_rope,33,0.029043233022093773
4,pre_rope,34,0.0286445040255785
4,pre_rope,35,0.028243431821465492
4,pre_rope,36,0.027765700593590736
4,pre_rope,37,0.026675652712583542
4,pre_rope,38,0.02617238648235798
4,pre_rope,39,0.025961870327591896
4,pre_rope,40,0.02537483163177967
4,pre_rope,41,0.02506820298731327
4,pre_rope,42,0.024452975019812584
4,pre_rope,43,0.023868532851338387
4,pre_rope,44,0.023498443886637688
4,pre_rope,45,0.0230709221214056
4,pre_rope,46,0.022654568776488304
4,pre_rope,47,0.022015506401658058
4,pre_rope,48,0.022007975727319717
4,pre_rope,49,0.021640054881572723
4,pre_rope,50,0.02163337729871273
4,pre_rope,51,0.021251237019896507
4,pre_rope,52,0.021050916984677315
4,pre_rope,53,0.0208125077188015
4,pre_rope,54,0.02051299810409546
4,pre_rope,55,0.020392999053001404
4,pre_rope,56,0.020364345982670784
4,pre_rope,57,0.01999759115278721
4,pre_rope,58,0.01989588886499405
4,pre_rope,59,0.019483409821987152
4,pre_rope,60,0.01917741820216179
4,pre_rope,61,0.01901712827384472
4,pre_rope,62,0.018893998116254807
4,pre_rope,63,0.01875111646950245
4,pre_rope,64,0.01832248643040657
4,pre_rope,65,0.01814536191523075
4,pre_rope,66,0.018038442358374596
4,pre_rope,67,0.017931045964360237
4,pre_rope,68,0.017693400382995605
4,pre_rope,69,0.01768115907907486
4,pre_rope,70,0.017429698258638382
4,pre_rope,71,0.01732991822063923
4,pre_rope,72,0.01714363694190979
4,pre_rope,73,0.016986245289444923
4,pre_rope,74,0.01684977114200592
4,pre_rope,75,0.01666967011988163
4,pre_rope,76,0.016423238441348076
4,pre_rope,77,0.016386177390813828
4,pre_rope,78,0.016168534755706787
4,pre_rope,79,0.015923378989100456
4,pre_rope,80,0.015774128958582878
4,pre_rope,81,0.01545589230954647
4,pre_rope,82,0.015411957167088985
4,pre_rope,83,0.015341948717832565
4,pre_rope,84,0.01525574829429388
4,pre_rope,85,0.01514383777976036
4,pre_rope,86,0.015028885565698147
4,pre_rope,87,0.014745877124369144
4,pre_rope,88,0.01461067609488964
4,pre_rope,89,0.014474035240709782
4,pre_rope,90,0.01434751320630312
4,pre_rope,91,0.014234798960387707
4,pre_rope,92,0.013897526077926159
4,pre_rope,93,0.013823045417666435
4,pre_rope,94,0.013776392675936222
4,pre_rope,95,0.013437471352517605
4,pre_rope,96,0.013382230885326862
4,pre_rope,97,0.013304421678185463
4,pre_rope,98,0.013155058026313782
4,pre_rope,99,0.013086730614304543
4,pre_rope,100,0.012984544038772583
4,pre_rope,101,0.012902554124593735
4,pre_rope,102,0.012773348018527031
4,pre_rope,103,0.012637157924473286
4,pre_rope,104,0.012544011697173119
4,pre_rope,105,0.012451746501028538
4,pre_rope,106,0.01230554562062025
4,pre_rope,107,0.01207156665623188
4,pre_rope,108,0.011939942836761475
4,pre_rope,109,0.011800840497016907
4,pre_rope,110,0.011755779385566711
4,pre_rope,111,0.011597811244428158
4,pre_rope,112,0.011479283683001995
4,pre_rope,113,0.011418712325394154
4,pre_rope,114,0.01137712225317955
4,pre_rope,115,0.011219531297683716
4,pre_rope,116,0.01116155181080103
4,pre_rope,117,0.011058535426855087
4,pre_rope,118,0.010950196534395218
4,pre_rope,119,0.010812235064804554
4,pre_rope,120,0.010722012259066105
4,pre_rope,121,0.01056287344545126
4,pre_rope,122,0.010414749383926392
4,pre_rope,123,0.01028427854180336
4,pre_rope,124,0.010249411687254906
4,pre_rope,125,0.010196183808147907
4,pre_rope,126,0.010045889765024185
4,pre_rope,127,0.009961836040019989
4,pre_rope,128,0.009774673730134964
4,pre_rope,129,0.00976454559713602
4,pre_rope,130,0.009702349081635475
4,pre_rope,131,0.009486661292612553
4,pre_rope,132,0.009428102523088455
4,pre_rope,133,0.009402543306350708
4,pre_rope,134,0.009267075918614864
4,pre_rope,135,0.009211077354848385
4,pre_rope,136,0.009156232699751854
4,pre_rope,137,0.008965467102825642
4,pre_rope,138,0.008909806609153748
4,pre_rope,139,0.008780485950410366
4,pre_rope,140,0.008743374608457088
4,pre_rope,141,0.008676756173372269
4,pre_rope,142,0.008574647828936577
4,pre_rope,143,0.00849827192723751
4,pre_rope,144,0.008388514630496502
4,pre_rope,145,0.008347745053470135
4,pre_rope,146,0.008287062868475914
4,pre_rope,147,0.008165241219103336
4,pre_rope,148,0.008113840594887733
4,pre_rope,149,0.008040966466069221
4,pre_rope,150,0.00799441710114479
4,pre_rope,151,0.007832574658095837
4,pre_rope,152,0.007760172709822655
4,pre_rope,153,0.007730180863291025
4,pre_rope,154,0.007614550646394491
4,pre_rope,155,0.007569292094558477
4,pre_rope,156,0.007518815342336893
4,pre_rope,157,0.0075031244195997715
4,pre_rope,158,0.007399937603622675
4,pre_rope,159,0.007287568412721157
4,pre_rope,160,0.0071769352070987225
4,pre_rope,161,0.007154619786888361
4,pre_rope,162,0.007051974534988403
4,pre_rope,163,0.00700012594461441
4,pre_rope,164,0.006928653456270695
4,pre_rope,165,0.006840383168309927
4,pre_rope,166,0.006734423339366913
4,pre_rope,167,0.006646459456533194
4,pre_rope,168,0.006592239253222942
4,pre_rope,169,0.006507508922368288
4,pre_rope,170,0.006395967211574316
4,pre_rope,171,0.006367360707372427
4,pre_rope,172,0.006267359480261803
4,pre_rope,173,0.0061658513732254505
4,pre_rope,174,0.006107860244810581
4,pre_rope,175,0.006064214743673801
4,pre_rope,176,0.0060063437558710575
4,pre_rope,177,0.005954015534371138
4,pre_rope,178,0.005903051234781742
4,pre_rope,179,0.005867746192961931
4,pre_rope,180,0.005776515696197748
4,pre_rope,181,0.005679023452103138
4,pre_rope,182,0.00557534908875823
4,pre_rope,183,0.005533735733479261
4,pre_rope,184,0.005492993630468845
4,pre_rope,185,0.005432139616459608
4,pre_rope,186,0.005356128327548504
4,pre_rope,187,0.005305166356265545
4,pre_rope,188,0.005267384462058544
4,pre_rope,189,0.005185600835829973
4,pre_rope,190,0.005147911608219147
4,pre_rope,191,0.005115907173603773
4,pre_rope,192,0.005065550096333027
4,pre_rope,193,0.005032466724514961
4,pre_rope,194,0.004952214192599058
4,pre_rope,195,0.004920552019029856
4,pre_rope,196,0.004849574528634548
4,pre_rope,197,0.004829843528568745
4,pre_rope,198,0.004677583463490009
4,pre_rope,199,0.004667432513087988
4,pre_rope,200,0.004617632832378149
4,pre_rope,201,0.0045240046456456184
4,pre_rope,202,0.004480727948248386
4,pre_rope,203,0.004450010135769844
4,pre_rope,204,0.004381402861326933
4,pre_rope,205,0.00435206014662981
4,pre_rope,206,0.0043028006330132484
4,pre_rope,207,0.004220419563353062
4,pre_rope,208,0.004185621626675129
4,pre_rope,209,0.004097195342183113
4,pre_rope,210,0.004023037385195494
4,pre_rope,211,0.004000041633844376
4,pre_rope,212,0.00393421808257699
4,pre_rope,213,0.003915070556104183
4,pre_rope,214,0.0038381307385861874
4,pre_rope,215,0.0037923117633908987
4,pre_rope,216,0.0037654296029359102
4,pre_rope,217,0.003744560992345214
4,pre_rope,218,0.00374186085537076
4,pre_rope,219,0.0036141686141490936
4,pre_rope,220,0.0035394581500440836
4,pre_rope,221,0.003497404744848609
4,pre_rope,222,0.003482232801616192
4,pre_rope,223,0.0033839878160506487
4,pre_rope,224,0.0033553456887602806
4,pre_rope,225,0.003317797789350152
4,pre_rope,226,0.0032585812732577324
4,pre_rope,227,0.0032295198179781437
4,pre_rope,228,0.003158062230795622
4,pre_rope,229,0.003120217239484191
4,pre_rope,230,0.0030662384815514088
4,pre_rope,231,0.0029813554137945175
4,pre_rope,232,0.0029644130263477564
4,pre_rope,233,0.002878072438761592
4,pre_rope,234,0.0028682509437203407
4,pre_rope,235,0.0028319850098341703
4,pre_rope,236,0.00279788370244205
4,pre_rope,237,0.00269327568821609
4,pre_rope,238,0.0026770266704261303
4,pre_rope,239,0.002611687872558832
4,pre_rope,240,0.0025495062582194805
4,pre_rope,241,0.002507503842934966
4,pre_rope,242,0.0024760416708886623
4,pre_rope,243,0.002383554121479392
4,pre_rope,244,0.0023611930664628744
4,pre_rope,245,0.0022566893603652716
4,pre_rope,246,0.0021911857184022665
4,pre_rope,247,0.002110103378072381
4,pre_rope,248,0.001985218608751893
4,pre_rope,249,0.0019435991998761892
4,pre_rope,250,0.0018867782782763243
4,pre_rope,251,0.0018732346361503005
4,pre_rope,252,0.0016813568072393537
4,pre_rope,253,0.0015238408232107759
4,pre_rope,254,0.0014317436143755913
4,pre_rope,255,0.0013708984479308128
4,pre_rope,256,0.0008497933158650994
4,post_rope,1,1.0
4,post_rope,2,0.874944269657135
4,post_rope,3,0.4457232654094696
4,post_rope,4,0.3403970003128052
4,post_rope,5,0.29773324728012085
4,post_rope,6,0.2619240880012512
4,post_rope,7,0.26021304726600647
4,post_rope,8,0.2520039677619934
4,post_rope,9,0.2495160698890686
4,post_rope,10,0.18938860297203064
4,post_rope,11,0.1861286461353302
4,post_rope,12,0.18480263650417328
4,post_rope,13,0.18412332236766815
4,post_rope,14,0.1824055016040802
4,post_rope,15,0.18179449439048767
4,post_rope,16,0.17969946563243866
4,post_rope,17,0.1786843240261078
4,post_rope,18,0.17483191192150116
4,post_rope,19,0.16693900525569916
4,post_rope,20,0.16431713104248047
4,post_rope,21,0.16312679648399353
4,post_rope,22,0.16173456609249115
4,post_rope,23,0.16065074503421783
4,post_rope,24,0.15926514565944672
4,post_rope,25,0.15856987237930298
4,post_rope,26,0.15692952275276184
4,post_rope,27,0.1522417813539505
4,post_rope,28,0.14640353620052338
4,post_rope,29,0.14581403136253357
4,post_rope,30,0.1442967802286148
4,post_rope,31,0.12988941371440887
4,post_rope,32,0.12752600014209747
4,post_rope,33,0.12477858364582062
4,post_rope,34,0.12205104529857635
4,post_rope,35,0.12100318819284439
4,post_rope,36,0.11895225197076797
4,post_rope,37,0.11264823377132416
4,post_rope,38,0.11211476475000381
4,post_rope,39,0.1004122644662857
4,post_rope,40,0.09750032424926758
4,post_rope,41,0.09370120614767075
4,post_rope,42,0.08776193857192993
4,post_rope,43,0.08434926718473434
4,post_rope,44,0.08247783035039902
4,post_rope,45,0.07991734147071838
4,post_rope,46,0.07759326696395874
4,post_rope,47,0.07595237344503403
4,post_rope,48,0.07410893589258194
4,post_rope,49,0.07192108780145645
4,post_rope,50,0.06928994506597519
4,post_rope,51,0.06791036576032639
4,post_rope,52,0.06652133911848068
4,post_rope,53,0.06589912623167038
4,post_rope,54,0.0651165097951889
4,post_rope,55,0.06417953968048096
4,post_rope,56,0.06377147883176804
4,post_rope,57,0.06359390914440155
4,post_rope,58,0.0629706084728241
4,post_rope,59,0.0627397671341896
4,post_rope,60,0.06232888251543045
4,post_rope,61,0.06157367676496506
4,post_rope,62,0.061090562492609024
4,post_rope,63,0.06054378300905228
4,post_rope,64,0.059836845844984055
4,post_rope,65,0.05928763374686241
4,post_rope,66,0.059130650013685226
4,post_rope,67,0.05871468037366867
4,post_rope,68,0.05849393829703331
4,post_rope,69,0.057870931923389435
4,post_rope,70,0.05750138312578201
4,post_rope,71,0.05742332711815834
4,post_rope,72,0.05677979066967964
4,post_rope,73,0.055978741496801376
4,post_rope,74,0.05587088689208031
4,post_rope,75,0.055304691195487976
4,post_rope,76,0.054456837475299835
4,post_rope,77,0.05420014262199402
4,post_rope,78,0.053779974579811096
4,post_rope,79,0.05341091752052307
4,post_rope,80,0.053216271102428436
4,post_rope,81,0.0526122972369194
4,post_rope,82,0.05229303613305092
4,post_rope,83,0.051675766706466675
4,post_rope,84,0.0515834279358387
4,post_rope,85,0.05092925205826759
4,post_rope,86,0.05052335932850838
4,post_rope,87,0.05032040923833847
4,post_rope,88,0.050154078751802444
4,post_rope,89,0.04961119592189789
4,post_rope,90,0.04931566119194031
4,post_rope,91,0.04895763471722603
4,post_rope,92,0.048558253794908524
4,post_rope,93,0.04839261248707771
4,post_rope,94,0.048206571489572525
4,post_rope,95,0.04762846231460571
4,post_rope,96,0.04760165512561798
4,post_rope,97,0.04716086760163307
4,post_rope,98,0.046994466334581375
4,post_rope,99,0.04659426212310791
4,post_rope,100,0.04622088372707367
4,post_rope,101,0.046193189918994904
4,post_rope,102,0.045605096966028214
4,post_rope,103,0.045351266860961914
4,post_rope,104,0.04520239681005478
4,post_rope,105,0.044992171227931976
4,post_rope,106,0.0443524606525898
4,post_rope,107,0.044160399585962296
4,post_rope,108,0.0438607819378376
4,post_rope,109,0.04347441345453262
4,post_rope,110,0.043101731687784195
4,post_rope,111,0.04302479699254036
4,post_rope,112,0.04265840724110603
4,post_rope,113,0.042501386255025864
4,post_rope,114,0.042246460914611816
4,post_rope,115,0.04217761009931564
4,post_rope,116,0.04176286980509758
4,post_rope,117,0.04134763404726982
4,post_rope,118,0.04117590934038162
4,post_rope,119,0.040903717279434204
4,post_rope,120,0.040504083037376404
4,post_rope,121,0.040449075400829315
4,post_rope,122,0.04023120924830437
4,post_rope,123,0.04002108797430992
4,post_rope,124,0.039723049849271774
4,post_rope,125,0.03950151056051254
4,post_rope,126,0.03922675549983978
4,post_rope,127,0.038837868720293045
4,post_rope,128,0.03864867612719536
4,post_rope,129,0.038173411041498184
4,post_rope,130,0.03797295317053795
4,post_rope,131,0.03785279765725136
4,post_rope,132,0.03752070292830467
4,post_rope,133,0.03698388487100601
4,post_rope,134,0.036710601300001144
4,post_rope,135,0.03662189841270447
4,post_rope,136,0.036310821771621704
4,post_rope,137,0.036145634949207306
4,post_rope,138,0.035989560186862946
4,post_rope,139,0.03571489453315735
4,post_rope,140,0.03556212782859802
4,post_rope,141,0.03552839905023575
4,post_rope,142,0.035306159406900406
4,post_rope,143,0.03493759036064148
4,post_rope,144,0.03474774584174156
4,post_rope,145,0.0344831757247448
4,post_rope,146,0.03443771228194237
4,post_rope,147,0.03433162346482277
4,post_rope,148,0.03406958654522896
4,post_rope,149,0.03376822546124458
4,post_rope,150,0.033643271774053574
4,post_rope,151,0.033452585339546204
4,post_rope,152,0.033191654831171036
4,post_rope,153,0.033096037805080414
4,post_rope,154,0.0327930822968483
4,post_rope,155,0.03269116207957268
4,post_rope,156,0.03250766173005104
4,post_rope,157,0.03245999664068222
4,post_rope,158,0.03225306421518326
4,post_rope,159,0.03198183327913284
4,post_rope,160,0.03178705647587776
4,post_rope,161,0.03153166547417641
4,post_rope,162,0.03147263079881668
4,post_rope,163,0.03129066154360771
4,post_rope,164,0.030815739184617996
4,post_rope,165,0.030748000368475914
4,post_rope,166,0.030580859631299973
4,post_rope,167,0.03047187067568302
4,post_rope,168,0.030194777995347977
4,post_rope,169,0.02997625805437565
4,post_rope,170,0.029748905450105667
4,post_rope,171,0.02957737073302269
4,post_rope,172,0.029378877952694893
4,post_rope,173,0.029276425018906593
4,post_rope,174,0.029210833832621574
4,post_rope,175,0.028927240520715714
4,post_rope,176,0.028701452538371086
4,post_rope,177,0.02860310487449169
4,post_rope,178,0.028290562331676483
4,post_rope,179,0.02823648974299431
4,post_rope,180,0.028084520250558853
4,post_rope,181,0.028043832629919052
4,post_rope,182,0.027884161099791527
4,post_rope,183,0.027503808960318565
4,post_rope,184,0.027474157512187958
4,post_rope,185,0.02720247209072113
4,post_rope,186,0.02706843428313732
4,post_rope,187,0.026948556303977966
4,post_rope,188,0.026825817301869392
4,post_rope,189,0.02676715888082981
4,post_rope,190,0.02650018036365509
4,post_rope,191,0.026344751939177513
4,post_rope,192,0.02601151168346405
4,post_rope,193,0.02583918906748295
4,post_rope,194,0.025688858702778816
4,post_rope,195,0.025573041290044785
4,post_rope,196,0.025354238227009773
4,post_rope,197,0.02528320997953415
4,post_rope,198,0.02517431601881981
4,post_rope,199,0.025109659880399704
4,post_rope,200,0.024890553206205368
4,post_rope,201,0.02476385422050953
4,post_rope,202,0.02458171546459198
4,post_rope,203,0.02445395663380623
4,post_rope,204,0.02439555898308754
4,post_rope,205,0.02419017255306244
4,post_rope,206,0.02409651130437851
4,post_rope,207,0.02396620810031891
4,post_rope,208,0.023777153342962265
4,post_rope,209,0.023556355386972427
4,post_rope,210,0.02349534071981907
4,post_rope,211,0.0232892744243145
4,post_rope,212,0.023253023624420166
4,post_rope,213,0.022967875003814697
4,post_rope,214,0.022843848913908005
4,post_rope,215,0.0227943304926157
4,post_rope,216,0.02255442924797535
4,post_rope,217,0.022447479888796806
4,post_rope,218,0.022289784625172615
4,post_rope,219,0.022215668112039566
4,post_rope,220,0.02207607589662075
4,post_rope,221,0.021645745262503624
4,post_rope,222,0.021375352516770363
4,post_rope,223,0.02109638974070549
4,post_rope,224,0.02105761505663395
4,post_rope,225,0.02087506279349327
4,post_rope,226,0.020486313849687576
4,post_rope,227,0.020289119333028793
4,post_rope,228,0.020182443782687187
4,post_rope,229,0.02012072689831257
4,post_rope,230,0.019634202122688293
4,post_rope,231,0.019592227414250374
4,post_rope,232,0.01920369826257229
4,post_rope,233,0.019045241177082062
4,post_rope,234,0.01871844008564949
4,post_rope,235,0.018395915627479553
4,post_rope,236,0.018250372260808945
4,post_rope,237,0.01787920854985714
4,post_rope,238,0.017684930935502052
4,post_rope,239,0.017244616523385048
4,post_rope,240,0.016463957726955414
4,post_rope,241,0.016360096633434296
4,post_rope,242,0.016208618879318237
4,post_rope,243,0.01579376868903637
4,post_rope,244,0.015585478395223618
4,post_rope,245,0.01544102095067501
4,post_rope,246,0.015260315500199795
4,post_rope,247,0.0151848578825593
4,post_rope,248,0.0150083526968956
4,post_rope,249,0.014510846696794033
4,post_rope,250,0.013854989781975746
4,post_rope,251,0.013472127728164196
4,post_rope,252,0.01273207925260067
4,post_rope,253,0.011758257634937763
4,post_rope,254,0.01114644855260849
4,post_rope,255,0.010700233280658722
4,post_rope,256,0.009468846954405308
5,pre_rope,1,1.0
5,pre_rope,2,0.1683783382177353
5,pre_rope,3,0.1408429592847824
5,pre_rope,4,0.10435749590396881
5,pre_rope,5,0.08714128285646439
5,pre_rope,6,0.07986155897378922
5,pre_rope,7,0.0725068747997284
5,pre_rope,8,0.07145354896783829
5,pre_rope,9,0.06364349275827408
5,pre_rope,10,0.062395915389060974
5,pre_rope,11,0.05752188712358475
5,pre_rope,12,0.05434470251202583
5,pre_rope,13,0.05073272064328194
5,pre_rope,14,0.05012296885251999
5,pre_rope,15,0.0453888438642025
5,pre_rope,16,0.04306478053331375
5,pre_rope,17,0.0413176566362381
5,pre_rope,18,0.040554750710725784
5,pre_rope,19,0.03939072787761688
5,pre_rope,20,0.03642508387565613
5,pre_rope,21,0.036227401345968246
5,pre_rope,22,0.03453276678919792
5,pre_rope,23,0.033847108483314514
5,pre_rope,24,0.032595738768577576
5,pre_rope,25,0.031923919916152954
5,pre_rope,26,0.031486183404922485
5,pre_rope,27,0.030436456203460693
5,pre_rope,28,0.02926180511713028
5,pre_rope,29,0.02854875847697258
5,pre_rope,30,0.027731651440262794
5,pre_rope,31,0.027401573956012726
5,pre_rope,32,0.027288969606161118
5,pre_rope,33,0.026572704315185547
5,pre_rope,34,0.025131069123744965
5,pre_rope,35,0.024618327617645264
5,pre_rope,36,0.024426298215985298
5,pre_rope,37,0.02358311228454113
5,pre_rope,38,0.023527901619672775
5,pre_rope,39,0.02298981137573719
5,pre_rope,40,0.02237968146800995
5,pre_rope,41,0.02228149212896824
5,pre_rope,42,0.02193232625722885
5,pre_rope,43,0.021385060623288155
5,pre_rope,44,0.021351128816604614
5,pre_rope,45,0.020937206223607063
5,pre_rope,46,0.020711302757263184
5,pre_rope,47,0.020297499373555183
5,pre_rope,48,0.02006618306040764
5,pre_rope,49,0.019722560420632362
5,pre_rope,50,0.019542014226317406
5,pre_rope,51,0.0193337332457304
5,pre_rope,52,0.019070124253630638
5,pre_rope,53,0.018892845138907433
5,pre_rope,54,0.018670594319701195
5,pre_rope,55,0.01851844973862171
5,pre_rope,56,0.018276862800121307
5,pre_rope,57,0.018010420724749565
5,pre_rope,58,0.017708370462059975
5,pre_rope,59,0.01717362180352211
5,pre_rope,60,0.01682899333536625
5,pre_rope,61,0.01678895577788353
5,pre_rope,62,0.01664474420249462
5,pre_rope,63,0.016466619446873665
5,pre_rope,64,0.016292771324515343
5,pre_rope,65,0.016166865825653076
5,pre_rope,66,0.01589324325323105
5,pre_rope,67,0.01563224568963051
5,pre_rope,68,0.015559336170554161
5,pre_rope,69,0.015410871244966984
5,pre_rope,70,0.015180910006165504
5,pre_rope,71,0.015075919218361378
5,pre_rope,72,0.014933867380023003
5,pre_rope,73,0.014621387235820293
5,pre_rope,74,0.014532127417623997
5,pre_rope,75,0.014440403319895267
5,pre_rope,76,0.014157072640955448
5,pre_rope,77,0.013996751978993416
5,pre_rope,78,0.013893230818212032
5,pre_rope,79,0.013840700499713421
5,pre_rope,80,0.013627978973090649
5,pre_rope,81,0.013512526638805866
5,pre_rope,82,0.013408238068223
5,pre_rope,83,0.013224119320511818
5,pre_rope,84,0.013076880015432835
5,pre_rope,85,0.012890740297734737
5,pre_rope,86,0.012636968865990639
5,pre_rope,87,0.012497552670538425
5,pre_rope,88,0.012373162433505058
5,pre_rope,89,0.012356839142739773
5,pre_rope,90,0.012258486822247505
5,pre_rope,91,0.012098588980734348
5,pre_rope,92,0.012065449729561806
5,pre_rope,93,0.011899364180862904
5,pre_rope,94,0.011842293664813042
5,pre_rope,95,0.011681832373142242
5,pre_rope,96,0.011486662551760674
5,pre_rope,97,0.011455634608864784
5,pre_rope,98,0.011400238610804081
5,pre_rope,99,0.01129530742764473
5,pre_rope,100,0.011135203763842583
5,pre_rope,101,0.011110316962003708
5,pre_rope,102,0.010960892774164677
5,pre_rope,103,0.010860324837267399
5,pre_rope,104,0.010682513006031513
5,pre_rope,105,0.01057975459843874
5,pre_rope,106,0.010541184805333614
5,pre_rope,107,0.010406562127172947
5,pre_rope,108,0.01033841259777546
5,pre_rope,109,0.010290681384503841
5,pre_rope,110,0.01020533125847578
5,pre_rope,111,0.010041081346571445
5,pre_rope,112,0.010025031864643097
5,pre_rope,113,0.009923752397298813
5,pre_rope,114,0.009766005910933018
5,pre_rope,115,0.009585021063685417
5,pre_rope,116,0.009537192061543465
5,pre_rope,117,0.009512584656476974
5,pre_rope,118,0.009332363493740559
5,pre_rope,119,0.009249205701053143
5,pre_rope,120,0.009223190136253834
5,pre_rope,121,0.009070402942597866
5,pre_rope,122,0.009055710397660732
5,pre_rope,123,0.008945466950535774
5,pre_rope,124,0.00890085194259882
5,pre_rope,125,0.008834964595735073
5,pre_rope,126,0.008751491084694862
5,pre_rope,127,0.008722316473722458
5,pre_rope,128,0.008532163687050343
5,pre_rope,129,0.008499279618263245
5,pre_rope,130,0.008434905670583248
5,pre_rope,131,0.008431500755250454
5,pre_rope,132,0.008296426385641098
5,pre_rope,133,0.008282355032861233
5,pre_rope,134,0.008192057721316814
5,pre_rope,135,0.008051754906773567
5,pre_rope,136,0.00802228320389986
5,pre_rope,137,0.007949071004986763
5,pre_rope,138,0.007868927903473377
5,pre_rope,139,0.0078057534992694855
5,pre_rope,140,0.007763762958347797
5,pre_rope,141,0.007684230804443359
5,pre_rope,142,0.007600389886647463
5,pre_rope,143,0.007510925177484751
5,pre_rope,144,0.007458088453859091
5,pre_rope,145,0.007407277822494507
5,pre_rope,146,0.007309331558644772
5,pre_rope,147,0.007263809908181429
5,pre_rope,148,0.0072253127582371235
5,pre_rope,149,0.007148597855120897
5,pre_rope,150,0.0070753577165305614
5,pre_rope,151,0.007042088080197573
5,pre_rope,152,0.006996549665927887
5,pre_rope,153,0.006910910364240408
5,pre_rope,154,0.006852353923022747
5,pre_rope,155,0.0068148779682815075
5,pre_rope,156,0.006707204971462488
5,pre_rope,157,0.006641354411840439
5,pre_rope,158,0.006579581648111343
5,pre_rope,159,0.006516556721180677
5,pre_rope,160,0.006409517023712397
5,pre_rope,161,0.006389002315700054
5,pre_rope,162,0.006266632117331028
5,pre_rope,163,0.0062415520660579205
5,pre_rope,164,0.006174209527671337
5,pre_rope,165,0.006150849163532257
5,pre_rope,166,0.006108453497290611
5,pre_rope,167,0.006069484166800976
5,pre_rope,168,0.00603712210431695
5,pre_rope,169,0.005978948902338743
5,pre_rope,170,0.005886999890208244
5,pre_rope,171,0.005781972780823708
5,pre_rope,172,0.005770566873252392
5,pre_rope,173,0.005686250049620867
5,pre_rope,174,0.005672000348567963
5,pre_rope,175,0.005589415319263935
5,pre_rope,176,0.00549512542784214
5,pre_rope,177,0.00544405821710825
5,pre_rope,178,0.005376556888222694
5,pre_rope,179,0.005349223036319017
5,pre_rope,180,0.005306955426931381
5,pre_rope,181,0.005286280065774918
5,pre_rope,182,0.0052163926884531975
5,pre_rope,183,0.005137331783771515
5,pre_rope,184,0.005042812321335077
5,pre_rope,185,0.005023079924285412
5,pre_rope,186,0.005014412570744753
5,pre_rope,187,0.004968083463609219
5,pre_rope,188,0.004908260423690081
5,pre_rope,189,0.004851332399994135
5,pre_rope,190,0.004810248035937548
5,pre_rope,191,0.00471937982365489
5,pre_rope,192,0.004694598726928234
5,pre_rope,193,0.0046146628446877
5,pre_rope,194,0.004593377001583576
5,pre_rope,195,0.004551826044917107
5,pre_rope,196,0.004509701859205961
5,pre_rope,197,0.004483669064939022
5,pre_rope,198,0.004445382859557867
5,pre_rope,199,0.0043455250561237335
5,pre_rope,200,0.004303924739360809
5,pre_rope,201,0.004238265100866556
5,pre_rope,202,0.004202192183583975
5,pre_rope,203,0.004167040344327688
5,pre_rope,204,0.00410657050088048
5,pre_rope,205,0.004061779472976923
5,pre_rope,206,0.004022728186100721
5,pre_rope,207,0.003987183794379234
5,pre_rope,208,0.003946597687900066
5,pre_rope,209,0.003885071724653244
5,pre_rope,210,0.0038439214695245028
5,pre_rope,211,0.0038122038822621107
5,pre_rope,212,0.003764909226447344
5,pre_rope,213,0.0037593147717416286
5,pre_rope,214,0.003662362927570939
5,pre_rope,215,0.0036103648599237204
5,pre_rope,216,0.0035993221681565046
5,pre_rope,217,0.0035241153091192245
5,pre_rope,218,0.0034833834506571293
5,pre_rope,219,0.0034572614822536707
5,pre_rope,220,0.0034438525326550007
5,pre_rope,221,0.0034225271083414555
5,pre_rope,222,0.003331076819449663
5,pre_rope,223,0.0033064461313188076
5,pre_rope,224,0.003289711894467473
5,pre_rope,225,0.003221888793632388
5,pre_rope,226,0.0031872461549937725
5,pre_rope,227,0.0031499709002673626
5,pre_rope,228,0.0031302727293223143
5,pre_rope,229,0.003085580887272954
5,pre_rope,230,0.003010472282767296
5,pre_rope,231,0.002975751645863056
5,pre_rope,232,0.0029072945471853018
5,pre_rope,233,0.0028485716320574284
5,pre_rope,234,0.0027761771343648434
5,pre_rope,235,0.00276557938195765
5,pre_rope,236,0.0027482735458761454
5,pre_rope,237,0.002716061193495989
5,pre_rope,238,0.002633089665323496
5,pre_rope,239,0.0025975413154810667
5,pre_rope,240,0.0025264685973525047
5,pre_rope,241,0.0024597758892923594
5,pre_rope,242,0.0024371189065277576
5,pre_rope,243,0.002401195000857115
5,pre_rope,244,0.0023803492076694965
5,pre_rope,245,0.0023331239353865385
5,pre_rope,246,0.0022525968961417675
5,pre_rope,247,0.0021622255444526672
5,pre_rope,248,0.0020755857694894075
5,pre_rope,249,0.0019532060250639915
5,pre_rope,250,0.001912851119413972
5,pre_rope,251,0.001880199066363275
5,pre_rope,252,0.001678748638369143
5,pre_rope,253,0.0015340765239670873
5,pre_rope,254,0.0013529740972444415
5,pre_rope,255,0.0011883443221449852
5,pre_rope,256,0.00104849215131253
5,post_rope,1,1.0
5,post_rope,2,0.8845400810241699
5,post_rope,3,0.6289416551589966
5,post_rope,4,0.34080973267555237
5,post_rope,5,0.29664182662963867
5,post_rope,6,0.25358372926712036
5,post_rope,7,0.2178807556629181
5,post_rope,8,0.21660760045051575
5,post_rope,9,0.2131039798259735
5,post_rope,10,0.20991317927837372
5,post_rope,11,0.2036963850259781
5,post_rope,12,0.20050247013568878
5,post_rope,13,0.20007911324501038
5,post_rope,14,0.19673876464366913
5,post_rope,15,0.19348254799842834
5,post_rope,16,0.1913396120071411
5,post_rope,17,0.18986476957798004
5,post_rope,18,0.1884130835533142
5,post_rope,19,0.18751513957977295
5,post_rope,20,0.1861972063779831
5,post_rope,21,0.16915974020957947
5,post_rope,22,0.16746273636817932
5,post_rope,23,0.16441835463047028
5,post_rope,24,0.1617608219385147
5,post_rope,25,0.15704679489135742
5,post_rope,26,0.15678036212921143
5,post_rope,27,0.15598642826080322
5,post_rope,28,0.1542799174785614
5,post_rope,29,0.1518324464559555
5,post_rope,30,0.15106528997421265
5,post_rope,31,0.14485442638397217
5,post_rope,32,0.14246657490730286
5,post_rope,33,0.1412849873304367
5,post_rope,34,0.14039967954158783
5,post_rope,35,0.1391441524028778
5,post_rope,36,0.13757197558879852
5,post_rope,37,0.1317688524723053
5,post_rope,38,0.13096848130226135
5,post_rope,39,0.12030549347400665
5,post_rope,40,0.11486294865608215
5,post_rope,41,0.11225493252277374
5,post_rope,42,0.1106938049197197
5,post_rope,43,0.10870831459760666
5,post_rope,44,0.10644584894180298
5,post_rope,45,0.10228903591632843
5,post_rope,46,0.09704996645450592
5,post_rope,47,0.0940907746553421
5,post_rope,48,0.09093939512968063
5,post_rope,49,0.08542206138372421
5,post_rope,50,0.08504582196474075
5,post_rope,51,0.08336883038282394
5,post_rope,52,0.08092686533927917
5,post_rope,53,0.07511956244707108
5,post_rope,54,0.0723981186747551
5,post_rope,55,0.07077721506357193
5,post_rope,56,0.0677327811717987
5,post_rope,57,0.06472976505756378
5,post_rope,58,0.06380593031644821
5,post_rope,59,0.063424251973629
5,post_rope,60,0.0626450702548027
5,post_rope,61,0.0613880380988121
5,post_rope,62,0.059830766171216965
5,post_rope,63,0.059581249952316284
5,post_rope,64,0.058556508272886276
5,post_rope,65,0.05795050412416458
5,post_rope,66,0.057738371193408966
5,post_rope,67,0.057470571249723434
5,post_rope,68,0.057244352996349335
5,post_rope,69,0.056240264326334
5,post_rope,70,0.05551626905798912
5,post_rope,71,0.0553647018969059
5,post_rope,72,0.055121954530477524
5,post_rope,73,0.05453455448150635
5,post_rope,74,0.05394187197089195
5,post_rope,75,0.053765326738357544
5,post_rope,76,0.053316567093133926
5,post_rope,77,0.05312999710440636
5,post_rope,78,0.05275586619973183
5,post_rope,79,0.051931921392679214
5,post_rope,80,0.05158638581633568
5,post_rope,81,0.051088809967041016
5,post_rope,82,0.05088357627391815
5,post_rope,83,0.050793085247278214
5,post_rope,84,0.05027003958821297
5,post_rope,85,0.050123535096645355
5,post_rope,86,0.0494966059923172
5,post_rope,87,0.04912398010492325
5,post_rope,88,0.04860273748636246
5,post_rope,89,0.048335738480091095
5,post_rope,90,0.04819907248020172
5,post_rope,91,0.04725852236151695
5,post_rope,92,0.04691609367728233
5,post_rope,93,0.04663855582475662
5,post_rope,94,0.04619719460606575
5,post_rope,95,0.046120770275592804
5,post_rope,96,0.04571937769651413
5,post_rope,97,0.04557766765356064
5,post_rope,98,0.04510808363556862
5,post_rope,99,0.0450688861310482
5,post_rope,100,0.04454945772886276
5,post_rope,101,0.04436040669679642
5,post_rope,102,0.04398234561085701
5,post_rope,103,0.04370340704917908
5,post_rope,104,0.04355525225400925
5,post_rope,105,0.04333581402897835
5,post_rope,106,0.04291744902729988
5,post_rope,107,0.04245658963918686
5,post_rope,108,0.04221510514616966
5,post_rope,109,0.04206826537847519
5,post_rope,110,0.041842490434646606
5,post_rope,111,0.041718028485774994
5,post_rope,112,0.04122120141983032
5,post_rope,113,0.041042789816856384
5,post_rope,114,0.04092170298099518
5,post_rope,115,0.04056413099169731
5,post_rope,116,0.04050374776124954
5,post_rope,117,0.04033058136701584
5,post_rope,118,0.04002026841044426
5,post_rope,119,0.03979947417974472
5,post_rope,120,0.03939257189631462
5,post_rope,121,0.03916612267494202
5,post_rope,122,0.03911368548870087
5,post_rope,123,0.03898271173238754
5,post_rope,124,0.038735631853342056
5,post_rope,125,0.03849972039461136
5,post_rope,126,0.038262173533439636
5,post_rope,127,0.03807574883103371
5,post_rope,128,0.03782084584236145
5,post_rope,129,0.03758582845330238
5,post_rope,130,0.03750286623835564
5,post_rope,131,0.037238553166389465
5,post_rope,132,0.03708609193563461
5,post_rope,133,0.036849495023489
5,post_rope,134,0.036770179867744446
5,post_rope,135,0.03637106344103813
5,post_rope,136,0.03629407286643982
5,post_rope,137,0.03600781783461571
5,post_rope,138,0.035939935594797134
5,post_rope,139,0.03574394807219505
5,post_rope,140,0.03551677614450455
5,post_rope,141,0.03514096513390541
5,post_rope,142,0.03497651591897011
5,post_rope,143,0.03481588512659073
5,post_rope,144,0.03474947437644005
5,post_rope,145,0.03462230786681175
5,post_rope,146,0.03452606126666069
5,post_rope,147,0.03439227491617203
5,post_rope,148,0.034163203090429306
5,post_rope,149,0.033888351172208786
5,post_rope,150,0.033690281212329865
5,post_rope,151,0.03345273435115814
5,post_rope,152,0.03322753310203552
5,post_rope,153,0.03308958560228348
5,post_rope,154,0.032924585044384
5,post_rope,155,0.03275996074080467
5,post_rope,156,0.03240514546632767
5,post_rope,157,0.0321037694811821
5,post_rope,158,0.0319104827940464
5,post_rope,159,0.031643375754356384
5,post_rope,160,0.031501416116952896
5,post_rope,161,0.03145467862486839
5,post_rope,162,0.03126033395528793
5,post_rope,163,0.03113231062889099
5,post_rope,164,0.03082147426903248
5,post_rope,165,0.030757291242480278
5,post_rope,166,0.030478080734610558
5,post_rope,167,0.03030085749924183
5,post_rope,168,0.0299921203404665
5,post_rope,169,0.029423438012599945
5,post_rope,170,0.029211165383458138
5,post_rope,171,0.029088199138641357
5,post_rope,172,0.028949150815606117
5,post_rope,173,0.028705298900604248
5,post_rope,174,0.028579723089933395
5,post_rope,175,0.02844393439590931
5,post_rope,176,0.028225112706422806
5,post_rope,177,0.028169920668005943
5,post_rope,178,0.028029024600982666
5,post_rope,179,0.027650166302919388
5,post_rope,180,0.027483368292450905
5,post_rope,181,0.027274589985609055
5,post_rope,182,0.027117060497403145
5,post_rope,183,0.027021022513508797
5,post_rope,184,0.026791799813508987
5,post_rope,185,0.026694854721426964
5,post_rope,186,0.02648298628628254
5,post_rope,187,0.0263981893658638
5,post_rope,188,0.02628541737794876
5,post_rope,189,0.02619560807943344
5,post_rope,190,0.025839976966381073
5,post_rope,191,0.025765201076865196
5,post_rope,192,0.025582902133464813
5,post_rope,193,0.025516092777252197
5,post_rope,194,0.02541036158800125
5,post_rope,195,0.02514529600739479
5,post_rope,196,0.024958467110991478
5,post_rope,197,0.024755757302045822
5,post_rope,198,0.024641577154397964
5,post_rope,199,0.024373110383749008
5,post_rope,200,0.024270707741379738
5,post_rope,201,0.02419765666127205
5,post_rope,202,0.024085475131869316
5,post_rope,203,0.02395295910537243
5,post_rope,204,0.023642361164093018
5,post_rope,205,0.023442894220352173
5,post_rope,206,0.023265868425369263
5,post_rope,207,0.022863412275910378
5,post_rope,208,0.022781357169151306
5,post_rope,209,0.022521769627928734
5,post_rope,210,0.02229546383023262
5,post_rope,211,0.02212766744196415
5,post_rope,212,0.02198968455195427
5,post_rope,213,0.021573152393102646
5,post_rope,214,0.021470610052347183
5,post_rope,215,0.02144022472202778
5,post_rope,216,0.021333688870072365
5,post_rope,217,0.021043283864855766
5,post_rope,218,0.020876742899417877
5,post_rope,219,0.020775752142071724
5,post_rope,220,0.020578457042574883
5,post_rope,221,0.020327353850007057
5,post_rope,222,0.01990240439772606
5,post_rope,223,0.019531849771738052
5,post_rope,224,0.019408149644732475
5,post_rope,225,0.01922660320997238
5,post_rope,226,0.019027022644877434
5,post_rope,227,0.0187965277582407
5,post_rope,228,0.018543768674135208
5,post_rope,229,0.01838693581521511
5,post_rope,230,0.018111631274223328
5,post_rope,231,0.017824634909629822
5,post_rope,232,0.017756305634975433
5,post_rope,233,0.01753348484635353
5,post_rope,234,0.017500286921858788
5,post_rope,235,0.017242182046175003
5,post_rope,236,0.017091669142246246
5,post_rope,237,0.016824085265398026
5,post_rope,238,0.01667034439742565
5,post_rope,239,0.0164765827357769
5,post_rope,240,0.01607484370470047
5,post_rope,241,0.016006816178560257
5,post_rope,242,0.015568548813462257
5,post_rope,243,0.01538071408867836
5,post_rope,244,0.015027038753032684
5,post_rope,245,0.013718034140765667
5,post_rope,246,0.013426766730844975
5,post_rope,247,0.013284252025187016
5,post_rope,248,0.012946367263793945
5,post_rope,249,0.012281647883355618
5,post_rope,250,0.012204822152853012
5,post_rope,251,0.011863278225064278
5,post_rope,252,0.011493204161524773
5,post_rope,253,0.010804262943565845
5,post_rope,254,0.010517427697777748
5,post_rope,255,0.009855534881353378
5,post_rope,256,0.009063542820513248
6,pre_rope,1,1.0
6,pre_rope,2,0.17881366610527039
6,pre_rope,3,0.13906387984752655
6,pre_rope,4,0.10598569363355637
6,pre_rope,5,0.09823381155729294
6,pre_rope,6,0.08273746073246002
6,pre_rope,7,0.07587016373872757
6,pre_rope,8,0.06875905394554138
6,pre_rope,9,0.06694146245718002
6,pre_rope,10,0.06268474459648132
6,pre_rope,11,0.062328532338142395
6,pre_rope,12,0.05565158277750015
6,pre_rope,13,0.05469275638461113
6,pre_rope,14,0.04739682376384735
6,pre_rope,15,0.045993588864803314
6,pre_rope,16,0.044436756521463394
6,pre_rope,17,0.04219867289066315
6,pre_rope,18,0.041672997176647186
6,pre_rope,19,0.04105788841843605
6,pre_rope,20,0.04065174236893654
6,pre_rope,21,0.03883090242743492
6,pre_rope,22,0.03744124248623848
6,pre_rope,23,0.03637007251381874
6,pre_rope,24,0.03537778556346893
6,pre_rope,25,0.03488284349441528
6,pre_rope,26,0.034495655447244644
6,pre_rope,27,0.03345276415348053
6,pre_rope,28,0.03250245004892349
6,pre_rope,29,0.03153134509921074
6,pre_rope,30,0.03111298754811287
6,pre_rope,31,0.030476396903395653
6,pre_rope,32,0.029990671202540398
6,pre_rope,33,0.029363878071308136
6,pre_rope,34,0.02919231913983822
6,pre_rope,35,0.028673602268099785
6,pre_rope,36,0.028144918382167816
6,pre_rope,37,0.0276979748159647
6,pre_rope,38,0.02748366817831993
6,pre_rope,39,0.02706586755812168
6,pre_rope,40,0.026414083316922188
6,pre_rope,41,0.025947876274585724
6,pre_rope,42,0.02540574222803116
6,pre_rope,43,0.02498898096382618
6,pre_rope,44,0.024721350520849228
6,pre_rope,45,0.02432766743004322
6,pre_rope,46,0.02406511828303337
6,pre_rope,47,0.02403828129172325
6,pre_rope,48,0.023636948317289352
6,pre_rope,49,0.023145996034145355
6,pre_rope,50,0.02272345870733261
6,pre_rope,51,0.022552020847797394
6,pre_rope,52,0.022315412759780884
6,pre_rope,53,0.022064728662371635
6,pre_rope,54,0.02193351276218891
6,pre_rope,55,0.021680280566215515
6,pre_rope,56,0.021314840763807297
6,pre_rope,57,0.021126657724380493
6,pre_rope,58,0.020894473418593407
6,pre_rope,59,0.02058730274438858
6,pre_rope,60,0.020123913884162903
6,pre_rope,61,0.019805070012807846
6,pre_rope,62,0.01964300498366356
6,pre_rope,63,0.019220340996980667
6,pre_rope,64,0.0191549900919199
6,pre_rope,65,0.01883363537490368
6,pre_rope,66,0.01866845227777958
6,pre_rope,67,0.018244795501232147
6,pre_rope,68,0.018081054091453552
6,pre_rope,69,0.017906345427036285
6,pre_rope,70,0.017585696652531624
6,pre_rope,71,0.017503179609775543
6,pre_rope,72,0.01735285297036171
6,pre_rope,73,0.017129437997937202
6,pre_rope,74,0.0168484877794981
6,pre_rope,75,0.016648508608341217
6,pre_rope,76,0.01638280786573887
6,pre_rope,77,0.01631680317223072
6,pre_rope,78,0.01616913639008999
6,pre_rope,79,0.015917886048555374
6,pre_rope,80,0.015849793329834938
6,pre_rope,81,0.015613682568073273
6,pre_rope,82,0.015437590889632702
6,pre_rope,83,0.0152162229642272
6,pre_rope,84,0.015135484747588634
6,pre_rope,85,0.0150628462433815
6,pre_rope,86,0.01490369439125061
6,pre_rope,87,0.014646883122622967
6,pre_rope,88,0.014455443248152733
6,pre_rope,89,0.014380781911313534
6,pre_rope,90,0.014262069016695023
6,pre_rope,91,0.014222564175724983
6,pre_rope,92,0.014149066060781479
6,pre_rope,93,0.013814762234687805
6,pre_rope,94,0.013713127002120018
6,pre_rope,95,0.01350109651684761
6,pre_rope,96,0.013383390381932259
6,pre_rope,97,0.01328296959400177
6,pre_rope,98,0.01319555938243866
6,pre_rope,99,0.01300033088773489
6,pre_rope,100,0.012857121415436268
6,pre_rope,101,0.012773647904396057
6,pre_rope,102,0.012644185684621334
6,pre_rope,103,0.012419221922755241
6,pre_rope,104,0.012361924163997173
6,pre_rope,105,0.012258590199053288
6,pre_rope,106,0.012220305390655994
6,pre_rope,107,0.01221501175314188
6,pre_rope,108,0.011973137967288494
6,pre_rope,109,0.011761600151658058
6,pre_rope,110,0.011654929257929325
6,pre_rope,111,0.011564068496227264
6,pre_rope,112,0.01152879185974598
6,pre_rope,113,0.01134484726935625
6,pre_rope,114,0.011234745383262634
6,pre_rope,115,0.011213177815079689
6,pre_rope,116,0.011118138208985329
6,pre_rope,117,0.010911880992352962
6,pre_rope,118,0.010843910276889801
6,pre_rope,119,0.01082694437354803
6,pre_rope,120,0.010798364877700806
6,pre_rope,121,0.010619443841278553
6,pre_rope,122,0.01054149866104126
6,pre_rope,123,0.010357682593166828
6,pre_rope,124,0.010328060947358608
6,pre_rope,125,0.010213864967226982
6,pre_rope,126,0.010108966380357742
6,pre_rope,127,0.010008340701460838
6,pre_rope,128,0.009964612312614918
6,pre_rope,129,0.00988517515361309
6,pre_rope,130,0.009851210750639439
6,pre_rope,131,0.009647986851632595
6,pre_rope,132,0.009584966115653515
6,pre_rope,133,0.009513880126178265
6,pre_rope,134,0.009485670365393162
6,pre_rope,135,0.009417257271707058
6,pre_rope,136,0.009307116270065308
6,pre_rope,137,0.009266624227166176
6,pre_rope,138,0.009172065183520317
6,pre_rope,139,0.009113895706832409
6,pre_rope,140,0.009022136218845844
6,pre_rope,141,0.00896450411528349
6,pre_rope,142,0.00894003827124834
6,pre_rope,143,0.008885649964213371
6,pre_rope,144,0.008785954676568508
6,pre_rope,145,0.008658694103360176
6,pre_rope,146,0.008499504998326302
6,pre_rope,147,0.008456800132989883
6,pre_rope,148,0.008390745148062706
6,pre_rope,149,0.008323476649820805
6,pre_rope,150,0.008282304741442204
6,pre_rope,151,0.008173379115760326
6,pre_rope,152,0.00807589665055275
6,pre_rope,153,0.00800467748194933
6,pre_rope,154,0.007974835112690926
6,pre_rope,155,0.007917898707091808
6,pre_rope,156,0.007840990088880062
6,pre_rope,157,0.0077739376574754715
6,pre_rope,158,0.007607806008309126
6,pre_rope,159,0.007586454972624779
6,pre_rope,160,0.007550529669970274
6,pre_rope,161,0.00749474810436368
6,pre_rope,162,0.007342054042965174
6,pre_rope,163,0.007288465742021799
6,pre_rope,164,0.007242314051836729
6,pre_rope,165,0.007176071871072054
6,pre_rope,166,0.007112352177500725
6,pre_rope,167,0.007055989932268858
6,pre_rope,168,0.006929985713213682
6,pre_rope,169,0.0068702190183103085
6,pre_rope,170,0.00684197386726737
6,pre_rope,171,0.006746106315404177
6,pre_rope,172,0.006691517308354378
6,pre_rope,173,0.006631023716181517
6,pre_rope,174,0.006542372051626444
6,pre_rope,175,0.006491915788501501
6,pre_rope,176,0.006433788686990738
6,pre_rope,177,0.006346122361719608
6,pre_rope,178,0.006332481745630503
6,pre_rope,179,0.006251057144254446
6,pre_rope,180,0.006132473703473806
6,pre_rope,181,0.006104354280978441
6,pre_rope,182,0.005966628435999155
6,pre_rope,183,0.00589811010286212
6,pre_rope,184,0.005888588260859251
6,pre_rope,185,0.005818069446831942
6,pre_rope,186,0.005776438396424055
6,pre_rope,187,0.005729340482503176
6,pre_rope,188,0.005652067717164755
6,pre_rope,189,0.005602497607469559
6,pre_rope,190,0.005497407168149948
6,pre_rope,191,0.0054643661715090275
6,pre_rope,192,0.005422889720648527
6,pre_rope,193,0.00533201452344656
6,pre_rope,194,0.0052976724691689014
6,pre_rope,195,0.005270710214972496
6,pre_rope,196,0.005209894850850105
6,pre_rope,197,0.0051439907401800156
6,pre_rope,198,0.005102308001369238
6,pre_rope,199,0.005080817732959986
6,pre_rope,200,0.004951376933604479
6,pre_rope,201,0.004905886482447386
6,pre_rope,202,0.004881770815700293
6,pre_rope,203,0.004809744190424681
6,pre_rope,204,0.0047325268387794495
6,pre_rope,205,0.004671099130064249
6,pre_rope,206,0.004642858169972897
6,pre_rope,207,0.004573395941406488
6,pre_rope,208,0.004479242488741875
6,pre_rope,209,0.004450985696166754
6,pre_rope,210,0.004402154125273228
6,pre_rope,211,0.004366527311503887
6,pre_rope,212,0.004296907689422369
6,pre_rope,213,0.004283023066818714
6,pre_rope,214,0.0042226132936775684
6,pre_rope,215,0.004178178030997515
6,pre_rope,216,0.0040906378999352455
6,pre_rope,217,0.004041111562401056
6,pre_rope,218,0.003970563877373934
6,pre_rope,219,0.003965768497437239
6,pre_rope,220,0.0039287894032895565
6,pre_rope,221,0.0038844665978103876
6,pre_rope,222,0.0038112138863652945
6,pre_rope,223,0.0037584013771265745
6,pre_rope,224,0.003735471749678254
6,pre_rope,225,0.003688578959554434
6,pre_rope,226,0.0036473970394581556
6,pre_rope,227,0.003586395876482129
6,pre_rope,228,0.0035323305055499077
6,pre_rope,229,0.0034310887567698956
6,pre_rope,230,0.0034008370712399483
6,pre_rope,231,0.003386621829122305
6,pre_rope,232,0.0033097967971116304
6,pre_rope,233,0.003221165155991912
6,pre_rope,234,0.0031585912220180035
6,pre_rope,235,0.003032358828932047
6,pre_rope,236,0.0029772876296192408
6,pre_rope,237,0.002933207666501403
6,pre_rope,238,0.002894236473366618
6,pre_rope,239,0.0028785329777747393
6,pre_rope,240,0.002730404958128929
6,pre_rope,241,0.0026851787697523832
6,pre_rope,242,0.002626727567985654
6,pre_rope,243,0.0025740754790604115
6,pre_rope,244,0.002536382060497999
6,pre_rope,245,0.002417692681774497
6,pre_rope,246,0.002298925770446658
6,pre_rope,247,0.002267016563564539
6,pre_rope,248,0.002234709681943059
6,pre_rope,249,0.00212701503187418
6,pre_rope,250,0.0019172187894582748
6,pre_rope,251,0.00172011973336339
6,pre_rope,252,0.0016187907895073295
6,pre_rope,253,0.0015130395768210292
6,pre_rope,254,0.0014495516661554575
6,pre_rope,255,0.0013711609644815326
6,pre_rope,256,0.0009084470220841467
6,post_rope,1,1.0
6,post_rope,2,0.9142044186592102
6,post_rope,3,0.6755194664001465
6,post_rope,4,0.38879042863845825
6,post_rope,5,0.3124615252017975
6,post_rope,6,0.2855736017227173
6,post_rope,7,0.2478426843881607
6,post_rope,8,0.24623040854930878
6,post_rope,9,0.22576120495796204
6,post_rope,10,0.22498393058776855
6,post_rope,11,0.19618792831897736
6,post_rope,12,0.19505947828292847
6,post_rope,13,0.19277077913284302
6,post_rope,14,0.19238729774951935
6,post_rope,15,0.19078940153121948
6,post_rope,16,0.18962161242961884
6,post_rope,17,0.18706749379634857
6,post_rope,18,0.18646320700645447
6,post_rope,19,0.18515367805957794
6,post_rope,20,0.18147730827331543
6,post_rope,21,0.17995889484882355
6,post_rope,22,0.17926135659217834
6,post_rope,23,0.1765618622303009
6,post_rope,24,0.1752796322107315
6,post_rope,25,0.1747170239686966
6,post_rope,26,0.17371471226215363
6,post_rope,27,0.17294631898403168
6,post_rope,28,0.1712445765733719
6,post_rope,29,0.16966313123703003
6,post_rope,30,0.16754452884197235
6,post_rope,31,0.16682130098342896
6,post_rope,32,0.1647292673587799
6,post_rope,33,0.15404224395751953
6,post_rope,34,0.14933857321739197
6,post_rope,35,0.14857164025306702
6,post_rope,36,0.12986163794994354
6,post_rope,37,0.12713128328323364
6,post_rope,38,0.11297444999217987
6,post_rope,39,0.10707781463861465
6,post_rope,40,0.10482441633939743
6,post_rope,41,0.10115589201450348
6,post_rope,42,0.09933456778526306
6,post_rope,43,0.09792295843362808
6,post_rope,44,0.0964244157075882
6,post_rope,45,0.09587199985980988
6,post_rope,46,0.09451698511838913
6,post_rope,47,0.09144572168588638
6,post_rope,48,0.09007728099822998
6,post_rope,49,0.08332826942205429
6,post_rope,50,0.08013881742954254
6,post_rope,51,0.07728073745965958
6,post_rope,52,0.07632434368133545
6,post_rope,53,0.07305534183979034
6,post_rope,54,0.07232474535703659
6,post_rope,55,0.07098780572414398
6,post_rope,56,0.0692732185125351
6,post_rope,57,0.06853346526622772
6,post_rope,58,0.06743276119232178
6,post_rope,59,0.06716037541627884
6,post_rope,60,0.066326804459095
6,post_rope,61,0.06616167724132538
6,post_rope,62,0.06501046568155289
6,post_rope,63,0.06401686370372772
6,post_rope,64,0.06326061487197876
6,post_rope,65,0.0630500391125679
6,post_rope,66,0.06226290017366409
6,post_rope,67,0.06218523904681206
6,post_rope,68,0.06188366562128067
6,post_rope,69,0.06068941205739975
6,post_rope,70,0.06064070761203766
6,post_rope,71,0.05978354811668396
6,post_rope,72,0.059433016926050186
6,post_rope,73,0.059303879737854004
6,post_rope,74,0.05869780108332634
6,post_rope,75,0.05830253288149834
6,post_rope,76,0.05768636241555214
6,post_rope,77,0.057510945945978165
6,post_rope,78,0.05610010772943497
6,post_rope,79,0.0559508353471756
6,post_rope,80,0.05529998987913132
6,post_rope,81,0.05500128120183945
6,post_rope,82,0.05488234758377075
6,post_rope,83,0.054267123341560364
6,post_rope,84,0.05373489856719971
6,post_rope,85,0.05316881835460663
6,post_rope,86,0.05297959968447685
6,post_rope,87,0.05271981284022331
6,post_rope,88,0.052107930183410645
6,post_rope,89,0.05174928158521652
6,post_rope,90,0.05142048001289368
6,post_rope,91,0.05116407945752144
6,post_rope,92,0.05086026340723038
6,post_rope,93,0.05041409283876419
6,post_rope,94,0.04990902543067932
6,post_rope,95,0.049591898918151855
6,post_rope,96,0.04932824894785881
6,post_rope,97,0.04907624050974846
6,post_rope,98,0.048758335411548615
6,post_rope,99,0.04868288338184357
6,post_rope,100,0.04814315587282181
6,post_rope,101,0.04767369478940964
6,post_rope,102,0.0473320297896862
6,post_rope,103,0.047072891145944595
6,post_rope,104,0.0469282902777195
6,post_rope,105,0.04663470759987831
6,post_rope,106,0.046494804322719574
6,post_rope,107,0.04622005298733711
6,post_rope,108,0.0457475371658802
6,post_rope,109,0.04554063826799393
6,post_rope,110,0.04494842514395714
6,post_rope,111,0.04481479898095131
6,post_rope,112,0.04469912499189377
6,post_rope,113,0.04456553980708122
6,post_rope,114,0.04431993514299393
6,post_rope,115,0.0439496710896492
6,post_rope,116,0.043786536902189255
6,post_rope,117,0.043580085039138794
6,post_rope,118,0.04354090988636017
6,post_rope,119,0.04307318851351738
6,post_rope,120,0.042956769466400146
6,post_rope,121,0.042690109461545944
6,post_rope,122,0.042517539113759995
6,post_rope,123,0.042394090443849564
6,post_rope,124,0.042313653975725174
6,post_rope,125,0.04187370836734772
6,post_rope,126,0.04185643047094345
6,post_rope,127,0.04166913777589798
6,post_rope,128,0.041150469332933426
6,post_rope,129,0.04086930304765701
6,post_rope,130,0.04061361029744148
6,post_rope,131,0.04048915207386017
6,post_rope,132,0.040333740413188934
6,post_rope,133,0.04020709916949272
6,post_rope,134,0.03975627198815346
6,post_rope,135,0.039603982120752335
6,post_rope,136,0.039377033710479736
6,post_rope,137,0.03918623551726341
6,post_rope,138,0.03898078575730324
6,post_rope,139,0.038902029395103455
6,post_rope,140,0.038575246930122375
6,post_rope,141,0.03852662444114685
6,post_rope,142,0.038388874381780624
6,post_rope,143,0.03816089779138565
6,post_rope,144,0.03809168562293053
6,post_rope,145,0.03775107115507126
6,post_rope,146,0.03760348632931709
6,post_rope,147,0.03736436367034912
6,post_rope,148,0.03725438937544823
6,post_rope,149,0.03697240725159645
6,post_rope,150,0.036833032965660095
6,post_rope,151,0.03671728074550629
6,post_rope,152,0.036312803626060486
6,post_rope,153,0.03622836247086525
6,post_rope,154,0.03580421954393387
6,post_rope,155,0.03572697564959526
6,post_rope,156,0.035594504326581955
6,post_rope,157,0.03541940823197365
6,post_rope,158,0.03529537841677666
6,post_rope,159,0.034869320690631866
6,post_rope,160,0.03471999242901802
6,post_rope,161,0.03469753637909889
6,post_rope,162,0.03453008830547333
6,post_rope,163,0.03446228802204132
6,post_rope,164,0.034136783331632614
6,post_rope,165,0.03393681347370148
6,post_rope,166,0.03393068537116051
6,post_rope,167,0.03363339602947235
6,post_rope,168,0.03329543024301529
6,post_rope,169,0.03322979062795639
6,post_rope,170,0.033032070845365524
6,post_rope,171,0.03259449824690819
6,post_rope,172,0.032559122890233994
6,post_rope,173,0.032281648367643356
6,post_rope,174,0.03218473866581917
6,post_rope,175,0.03195802494883537
6,post_rope,176,0.03191353753209114
6,post_rope,177,0.031809352338314056
6,post_rope,178,0.03122994489967823
6,post_rope,179,0.031119167804718018
6,post_rope,180,0.031035231426358223
6,post_rope,181,0.0309447031468153
6,post_rope,182,0.03083110973238945
6,post_rope,183,0.030486196279525757
6,post_rope,184,0.030189448967576027
6,post_rope,185,0.030092688277363777
6,post_rope,186,0.029968498274683952
6,post_rope,187,0.02964436076581478
6,post_rope,188,0.02962961606681347
6,post_rope,189,0.02942677214741707
6,post_rope,190,0.02928064949810505
6,post_rope,191,0.029000628739595413
6,post_rope,192,0.02863798663020134
6,post_rope,193,0.028579864650964737
6,post_rope,194,0.028315246105194092
6,post_rope,195,0.02803519368171692
6,post_rope,196,0.027898570522665977
6,post_rope,197,0.0274738110601902
6,post_rope,198,0.027365822345018387
6,post_rope,199,0.027179492637515068
6,post_rope,200,0.027033278718590736
6,post_rope,201,0.0268645491451025
6,post_rope,202,0.026793882250785828
6,post_rope,203,0.026425223797559738
6,post_rope,204,0.026411574333906174
6,post_rope,205,0.026179207488894463
6,post_rope,206,0.025983398780226707
6,post_rope,207,0.02585781179368496
6,post_rope,208,0.02545018307864666
6,post_rope,209,0.025376876816153526
6,post_rope,210,0.025333696976304054
6,post_rope,211,0.02506285347044468
6,post_rope,212,0.024934319779276848
6,post_rope,213,0.024621885269880295
6,post_rope,214,0.024552013725042343
6,post_rope,215,0.02447359822690487
6,post_rope,216,0.024224892258644104
6,post_rope,217,0.023899130523204803
6,post_rope,218,0.023802414536476135
6,post_rope,219,0.023633385077118874
6,post_rope,220,0.023405149579048157
6,post_rope,221,0.023247532546520233
6,post_rope,222,0.02314702607691288
6,post_rope,223,0.022950833663344383
6,post_rope,224,0.02289070002734661
6,post_rope,225,0.022719183936715126
6,post_rope,226,0.022398322820663452
6,post_rope,227,0.022208204492926598
6,post_rope,228,0.02216470241546631
6,post_rope,229,0.02200903743505478
6,post_rope,230,0.021881558001041412
6,post_rope,231,0.02143976092338562
6,post_rope,232,0.021197395399212837
6,post_rope,233,0.020795097574591637
6,post_rope,234,0.020655345171689987
6,post_rope,235,0.02035815827548504
6,post_rope,236,0.020166786387562752
6,post_rope,237,0.019819362089037895
6,post_rope,238,0.019561702385544777
6,post_rope,239,0.019388243556022644
6,post_rope,240,0.019187038764357567
6,post_rope,241,0.019080184400081635
6,post_rope,242,0.018838871270418167
6,post_rope,243,0.018725896254181862
6,post_rope,244,0.01858990453183651
6,post_rope,245,0.018441131338477135
6,post_rope,246,0.01810811273753643
6,post_rope,247,0.017624827101826668
6,post_rope,248,0.017305737361311913
6,post_rope,249,0.016717996448278427
6,post_rope,250,0.015973249450325966
6,post_rope,251,0.015576960518956184
6,post_rope,252,0.014886339195072651
6,post_rope,253,0.013338678516447544
6,post_rope,254,0.011688566766679287
6,post_rope,255,0.010191487148404121
6,post_rope,256,0.009267980232834816
7,pre_rope,1,1.0
7,pre_rope,2,0.18024097383022308
7,pre_rope,3,0.13944141566753387
7,pre_rope,4,0.11208359897136688
7,pre_rope,5,0.09358784556388855
7,pre_rope,6,0.0832497850060463
7,pre_rope,7,0.07605883479118347
7,pre_rope,8,0.07382039725780487
7,pre_rope,9,0.07077071070671082
7,pre_rope,10,0.06638187915086746
7,pre_rope,11,0.06025188788771629
7,pre_rope,12,0.05862820893526077
7,pre_rope,13,0.05137968808412552
7,pre_rope,14,0.0493314303457737
7,pre_rope,15,0.043874260038137436
7,pre_rope,16,0.04331699386239052
7,pre_rope,17,0.0415353924036026
7,pre_rope,18,0.04009488597512245
7,pre_rope,19,0.03943297266960144
7,pre_rope,20,0.038023266941308975
7,pre_rope,21,0.03687088191509247
7,pre_rope,22,0.03580719977617264
7,pre_rope,23,0.03516438603401184
7,pre_rope,24,0.03406260535120964
7,pre_rope,25,0.03329245746135712
7,pre_rope,26,0.03172538802027702
7,pre_rope,27,0.030918579548597336
7,pre_rope,28,0.0303169097751379
7,pre_rope,29,0.03006337210536003
7,pre_rope,30,0.029428383335471153
7,pre_rope,31,0.028601353988051414
7,pre_rope,32,0.02810393087565899
7,pre_rope,33,0.027015944942831993
7,pre_rope,34,0.026818396523594856
7,pre_rope,35,0.026158610358834267
7,pre_rope,36,0.02571004256606102
7,pre_rope,37,0.02501101605594158
7,pre_rope,38,0.02473258413374424
7,pre_rope,39,0.024232881143689156
7,pre_rope,40,0.02399534173309803
7,pre_rope,41,0.023555565625429153
7,pre_rope,42,0.023058149963617325
7,pre_rope,43,0.022765232250094414
7,pre_rope,44,0.022189738228917122
7,pre_rope,45,0.021912915632128716
7,pre_rope,46,0.02156687155365944
7,pre_rope,47,0.021275289356708527
7,pre_rope,48,0.021015623584389687
7,pre_rope,49,0.020815834403038025
7,pre_rope,50,0.020437907427549362
7,pre_rope,51,0.020294230431318283
7,pre_rope,52,0.019734390079975128
7,pre_rope,53,0.01950499787926674
7,pre_rope,54,0.019276989623904228
7,pre_rope,55,0.018987735733389854
7,pre_rope,56,0.018929902464151382
7,pre_rope,57,0.01852426491677761
7,pre_rope,58,0.018443873152136803
7,pre_rope,59,0.018187573179602623
7,pre_rope,60,0.01800856739282608
7,pre_rope,61,0.0178469680249691
7,pre_rope,62,0.01758912019431591
7,pre_rope,63,0.017063438892364502
7,pre_rope,64,0.0169850941747427
7,pre_rope,65,0.016709640622138977
7,pre_rope,66,0.016685986891388893
7,pre_rope,67,0.016328878700733185
7,pre_rope,68,0.01619042456150055
7,pre_rope,69,0.015826940536499023
7,pre_rope,70,0.01571355015039444
7,pre_rope,71,0.015549379400908947
7,pre_rope,72,0.015372993424534798
7,pre_rope,73,0.015190315432846546
7,pre_rope,74,0.014867234975099564
7,pre_rope,75,0.014748230576515198
7,pre_rope,76,0.014626326970756054
7,pre_rope,77,0.014530659653246403
7,pre_rope,78,0.014478852972388268
7,pre_rope,79,0.014179535210132599
7,pre_rope,80,0.013866354711353779
7,pre_rope,81,0.01385091058909893
7,pre_rope,82,0.01371767558157444
7,pre_rope,83,0.013653195463120937
7,pre_rope,84,0.013621094636619091
7,pre_rope,85,0.013213208876550198
7,pre_rope,86,0.013050897046923637
7,pre_rope,87,0.012961768545210361
7,pre_rope,88,0.01286197267472744
7,pre_rope,89,0.012683144770562649
7,pre_rope,90,0.012489145621657372
7,pre_rope,91,0.012458134442567825
7,pre_rope,92,0.012236395850777626
7,pre_rope,93,0.012083468027412891
7,pre_rope,94,0.011979062110185623
7,pre_rope,95,0.011813320219516754
7,pre_rope,96,0.011627894826233387
7,pre_rope,97,0.01152359414845705
7,pre_rope,98,0.0114764254540205
7,pre_rope,99,0.011267375200986862
7,pre_rope,100,0.011192978359758854
7,pre_rope,101,0.01113037671893835
7,pre_rope,102,0.011021568439900875
7,pre_rope,103,0.010960587300360203
7,pre_rope,104,0.010863355360925198
7,pre_rope,105,0.010782171972095966
7,pre_rope,106,0.010695341043174267
7,pre_rope,107,0.010435649193823338
7,pre_rope,108,0.0103612020611763
7,pre_rope,109,0.010300211608409882
7,pre_rope,110,0.010241769254207611
7,pre_rope,111,0.010044008493423462
7,pre_rope,112,0.009974121116101742
7,pre_rope,113,0.009923059493303299
7,pre_rope,114,0.009831630624830723
7,pre_rope,115,0.009701333940029144
7,pre_rope,116,0.009611532092094421
7,pre_rope,117,0.009462680667638779
7,pre_rope,118,0.009379416704177856
7,pre_rope,119,0.009294291026890278
7,pre_rope,120,0.009097500704228878
7,pre_rope,121,0.009071462787687778
7,pre_rope,122,0.008947023190557957
7,pre_rope,123,0.008908899500966072
7,pre_rope,124,0.008750313892960548
7,pre_rope,125,0.008703213185071945
7,pre_rope,126,0.008583305403590202
7,pre_rope,127,0.008536933921277523
7,pre_rope,128,0.008489023894071579
7,pre_rope,129,0.008335703052580357
7,pre_rope,130,0.008211137726902962
7,pre_rope,131,0.008149976842105389
7,pre_rope,132,0.008099653758108616
7,pre_rope,133,0.008010843768715858
7,pre_rope,134,0.00795693788677454
7,pre_rope,135,0.007921011187136173
7,pre_rope,136,0.007857192307710648
7,pre_rope,137,0.0076815783977508545
7,pre_rope,138,0.007627235725522041
7,pre_rope,139,0.00754977110773325
7,pre_rope,140,0.0074477363377809525
7,pre_rope,141,0.007392600644379854
7,pre_rope,142,0.0073697385378181934
7,pre_rope,143,0.0072990539483726025
7,pre_rope,144,0.007271178532391787
7,pre_rope,145,0.007180590182542801
7,pre_rope,146,0.0071466113440692425
7,pre_rope,147,0.007069129031151533
7,pre_rope,148,0.00704930117353797
7,pre_rope,149,0.006948989350348711
7,pre_rope,150,0.006897429935634136
7,pre_rope,151,0.006859772372990847
7,pre_rope,152,0.006758872419595718
7,pre_rope,153,0.006604496855288744
7,pre_rope,154,0.006575366947799921
7,pre_rope,155,0.006561905145645142
7,pre_rope,156,0.006487657316029072
7,pre_rope,157,0.00636576721444726
7,pre_rope,158,0.0063180383294820786
7,pre_rope,159,0.006306086201220751
7,pre_rope,160,0.0062159881927073
7,pre_rope,161,0.006126484367996454
7,pre_rope,162,0.006106872111558914
7,pre_rope,163,0.006038579624146223
7,pre_rope,164,0.006015518680214882
7,pre_rope,165,0.005893344059586525
7,pre_rope,166,0.005830162670463324
7,pre_rope,167,0.005821840837597847
7,pre_rope,168,0.005810311529785395
7,pre_rope,169,0.00572851300239563
7,pre_rope,170,0.005614360794425011
7,pre_rope,171,0.005558997858315706
7,pre_rope,172,0.005538746248930693
7,pre_rope,173,0.005498024169355631
7,pre_rope,174,0.005414842162281275
7,pre_rope,175,0.005360469222068787
7,pre_rope,176,0.005267242435365915
7,pre_rope,177,0.005187051370739937
7,pre_rope,178,0.005176173988729715
7,pre_rope,179,0.005152933765202761
7,pre_rope,180,0.005112693645060062
7,pre_rope,181,0.005045671481639147
7,pre_rope,182,0.0049377852119505405
7,pre_rope,183,0.004912663251161575
7,pre_rope,184,0.004857111256569624
7,pre_rope,185,0.004776578862220049
7,pre_rope,186,0.004740661475807428
7,pre_rope,187,0.004722276236861944
7,pre_rope,188,0.004671697039157152
7,pre_rope,189,0.004600146319717169
7,pre_rope,190,0.004544320981949568
7,pre_rope,191,0.0044862013310194016
7,pre_rope,192,0.004409378860145807
7,pre_rope,193,0.004381994251161814
7,pre_rope,194,0.00435261195525527
7,pre_rope,195,0.0042572906240820885
7,pre_rope,196,0.004237041343003511
7,pre_rope,197,0.004154188092797995
7,pre_rope,198,0.004103365354239941
7,pre_rope,199,0.004055915866047144
7,pre_rope,200,0.004001443274319172
7,pre_rope,201,0.0039840140379965305
7,pre_rope,202,0.003967509139329195
7,pre_rope,203,0.003904235316440463
7,pre_rope,204,0.003866775892674923
7,pre_rope,205,0.0038098939694464207
7,pre_rope,206,0.003748431336134672
7,pre_rope,207,0.003705426584929228
7,pre_rope,208,0.003679717658087611
7,pre_rope,209,0.0036231873091310263
7,pre_rope,210,0.0035997938830405474
7,pre_rope,211,0.0035727762151509523
7,pre_rope,212,0.003535921685397625
7,pre_rope,213,0.0035069624427706003
7,pre_rope,214,0.0034620880614966154
7,pre_rope,215,0.0034301711712032557
7,pre_rope,216,0.0033870497718453407
7,pre_rope,217,0.003341078758239746
7,pre_rope,218,0.003303716192021966
7,pre_rope,219,0.003233370603993535
7,pre_rope,220,0.003223763545975089
7,pre_rope,221,0.003135767299681902
7,pre_rope,222,0.0030527443159371614
7,pre_rope,223,0.0030324773397296667
7,pre_rope,224,0.0029816071037203074
7,pre_rope,225,0.002952207112684846
7,pre_rope,226,0.0028795446269214153
7,pre_rope,227,0.0028509367257356644
7,pre_rope,228,0.0028196880593895912
7,pre_rope,229,0.0027720180805772543
7,pre_rope,230,0.0027175252325832844
7,pre_rope,231,0.0027002764400094748
7,pre_rope,232,0.002661889884620905
7,pre_rope,233,0.0025974130257964134
7,pre_rope,234,0.0025777711998671293
7,pre_rope,235,0.0025384677574038506
7,pre_rope,236,0.002468585968017578
7,pre_rope,237,0.002406149869784713
7,pre_rope,238,0.0023724266793578863
7,pre_rope,239,0.0023075914941728115
7,pre_rope,240,0.0022734201047569513
7,pre_rope,241,0.0022239398676902056
7,pre_rope,242,0.002196358982473612
7,pre_rope,243,0.0021171672269701958
7,pre_rope,244,0.0020838023629039526
7,pre_rope,245,0.0020313342101871967
7,pre_rope,246,0.0019778392743319273
7,pre_rope,247,0.0019250300247222185
7,pre_rope,248,0.0018817665986716747
7,pre_rope,249,0.0018046674085780978
7,pre_rope,250,0.0016740296268835664
7,pre_rope,251,0.001576197100803256
7,pre_rope,252,0.001419534906744957
7,pre_rope,253,0.0013531369622796774
7,pre_rope,254,0.0011050389148294926
7,pre_rope,255,0.0009242740925401449
7,pre_rope,256,0.000730663537979126
7,post_rope,1,1.0
7,post_rope,2,0.9126826524734497
7,post_rope,3,0.4393916726112366
7,post_rope,4,0.3580706715583801
7,post_rope,5,0.3449977934360504
7,post_rope,6,0.2737552523612976
7,post_rope,7,0.27270716428756714
7,post_rope,8,0.25104618072509766
7,post_rope,9,0.24106544256210327
7,post_rope,10,0.2384982705116272
7,post_rope,11,0.22716927528381348
7,post_rope,12,0.1996052861213684
7,post_rope,13,0.19911712408065796
7,post_rope,14,0.19039714336395264
7,post_rope,15,0.18965640664100647
7,post_rope,16,0.18810990452766418
7,post_rope,17,0.1879231184720993
7,post_rope,18,0.1863681823015213
7,post_rope,19,0.18218845129013062
7,post_rope,20,0.17974165081977844
7,post_rope,21,0.1786511242389679
7,post_rope,22,0.17319607734680176
7,post_rope,23,0.1699860841035843
7,post_rope,24,0.16974231600761414
7,post_rope,25,0.1677941232919693
7,post_rope,26,0.16450776159763336
7,post_rope,27,0.16115310788154602
7,post_rope,28,0.16033205389976501
7,post_rope,29,0.16004380583763123
7,post_rope,30,0.1596338301897049
7,post_rope,31,0.1572304219007492
7,post_rope,32,0.15349379181861877
7,post_rope,33,0.1524249017238617
7,post_rope,34,0.15068525075912476
7,post_rope,35,0.14891822636127472
7,post_rope,36,0.1475636512041092
7,post_rope,37,0.14655354619026184
7,post_rope,38,0.1258126199245453
7,post_rope,39,0.1165008544921875
7,post_rope,40,0.11601092666387558
7,post_rope,41,0.10488621145486832
7,post_rope,42,0.099958635866642
7,post_rope,43,0.09861427545547485
7,post_rope,44,0.09361198544502258
7,post_rope,45,0.09033898264169693
7,post_rope,46,0.08720190078020096
7,post_rope,47,0.08510352671146393
7,post_rope,48,0.08242535591125488
7,post_rope,49,0.08138447999954224
7,post_rope,50,0.07905720919370651
7,post_rope,51,0.07844381779432297
7,post_rope,52,0.07658803462982178
7,post_rope,53,0.07532262057065964
7,post_rope,54,0.07492414116859436
7,post_rope,55,0.07144217193126678
7,post_rope,56,0.07096221297979355
7,post_rope,57,0.06907720863819122
7,post_rope,58,0.06832648813724518
7,post_rope,59,0.06799547374248505
7,post_rope,60,0.0656147375702858
7,post_rope,61,0.06532695889472961
7,post_rope,62,0.06424666941165924
7,post_rope,63,0.06382887810468674
7,post_rope,64,0.062403514981269836
7,post_rope,65,0.06153252720832825
7,post_rope,66,0.060456059873104095
7,post_rope,67,0.059981562197208405
7,post_rope,68,0.05891696736216545
7,post_rope,69,0.05810252204537392
7,post_rope,70,0.05728427693247795
7,post_rope,71,0.05712380260229111
7,post_rope,72,0.0557333342730999
7,post_rope,73,0.05514921993017197
7,post_rope,74,0.0548349991440773
7,post_rope,75,0.05430927500128746
7,post_rope,76,0.05390486866235733
7,post_rope,77,0.05294731259346008
7,post_rope,78,0.052454061806201935
7,post_rope,79,0.052192118018865585
7,post_rope,80,0.05199145898222923
7,post_rope,81,0.05166942998766899
7,post_rope,82,0.05142640322446823
7,post_rope,83,0.050892166793346405
7,post_rope,84,0.05047192424535751
7,post_rope,85,0.050064779818058014
7,post_rope,86,0.04975681006908417
7,post_rope,87,0.04922331124544144
7,post_rope,88,0.0491633266210556
7,post_rope,89,0.04878759756684303
7,post_rope,90,0.048526715487241745
7,post_rope,91,0.04792345315217972
7,post_rope,92,0.04748358204960823
7,post_rope,93,0.04681693762540817
7,post_rope,94,0.04674501717090607
7,post_rope,95,0.046587973833084106
7,post_rope,96,0.046162620186805725
7,post_rope,97,0.046102605760097504
7,post_rope,98,0.045569270849227905
7,post_rope,99,0.04540112242102623
7,post_rope,100,0.0453210324048996
7,post_rope,101,0.044613465666770935
7,post_rope,102,0.044341377913951874
7,post_rope,103,0.04408865049481392
7,post_rope,104,0.04386661574244499
7,post_rope,105,0.04351295530796051
7,post_rope,106,0.04326193407177925
7,post_rope,107,0.04297719895839691
7,post_rope,108,0.04274066537618637
7,post_rope,109,0.04242683947086334
7,post_rope,110,0.04223375767469406
7,post_rope,111,0.042111512273550034
7,post_rope,112,0.041830264031887054
7,post_rope,113,0.041580308228731155
7,post_rope,114,0.04128333926200867
7,post_rope,115,0.041051797568798065
7,post_rope,116,0.04084334895014763
7,post_rope,117,0.040720585733652115
7,post_rope,118,0.04032560810446739
7,post_rope,119,0.04008772596716881
7,post_rope,120,0.03978943079710007
7,post_rope,121,0.03957357630133629
7,post_rope,122,0.0391879640519619
7,post_rope,123,0.03890020400285721
7,post_rope,124,0.03860903158783913
7,post_rope,125,0.03833319991827011
7,post_rope,126,0.03813581541180611
7,post_rope,127,0.03793018311262131
7,post_rope,128,0.037794310599565506
7,post_rope,129,0.03760308399796486
7,post_rope,130,0.037263959646224976
7,post_rope,131,0.037086933851242065
7,post_rope,132,0.0368950255215168
7,post_rope,133,0.03666021302342415
7,post_rope,134,0.036280449479818344
7,post_rope,135,0.03622269630432129
7,post_rope,136,0.03593350574374199
7,post_rope,137,0.03531922399997711
7,post_rope,138,0.03528962284326553
7,post_rope,139,0.0349750854074955
7,post_rope,140,0.03469543904066086
7,post_rope,141,0.03448808565735817
7,post_rope,142,0.034372881054878235
7,post_rope,143,0.034248750656843185
7,post_rope,144,0.034082647413015366
7,post_rope,145,0.033909235149621964
7,post_rope,146,0.03379271179437637
7,post_rope,147,0.033087439835071564
7,post_rope,148,0.03287117928266525
7,post_rope,149,0.0327659472823143
7,post_rope,150,0.03264814615249634
7,post_rope,151,0.032233309000730515
7,post_rope,152,0.032166361808776855
7,post_rope,153,0.03201903775334358
7,post_rope,154,0.03169262036681175
7,post_rope,155,0.03160379081964493
7,post_rope,156,0.03154357150197029
7,post_rope,157,0.03126996383070946
7,post_rope,158,0.030806543305516243
7,post_rope,159,0.030696576461195946
7,post_rope,160,0.030574386939406395
7,post_rope,161,0.030421262606978416
7,post_rope,162,0.030169378966093063
7,post_rope,163,0.03013111650943756
7,post_rope,164,0.029731370508670807
7,post_rope,165,0.02963143214583397
7,post_rope,166,0.029437510296702385
7,post_rope,167,0.029227392747998238
7,post_rope,168,0.029172349721193314
7,post_rope,169,0.028771210461854935
7,post_rope,170,0.028669556602835655
7,post_rope,171,0.028345897793769836
7,post_rope,172,0.028146469965577126
7,post_rope,173,0.027961697429418564
7,post_rope,174,0.027957815676927567
7,post_rope,175,0.027634838595986366
7,post_rope,176,0.02747018076479435
7,post_rope,177,0.02723054215312004
7,post_rope,178,0.02698376774787903
7,post_rope,179,0.02679293416440487
7,post_rope,180,0.0267131719738245
7,post_rope,181,0.026606792584061623
7,post_rope,182,0.0265255868434906
7,post_rope,183,0.02642255462706089
7,post_rope,184,0.026147671043872833
7,post_rope,185,0.025891538709402084
7,post_rope,186,0.02585720457136631
7,post_rope,187,0.025675171986222267
7,post_rope,188,0.025509042665362358
7,post_rope,189,0.025316791608929634
7,post_rope,190,0.025309858843684196
7,post_rope,191,0.0251420009881258
7,post_rope,192,0.025075368583202362
7,post_rope,193,0.02483256906270981
7,post_rope,194,0.02452455461025238
7,post_rope,195,0.024382643401622772
7,post_rope,196,0.024099720641970634
7,post_rope,197,0.024012582376599312
7,post_rope,198,0.023910675197839737
7,post_rope,199,0.023886017501354218
7,post_rope,200,0.023726049810647964
7,post_rope,201,0.02360578626394272
7,post_rope,202,0.02356349676847458
7,post_rope,203,0.02329067885875702
7,post_rope,204,0.02310451678931713
7,post_rope,205,0.02296449989080429
7,post_rope,206,0.022881777957081795
7,post_rope,207,0.022633159533143044
7,post_rope,208,0.022521687671542168
7,post_rope,209,0.022392189130187035
7,post_rope,210,0.022219209000468254
7,post_rope,211,0.022056201472878456
7,post_rope,212,0.021891022101044655
7,post_rope,213,0.02167421579360962
7,post_rope,214,0.021578263491392136
7,post_rope,215,0.021408913657069206
7,post_rope,216,0.021327726542949677
7,post_rope,217,0.02111203782260418
7,post_rope,218,0.02088618278503418
7,post_rope,219,0.020547468215227127
7,post_rope,220,0.02046716772019863
7,post_rope,221,0.020197831094264984
7,post_rope,222,0.02010323479771614
7,post_rope,223,0.01993325725197792
7,post_rope,224,0.019713304936885834
7,post_rope,225,0.01939878985285759
7,post_rope,226,0.01917080581188202
7,post_rope,227,0.01900034211575985
7,post_rope,228,0.018864326179027557
7,post_rope,229,0.018677445128560066
7,post_rope,230,0.018570568412542343
7,post_rope,231,0.018463484942913055
7,post_rope,232,0.018240295350551605
7,post_rope,233,0.018011191859841347
7,post_rope,234,0.017869852483272552
7,post_rope,235,0.017628632485866547
7,post_rope,236,0.017378050833940506
7,post_rope,237,0.017153985798358917
7,post_rope,238,0.017131740227341652
7,post_rope,239,0.016809212043881416
7,post_rope,240,0.016288461163640022
7,post_rope,241,0.016038058325648308
7,post_rope,242,0.015675900503993034
7,post_rope,243,0.015476387925446033
7,post_rope,244,0.01503884419798851
7,post_rope,245,0.014619159512221813
7,post_rope,246,0.014341840520501137
7,post_rope,247,0.013985023833811283
7,post_rope,248,0.01341979019343853
7,post_rope,249,0.013037072494626045
7,post_rope,250,0.012776298448443413
7,post_rope,251,0.012408539652824402
7,post_rope,252,0.011214819736778736
7,post_rope,253,0.010361753404140472
7,post_rope,254,0.009744862094521523
7,post_rope,255,0.008909695781767368
7,post_rope,256,0.00735876290127635
8,pre_rope,1,1.0
8,pre_rope,2,0.17172905802726746
8,pre_rope,3,0.13787950575351715
8,pre_rope,4,0.12052536010742188
8,pre_rope,5,0.10160154849290848
8,pre_rope,6,0.09716049581766129
8,pre_rope,7,0.08985476940870285
8,pre_rope,8,0.08798971027135849
8,pre_rope,9,0.08005346357822418
8,pre_rope,10,0.07638265937566757
8,pre_rope,11,0.0726928636431694
8,pre_rope,12,0.06863150745630264
8,pre_rope,13,0.06629500538110733
8,pre_rope,14,0.06454012542963028
8,pre_rope,15,0.06305232644081116
8,pre_rope,16,0.0620475634932518
8,pre_rope,17,0.05841594189405441
8,pre_rope,18,0.05714648216962814
8,pre_rope,19,0.055863771587610245
8,pre_rope,20,0.05517715588212013
8,pre_rope,21,0.05314227193593979
8,pre_rope,22,0.051767922937870026
8,pre_rope,23,0.049447860568761826
8,pre_rope,24,0.04799632355570793
8,pre_rope,25,0.047841813415288925
8,pre_rope,26,0.046525850892066956
8,pre_rope,27,0.04468318819999695
8,pre_rope,28,0.04249691218137741
8,pre_rope,29,0.04041289910674095
8,pre_rope,30,0.03977696970105171
8,pre_rope,31,0.039336998015642166
8,pre_rope,32,0.03771840035915375
8,pre_rope,33,0.036982566118240356
8,pre_rope,34,0.0357978418469429
8,pre_rope,35,0.035472024232149124
8,pre_rope,36,0.034008756279945374
8,pre_rope,37,0.03340509161353111
8,pre_rope,38,0.032775260508060455
8,pre_rope,39,0.03190075233578682
8,pre_rope,40,0.03133385628461838
8,pre_rope,41,0.03127092123031616
8,pre_rope,42,0.0297279991209507
8,pre_rope,43,0.029438791796565056
8,pre_rope,44,0.028769472613930702
8,pre_rope,45,0.028511902317404747
8,pre_rope,46,0.02799306809902191
8,pre_rope,47,0.026963531970977783
8,pre_rope,48,0.026233932003378868
8,pre_rope,49,0.02600688859820366
8,pre_rope,50,0.02581203170120716
8,pre_rope,51,0.025356175377964973
8,pre_rope,52,0.025055119767785072
8,pre_rope,53,0.024882396683096886
8,pre_rope,54,0.024116825312376022
8,pre_rope,55,0.02383812889456749
8,pre_rope,56,0.023632245138287544
8,pre_rope,57,0.023248979821801186
8,pre_rope,58,0.02319277450442314
8,pre_rope,59,0.022646982222795486
8,pre_rope,60,0.022300027310848236
8,pre_rope,61,0.022126510739326477
8,pre_rope,62,0.021937083452939987
8,pre_rope,63,0.021500777453184128
8,pre_rope,64,0.021353574469685555
8,pre_rope,65,0.021144963800907135
8,pre_rope,66,0.020879942923784256
8,pre_rope,67,0.020523620769381523
8,pre_rope,68,0.02036171406507492
8,pre_rope,69,0.02008337713778019
8,pre_rope,70,0.019930776208639145
8,pre_rope,71,0.01987592503428459
8,pre_rope,72,0.019675368443131447
8,pre_rope,73,0.01949353516101837
8,pre_rope,74,0.019402451813220978
8,pre_rope,75,0.018982598558068275
8,pre_rope,76,0.018861940130591393
8,pre_rope,77,0.018719792366027832
8,pre_rope,78,0.018443118780851364
8,pre_rope,79,0.01825810968875885
8,pre_rope,80,0.018015360459685326
8,pre_rope,81,0.017853252589702606
8,pre_rope,82,0.01775521971285343
8,pre_rope,83,0.01738622970879078
8,pre_rope,84,0.017234887927770615
8,pre_rope,85,0.01712816394865513
8,pre_rope,86,0.016890963539481163
8,pre_rope,87,0.016859665513038635
8,pre_rope,88,0.016786158084869385
8,pre_rope,89,0.016661828383803368
8,pre_rope,90,0.01628524623811245
8,pre_rope,91,0.01624629832804203
8,pre_rope,92,0.01605490781366825
8,pre_rope,93,0.01578017696738243
8,pre_rope,94,0.01566806621849537
8,pre_rope,95,0.015554863028228283
8,pre_rope,96,0.015500371344387531
8,pre_rope,97,0.015440083108842373
8,pre_rope,98,0.015235022641718388
8,pre_rope,99,0.015080943703651428
8,pre_rope,100,0.014943571761250496
8,pre_rope,101,0.01481233723461628
8,pre_rope,102,0.014643505215644836
8,pre_rope,103,0.01456301100552082
8,pre_rope,104,0.01453928928822279
8,pre_rope,105,0.014349212870001793
8,pre_rope,106,0.014294358901679516
8,pre_rope,107,0.014194288291037083
8,pre_rope,108,0.014029496349394321
8,pre_rope,109,0.013910855166614056
8,pre_rope,110,0.013836215250194073
8,pre_rope,111,0.013681620359420776
8,pre_rope,112,0.013525505550205708
8,pre_rope,113,0.013370354659855366
8,pre_rope,114,0.013299091719090939
8,pre_rope,115,0.013191656209528446
8,pre_rope,116,0.013050292618572712
8,pre_rope,117,0.012920133769512177
8,pre_rope,118,0.012736528180539608
8,pre_rope,119,0.012629561126232147
8,pre_rope,120,0.01257561706006527
8,pre_rope,121,0.0123918317258358
8,pre_rope,122,0.012260626070201397
8,pre_rope,123,0.01216290332376957
8,pre_rope,124,0.01212551724165678
8,pre_rope,125,0.012025083415210247
8,pre_rope,126,0.011996841058135033
8,pre_rope,127,0.011809909716248512
8,pre_rope,128,0.01166884321719408
8,pre_rope,129,0.011564732529222965
8,pre_rope,130,0.011407713405787945
8,pre_rope,131,0.011328146792948246
8,pre_rope,132,0.011181918904185295
8,pre_rope,133,0.011122842319309711
8,pre_rope,134,0.010983208194375038
8,pre_rope,135,0.010945528745651245
8,pre_rope,136,0.01071648858487606
8,pre_rope,137,0.010707369074225426
8,pre_rope,138,0.010577073320746422
8,pre_rope,139,0.010493079200387001
8,pre_rope,140,0.010420083068311214
8,pre_rope,141,0.010330649092793465
8,pre_rope,142,0.010243942029774189
8,pre_rope,143,0.010184098035097122
8,pre_rope,144,0.00998974684625864
8,pre_rope,145,0.009979181922972202
8,pre_rope,146,0.00987713597714901
8,pre_rope,147,0.009716079570353031
8,pre_rope,148,0.009660357609391212
8,pre_rope,149,0.009516308084130287
8,pre_rope,150,0.009443395771086216
8,pre_rope,151,0.009327741339802742
8,pre_rope,152,0.009234067052602768
8,pre_rope,153,0.00909346342086792
8,pre_rope,154,0.009058142080903053
8,pre_rope,155,0.008950948715209961
8,pre_rope,156,0.008805410005152225
8,pre_rope,157,0.008720148354768753
8,pre_rope,158,0.008650224655866623
8,pre_rope,159,0.008599542081356049
8,pre_rope,160,0.008483553305268288
8,pre_rope,161,0.008376404643058777
8,pre_rope,162,0.00825233943760395
8,pre_rope,163,0.008143534883856773
8,pre_rope,164,0.00800712127238512
8,pre_rope,165,0.00797464232891798
8,pre_rope,166,0.007914148271083832
8,pre_rope,167,0.007908610627055168
8,pre_rope,168,0.007741287816315889
8,pre_rope,169,0.007676136679947376
8,pre_rope,170,0.007611903827637434
8,pre_rope,171,0.007535192184150219
8,pre_rope,172,0.007467169314622879
8,pre_rope,173,0.007365839555859566
8,pre_rope,174,0.007218596991151571
8,pre_rope,175,0.007119802292436361
8,pre_rope,176,0.007078693248331547
8,pre_rope,177,0.00693449517711997
8,pre_rope,178,0.006822491995990276
8,pre_rope,179,0.006720671895891428
8,pre_rope,180,0.006692204624414444
8,pre_rope,181,0.006537537090480328
8,pre_rope,182,0.006456928327679634
8,pre_rope,183,0.006355875637382269
8,pre_rope,184,0.006327307783067226
8,pre_rope,185,0.006224889773875475
8,pre_rope,186,0.006181999575346708
8,pre_rope,187,0.006111633963882923
8,pre_rope,188,0.0060155391693115234
8,pre_rope,189,0.005936197936534882
8,pre_rope,190,0.005864146165549755
8,pre_rope,191,0.00574652012437582
8,pre_rope,192,0.005739337764680386
8,pre_rope,193,0.005676437634974718
8,pre_rope,194,0.005590064451098442
8,pre_rope,195,0.005511367693543434
8,pre_rope,196,0.0053801159374415874
8,pre_rope,197,0.005264321342110634
8,pre_rope,198,0.005165758542716503
8,pre_rope,199,0.005054481793195009
8,pre_rope,200,0.00503475870937109
8,pre_rope,201,0.00498241139575839
8,pre_rope,202,0.004933724645525217
8,pre_rope,203,0.004755726549774408
8,pre_rope,204,0.0046988436952233315
8,pre_rope,205,0.004640352446585894
8,pre_rope,206,0.004522376228123903
8,pre_rope,207,0.004446333274245262
8,pre_rope,208,0.004414319060742855
8,pre_rope,209,0.004306417424231768
8,pre_rope,210,0.004116148222237825
8,pre_rope,211,0.004068133421242237
8,pre_rope,212,0.004061010200530291
8,pre_rope,213,0.004022393375635147
8,pre_rope,214,0.003998412750661373
8,pre_rope,215,0.003852811409160495
8,pre_rope,216,0.003746854839846492
8,pre_rope,217,0.003703914349898696
8,pre_rope,218,0.003507316345348954
8,pre_rope,219,0.003491415176540613
8,pre_rope,220,0.003446962684392929
8,pre_rope,221,0.003413163358345628
8,pre_rope,222,0.003250760491937399
8,pre_rope,223,0.0032070667948573828
8,pre_rope,224,0.003078378736972809
8,pre_rope,225,0.0030191184487193823
8,pre_rope,226,0.0029540981631726027
8,pre_rope,227,0.0028845106717199087
8,pre_rope,228,0.0028058092575520277
8,pre_rope,229,0.002762117190286517
8,pre_rope,230,0.0026977427769452333
8,pre_rope,231,0.0026603559963405132
8,pre_rope,232,0.002604959299787879
8,pre_rope,233,0.0025443960912525654
8,pre_rope,234,0.0024692860897630453
8,pre_rope,235,0.002389044500887394
8,pre_rope,236,0.0022679814137518406
8,pre_rope,237,0.0021980684250593185
8,pre_rope,238,0.0021577072329819202
8,pre_rope,239,0.0021002585999667645
8,pre_rope,240,0.0019405375933274627
8,pre_rope,241,0.0019218719098716974
8,pre_rope,242,0.001815466326661408
8,pre_rope,243,0.0017595974495634437
8,pre_rope,244,0.0015973551198840141
8,pre_rope,245,0.0015277296770364046
8,pre_rope,246,0.0015161578776314855
8,pre_rope,247,0.0014130339259281754
8,pre_rope,248,0.0013937128242105246
8,pre_rope,249,0.0012731844326481223
8,pre_rope,250,0.0011765945237129927
8,pre_rope,251,0.0011294669238850474
8,pre_rope,252,0.0010469265980646014
8,pre_rope,253,0.0010144739644601941
8,pre_rope,254,0.0009576825541444123
8,pre_rope,255,0.0007816054858267307
8,pre_rope,256,0.000717466464266181
8,post_rope,1,1.0
8,post_rope,2,0.8368788957595825
8,post_rope,3,0.6512342691421509
8,post_rope,4,0.31492987275123596
8,post_rope,5,0.23969388008117676
8,post_rope,6,0.23635241389274597
8,post_rope,7,0.23541799187660217
8,post_rope,8,0.2341749370098114
8,post_rope,9,0.23114384710788727
8,post_rope,10,0.22989751398563385
8,post_rope,11,0.22662502527236938
8,post_rope,12,0.21705086529254913
8,post_rope,13,0.20991894602775574
8,post_rope,14,0.20339804887771606
8,post_rope,15,0.19793732464313507
8,post_rope,16,0.19610272347927094
8,post_rope,17,0.19403594732284546
8,post_rope,18,0.1859201192855835
8,post_rope,19,0.18460069596767426
8,post_rope,20,0.18384064733982086
8,post_rope,21,0.18170081079006195
8,post_rope,22,0.1807842254638672
8,post_rope,23,0.17756955325603485
8,post_rope,24,0.17719706892967224
8,post_rope,25,0.17591004073619843
8,post_rope,26,0.17272540926933289
8,post_rope,27,0.17163753509521484
8,post_rope,28,0.1669928878545761
8,post_rope,29,0.16502231359481812
8,post_rope,30,0.16362574696540833
8,post_rope,31,0.15946625173091888
8,post_rope,32,0.15868647396564484
8,post_rope,33,0.15666763484477997
8,post_rope,34,0.15438321232795715
8,post_rope,35,0.15331926941871643
8,post_rope,36,0.15223070979118347
8,post_rope,37,0.1487192064523697
8,post_rope,38,0.14688754081726074
8,post_rope,39,0.14571991562843323
8,post_rope,40,0.144967183470726
8,post_rope,41,0.14286893606185913
8,post_rope,42,0.14051620662212372
8,post_rope,43,0.13964338600635529
8,post_rope,44,0.1389336735010147
8,post_rope,45,0.13113422691822052
8,post_rope,46,0.12837235629558563
8,post_rope,47,0.1267257183790207
8,post_rope,48,0.12559273838996887
8,post_rope,49,0.12102621793746948
8,post_rope,50,0.11525693535804749
8,post_rope,51,0.11408638954162598
8,post_rope,52,0.11149735748767853
8,post_rope,53,0.10970666259527206
8,post_rope,54,0.1091158539056778
8,post_rope,55,0.10751904547214508
8,post_rope,56,0.10422216355800629
8,post_rope,57,0.10167380422353745
8,post_rope,58,0.1006995290517807
8,post_rope,59,0.09799325466156006
8,post_rope,60,0.09713345021009445
8,post_rope,61,0.09397844225168228
8,post_rope,62,0.09311789274215698
8,post_rope,63,0.08697199821472168
8,post_rope,64,0.08499285578727722
8,post_rope,65,0.07980259507894516
8,post_rope,66,0.07705969363451004
8,post_rope,67,0.0734529197216034
8,post_rope,68,0.07029782235622406
8,post_rope,69,0.06733591854572296
8,post_rope,70,0.0655202642083168
8,post_rope,71,0.06481342017650604
8,post_rope,72,0.06384234130382538
8,post_rope,73,0.06269089132547379
8,post_rope,74,0.061940789222717285
8,post_rope,75,0.0616920031607151
8,post_rope,76,0.061562005430459976
8,post_rope,77,0.06099348142743111
8,post_rope,78,0.060461610555648804
8,post_rope,79,0.0596303790807724
8,post_rope,80,0.058986127376556396
8,post_rope,81,0.05828164890408516
8,post_rope,82,0.05738883092999458
8,post_rope,83,0.05724220350384712
8,post_rope,84,0.05707474425435066
8,post_rope,85,0.05603712797164917
8,post_rope,86,0.055702462792396545
8,post_rope,87,0.055568140000104904
8,post_rope,88,0.054890237748622894
8,post_rope,89,0.054610494524240494
8,post_rope,90,0.05417713522911072
8,post_rope,91,0.05370922014117241
8,post_rope,92,0.05358513444662094
8,post_rope,93,0.05315340310335159
8,post_rope,94,0.052328385412693024
8,post_rope,95,0.05153126269578934
8,post_rope,96,0.051348354667425156
8,post_rope,97,0.05094291642308235
8,post_rope,98,0.05069351941347122
8,post_rope,99,0.05019773170351982
8,post_rope,100,0.04958590492606163
8,post_rope,101,0.049250151962041855
8,post_rope,102,0.049193911254405975
8,post_rope,103,0.048882532864809036
8,post_rope,104,0.04842350631952286
8,post_rope,105,0.0483841709792614
8,post_rope,106,0.04787343367934227
8,post_rope,107,0.04746311902999878
8,post_rope,108,0.04709913581609726
8,post_rope,109,0.04676004499197006
8,post_rope,110,0.04641202464699745
8,post_rope,111,0.04616166278719902
8,post_rope,112,0.0456659160554409
8,post_rope,113,0.04553571343421936
8,post_rope,114,0.04534470662474632
8,post_rope,115,0.044797979295253754
8,post_rope,116,0.04434303194284439
8,post_rope,117,0.04423712566494942
8,post_rope,118,0.043921686708927155
8,post_rope,119,0.04361337423324585
8,post_rope,120,0.043535374104976654
8,post_rope,121,0.043288454413414
8,post_rope,122,0.04306599125266075
8,post_rope,123,0.04291931167244911
8,post_rope,124,0.042682088911533356
8,post_rope,125,0.04232216998934746
8,post_rope,126,0.04192280396819115
8,post_rope,127,0.041604191064834595
8,post_rope,128,0.041518814861774445
8,post_rope,129,0.041285090148448944
8,post_rope,130,0.04089467599987984
8,post_rope,131,0.040631476789712906
8,post_rope,132,0.04053806513547897
8,post_rope,133,0.04015469178557396
8,post_rope,134,0.04004090279340744
8,post_rope,135,0.039943546056747437
8,post_rope,136,0.03984890505671501
8,post_rope,137,0.03967733681201935
8,post_rope,138,0.039472781121730804
8,post_rope,139,0.03913314640522003
8,post_rope,140,0.03885361924767494
8,post_rope,141,0.038758110255002975
8,post_rope,142,0.03854179009795189
8,post_rope,143,0.03837945684790611
8,post_rope,144,0.03811902180314064
8,post_rope,145,0.03782839700579643
8,post_rope,146,0.03761366009712219
8,post_rope,147,0.03720156475901604
8,post_rope,148,0.037192072719335556
8,post_rope,149,0.03693152591586113
8,post_rope,150,0.036734938621520996
8,post_rope,151,0.03647568076848984
8,post_rope,152,0.03626025468111038
8,post_rope,153,0.03614424914121628
8,post_rope,154,0.03586973994970322
8,post_rope,155,0.035728830844163895
8,post_rope,156,0.035297784954309464
8,post_rope,157,0.03503234311938286
8,post_rope,158,0.03488529846072197
8,post_rope,159,0.034809742122888565
8,post_rope,160,0.03449748456478119
8,post_rope,161,0.03434589505195618
8,post_rope,162,0.034162674099206924
8,post_rope,163,0.03402381017804146
8,post_rope,164,0.03373367339372635
8,post_rope,165,0.03342495113611221
8,post_rope,166,0.03332531824707985
8,post_rope,167,0.03314359858632088
8,post_rope,168,0.03305412083864212
8,post_rope,169,0.032952696084976196
8,post_rope,170,0.03262631967663765
8,post_rope,171,0.03259867802262306
8,post_rope,172,0.03237825632095337
8,post_rope,173,0.03222551569342613
8,post_rope,174,0.03208606690168381
8,post_rope,175,0.032036762684583664
8,post_rope,176,0.03179589658975601
8,post_rope,177,0.03139133378863335
8,post_rope,178,0.031279757618904114
8,post_rope,179,0.031214548274874687
8,post_rope,180,0.030941318720579147
8,post_rope,181,0.030865371227264404
8,post_rope,182,0.030673395842313766
8,post_rope,183,0.030595729127526283
8,post_rope,184,0.030183248221874237
8,post_rope,185,0.030051974579691887
8,post_rope,186,0.029718322679400444
8,post_rope,187,0.02951458841562271
8,post_rope,188,0.02931964583694935
8,post_rope,189,0.02900407835841179
8,post_rope,190,0.028746359050273895
8,post_rope,191,0.02866925299167633
8,post_rope,192,0.028495026752352715
8,post_rope,193,0.02828045003116131
8,post_rope,194,0.028215330094099045
8,post_rope,195,0.02782859466969967
8,post_rope,196,0.02762400172650814
8,post_rope,197,0.027192696928977966
8,post_rope,198,0.02705429308116436
8,post_rope,199,0.026934649795293808
8,post_rope,200,0.026750626042485237
8,post_rope,201,0.026616806164383888
8,post_rope,202,0.026468396186828613
8,post_rope,203,0.026116395369172096
8,post_rope,204,0.02598956599831581
8,post_rope,205,0.025758232921361923
8,post_rope,206,0.025509225204586983
8,post_rope,207,0.025432894006371498
8,post_rope,208,0.025173965841531754
8,post_rope,209,0.024867940694093704
8,post_rope,210,0.02456040307879448
8,post_rope,211,0.02442178688943386
8,post_rope,212,0.023937975987792015
8,post_rope,213,0.023777619004249573
8,post_rope,214,0.023273002356290817
8,post_rope,215,0.022719208151102066
8,post_rope,216,0.022692512720823288
8,post_rope,217,0.022474974393844604
8,post_rope,218,0.022446634247899055
8,post_rope,219,0.022152790799736977
8,post_rope,220,0.021962186321616173
8,post_rope,221,0.021597085520625114
8,post_rope,222,0.021447544917464256
8,post_rope,223,0.021078238263726234
8,post_rope,224,0.02072446420788765
8,post_rope,225,0.020611802116036415
8,post_rope,226,0.020399782806634903
8,post_rope,227,0.020165234804153442
8,post_rope,228,0.02012125588953495
8,post_rope,229,0.019879313185811043
8,post_rope,230,0.01968860812485218
8,post_rope,231,0.019500141963362694
8,post_rope,232,0.01917315647006035
8,post_rope,233,0.018948674201965332
8,post_rope,234,0.0188052486628294
8,post_rope,235,0.018712012097239494
8,post_rope,236,0.01843797229230404
8,post_rope,237,0.018013648688793182
8,post_rope,238,0.0167066790163517
8,post_rope,239,0.01643761806190014
8,post_rope,240,0.016257591545581818
8,post_rope,241,0.0160379558801651
8,post_rope,242,0.01510816253721714
8,post_rope,243,0.014853780157864094
8,post_rope,244,0.014789239503443241
8,post_rope,245,0.014706642366945744
8,post_rope,246,0.014417950063943863
8,post_rope,247,0.01421724259853363
8,post_rope,248,0.014032799750566483
8,post_rope,249,0.013952808454632759
8,post_rope,250,0.01354192290455103
8,post_rope,251,0.01298158336430788
8,post_rope,252,0.012714995071291924
8,post_rope,253,0.012549413368105888
8,post_rope,254,0.012286204844713211
8,post_rope,255,0.01216419693082571
8,post_rope,256,0.012113337405025959
9,pre_rope,1,1.0
9,pre_rope,2,0.15138639509677887
9,pre_rope,3,0.12405841797590256
9,pre_rope,4,0.10162634402513504
9,pre_rope,5,0.0888976901769638
9,pre_rope,6,0.07605204731225967
9,pre_rope,7,0.07151135802268982
9,pre_rope,8,0.06860142201185226
9,pre_rope,9,0.06275814771652222
9,pre_rope,10,0.05951934680342674
9,pre_rope,11,0.05365552753210068
9,pre_rope,12,0.05195001885294914
9,pre_rope,13,0.04985341802239418
9,pre_rope,14,0.046814072877168655
9,pre_rope,15,0.04470846801996231
9,pre_rope,16,0.040534548461437225
9,pre_rope,17,0.039981625974178314
9,pre_rope,18,0.0389334000647068
9,pre_rope,19,0.03643081337213516
9,pre_rope,20,0.036034177988767624
9,pre_rope,21,0.03434854745864868
9,pre_rope,22,0.03191481903195381
9,pre_rope,23,0.031125089153647423
9,pre_rope,24,0.030038122087717056
9,pre_rope,25,0.02951485849916935
9,pre_rope,26,0.02843591570854187
9,pre_rope,27,0.027629563584923744
9,pre_rope,28,0.027205929160118103
9,pre_rope,29,0.02660093829035759
9,pre_rope,30,0.025852229446172714
9,pre_rope,31,0.02519388683140278
9,pre_rope,32,0.02474764548242092
9,pre_rope,33,0.024317260831594467
9,pre_rope,34,0.02405516989529133
9,pre_rope,35,0.023210439831018448
9,pre_rope,36,0.022736338898539543
9,pre_rope,37,0.021954525262117386
9,pre_rope,38,0.021643543615937233
9,pre_rope,39,0.021278442814946175
9,pre_rope,40,0.020741119980812073
9,pre_rope,41,0.020465226843953133
9,pre_rope,42,0.02032885141670704
9,pre_rope,43,0.01978214830160141
9,pre_rope,44,0.019636936485767365
9,pre_rope,45,0.019049031659960747
9,pre_rope,46,0.01867848075926304
9,pre_rope,47,0.018479356542229652
9,pre_rope,48,0.018219420686364174
9,pre_rope,49,0.01771845854818821
9,pre_rope,50,0.01730048470199108
9,pre_rope,51,0.017215915024280548
9,pre_rope,52,0.01687316596508026
9,pre_rope,53,0.01675472781062126
9,pre_rope,54,0.016573617234826088
9,pre_rope,55,0.016169236972928047
9,pre_rope,56,0.015901658684015274
9,pre_rope,57,0.015607662498950958
9,pre_rope,58,0.015360444784164429
9,pre_rope,59,0.015277029015123844
9,pre_rope,60,0.01502577681094408
9,pre_rope,61,0.014812921173870564
9,pre_rope,62,0.01447063684463501
9,pre_rope,63,0.014389320276677608
9,pre_rope,64,0.01401942502707243
9,pre_rope,65,0.013859436847269535
9,pre_rope,66,0.013813105411827564
9,pre_rope,67,0.01358800008893013
9,pre_rope,68,0.013510030694305897
9,pre_rope,69,0.013348529115319252
9,pre_rope,70,0.013151295483112335
9,pre_rope,71,0.013003314845263958
9,pre_rope,72,0.012912619858980179
9,pre_rope,73,0.012624110095202923
9,pre_rope,74,0.012502720579504967
9,pre_rope,75,0.012437496334314346
9,pre_rope,76,0.012242277152836323
9,pre_rope,77,0.01206793263554573
9,pre_rope,78,0.01195422001183033
9,pre_rope,79,0.011863799765706062
9,pre_rope,80,0.011610639281570911
9,pre_rope,81,0.0113978311419487
9,pre_rope,82,0.011337412521243095
9,pre_rope,83,0.01121719740331173
9,pre_rope,84,0.011149288155138493
9,pre_rope,85,0.010918427258729935
9,pre_rope,86,0.010834338143467903
9,pre_rope,87,0.010826008394360542
9,pre_rope,88,0.010681367479264736
9,pre_rope,89,0.010500035248696804
9,pre_rope,90,0.01045665517449379
9,pre_rope,91,0.01036322396248579
9,pre_rope,92,0.010213415138423443
9,pre_rope,93,0.01014462485909462
9,pre_rope,94,0.010047731921076775
9,pre_rope,95,0.010015014559030533
9,pre_rope,96,0.009940925054252148
9,pre_rope,97,0.009897686541080475
9,pre_rope,98,0.009778833948075771
9,pre_rope,99,0.009718622080981731
9,pre_rope,100,0.00955942738801241
9,pre_rope,101,0.00949314795434475
9,pre_rope,102,0.00938588660210371
9,pre_rope,103,0.009356588125228882
9,pre_rope,104,0.009309769608080387
9,pre_rope,105,0.009249157272279263
9,pre_rope,106,0.009121546521782875
9,pre_rope,107,0.009042988531291485
9,pre_rope,108,0.008954309858381748
9,pre_rope,109,0.008902955800294876
9,pre_rope,110,0.00881186779588461
9,pre_rope,111,0.008750282227993011
9,pre_rope,112,0.008619601838290691
9,pre_rope,113,0.008573838509619236
9,pre_rope,114,0.008534054271876812
9,pre_rope,115,0.008393751457333565
9,pre_rope,116,0.008353357203304768
9,pre_rope,117,0.008329151198267937
9,pre_rope,118,0.008312507532536983
9,pre_rope,119,0.008167696185410023
9,pre_rope,120,0.008123631589114666
9,pre_rope,121,0.008079934865236282
9,pre_rope,122,0.008053436875343323
9,pre_rope,123,0.007981384173035622
9,pre_rope,124,0.007829595357179642
9,pre_rope,125,0.007717066444456577
9,pre_rope,126,0.007691473700106144
9,pre_rope,127,0.007627174723893404
9,pre_rope,128,0.007549466099590063
9,pre_rope,129,0.007484876085072756
9,pre_rope,130,0.007437789347022772
9,pre_rope,131,0.007305937819182873
9,pre_rope,132,0.0072744605131447315
9,pre_rope,133,0.007240413688123226
9,pre_rope,134,0.007215780671685934
9,pre_rope,135,0.007112844381481409
9,pre_rope,136,0.006991429720073938
9,pre_rope,137,0.006970740854740143
9,pre_rope,138,0.006957304198294878
9,pre_rope,139,0.006869844626635313
9,pre_rope,140,0.006840036250650883
9,pre_rope,141,0.006702295038849115
9,pre_rope,142,0.006675074342638254
9,pre_rope,143,0.0065908003598451614
9,pre_rope,144,0.00653655594214797
9,pre_rope,145,0.006508284714072943
9,pre_rope,146,0.006479845382273197
9,pre_rope,147,0.006387331523001194
9,pre_rope,148,0.006346521433442831
9,pre_rope,149,0.0062609328888356686
9,pre_rope,150,0.006189640611410141
9,pre_rope,151,0.006138112861663103
9,pre_rope,152,0.006102637387812138
9,pre_rope,153,0.00600229250267148
9,pre_rope,154,0.005954346153885126
9,pre_rope,155,0.005923881195485592
9,pre_rope,156,0.005898169241845608
9,pre_rope,157,0.0057924366556108
9,pre_rope,158,0.005673999898135662
9,pre_rope,159,0.005607191473245621
9,pre_rope,160,0.005571872461587191
9,pre_rope,161,0.005510170944035053
9,pre_rope,162,0.005445573944598436
9,pre_rope,163,0.005426271352916956
9,pre_rope,164,0.005352351814508438
9,pre_rope,165,0.005304194521158934
9,pre_rope,166,0.005210807081311941
9,pre_rope,167,0.005159321241080761
9,pre_rope,168,0.005127915646880865
9,pre_rope,169,0.005080864764750004
9,pre_rope,170,0.005046455655246973
9,pre_rope,171,0.00499405711889267
9,pre_rope,172,0.004929248243570328
9,pre_rope,173,0.004888155497610569
9,pre_rope,174,0.004821270704269409
9,pre_rope,175,0.004776861518621445
9,pre_rope,176,0.004731795750558376
9,pre_rope,177,0.004670855589210987
9,pre_rope,178,0.004617962054908276
9,pre_rope,179,0.0046005225740373135
9,pre_rope,180,0.004510872531682253
9,pre_rope,181,0.004509089048951864
9,pre_rope,182,0.004444320220500231
9,pre_rope,183,0.004400717560201883
9,pre_rope,184,0.004341703839600086
9,pre_rope,185,0.00432971678674221
9,pre_rope,186,0.004311943892389536
9,pre_rope,187,0.004282672889530659
9,pre_rope,188,0.004218644928187132
9,pre_rope,189,0.004158266354352236
9,pre_rope,190,0.004137045703828335
9,pre_rope,191,0.004070105031132698
9,pre_rope,192,0.004010310396552086
9,pre_rope,193,0.003908180631697178
9,pre_rope,194,0.003886556951329112
9,pre_rope,195,0.0038601153064519167
9,pre_rope,196,0.0038387877866625786
9,pre_rope,197,0.003807001980021596
9,pre_rope,198,0.0037082985509186983
9,pre_rope,199,0.0036745446268469095
9,pre_rope,200,0.0036587780341506004
9,pre_rope,201,0.003606615588068962
9,pre_rope,202,0.0035542745608836412
9,pre_rope,203,0.0035358162131160498
9,pre_rope,204,0.0035040033981204033
9,pre_rope,205,0.0034710143227130175
9,pre_rope,206,0.0034171396400779486
9,pre_rope,207,0.003366474760696292
9,pre_rope,208,0.0033493093214929104
9,pre_rope,209,0.003262134036049247
9,pre_rope,210,0.0032391780987381935
9,pre_rope,211,0.0031626964919269085
9,pre_rope,212,0.0031219928059726954
9,pre_rope,213,0.0030644708313047886
9,pre_rope,214,0.0030322710517793894
9,pre_rope,215,0.0030058277770876884
9,pre_rope,216,0.002958164317533374
9,pre_rope,217,0.002937209326773882
9,pre_rope,218,0.002873683348298073
9,pre_rope,219,0.002869074698537588
9,pre_rope,220,0.00282761687412858
9,pre_rope,221,0.002810283564031124
9,pre_rope,222,0.0027780230157077312
9,pre_rope,223,0.0027064536698162556
9,pre_rope,224,0.0026992771308869123
9,pre_rope,225,0.002643650397658348
9,pre_rope,226,0.0026184425223618746
9,pre_rope,227,0.002570847515016794
9,pre_rope,228,0.002551612677052617
9,pre_rope,229,0.0024682979565113783
9,pre_rope,230,0.0024321191012859344
9,pre_rope,231,0.002383273094892502
9,pre_rope,232,0.002322746440768242
9,pre_rope,233,0.002279115142300725
9,pre_rope,234,0.0022721076384186745
9,pre_rope,235,0.002232650062069297
9,pre_rope,236,0.002200472867116332
9,pre_rope,237,0.0021774107590317726
9,pre_rope,238,0.002153321634978056
9,pre_rope,239,0.0020947547163814306
9,pre_rope,240,0.0020422793459147215
9,pre_rope,241,0.0019651581533253193
9,pre_rope,242,0.00193320051766932
9,pre_rope,243,0.0019057330209761858
9,pre_rope,244,0.0018712825840339065
9,pre_rope,245,0.0018099782755598426
9,pre_rope,246,0.0017639462603256106
9,pre_rope,247,0.0017361656064167619
9,pre_rope,248,0.0016881403280422091
9,pre_rope,249,0.0015998751623556018
9,pre_rope,250,0.0015584342181682587
9,pre_rope,251,0.00150921696331352
9,pre_rope,252,0.0014639331493526697
9,pre_rope,253,0.001374321524053812
9,pre_rope,254,0.0010819792514666915
9,pre_rope,255,0.0008465913124382496
9,pre_rope,256,0.0007509460556320846
9,post_rope,1,1.0
9,post_rope,2,0.8917593955993652
9,post_rope,3,0.4804035425186157
9,post_rope,4,0.3681170344352722
9,post_rope,5,0.3548879325389862
9,post_rope,6,0.3030659854412079
9,post_rope,7,0.30276545882225037
9,post_rope,8,0.24836695194244385
9,post_rope,9,0.2467186450958252
9,post_rope,10,0.22837011516094208
9,post_rope,11,0.22636988759040833
9,post_rope,12,0.22288547456264496
9,post_rope,13,0.2215048223733902
9,post_rope,14,0.20923079550266266
9,post_rope,15,0.20875577628612518
9,post_rope,16,0.20635272562503815
9,post_rope,17,0.20591117441654205
9,post_rope,18,0.20425164699554443
9,post_rope,19,0.20078906416893005
9,post_rope,20,0.19450077414512634
9,post_rope,21,0.19295573234558105
9,post_rope,22,0.19258463382720947
9,post_rope,23,0.19150370359420776
9,post_rope,24,0.1899433583021164
9,post_rope,25,0.1883074790239334
9,post_rope,26,0.18540948629379272
9,post_rope,27,0.1846589893102646
9,post_rope,28,0.18361248075962067
9,post_rope,29,0.18232469260692596
9,post_rope,30,0.1814752221107483
9,post_rope,31,0.18109847605228424
9,post_rope,32,0.18027764558792114
9,post_rope,33,0.17998966574668884
9,post_rope,34,0.1786605268716812
9,post_rope,35,0.1674601286649704
9,post_rope,36,0.16391390562057495
9,post_rope,37,0.13539451360702515
9,post_rope,38,0.11844766139984131
9,post_rope,39,0.11157064139842987
9,post_rope,40,0.10303719341754913
9,post_rope,41,0.09714668244123459
9,post_rope,42,0.09485126286745071
9,post_rope,43,0.09340331703424454
9,post_rope,44,0.08948691934347153
9,post_rope,45,0.08530274778604507
9,post_rope,46,0.08110776543617249
9,post_rope,47,0.07867933064699173
9,post_rope,48,0.07723414152860641
9,post_rope,49,0.07537675648927689
9,post_rope,50,0.0729929581284523
9,post_rope,51,0.07064074277877808
9,post_rope,52,0.06983927637338638
9,post_rope,53,0.0691191628575325
9,post_rope,54,0.06644599139690399
9,post_rope,55,0.06588371098041534
9,post_rope,56,0.0650429055094719
9,post_rope,57,0.06305472552776337
9,post_rope,58,0.062140390276908875
9,post_rope,59,0.06195962429046631
9,post_rope,60,0.060668155550956726
9,post_rope,61,0.06024085357785225
9,post_rope,62,0.059117335826158524
9,post_rope,63,0.05838455259799957
9,post_rope,64,0.058072030544281006
9,post_rope,65,0.05789490416646004
9,post_rope,66,0.05767986550927162
9,post_rope,67,0.05727798491716385
9,post_rope,68,0.05695037543773651
9,post_rope,69,0.05660011246800423
9,post_rope,70,0.05622629448771477
9,post_rope,71,0.05568225309252739
9,post_rope,72,0.05492876097559929
9,post_rope,73,0.054504040628671646
9,post_rope,74,0.05411803349852562
9,post_rope,75,0.05378825590014458
9,post_rope,76,0.053017184138298035
9,post_rope,77,0.05286772921681404
9,post_rope,78,0.052392251789569855
9,post_rope,79,0.05233714357018471
9,post_rope,80,0.05182849243283272
9,post_rope,81,0.05148923397064209
9,post_rope,82,0.05123544856905937
9,post_rope,83,0.05065344646573067
9,post_rope,84,0.050496138632297516
9,post_rope,85,0.05026958882808685
9,post_rope,86,0.04970675706863403
9,post_rope,87,0.04929627850651741
9,post_rope,88,0.04888331890106201
9,post_rope,89,0.04855654016137123
9,post_rope,90,0.04781915992498398
9,post_rope,91,0.04757199436426163
9,post_rope,92,0.047225382179021835
9,post_rope,93,0.046698540449142456
9,post_rope,94,0.046434734016656876
9,post_rope,95,0.04582231864333153
9,post_rope,96,0.04549295827746391
9,post_rope,97,0.04518395662307739
9,post_rope,98,0.04480113461613655
9,post_rope,99,0.044785276055336
9,post_rope,100,0.04408721253275871
9,post_rope,101,0.043808747082948685
9,post_rope,102,0.04330504685640335
9,post_rope,103,0.0425308458507061
9,post_rope,104,0.04233437031507492
9,post_rope,105,0.04188825562596321
9,post_rope,106,0.04168293997645378
9,post_rope,107,0.041276175528764725
9,post_rope,108,0.04116581007838249
9,post_rope,109,0.04109549894928932
9,post_rope,110,0.04059682413935661
9,post_rope,111,0.04027565196156502
9,post_rope,112,0.039970338344573975
9,post_rope,113,0.039708979427814484
9,post_rope,114,0.0395001657307148
9,post_rope,115,0.03923865407705307
9,post_rope,116,0.0389077253639698
9,post_rope,117,0.038315996527671814
9,post_rope,118,0.03804837539792061
9,post_rope,119,0.037974920123815536
9,post_rope,120,0.03761885687708855
9,post_rope,121,0.03749201074242592
9,post_rope,122,0.0372556634247303
9,post_rope,123,0.037128619849681854
9,post_rope,124,0.03659108281135559
9,post_rope,125,0.03652277588844299
9,post_rope,126,0.03646299988031387
9,post_rope,127,0.03605656325817108
9,post_rope,128,0.035824473947286606
9,post_rope,129,0.035405512899160385
9,post_rope,130,0.03524323180317879
9,post_rope,131,0.03515538200736046
9,post_rope,132,0.034643370658159256
9,post_rope,133,0.03432556986808777
9,post_rope,134,0.034249916672706604
9,post_rope,135,0.03406618908047676
9,post_rope,136,0.034007225185632706
9,post_rope,137,0.033643320202827454
9,post_rope,138,0.03339844569563866
9,post_rope,139,0.03308572247624397
9,post_rope,140,0.03280710056424141
9,post_rope,141,0.03257164731621742
9,post_rope,142,0.03227955475449562
9,post_rope,143,0.03214840963482857
9,post_rope,144,0.031920190900564194
9,post_rope,145,0.03179990500211716
9,post_rope,146,0.03172919154167175
9,post_rope,147,0.03149197995662689
9,post_rope,148,0.03126096352934837
9,post_rope,149,0.031098395586013794
9,post_rope,150,0.03093377687036991
9,post_rope,151,0.030869144946336746
9,post_rope,152,0.030462991446256638
9,post_rope,153,0.030449997633695602
9,post_rope,154,0.03033226542174816
9,post_rope,155,0.029990369454026222
9,post_rope,156,0.029897062107920647
9,post_rope,157,0.029795752838253975
9,post_rope,158,0.029614446684718132
9,post_rope,159,0.029439911246299744
9,post_rope,160,0.029415812343358994
9,post_rope,161,0.029076363891363144
9,post_rope,162,0.028845638036727905
9,post_rope,163,0.028493890538811684
9,post_rope,164,0.02832426130771637
9,post_rope,165,0.028122222051024437
9,post_rope,166,0.027942152693867683
9,post_rope,167,0.0277098435908556
9,post_rope,168,0.027649082243442535
9,post_rope,169,0.027419328689575195
9,post_rope,170,0.027175234630703926
9,post_rope,171,0.02714180387556553
9,post_rope,172,0.026970049366354942
9,post_rope,173,0.026644451543688774
9,post_rope,174,0.026518777012825012
9,post_rope,175,0.026370957493782043
9,post_rope,176,0.026209503412246704
9,post_rope,177,0.025954458862543106
9,post_rope,178,0.025860559195280075
9,post_rope,179,0.025674862787127495
9,post_rope,180,0.02542884089052677
9,post_rope,181,0.025335991755127907
9,post_rope,182,0.025137154385447502
9,post_rope,183,0.024898575618863106
9,post_rope,184,0.024716181680560112
9,post_rope,185,0.024519257247447968
9,post_rope,186,0.02441280521452427
9,post_rope,187,0.024342166259884834
9,post_rope,188,0.02404218353331089
9,post_rope,189,0.023972727358341217
9,post_rope,190,0.02378860116004944
9,post_rope,191,0.023778047412633896
9,post_rope,192,0.02354583702981472
9,post_rope,193,0.023302190005779266
9,post_rope,194,0.023212913423776627
9,post_rope,195,0.02313537709414959
9,post_rope,196,0.022970661520957947
9,post_rope,197,0.02281404286623001
9,post_rope,198,0.022695085033774376
9,post_rope,199,0.022520767524838448
9,post_rope,200,0.022335438057780266
9,post_rope,201,0.02222992293536663
9,post_rope,202,0.022078605368733406
9,post_rope,203,0.021837251260876656
9,post_rope,204,0.021737471222877502
9,post_rope,205,0.02158910408616066
9,post_rope,206,0.021416934207081795
9,post_rope,207,0.02128436416387558
9,post_rope,208,0.021047327667474747
9,post_rope,209,0.020950905978679657
9,post_rope,210,0.020791176706552505
9,post_rope,211,0.020685281604528427
9,post_rope,212,0.020559217780828476
9,post_rope,213,0.020179856568574905
9,post_rope,214,0.020090149715542793
9,post_rope,215,0.019991900771856308
9,post_rope,216,0.019905060529708862
9,post_rope,217,0.019727466627955437
9,post_rope,218,0.019583910703659058
9,post_rope,219,0.01930931955575943
9,post_rope,220,0.019097980111837387
9,post_rope,221,0.01874547265470028
9,post_rope,222,0.018676163628697395
9,post_rope,223,0.01855478808283806
9,post_rope,224,0.018487639725208282
9,post_rope,225,0.018354780972003937
9,post_rope,226,0.01815684139728546
9,post_rope,227,0.017887433990836143
9,post_rope,228,0.017732270061969757
9,post_rope,229,0.017631789669394493
9,post_rope,230,0.017524130642414093
9,post_rope,231,0.017353080213069916
9,post_rope,232,0.017190352082252502
9,post_rope,233,0.016949951648712158
9,post_rope,234,0.01676899567246437
9,post_rope,235,0.01662692055106163
9,post_rope,236,0.016386885195970535
9,post_rope,237,0.01635393127799034
9,post_rope,238,0.016056163236498833
9,post_rope,239,0.0157285425812006
9,post_rope,240,0.015411150641739368
9,post_rope,241,0.014862306416034698
9,post_rope,242,0.01468584779649973
9,post_rope,243,0.01399320363998413
9,post_rope,244,0.013909799978137016
9,post_rope,245,0.013395819813013077
9,post_rope,246,0.013152132742106915
9,post_rope,247,0.012708415277302265
9,post_rope,248,0.012523052282631397
9,post_rope,249,0.012109915725886822
9,post_rope,250,0.011822322383522987
9,post_rope,251,0.011341442354023457
9,post_rope,252,0.01062709093093872
9,post_rope,253,0.009960156865417957
9,post_rope,254,0.009357592090964317
9,post_rope,255,0.008376472629606724
9,post_rope,256,0.00771224033087492
10,pre_rope,1,1.0
10,pre_rope,2,0.19612455368041992
10,pre_rope,3,0.16611821949481964
10,pre_rope,4,0.1462976336479187
10,pre_rope,5,0.1355460286140442
10,pre_rope,6,0.12180063873529434
10,pre_rope,7,0.12052249163389206
10,pre_rope,8,0.11534255743026733
10,pre_rope,9,0.11167003214359283
10,pre_rope,10,0.10522523522377014
10,pre_rope,11,0.09762931615114212
10,pre_rope,12,0.09550144523382187
10,pre_rope,13,0.09216700494289398
10,pre_rope,14,0.09039638191461563
10,pre_rope,15,0.08859942853450775
10,pre_rope,16,0.08358162641525269
10,pre_rope,17,0.08289586752653122
10,pre_rope,18,0.08147808909416199
10,pre_rope,19,0.07873056828975677
10,pre_rope,20,0.07748530805110931
10,pre_rope,21,0.0738120824098587
10,pre_rope,22,0.07371664047241211
10,pre_rope,23,0.07230111211538315
10,pre_rope,24,0.0700126588344574
10,pre_rope,25,0.06723284721374512
10,pre_rope,26,0.06658631563186646
10,pre_rope,27,0.06364497542381287
10,pre_rope,28,0.06303349137306213
10,pre_rope,29,0.06151266023516655
10,pre_rope,30,0.05567983537912369
10,pre_rope,31,0.05423504486680031
10,pre_rope,32,0.052428510040044785
10,pre_rope,33,0.049680355936288834
10,pre_rope,34,0.0487784668803215
10,pre_rope,35,0.04745704308152199
10,pre_rope,36,0.045843128114938736
10,pre_rope,37,0.04391327127814293
10,pre_rope,38,0.042605310678482056
10,pre_rope,39,0.039823029190301895
10,pre_rope,40,0.03904084116220474
10,pre_rope,41,0.03742659091949463
10,pre_rope,42,0.03699364885687828
10,pre_rope,43,0.03628655895590782
10,pre_rope,44,0.03482348471879959
10,pre_rope,45,0.0335831493139267
10,pre_rope,46,0.03282925486564636
10,pre_rope,47,0.03237612918019295
10,pre_rope,48,0.03167420253157616
10,pre_rope,49,0.03125413879752159
10,pre_rope,50,0.030675429850816727
10,pre_rope,51,0.029723336920142174
10,pre_rope,52,0.028793763369321823
10,pre_rope,53,0.02831890620291233
10,pre_rope,54,0.028103331103920937
10,pre_rope,55,0.027739951387047768
10,pre_rope,56,0.02701512724161148
10,pre_rope,57,0.02659543789923191
10,pre_rope,58,0.025985633954405785
10,pre_rope,59,0.02553538605570793
10,pre_rope,60,0.02488628588616848
10,pre_rope,61,0.024774840101599693
10,pre_rope,62,0.02412569522857666
10,pre_rope,63,0.02332899160683155
10,pre_rope,64,0.023045003414154053
10,pre_rope,65,0.022923484444618225
10,pre_rope,66,0.02259731851518154
10,pre_rope,67,0.02221398428082466
10,pre_rope,68,0.022044360637664795
10,pre_rope,69,0.021429115906357765
10,pre_rope,70,0.021308349445462227
10,pre_rope,71,0.021033383905887604
10,pre_rope,72,0.020443525165319443
10,pre_rope,73,0.02035004086792469
10,pre_rope,74,0.020276973024010658
10,pre_rope,75,0.01996033638715744
10,pre_rope,76,0.019450947642326355
10,pre_rope,77,0.018932795152068138
10,pre_rope,78,0.01880609802901745
10,pre_rope,79,0.018611758947372437
10,pre_rope,80,0.018322516232728958
10,pre_rope,81,0.018093185499310493
10,pre_rope,82,0.017892250791192055
10,pre_rope,83,0.017848966643214226
10,pre_rope,84,0.017697440460324287
10,pre_rope,85,0.01751946657896042
10,pre_rope,86,0.017134400084614754
10,pre_rope,87,0.016833975911140442
10,pre_rope,88,0.01662822812795639
10,pre_rope,89,0.016413623467087746
10,pre_rope,90,0.01605794206261635
10,pre_rope,91,0.01592404395341873
10,pre_rope,92,0.015658609569072723
10,pre_rope,93,0.015550444833934307
10,pre_rope,94,0.015270041301846504
10,pre_rope,95,0.01513411570340395
10,pre_rope,96,0.014838973991572857
10,pre_rope,97,0.014742817729711533
10,pre_rope,98,0.014609206467866898
10,pre_rope,99,0.014231869950890541
10,pre_rope,100,0.014137896709144115
10,pre_rope,101,0.013836966827511787
10,pre_rope,102,0.013608979992568493
10,pre_rope,103,0.0134739950299263
10,pre_rope,104,0.013374295085668564
10,pre_rope,105,0.013195309787988663
10,pre_rope,106,0.013078209012746811
10,pre_rope,107,0.012997125275433064
10,pre_rope,108,0.012932335957884789
10,pre_rope,109,0.012646513059735298
10,pre_rope,110,0.01258779875934124
10,pre_rope,111,0.01240495964884758
10,pre_rope,112,0.012328065000474453
10,pre_rope,113,0.012189578264951706
10,pre_rope,114,0.01193693745881319
10,pre_rope,115,0.011895989999175072
10,pre_rope,116,0.011644672602415085
10,pre_rope,117,0.011592673137784004
10,pre_rope,118,0.011450743302702904
10,pre_rope,119,0.011327766813337803
10,pre_rope,120,0.011174124665558338
10,pre_rope,121,0.010938462801277637
10,pre_rope,122,0.01085138414055109
10,pre_rope,123,0.010653975419700146
10,pre_rope,124,0.010602077469229698
10,pre_rope,125,0.010546376928687096
10,pre_rope,126,0.010394674725830555
10,pre_rope,127,0.010320115834474564
10,pre_rope,128,0.010306806303560734
10,pre_rope,129,0.010195649228990078
10,pre_rope,130,0.01001635193824768
10,pre_rope,131,0.009902856312692165
10,pre_rope,132,0.009886711835861206
10,pre_rope,133,0.009721181355416775
10,pre_rope,134,0.00957469455897808
10,pre_rope,135,0.009542678482830524
10,pre_rope,136,0.009329942986369133
10,pre_rope,137,0.009297945536673069
10,pre_rope,138,0.009168904274702072
10,pre_rope,139,0.009111551567912102
10,pre_rope,140,0.008906352333724499
10,pre_rope,141,0.008848710916936398
10,pre_rope,142,0.008730614557862282
10,pre_rope,143,0.008613236248493195
10,pre_rope,144,0.008484660647809505
10,pre_rope,145,0.008430907502770424
10,pre_rope,146,0.008315893821418285
10,pre_rope,147,0.00821102038025856
10,pre_rope,148,0.008112022653222084
10,pre_rope,149,0.008049570955336094
10,pre_rope,150,0.00800589844584465
10,pre_rope,151,0.007935736328363419
10,pre_rope,152,0.007884920574724674
10,pre_rope,153,0.00774811627343297
10,pre_rope,154,0.007608319632709026
10,pre_rope,155,0.007567481603473425
10,pre_rope,156,0.00750611862167716
10,pre_rope,157,0.007443731650710106
10,pre_rope,158,0.007320755161345005
10,pre_rope,159,0.007185492664575577
10,pre_rope,160,0.0070621659979224205
10,pre_rope,161,0.007041665259748697
10,pre_rope,162,0.006981842219829559
10,pre_rope,163,0.006946382578462362
10,pre_rope,164,0.006892949342727661
10,pre_rope,165,0.006767783779650927
10,pre_rope,166,0.006672755349427462
10,pre_rope,167,0.006581570487469435
10,pre_rope,168,0.006529930047690868
10,pre_rope,169,0.006401374936103821
10,pre_rope,170,0.006369136739522219
10,pre_rope,171,0.006313510704785585
10,pre_rope,172,0.006181280128657818
10,pre_rope,173,0.0061340732499957085
10,pre_rope,174,0.006087695248425007
10,pre_rope,175,0.005957964342087507
10,pre_rope,176,0.005938384216278791
10,pre_rope,177,0.0058221169747412205
10,pre_rope,178,0.005783833097666502
10,pre_rope,179,0.005645702593028545
10,pre_rope,180,0.005601208657026291
10,pre_rope,181,0.005428856238722801
10,pre_rope,182,0.00537966238334775
10,pre_rope,183,0.005304986611008644
10,pre_rope,184,0.005240977741777897
10,pre_rope,185,0.0051444415003061295
10,pre_rope,186,0.005094965919852257
10,pre_rope,187,0.0050742365419864655
10,pre_rope,188,0.005010888911783695
10,pre_rope,189,0.004915498197078705
10,pre_rope,190,0.00488358223810792
10,pre_rope,191,0.004836114589124918
10,pre_rope,192,0.004757412243634462
10,pre_rope,193,0.0046737296506762505
10,pre_rope,194,0.004587811883538961
10,pre_rope,195,0.004498942755162716
10,pre_rope,196,0.0043940916657447815
10,pre_rope,197,0.004380805883556604
10,pre_rope,198,0.0043545737862586975
10,pre_rope,199,0.004220465198159218
10,pre_rope,200,0.004169524647295475
10,pre_rope,201,0.004143488127738237
10,pre_rope,202,0.004051994066685438
10,pre_rope,203,0.003991731442511082
10,pre_rope,204,0.003973413724452257
10,pre_rope,205,0.003815737087279558
10,pre_rope,206,0.0038044159300625324
10,pre_rope,207,0.0037516478914767504
10,pre_rope,208,0.003672870574519038
10,pre_rope,209,0.0036200457252562046
10,pre_rope,210,0.0035755103453993797
10,pre_rope,211,0.0035073035396635532
10,pre_rope,212,0.0034732152707874775
10,pre_rope,213,0.0033837188966572285
10,pre_rope,214,0.0033267992548644543
10,pre_rope,215,0.003254667390137911
10,pre_rope,216,0.0032266010530292988
10,pre_rope,217,0.003182703396305442
10,pre_rope,218,0.0031369198113679886
10,pre_rope,219,0.0030793717596679926
10,pre_rope,220,0.0030285126995295286
10,pre_rope,221,0.002974789123982191
10,pre_rope,222,0.002935775090008974
10,pre_rope,223,0.002844815840944648
10,pre_rope,224,0.002779137110337615
10,pre_rope,225,0.002729171421378851
10,pre_rope,226,0.0026902088429778814
10,pre_rope,227,0.002617550315335393
10,pre_rope,228,0.0025789225473999977
10,pre_rope,229,0.0024672613944858313
10,pre_rope,230,0.0024261665530502796
10,pre_rope,231,0.0023842649534344673
10,pre_rope,232,0.0023467482533305883
10,pre_rope,233,0.0023118476383388042
10,pre_rope,234,0.0022587855346500874
10,pre_rope,235,0.0022273987997323275
10,pre_rope,236,0.0021424510050565004
10,pre_rope,237,0.002046864479780197
10,pre_rope,238,0.0020111235789954662
10,pre_rope,239,0.0019834034610539675
10,pre_rope,240,0.0019107263069599867
10,pre_rope,241,0.0018676320323720574
10,pre_rope,242,0.0018057948909699917
10,pre_rope,243,0.0017593750962987542
10,pre_rope,244,0.0016706757014617324
10,pre_rope,245,0.0016151188174262643
10,pre_rope,246,0.0015535716665908694
10,pre_rope,247,0.0015437661204487085
10,pre_rope,248,0.0014728219248354435
10,pre_rope,249,0.0013890749542042613
10,pre_rope,250,0.0013440384063869715
10,pre_rope,251,0.0012632411671802402
10,pre_rope,252,0.0012176723685115576
10,pre_rope,253,0.00114587158896029
10,pre_rope,254,0.0011229498777538538
10,pre_rope,255,0.0010114945471286774
10,pre_rope,256,0.0009448471828363836
10,post_rope,1,1.0
10,post_rope,2,0.6529234647750854
10,post_rope,3,0.5458256602287292
10,post_rope,4,0.3939872682094574
10,post_rope,5,0.30090558528900146
10,post_rope,6,0.2941269278526306
10,post_rope,7,0.2681376039981842
10,post_rope,8,0.2503245174884796
10,post_rope,9,0.2179214358329773
10,post_rope,10,0.21150310337543488
10,post_rope,11,0.2056315392255783
10,post_rope,12,0.20407691597938538
10,post_rope,13,0.19739867746829987
10,post_rope,14,0.18545947968959808
10,post_rope,15,0.1808195859193802
10,post_rope,16,0.1769993156194687
10,post_rope,17,0.17498420178890228
10,post_rope,18,0.17201784253120422
10,post_rope,19,0.17047718167304993
10,post_rope,20,0.1691933572292328
10,post_rope,21,0.1646977961063385
10,post_rope,22,0.1642286330461502
10,post_rope,23,0.1635054051876068
10,post_rope,24,0.1612444967031479
10,post_rope,25,0.16017992794513702
10,post_rope,26,0.15979616343975067
10,post_rope,27,0.1552020013332367
10,post_rope,28,0.15438289940357208
10,post_rope,29,0.14951500296592712
10,post_rope,30,0.14850713312625885
10,post_rope,31,0.1451813131570816
10,post_rope,32,0.14363513886928558
10,post_rope,33,0.1425771415233612
10,post_rope,34,0.1402568519115448
10,post_rope,35,0.13882091641426086
10,post_rope,36,0.13674239814281464
10,post_rope,37,0.13588252663612366
10,post_rope,38,0.13446013629436493
10,post_rope,39,0.1311957985162735
10,post_rope,40,0.13009589910507202
10,post_rope,41,0.12893547117710114
10,post_rope,42,0.12665040791034698
10,post_rope,43,0.12620572745800018
10,post_rope,44,0.12548473477363586
10,post_rope,45,0.12341075390577316
10,post_rope,46,0.12171495705842972
10,post_rope,47,0.12083415687084198
10,post_rope,48,0.1204100176692009
10,post_rope,49,0.11927929520606995
10,post_rope,50,0.11771627515554428
10,post_rope,51,0.11709041893482208
10,post_rope,52,0.1147615909576416
10,post_rope,53,0.11230563372373581
10,post_rope,54,0.10951147973537445
10,post_rope,55,0.10930698364973068
10,post_rope,56,0.10886088013648987
10,post_rope,57,0.10647205263376236
10,post_rope,58,0.10579024255275726
10,post_rope,59,0.10553564876317978
10,post_rope,60,0.10300789773464203
10,post_rope,61,0.10198088735342026
10,post_rope,62,0.10161330550909042
10,post_rope,63,0.09937364608049393
10,post_rope,64,0.09770118445158005
10,post_rope,65,0.09313184022903442
10,post_rope,66,0.09170570224523544
10,post_rope,67,0.08844290673732758
10,post_rope,68,0.08716470003128052
10,post_rope,69,0.08523068577051163
10,post_rope,70,0.08348394185304642
10,post_rope,71,0.08270269632339478
10,post_rope,72,0.07955363392829895
10,post_rope,73,0.07638430595397949
10,post_rope,74,0.0747545138001442
10,post_rope,75,0.07373736798763275
10,post_rope,76,0.07225827872753143
10,post_rope,77,0.06873206794261932
10,post_rope,78,0.06732063740491867
10,post_rope,79,0.06652145832777023
10,post_rope,80,0.06594260782003403
10,post_rope,81,0.06396733224391937
10,post_rope,82,0.06199518218636513
10,post_rope,83,0.06104739382863045
10,post_rope,84,0.05986173823475838
10,post_rope,85,0.058624085038900375
10,post_rope,86,0.05774076655507088
10,post_rope,87,0.05708032846450806
10,post_rope,88,0.05616527050733566
10,post_rope,89,0.05570274591445923
10,post_rope,90,0.055105507373809814
10,post_rope,91,0.05459656938910484
10,post_rope,92,0.05351259186863899
10,post_rope,93,0.052021946758031845
10,post_rope,94,0.051899414509534836
10,post_rope,95,0.05142544209957123
10,post_rope,96,0.05082650110125542
10,post_rope,97,0.05044931173324585
10,post_rope,98,0.04973720386624336
10,post_rope,99,0.04948064312338829
10,post_rope,100,0.04894402623176575
10,post_rope,101,0.04814613610506058
10,post_rope,102,0.04809311777353287
10,post_rope,103,0.04747188836336136
10,post_rope,104,0.04723217338323593
10,post_rope,105,0.046620309352874756
10,post_rope,106,0.046480245888233185
10,post_rope,107,0.04626017436385155
10,post_rope,108,0.04602254182100296
10,post_rope,109,0.045126110315322876
10,post_rope,110,0.04490320757031441
10,post_rope,111,0.04478742182254791
10,post_rope,112,0.04463482275605202
10,post_rope,113,0.044013671576976776
10,post_rope,114,0.043784648180007935
10,post_rope,115,0.043472111225128174
10,post_rope,116,0.04297572746872902
10,post_rope,117,0.042891621589660645
10,post_rope,118,0.04256061464548111
10,post_rope,119,0.04238235577940941
10,post_rope,120,0.04200734198093414
10,post_rope,121,0.04191284999251366
10,post_rope,122,0.041645243763923645
10,post_rope,123,0.04151695594191551
10,post_rope,124,0.040971025824546814
10,post_rope,125,0.040841568261384964
10,post_rope,126,0.04073404520750046
10,post_rope,127,0.04040265828371048
10,post_rope,128,0.04034823551774025
10,post_rope,129,0.040159862488508224
10,post_rope,130,0.04010423272848129
10,post_rope,131,0.03964783251285553
10,post_rope,132,0.039267443120479584
10,post_rope,133,0.03911362215876579
10,post_rope,134,0.03898012265563011
10,post_rope,135,0.03872937336564064
10,post_rope,136,0.038250599056482315
10,post_rope,137,0.0379183404147625
10,post_rope,138,0.03786786273121834
10,post_rope,139,0.03782457485795021
10,post_rope,140,0.037594959139823914
10,post_rope,141,0.0371684692800045
10,post_rope,142,0.03688899800181389
10,post_rope,143,0.03672899305820465
10,post_rope,144,0.03633948042988777
10,post_rope,145,0.035912882536649704
10,post_rope,146,0.035750631242990494
10,post_rope,147,0.03550808131694794
10,post_rope,148,0.03517916798591614
10,post_rope,149,0.035139139741659164
10,post_rope,150,0.0350821316242218
10,post_rope,151,0.03461800515651703
10,post_rope,152,0.03403041511774063
10,post_rope,153,0.03400116041302681
10,post_rope,154,0.03389453515410423
10,post_rope,155,0.03370968624949455
10,post_rope,156,0.033403534442186356
10,post_rope,157,0.033361341804265976
10,post_rope,158,0.03292873501777649
10,post_rope,159,0.03279396519064903
10,post_rope,160,0.032625313848257065
10,post_rope,161,0.03241097182035446
10,post_rope,162,0.032109588384628296
10,post_rope,163,0.03198756277561188
10,post_rope,164,0.03171474486589432
10,post_rope,165,0.03148047626018524
10,post_rope,166,0.03136131167411804
10,post_rope,167,0.03123611770570278
10,post_rope,168,0.03105849027633667
10,post_rope,169,0.030792756006121635
10,post_rope,170,0.030405035242438316
10,post_rope,171,0.030219903215765953
10,post_rope,172,0.030032064765691757
10,post_rope,173,0.029614537954330444
10,post_rope,174,0.029592620208859444
10,post_rope,175,0.029283173382282257
10,post_rope,176,0.02904384396970272
10,post_rope,177,0.028828881680965424
10,post_rope,178,0.028691617771983147
10,post_rope,179,0.028542455285787582
10,post_rope,180,0.028367066755890846
10,post_rope,181,0.02825089730322361
10,post_rope,182,0.02795671485364437
10,post_rope,183,0.027665602043271065
10,post_rope,184,0.02749454416334629
10,post_rope,185,0.027347330003976822
10,post_rope,186,0.02691350132226944
10,post_rope,187,0.026795055717229843
10,post_rope,188,0.026615209877490997
10,post_rope,189,0.025951646268367767
10,post_rope,190,0.025823086500167847
10,post_rope,191,0.02564292959868908
10,post_rope,192,0.025560464709997177
10,post_rope,193,0.02530251443386078
10,post_rope,194,0.025168469175696373
10,post_rope,195,0.02471774071455002
10,post_rope,196,0.024605773389339447
10,post_rope,197,0.024482153356075287
10,post_rope,198,0.02435738407075405
10,post_rope,199,0.02426000125706196
10,post_rope,200,0.023953881114721298
10,post_rope,201,0.02385697327554226
10,post_rope,202,0.023570116609334946
10,post_rope,203,0.02307945303618908
10,post_rope,204,0.022997107356786728
10,post_rope,205,0.0229585412889719
10,post_rope,206,0.02267172560095787
10,post_rope,207,0.02261965163052082
10,post_rope,208,0.022387946024537086
10,post_rope,209,0.02201077714562416
10,post_rope,210,0.021681491285562515
10,post_rope,211,0.02160099893808365
10,post_rope,212,0.021481730043888092
10,post_rope,213,0.021098287776112556
10,post_rope,214,0.020968351513147354
10,post_rope,215,0.020700789988040924
10,post_rope,216,0.020416321232914925
10,post_rope,217,0.020322296768426895
10,post_rope,218,0.020125722512602806
10,post_rope,219,0.019933797419071198
10,post_rope,220,0.019871456548571587
10,post_rope,221,0.0197147186845541
10,post_rope,222,0.019392596557736397
10,post_rope,223,0.019191931933164597
10,post_rope,224,0.018972158432006836
10,post_rope,225,0.018581651151180267
10,post_rope,226,0.01854672282934189
10,post_rope,227,0.018384188413619995
10,post_rope,228,0.018151912838220596
10,post_rope,229,0.017640383914113045
10,post_rope,230,0.016747159883379936
10,post_rope,231,0.016678696498274803
10,post_rope,232,0.01563519984483719
10,post_rope,233,0.015148909762501717
10,post_rope,234,0.0141254598274827
10,post_rope,235,0.013739395886659622
10,post_rope,236,0.013316902332007885
10,post_rope,237,0.013133061118423939
10,post_rope,238,0.012556534260511398
10,post_rope,239,0.012253323569893837
10,post_rope,240,0.01173315104097128
10,post_rope,241,0.01140639279037714
10,post_rope,242,0.010991903021931648
10,post_rope,243,0.010906531475484371
10,post_rope,244,0.010243641212582588
10,post_rope,245,0.00989578664302826
10,post_rope,246,0.009717625565826893
10,post_rope,247,0.009573743678629398
10,post_rope,248,0.009207256138324738
10,post_rope,249,0.00834402721375227
10,post_rope,250,0.008227753452956676
10,post_rope,251,0.007988609373569489
10,post_rope,252,0.007799583952873945
10,post_rope,253,0.007327101193368435
10,post_rope,254,0.007261327933520079
10,post_rope,255,0.007090113591402769
10,post_rope,256,0.006881386041641235
11,pre_rope,1,1.0
11,pre_rope,2,0.17209386825561523
11,pre_rope,3,0.15052679181098938
11,pre_rope,4,0.12474930286407471
11,pre_rope,5,0.11537881940603256
11,pre_rope,6,0.10245763510465622
11,pre_rope,7,0.09363798797130585
11,pre_rope,8,0.09130046516656876
11,pre_rope,9,0.08501887321472168
11,pre_rope,10,0.0762668028473854
11,pre_rope,11,0.06721189618110657
11,pre_rope,12,0.06551173329353333
11,pre_rope,13,0.061783745884895325
11,pre_rope,14,0.057619787752628326
11,pre_rope,15,0.05645545572042465
11,pre_rope,16,0.05443372577428818
11,pre_rope,17,0.051471952348947525
11,pre_rope,18,0.04924079403281212
11,pre_rope,19,0.04720170795917511
11,pre_rope,20,0.04365774244070053
11,pre_rope,21,0.0415300652384758
11,pre_rope,22,0.03973544389009476
11,pre_rope,23,0.03864630311727524
11,pre_rope,24,0.03730230778455734
11,pre_rope,25,0.0367865115404129
11,pre_rope,26,0.03626584634184837
11,pre_rope,27,0.03479950502514839
11,pre_rope,28,0.03441505879163742
11,pre_rope,29,0.034262411296367645
11,pre_rope,30,0.0328843854367733
11,pre_rope,31,0.03255392983555794
11,pre_rope,32,0.03220951929688454
11,pre_rope,33,0.031733959913253784
11,pre_rope,34,0.031128620728850365
11,pre_rope,35,0.030041953548789024
11,pre_rope,36,0.029239073395729065
11,pre_rope,37,0.028748907148838043
11,pre_rope,38,0.0284549780189991
11,pre_rope,39,0.02795710414648056
11,pre_rope,40,0.02693767286837101
11,pre_rope,41,0.026848433539271355
11,pre_rope,42,0.026300333440303802
11,pre_rope,43,0.025833195075392723
11,pre_rope,44,0.025401737540960312
11,pre_rope,45,0.02510746940970421
11,pre_rope,46,0.024862155318260193
11,pre_rope,47,0.02426856756210327
11,pre_rope,48,0.024061143398284912
11,pre_rope,49,0.02312992326915264
11,pre_rope,50,0.022840702906250954
11,pre_rope,51,0.022635595872998238
11,pre_rope,52,0.02243603579699993
11,pre_rope,53,0.02184394747018814
11,pre_rope,54,0.021750299260020256
11,pre_rope,55,0.021518036723136902
11,pre_rope,56,0.02108410932123661
11,pre_rope,57,0.02101041190326214
11,pre_rope,58,0.020770134404301643
11,pre_rope,59,0.02048688940703869
11,pre_rope,60,0.020389053970575333
11,pre_rope,61,0.020023612305521965
11,pre_rope,62,0.019795449450612068
11,pre_rope,63,0.019522670656442642
11,pre_rope,64,0.019411588087677956
11,pre_rope,65,0.019034812226891518
11,pre_rope,66,0.01884853094816208
11,pre_rope,67,0.01843981258571148
11,pre_rope,68,0.01818106882274151
11,pre_rope,69,0.01788729429244995
11,pre_rope,70,0.017750095576047897
11,pre_rope,71,0.01754949986934662
11,pre_rope,72,0.017469240352511406
11,pre_rope,73,0.01708422414958477
11,pre_rope,74,0.01696208491921425
11,pre_rope,75,0.016843413934111595
11,pre_rope,76,0.016759594902396202
11,pre_rope,77,0.01662907563149929
11,pre_rope,78,0.0164620503783226
11,pre_rope,79,0.01620541699230671
11,pre_rope,80,0.01610562950372696
11,pre_rope,81,0.015927156433463097
11,pre_rope,82,0.015793414786458015
11,pre_rope,83,0.015629388391971588
11,pre_rope,84,0.015540756285190582
11,pre_rope,85,0.015344756655395031
11,pre_rope,86,0.01524142175912857
11,pre_rope,87,0.01493693608790636
11,pre_rope,88,0.014903917908668518
11,pre_rope,89,0.014719284139573574
11,pre_rope,90,0.014602750539779663
11,pre_rope,91,0.01442654151469469
11,pre_rope,92,0.014269193634390831
11,pre_rope,93,0.01414675172418356
11,pre_rope,94,0.014014901593327522
11,pre_rope,95,0.013896550051867962
11,pre_rope,96,0.013797007501125336
11,pre_rope,97,0.013697577640414238
11,pre_rope,98,0.013639028184115887
11,pre_rope,99,0.013454019092023373
11,pre_rope,100,0.01327576208859682
11,pre_rope,101,0.013092704117298126
11,pre_rope,102,0.013007799163460732
11,pre_rope,103,0.012740186415612698
11,pre_rope,104,0.012683293782174587
11,pre_rope,105,0.012655336409807205
11,pre_rope,106,0.012538673356175423
11,pre_rope,107,0.01244213618338108
11,pre_rope,108,0.012314865365624428
11,pre_rope,109,0.012141537852585316
11,pre_rope,110,0.011971504427492619
11,pre_rope,111,0.011863624677062035
11,pre_rope,112,0.011706079356372356
11,pre_rope,113,0.011645722202956676
11,pre_rope,114,0.01156981848180294
11,pre_rope,115,0.011434314772486687
11,pre_rope,116,0.011359878815710545
11,pre_rope,117,0.011165152303874493
11,pre_rope,118,0.011041852645576
11,pre_rope,119,0.011008213274180889
11,pre_rope,120,0.010837134905159473
11,pre_rope,121,0.010766368359327316
11,pre_rope,122,0.010604744777083397
11,pre_rope,123,0.010480630211532116
11,pre_rope,124,0.010341888293623924
11,pre_rope,125,0.010235768742859364
11,pre_rope,126,0.010181057266891003
11,pre_rope,127,0.010060879401862621
11,pre_rope,128,0.009941733442246914
11,pre_rope,129,0.009902304038405418
11,pre_rope,130,0.009741321206092834
11,pre_rope,131,0.00968247652053833
11,pre_rope,132,0.009576625190675259
11,pre_rope,133,0.009528648108243942
11,pre_rope,134,0.009421773254871368
11,pre_rope,135,0.009337068535387516
11,pre_rope,136,0.00918872281908989
11,pre_rope,137,0.009103250689804554
11,pre_rope,138,0.009046215564012527
11,pre_rope,139,0.00895691104233265
11,pre_rope,140,0.008826269768178463
11,pre_rope,141,0.008705884218215942
11,pre_rope,142,0.008649475872516632
11,pre_rope,143,0.008604451082646847
11,pre_rope,144,0.008473419584333897
11,pre_rope,145,0.008451767265796661
11,pre_rope,146,0.00840040948241949
11,pre_rope,147,0.008303174749016762
11,pre_rope,148,0.008197968825697899
11,pre_rope,149,0.00816191453486681
11,pre_rope,150,0.00804086122661829
11,pre_rope,151,0.007982340641319752
11,pre_rope,152,0.007977182976901531
11,pre_rope,153,0.007871659472584724
11,pre_rope,154,0.007738586515188217
11,pre_rope,155,0.007672115229070187
11,pre_rope,156,0.00757501320913434
11,pre_rope,157,0.007430636789649725
11,pre_rope,158,0.0073920246213674545
11,pre_rope,159,0.007276455871760845
11,pre_rope,160,0.00721672922372818
11,pre_rope,161,0.007097272668033838
11,pre_rope,162,0.007041726261377335
11,pre_rope,163,0.006988830864429474
11,pre_rope,164,0.006927967071533203
11,pre_rope,165,0.0068392278626561165
11,pre_rope,166,0.006758480798453093
11,pre_rope,167,0.006659960374236107
11,pre_rope,168,0.006618147250264883
11,pre_rope,169,0.0065630702301859856
11,pre_rope,170,0.006520483642816544
11,pre_rope,171,0.006471061613410711
11,pre_rope,172,0.006360079627484083
11,pre_rope,173,0.0062090749852359295
11,pre_rope,174,0.006176400929689407
11,pre_rope,175,0.006127659231424332
11,pre_rope,176,0.006065391469746828
11,pre_rope,177,0.006039471831172705
11,pre_rope,178,0.0059682768769562244
11,pre_rope,179,0.00588944973424077
11,pre_rope,180,0.005850580520927906
11,pre_rope,181,0.005829041823744774
11,pre_rope,182,0.00569553766399622
11,pre_rope,183,0.0055821617133915424
11,pre_rope,184,0.005570762790739536
11,pre_rope,185,0.005509108770638704
11,pre_rope,186,0.005456505808979273
11,pre_rope,187,0.005400076508522034
11,pre_rope,188,0.005336289294064045
11,pre_rope,189,0.005294763948768377
11,pre_rope,190,0.005210332106798887
11,pre_rope,191,0.005164467729628086
11,pre_rope,192,0.005088313482701778
11,pre_rope,193,0.004981066565960646
11,pre_rope,194,0.004890104290097952
11,pre_rope,195,0.004842074122279882
11,pre_rope,196,0.004762914031744003
11,pre_rope,197,0.004720662720501423
11,pre_rope,198,0.004689251072704792
11,pre_rope,199,0.004677476827055216
11,pre_rope,200,0.004627445247024298
11,pre_rope,201,0.004552238155156374
11,pre_rope,202,0.004498531110584736
11,pre_rope,203,0.004476074129343033
11,pre_rope,204,0.004415597300976515
11,pre_rope,205,0.00432202173396945
11,pre_rope,206,0.004300556145608425
11,pre_rope,207,0.004246480762958527
11,pre_rope,208,0.004161279182881117
11,pre_rope,209,0.004127277992665768
11,pre_rope,210,0.0040845912881195545
11,pre_rope,211,0.003986521624028683
11,pre_rope,212,0.003881807904690504
11,pre_rope,213,0.003823730628937483
11,pre_rope,214,0.0037099432665854692
11,pre_rope,215,0.003686523297801614
11,pre_rope,216,0.003660756628960371
11,pre_rope,217,0.003630244405940175
11,pre_rope,218,0.0035897179041057825
11,pre_rope,219,0.003530030371621251
11,pre_rope,220,0.0034680922981351614
11,pre_rope,221,0.003432538826018572
11,pre_rope,222,0.0033494490198791027
11,pre_rope,223,0.0033003357239067554
11,pre_rope,224,0.003198272781446576
11,pre_rope,225,0.003163471817970276
11,pre_rope,226,0.0031344289891421795
11,pre_rope,227,0.0030975276604294777
11,pre_rope,228,0.003039926290512085
11,pre_rope,229,0.003030977677553892
11,pre_rope,230,0.0029002719093114138
11,pre_rope,231,0.0028744018636643887
11,pre_rope,232,0.0028284634463489056
11,pre_rope,233,0.0027850524056702852
11,pre_rope,234,0.00273783877491951
11,pre_rope,235,0.0027113400865346193
11,pre_rope,236,0.002630511997267604
11,pre_rope,237,0.0026085004210472107
11,pre_rope,238,0.002531162928789854
11,pre_rope,239,0.002469075145199895
11,pre_rope,240,0.0024502191226929426
11,pre_rope,241,0.0024121860042214394
11,pre_rope,242,0.00237272959202528
11,pre_rope,243,0.002262606518343091
11,pre_rope,244,0.0022422056645154953
11,pre_rope,245,0.0022234676871448755
11,pre_rope,246,0.002135299611836672
11,pre_rope,247,0.0020922855474054813
11,pre_rope,248,0.0020553262438625097
11,pre_rope,249,0.0019407263025641441
11,pre_rope,250,0.0018788010347634554
11,pre_rope,251,0.0018221683567389846
11,pre_rope,252,0.001709133037365973
11,pre_rope,253,0.0016417374135926366
11,pre_rope,254,0.0014362402725964785
11,pre_rope,255,0.0013811140088364482
11,pre_rope,256,0.00129132647998631
11,post_rope,1,1.0
11,post_rope,2,0.9336844682693481
11,post_rope,3,0.6569105386734009
11,post_rope,4,0.36570921540260315
11,post_rope,5,0.33181294798851013
11,post_rope,6,0.3020104765892029
11,post_rope,7,0.3013872504234314
11,post_rope,8,0.25763002038002014
11,post_rope,9,0.24804341793060303
11,post_rope,10,0.23666173219680786
11,post_rope,11,0.23237331211566925
11,post_rope,12,0.2225876897573471
11,post_rope,13,0.21950267255306244
11,post_rope,14,0.21246063709259033
11,post_rope,15,0.19798900187015533
11,post_rope,16,0.19198009371757507
11,post_rope,17,0.1874227225780487
11,post_rope,18,0.18500180542469025
11,post_rope,19,0.17909398674964905
11,post_rope,20,0.1773645281791687
11,post_rope,21,0.17414547502994537
11,post_rope,22,0.17297859489917755
11,post_rope,23,0.17230407893657684
11,post_rope,24,0.16699767112731934
11,post_rope,25,0.1661003977060318
11,post_rope,26,0.16302207112312317
11,post_rope,27,0.16097618639469147
11,post_rope,28,0.15954695641994476
11,post_rope,29,0.15240775048732758
11,post_rope,30,0.1511082500219345
11,post_rope,31,0.14837539196014404
11,post_rope,32,0.14645373821258545
11,post_rope,33,0.13935130834579468
11,post_rope,34,0.13759751617908478
11,post_rope,35,0.1340949684381485
11,post_rope,36,0.12902410328388214
11,post_rope,37,0.12663570046424866
11,post_rope,38,0.12530173361301422
11,post_rope,39,0.12434802949428558
11,post_rope,40,0.12271858006715775
11,post_rope,41,0.12139227241277695
11,post_rope,42,0.12077167630195618
11,post_rope,43,0.11995552480220795
11,post_rope,44,0.11966531723737717
11,post_rope,45,0.11890104413032532
11,post_rope,46,0.11856938898563385
11,post_rope,47,0.11701223999261856
11,post_rope,48,0.11588215827941895
11,post_rope,49,0.11344677954912186
11,post_rope,50,0.10974189639091492
11,post_rope,51,0.10313662886619568
11,post_rope,52,0.09688284248113632
11,post_rope,53,0.09276126325130463
11,post_rope,54,0.08929923921823502
11,post_rope,55,0.08477289229631424
11,post_rope,56,0.08230134844779968
11,post_rope,57,0.08125155419111252
11,post_rope,58,0.07899748533964157
11,post_rope,59,0.07514862716197968
11,post_rope,60,0.0723659098148346
11,post_rope,61,0.07083932310342789
11,post_rope,62,0.07003011554479599
11,post_rope,63,0.06921406090259552
11,post_rope,64,0.06776253879070282
11,post_rope,65,0.06650354713201523
11,post_rope,66,0.06603631377220154
11,post_rope,67,0.06509675085544586
11,post_rope,68,0.06427562236785889
11,post_rope,69,0.0636710375547409
11,post_rope,70,0.06286472082138062
11,post_rope,71,0.06218540295958519
11,post_rope,72,0.06187180057168007
11,post_rope,73,0.060822129249572754
11,post_rope,74,0.05987156182527542
11,post_rope,75,0.05942841246724129
11,post_rope,76,0.05880909785628319
11,post_rope,77,0.05738699436187744
11,post_rope,78,0.05662091076374054
11,post_rope,79,0.0562010295689106
11,post_rope,80,0.0557161346077919
11,post_rope,81,0.055112164467573166
11,post_rope,82,0.054606422781944275
11,post_rope,83,0.05393262207508087
11,post_rope,84,0.05355176702141762
11,post_rope,85,0.05326840654015541
11,post_rope,86,0.05262930318713188
11,post_rope,87,0.0522877536714077
11,post_rope,88,0.05155884474515915
11,post_rope,89,0.05123492702841759
11,post_rope,90,0.05106163024902344
11,post_rope,91,0.05030479654669762
11,post_rope,92,0.04986777901649475
11,post_rope,93,0.04936477541923523
11,post_rope,94,0.04899056628346443
11,post_rope,95,0.04871293902397156
11,post_rope,96,0.04847494885325432
11,post_rope,97,0.04837774485349655
11,post_rope,98,0.04756903275847435
11,post_rope,99,0.04706397280097008
11,post_rope,100,0.04672743380069733
11,post_rope,101,0.04663955047726631
11,post_rope,102,0.046274472028017044
11,post_rope,103,0.04605374485254288
11,post_rope,104,0.04561794549226761
11,post_rope,105,0.04552431404590607
11,post_rope,106,0.045187823474407196
11,post_rope,107,0.04479141905903816
11,post_rope,108,0.044531967490911484
11,post_rope,109,0.04407046362757683
11,post_rope,110,0.043873757123947144
11,post_rope,111,0.04353425279259682
11,post_rope,112,0.04335577413439751
11,post_rope,113,0.0431118942797184
11,post_rope,114,0.04269559308886528
11,post_rope,115,0.04233565554022789
11,post_rope,116,0.04201314598321915
11,post_rope,117,0.04196282848715782
11,post_rope,118,0.04163064435124397
11,post_rope,119,0.041459713131189346
11,post_rope,120,0.041340332478284836
11,post_rope,121,0.04084259644150734
11,post_rope,122,0.04074215516448021
11,post_rope,123,0.04057173803448677
11,post_rope,124,0.04020651429891586
11,post_rope,125,0.04012051969766617
11,post_rope,126,0.04009915515780449
11,post_rope,127,0.03980982303619385
11,post_rope,128,0.03958432748913765
11,post_rope,129,0.039428066462278366
11,post_rope,130,0.0392022468149662
11,post_rope,131,0.038936179131269455
11,post_rope,132,0.038806308060884476
11,post_rope,133,0.038661085069179535
11,post_rope,134,0.038473982363939285
11,post_rope,135,0.038168445229530334
11,post_rope,136,0.03792900592088699
11,post_rope,137,0.03783030807971954
11,post_rope,138,0.03767579048871994
11,post_rope,139,0.03757035732269287
11,post_rope,140,0.03746990114450455
11,post_rope,141,0.037227291613817215
11,post_rope,142,0.03664347901940346
11,post_rope,143,0.03661179542541504
11,post_rope,144,0.03631087765097618
11,post_rope,145,0.03628139942884445
11,post_rope,146,0.03615865483880043
11,post_rope,147,0.03583148494362831
11,post_rope,148,0.03557167202234268
11,post_rope,149,0.035187553614377975
11,post_rope,150,0.035031672567129135
11,post_rope,151,0.03478623926639557
11,post_rope,152,0.034603361040353775
11,post_rope,153,0.03455305099487305
11,post_rope,154,0.0344843864440918
11,post_rope,155,0.034150660037994385
11,post_rope,156,0.03407923877239227
11,post_rope,157,0.03385729715228081
11,post_rope,158,0.03378641605377197
11,post_rope,159,0.03361505642533302
11,post_rope,160,0.033395808190107346
11,post_rope,161,0.03316911309957504
11,post_rope,162,0.03278116136789322
11,post_rope,163,0.03262380510568619
11,post_rope,164,0.03253064677119255
11,post_rope,165,0.032140202820301056
11,post_rope,166,0.03204454854130745
11,post_rope,167,0.03200923278927803
11,post_rope,168,0.031807348132133484
11,post_rope,169,0.031561728566884995
11,post_rope,170,0.031201587989926338
11,post_rope,171,0.031083183363080025
11,post_rope,172,0.031041506677865982
11,post_rope,173,0.030896544456481934
11,post_rope,174,0.030475830659270287
11,post_rope,175,0.03043328784406185
11,post_rope,176,0.03011583909392357
11,post_rope,177,0.02998972311615944
11,post_rope,178,0.029669051989912987
11,post_rope,179,0.029475748538970947
11,post_rope,180,0.029360514134168625
11,post_rope,181,0.029215846210718155
11,post_rope,182,0.029106630012392998
11,post_rope,183,0.028939824551343918
11,post_rope,184,0.02868686430156231
11,post_rope,185,0.028607619926333427
11,post_rope,186,0.028387388214468956
11,post_rope,187,0.02828381210565567
11,post_rope,188,0.02820001356303692
11,post_rope,189,0.027982329949736595
11,post_rope,190,0.02785363979637623
11,post_rope,191,0.027751894667744637
11,post_rope,192,0.027495374903082848
11,post_rope,193,0.02733275480568409
11,post_rope,194,0.02714967168867588
11,post_rope,195,0.026962358504533768
11,post_rope,196,0.026793338358402252
11,post_rope,197,0.026646489277482033
11,post_rope,198,0.026571152731776237
11,post_rope,199,0.026325799524784088
11,post_rope,200,0.026078462600708008
11,post_rope,201,0.02573852427303791
11,post_rope,202,0.025655511766672134
11,post_rope,203,0.025415843352675438
11,post_rope,204,0.02518410235643387
11,post_rope,205,0.025060908868908882
11,post_rope,206,0.024825235828757286
11,post_rope,207,0.02474963106215
11,post_rope,208,0.024688683450222015
11,post_rope,209,0.024530988186597824
11,post_rope,210,0.02436867170035839
11,post_rope,211,0.024249402806162834
11,post_rope,212,0.024055344983935356
11,post_rope,213,0.023922769352793694
11,post_rope,214,0.02371223270893097
11,post_rope,215,0.023547837510704994
11,post_rope,216,0.0233819168061018
11,post_rope,217,0.02317056804895401
11,post_rope,218,0.023085689172148705
11,post_rope,219,0.023022562265396118
11,post_rope,220,0.022644756361842155
11,post_rope,221,0.02231776714324951
11,post_rope,222,0.022158769890666008
11,post_rope,223,0.02192099206149578
11,post_rope,224,0.02177000232040882
11,post_rope,225,0.021505206823349
11,post_rope,226,0.02133888192474842
11,post_rope,227,0.02119104005396366
11,post_rope,228,0.020989570766687393
11,post_rope,229,0.020925916731357574
11,post_rope,230,0.020722147077322006
11,post_rope,231,0.020511075854301453
11,post_rope,232,0.020320134237408638
11,post_rope,233,0.020000917837023735
11,post_rope,234,0.01997463032603264
11,post_rope,235,0.019546667113900185
11,post_rope,236,0.01930580660700798
11,post_rope,237,0.019075747579336166
11,post_rope,238,0.018847446888685226
11,post_rope,239,0.018576843664050102
11,post_rope,240,0.01814889907836914
11,post_rope,241,0.017991669476032257
11,post_rope,242,0.017972080036997795
11,post_rope,243,0.017657361924648285
11,post_rope,244,0.017081553116440773
11,post_rope,245,0.016881298273801804
11,post_rope,246,0.01653224229812622
11,post_rope,247,0.016414230689406395
11,post_rope,248,0.015960048884153366
11,post_rope,249,0.01552821509540081
11,post_rope,250,0.013976840302348137
11,post_rope,251,0.013698689639568329
11,post_rope,252,0.013606754131615162
11,post_rope,253,0.013463305309414864
11,post_rope,254,0.013002119027078152
11,post_rope,255,0.01296431664377451
11,post_rope,256,0.012421523220837116
12,pre_rope,1,1.0
12,pre_rope,2,0.16972212493419647
12,pre_rope,3,0.13899552822113037
12,pre_rope,4,0.12196499854326248
12,pre_rope,5,0.11869435757398605
12,pre_rope,6,0.10346680134534836
12,pre_rope,7,0.08717525005340576
12,pre_rope,8,0.0805298313498497
12,pre_rope,9,0.07368683069944382
12,pre_rope,10,0.0707363486289978
12,pre_rope,11,0.0640784427523613
12,pre_rope,12,0.060641076415777206
12,pre_rope,13,0.05682535097002983
12,pre_rope,14,0.05564055219292641
12,pre_rope,15,0.05451728403568268
12,pre_rope,16,0.05162036791443825
12,pre_rope,17,0.05067714676260948
12,pre_rope,18,0.04740263149142265
12,pre_rope,19,0.04540501534938812
12,pre_rope,20,0.04440014064311981
12,pre_rope,21,0.03938494250178337
12,pre_rope,22,0.038070958107709885
12,pre_rope,23,0.03739707171916962
12,pre_rope,24,0.036571864038705826
12,pre_rope,25,0.03483602777123451
12,pre_rope,26,0.033963676542043686
12,pre_rope,27,0.033510878682136536
12,pre_rope,28,0.03331366181373596
12,pre_rope,29,0.03260001167654991
12,pre_rope,30,0.0321233831346035
12,pre_rope,31,0.031139615923166275
12,pre_rope,32,0.030780237168073654
12,pre_rope,33,0.029410075396299362
12,pre_rope,34,0.029144011437892914
12,pre_rope,35,0.02823106199502945
12,pre_rope,36,0.027964336797595024
12,pre_rope,37,0.02780788764357567
12,pre_rope,38,0.02710440382361412
12,pre_rope,39,0.026541639119386673
12,pre_rope,40,0.025900179520249367
12,pre_rope,41,0.025446467101573944
12,pre_rope,42,0.0250395480543375
12,pre_rope,43,0.024546081200242043
12,pre_rope,44,0.024290569126605988
12,pre_rope,45,0.023587070405483246
12,pre_rope,46,0.02347015030682087
12,pre_rope,47,0.02295791171491146
12,pre_rope,48,0.022579295560717583
12,pre_rope,49,0.022129716351628304
12,pre_rope,50,0.02204953320324421
12,pre_rope,51,0.021458487957715988
12,pre_rope,52,0.0210075955837965
12,pre_rope,53,0.02075229212641716
12,pre_rope,54,0.020438414067029953
12,pre_rope,55,0.020237188786268234
12,pre_rope,56,0.019796883687376976
12,pre_rope,57,0.01962520368397236
12,pre_rope,58,0.019168468192219734
12,pre_rope,59,0.019070005044341087
12,pre_rope,60,0.018770838156342506
12,pre_rope,61,0.018309274688363075
12,pre_rope,62,0.01826407015323639
12,pre_rope,63,0.0180968064814806
12,pre_rope,64,0.017722664400935173
12,pre_rope,65,0.017680134624242783
12,pre_rope,66,0.01747981458902359
12,pre_rope,67,0.01708301529288292
12,pre_rope,68,0.01688818819820881
12,pre_rope,69,0.016670899465680122
12,pre_rope,70,0.016399793326854706
12,pre_rope,71,0.016186164692044258
12,pre_rope,72,0.01607915200293064
12,pre_rope,73,0.01588115282356739
12,pre_rope,74,0.01577872410416603
12,pre_rope,75,0.015544756315648556
12,pre_rope,76,0.015528800897300243
12,pre_rope,77,0.015204053372144699
12,pre_rope,78,0.014976060949265957
12,pre_rope,79,0.014837706461548805
12,pre_rope,80,0.014728040434420109
12,pre_rope,81,0.01462753675878048
12,pre_rope,82,0.014540846459567547
12,pre_rope,83,0.014291394501924515
12,pre_rope,84,0.014206432737410069
12,pre_rope,85,0.01404460147023201
12,pre_rope,86,0.013974265195429325
12,pre_rope,87,0.013793456368148327
12,pre_rope,88,0.013602747581899166
12,pre_rope,89,0.013475059531629086
12,pre_rope,90,0.013364491984248161
12,pre_rope,91,0.013329867273569107
12,pre_rope,92,0.013163546100258827
12,pre_rope,93,0.01306369248777628
12,pre_rope,94,0.012990529648959637
12,pre_rope,95,0.012827045284211636
12,pre_rope,96,0.01277393288910389
12,pre_rope,97,0.012616542167961597
12,pre_rope,98,0.012583090923726559
12,pre_rope,99,0.01250387728214264
12,pre_rope,100,0.012257654219865799
12,pre_rope,101,0.012100646272301674
12,pre_rope,102,0.01201813854277134
12,pre_rope,103,0.011906158179044724
12,pre_rope,104,0.011776345781981945
12,pre_rope,105,0.01173497550189495
12,pre_rope,106,0.0116727314889431
12,pre_rope,107,0.011670616455376148
12,pre_rope,108,0.01136953104287386
12,pre_rope,109,0.011310718953609467
12,pre_rope,110,0.011227819137275219
12,pre_rope,111,0.01114683412015438
12,pre_rope,112,0.011081166565418243
12,pre_rope,113,0.010976091958582401
12,pre_rope,114,0.010854748077690601
12,pre_rope,115,0.010774174705147743
12,pre_rope,116,0.01067617442458868
12,pre_rope,117,0.010619726032018661
12,pre_rope,118,0.010539541020989418
12,pre_rope,119,0.01046111062169075
12,pre_rope,120,0.010425942949950695
12,pre_rope,121,0.010362109169363976
12,pre_rope,122,0.010242667980492115
12,pre_rope,123,0.010112679563462734
12,pre_rope,124,0.010066398419439793
12,pre_rope,125,0.010048446245491505
12,pre_rope,126,0.0099265081807971
12,pre_rope,127,0.009833966381847858
12,pre_rope,128,0.009803482331335545
12,pre_rope,129,0.009667256847023964
12,pre_rope,130,0.009627332910895348
12,pre_rope,131,0.00957447849214077
12,pre_rope,132,0.009518194012343884
12,pre_rope,133,0.009415346197783947
12,pre_rope,134,0.009354657493531704
12,pre_rope,135,0.009267711080610752
12,pre_rope,136,0.009196063503623009
12,pre_rope,137,0.009173547849059105
12,pre_rope,138,0.009031901136040688
12,pre_rope,139,0.009009967558085918
12,pre_rope,140,0.00887326616793871
12,pre_rope,141,0.008856230415403843
12,pre_rope,142,0.008729126304388046
12,pre_rope,143,0.008691476657986641
12,pre_rope,144,0.008615073747932911
12,pre_rope,145,0.008589817211031914
12,pre_rope,146,0.008554618805646896
12,pre_rope,147,0.008466501720249653
12,pre_rope,148,0.008386806584894657
12,pre_rope,149,0.008307580836117268
12,pre_rope,150,0.008293023332953453
12,pre_rope,151,0.008149058558046818
12,pre_rope,152,0.00808756984770298
12,pre_rope,153,0.008009552024304867
12,pre_rope,154,0.0079840999096632
12,pre_rope,155,0.007972651161253452
12,pre_rope,156,0.00787171721458435
12,pre_rope,157,0.007839883677661419
12,pre_rope,158,0.007794088218361139
12,pre_rope,159,0.007712644059211016
12,pre_rope,160,0.007685558870434761
12,pre_rope,161,0.007567566819489002
12,pre_rope,162,0.007516591344028711
12,pre_rope,163,0.007452608551830053
12,pre_rope,164,0.007393841631710529
12,pre_rope,165,0.007338452618569136
12,pre_rope,166,0.007242321502417326
12,pre_rope,167,0.0071784257888793945
12,pre_rope,168,0.007130844052881002
12,pre_rope,169,0.007064535282552242
12,pre_rope,170,0.007024790160357952
12,pre_rope,171,0.0069310967810451984
12,pre_rope,172,0.0068993233144283295
12,pre_rope,173,0.0068381004966795444
12,pre_rope,174,0.0067968061193823814
12,pre_rope,175,0.0067157261073589325
12,pre_rope,176,0.006687944754958153
12,pre_rope,177,0.00663210591301322
12,pre_rope,178,0.006562505383044481
12,pre_rope,179,0.006514852866530418
12,pre_rope,180,0.00646190857514739
12,pre_rope,181,0.006395276635885239
12,pre_rope,182,0.006324373185634613
12,pre_rope,183,0.006299492437392473
12,pre_rope,184,0.006276030093431473
12,pre_rope,185,0.00620221346616745
12,pre_rope,186,0.006087323650717735
12,pre_rope,187,0.006031351629644632
12,pre_rope,188,0.0059038614854216576
12,pre_rope,189,0.005886532366275787
12,pre_rope,190,0.005839718505740166
12,pre_rope,191,0.0057707373052835464
12,pre_rope,192,0.005753532517701387
12,pre_rope,193,0.005715950857847929
12,pre_rope,194,0.005706756841391325
12,pre_rope,195,0.00563495047390461
12,pre_rope,196,0.005519240628927946
12,pre_rope,197,0.005470947828143835
12,pre_rope,198,0.005449456628412008
12,pre_rope,199,0.005353794898837805
12,pre_rope,200,0.005268199369311333
12,pre_rope,201,0.0052213105373084545
12,pre_rope,202,0.005148630123585463
12,pre_rope,203,0.005086884833872318
12,pre_rope,204,0.005024871788918972
12,pre_rope,205,0.004994912538677454
12,pre_rope,206,0.004918735008686781
12,pre_rope,207,0.004886010196059942
12,pre_rope,208,0.0048687816597521305
12,pre_rope,209,0.004821570124477148
12,pre_rope,210,0.00480295205488801
12,pre_rope,211,0.004648882895708084
12,pre_rope,212,0.004570497665554285
12,pre_rope,213,0.004502348601818085
12,pre_rope,214,0.004447230137884617
12,pre_rope,215,0.004413703456521034
12,pre_rope,216,0.004356676712632179
12,pre_rope,217,0.004308755975216627
12,pre_rope,218,0.004207664169371128
12,pre_rope,219,0.0041808257810771465
12,pre_rope,220,0.004118822049349546
12,pre_rope,221,0.004080769140273333
12,pre_rope,222,0.004020548425614834
12,pre_rope,223,0.003925770986825228
12,pre_rope,224,0.003919255919754505
12,pre_rope,225,0.0038624184671789408
12,pre_rope,226,0.0037820280995219946
12,pre_rope,227,0.003688529133796692
12,pre_rope,228,0.0036676113959401846
12,pre_rope,229,0.003591393819078803
12,pre_rope,230,0.0035723524633795023
12,pre_rope,231,0.0035341703332960606
12,pre_rope,232,0.0034509007818996906
12,pre_rope,233,0.0034158648923039436
12,pre_rope,234,0.0033419167157262564
12,pre_rope,235,0.003272018162533641
12,pre_rope,236,0.003161391243338585
12,pre_rope,237,0.003101712791249156
12,pre_rope,238,0.0030430671758949757
12,pre_rope,239,0.002945460844784975
12,pre_rope,240,0.002870662836357951
12,pre_rope,241,0.0028462964110076427
12,pre_rope,242,0.0027073004748672247
12,pre_rope,243,0.0026142606511712074
12,pre_rope,244,0.0025146675761789083
12,pre_rope,245,0.002455884823575616
12,pre_rope,246,0.002359564881771803
12,pre_rope,247,0.0023331418633461
12,pre_rope,248,0.0022958042100071907
12,pre_rope,249,0.0021768577862530947
12,pre_rope,250,0.0019597485661506653
12,pre_rope,251,0.0018983087502419949
12,pre_rope,252,0.0016148556023836136
12,pre_rope,253,0.0015729647129774094
12,pre_rope,254,0.001415739068761468
12,pre_rope,255,0.0013190233148634434
12,pre_rope,256,0.0012978814775124192
12,post_rope,1,1.0
12,post_rope,2,0.8812145590782166
12,post_rope,3,0.40700098872184753
12,post_rope,4,0.26707449555397034
12,post_rope,5,0.25162386894226074
12,post_rope,6,0.2444862723350525
12,post_rope,7,0.24344587326049805
12,post_rope,8,0.21102508902549744
12,post_rope,9,0.20417185127735138
12,post_rope,10,0.19973669946193695
12,post_rope,11,0.19577719271183014
12,post_rope,12,0.19345788657665253
12,post_rope,13,0.1836577206850052
12,post_rope,14,0.1710754781961441
12,post_rope,15,0.17064231634140015
12,post_rope,16,0.16869889199733734
12,post_rope,17,0.1672540009021759
12,post_rope,18,0.1632748395204544
12,post_rope,19,0.1615900844335556
12,post_rope,20,0.1606474220752716
12,post_rope,21,0.15764044225215912
12,post_rope,22,0.15670834481716156
12,post_rope,23,0.15529510378837585
12,post_rope,24,0.1542157530784607
12,post_rope,25,0.15323273837566376
12,post_rope,26,0.15276265144348145
12,post_rope,27,0.1508781611919403
12,post_rope,28,0.15006351470947266
12,post_rope,29,0.149149551987648
12,post_rope,30,0.14816729724407196
12,post_rope,31,0.14681647717952728
12,post_rope,32,0.1453724056482315
12,post_rope,33,0.14404667913913727
12,post_rope,34,0.1435064971446991
12,post_rope,35,0.1414831429719925
12,post_rope,36,0.1386338472366333
12,post_rope,37,0.13759322464466095
12,post_rope,38,0.13573570549488068
12,post_rope,39,0.1320064216852188
12,post_rope,40,0.1310795247554779
12,post_rope,41,0.1299140304327011
12,post_rope,42,0.1289704144001007
12,post_rope,43,0.12591445446014404
12,post_rope,44,0.11955512315034866
12,post_rope,45,0.11590403318405151
12,post_rope,46,0.11486067622900009
12,post_rope,47,0.10931915789842606
12,post_rope,48,0.09991522133350372
12,post_rope,49,0.09220553934574127
12,post_rope,50,0.08991222083568573
12,post_rope,51,0.08367098122835159
12,post_rope,52,0.08021426200866699
12,post_rope,53,0.0786004513502121
12,post_rope,54,0.07516909390687943
12,post_rope,55,0.07424186170101166
12,post_rope,56,0.07309988886117935
12,post_rope,57,0.07004550844430923
12,post_rope,58,0.0681057721376419
12,post_rope,59,0.06773402541875839
12,post_rope,60,0.06521938741207123
12,post_rope,61,0.06372535228729248
12,post_rope,62,0.061964161694049835
12,post_rope,63,0.06130405515432358
12,post_rope,64,0.0609261579811573
12,post_rope,65,0.06046469882130623
12,post_rope,66,0.05963513255119324
12,post_rope,67,0.058799177408218384
12,post_rope,68,0.057600315660238266
12,post_rope,69,0.05670032277703285
12,post_rope,70,0.05581730976700783
12,post_rope,71,0.055534183979034424
12,post_rope,72,0.05476484075188637
12,post_rope,73,0.05408119037747383
12,post_rope,74,0.053875114768743515
12,post_rope,75,0.05366208404302597
12,post_rope,76,0.05338260158896446
12,post_rope,77,0.052540842443704605
12,post_rope,78,0.0519893579185009
12,post_rope,79,0.0518016442656517
12,post_rope,80,0.05144752562046051
12,post_rope,81,0.05104633420705795
12,post_rope,82,0.0508195199072361
12,post_rope,83,0.05035961791872978
12,post_rope,84,0.050267044454813004
12,post_rope,85,0.04960646107792854
12,post_rope,86,0.04955999553203583
12,post_rope,87,0.04905888810753822
12,post_rope,88,0.04887162894010544
12,post_rope,89,0.04814175143837929
12,post_rope,90,0.0480143204331398
12,post_rope,91,0.047788847237825394
12,post_rope,92,0.04736650735139847
12,post_rope,93,0.046972088515758514
12,post_rope,94,0.04684880003333092
12,post_rope,95,0.046521302312612534
12,post_rope,96,0.04622809961438179
12,post_rope,97,0.04583684355020523
12,post_rope,98,0.045706238597631454
12,post_rope,99,0.04532962292432785
12,post_rope,100,0.04502120614051819
12,post_rope,101,0.044961169362068176
12,post_rope,102,0.0445244275033474
12,post_rope,103,0.044397640973329544
12,post_rope,104,0.043849360197782516
12,post_rope,105,0.04348010569810867
12,post_rope,106,0.04323175922036171
12,post_rope,107,0.042799532413482666
12,post_rope,108,0.042524829506874084
12,post_rope,109,0.042055726051330566
12,post_rope,110,0.0420382022857666
12,post_rope,111,0.041676849126815796
12,post_rope,112,0.0415702722966671
12,post_rope,113,0.04124399647116661
12,post_rope,114,0.0409853458404541
12,post_rope,115,0.04052557051181793
12,post_rope,116,0.040165457874536514
12,post_rope,117,0.04009111970663071
12,post_rope,118,0.03974979370832443
12,post_rope,119,0.03945779800415039
12,post_rope,120,0.03909701853990555
12,post_rope,121,0.038884516805410385
12,post_rope,122,0.03858223557472229
12,post_rope,123,0.03842723369598389
12,post_rope,124,0.03816590458154678
12,post_rope,125,0.03764573112130165
12,post_rope,126,0.03756343573331833
12,post_rope,127,0.037529148161411285
12,post_rope,128,0.03686341270804405
12,post_rope,129,0.0367380827665329
12,post_rope,130,0.036685775965452194
12,post_rope,131,0.03624315932393074
12,post_rope,132,0.03585425391793251
12,post_rope,133,0.03558953478932381
12,post_rope,134,0.035332076251506805
12,post_rope,135,0.035089366137981415
12,post_rope,136,0.03451802209019661
12,post_rope,137,0.034356649965047836
12,post_rope,138,0.034195080399513245
12,post_rope,139,0.03390907496213913
12,post_rope,140,0.03384729474782944
12,post_rope,141,0.03357992321252823
12,post_rope,142,0.033320870250463486
12,post_rope,143,0.03320644423365593
12,post_rope,144,0.03269543498754501
12,post_rope,145,0.03262915834784508
12,post_rope,146,0.032436929643154144
12,post_rope,147,0.03242047503590584
12,post_rope,148,0.032204508781433105
12,post_rope,149,0.03196626156568527
12,post_rope,150,0.031842928379774094
12,post_rope,151,0.03151250630617142
12,post_rope,152,0.031187376007437706
12,post_rope,153,0.031027821823954582
12,post_rope,154,0.030763890594244003
12,post_rope,155,0.030356960371136665
12,post_rope,156,0.030278077349066734
12,post_rope,157,0.030071984976530075
12,post_rope,158,0.029956331476569176
12,post_rope,159,0.029844313859939575
12,post_rope,160,0.029570383951067924
12,post_rope,161,0.02948264218866825
12,post_rope,162,0.029350146651268005
12,post_rope,163,0.029178783297538757
12,post_rope,164,0.02910980023443699
12,post_rope,165,0.02868412807583809
12,post_rope,166,0.028537128120660782
12,post_rope,167,0.02842838689684868
12,post_rope,168,0.02828083001077175
12,post_rope,169,0.02790103852748871
12,post_rope,170,0.027667978778481483
12,post_rope,171,0.027623357251286507
12,post_rope,172,0.027442798018455505
12,post_rope,173,0.027243753895163536
12,post_rope,174,0.02689235843718052
12,post_rope,175,0.026794089004397392
12,post_rope,176,0.026699401438236237
12,post_rope,177,0.026624415069818497
12,post_rope,178,0.026400230824947357
12,post_rope,179,0.026221800595521927
12,post_rope,180,0.02595447190105915
12,post_rope,181,0.02580639347434044
12,post_rope,182,0.025649478659033775
12,post_rope,183,0.025536365807056427
12,post_rope,184,0.025352338328957558
12,post_rope,185,0.02515833079814911
12,post_rope,186,0.025047287344932556
12,post_rope,187,0.024962184950709343
12,post_rope,188,0.024767298251390457
12,post_rope,189,0.024723965674638748
12,post_rope,190,0.02464994415640831
12,post_rope,191,0.024439960718154907
12,post_rope,192,0.024349460378289223
12,post_rope,193,0.024162864312529564
12,post_rope,194,0.02397824637591839
12,post_rope,195,0.023710349574685097
12,post_rope,196,0.023595621809363365
12,post_rope,197,0.023423416540026665
12,post_rope,198,0.023253045976161957
12,post_rope,199,0.02323138527572155
12,post_rope,200,0.0230917576700449
12,post_rope,201,0.023050766438245773
12,post_rope,202,0.022810330614447594
12,post_rope,203,0.022754542529582977
12,post_rope,204,0.02259051613509655
12,post_rope,205,0.02240581065416336
12,post_rope,206,0.02225942350924015
12,post_rope,207,0.022224653512239456
12,post_rope,208,0.02190144918859005
12,post_rope,209,0.021765973418951035
12,post_rope,210,0.021658560261130333
12,post_rope,211,0.021593749523162842
12,post_rope,212,0.021428221836686134
12,post_rope,213,0.021420689299702644
12,post_rope,214,0.02114211581647396
12,post_rope,215,0.021004950627684593
12,post_rope,216,0.020871566608548164
12,post_rope,217,0.020799320191144943
12,post_rope,218,0.020606940612196922
12,post_rope,219,0.02045704796910286
12,post_rope,220,0.0200748760253191
12,post_rope,221,0.01993093639612198
12,post_rope,222,0.019834689795970917
12,post_rope,223,0.019628401845693588
12,post_rope,224,0.019570358097553253
12,post_rope,225,0.019359217956662178
12,post_rope,226,0.01929948665201664
12,post_rope,227,0.01911577396094799
12,post_rope,228,0.019075626507401466
12,post_rope,229,0.01906050369143486
12,post_rope,230,0.018875310197472572
12,post_rope,231,0.01861651986837387
12,post_rope,232,0.01855875924229622
12,post_rope,233,0.0184943787753582
12,post_rope,234,0.018141603097319603
12,post_rope,235,0.01798183284699917
12,post_rope,236,0.017861830070614815
12,post_rope,237,0.01776152476668358
12,post_rope,238,0.017486432567238808
12,post_rope,239,0.017438383772969246
12,post_rope,240,0.017239615321159363
12,post_rope,241,0.016954492777585983
12,post_rope,242,0.016710884869098663
12,post_rope,243,0.01659449376165867
12,post_rope,244,0.016382575035095215
12,post_rope,245,0.016136104241013527
12,post_rope,246,0.016026539728045464
12,post_rope,247,0.015430707484483719
12,post_rope,248,0.014638767577707767
12,post_rope,249,0.014521901495754719
12,post_rope,250,0.014259248040616512
12,post_rope,251,0.01413049828261137
12,post_rope,252,0.013611656613647938
12,post_rope,253,0.01337006688117981
12,post_rope,254,0.012248952873051167
12,post_rope,255,0.011609770357608795
12,post_rope,256,0.010939368046820164
13,pre_rope,1,1.0
13,pre_rope,2,0.1658782660961151
13,pre_rope,3,0.15721018612384796
13,pre_rope,4,0.140948086977005
13,pre_rope,5,0.11854587495326996
13,pre_rope,6,0.11260412633419037
13,pre_rope,7,0.09526214748620987
13,pre_rope,8,0.0871533453464508
13,pre_rope,9,0.08222218602895737
13,pre_rope,10,0.0798625499010086
13,pre_rope,11,0.07469459623098373
13,pre_rope,12,0.06949678063392639
13,pre_rope,13,0.06723414361476898
13,pre_rope,14,0.06335508078336716
13,pre_rope,15,0.06240059807896614
13,pre_rope,16,0.057038214057683945
13,pre_rope,17,0.05610979348421097
13,pre_rope,18,0.054600365459918976
13,pre_rope,19,0.051013413816690445
13,pre_rope,20,0.048812385648489
13,pre_rope,21,0.04700286686420441
13,pre_rope,22,0.045153312385082245
13,pre_rope,23,0.04391070827841759
13,pre_rope,24,0.04297417029738426
13,pre_rope,25,0.042320266366004944
13,pre_rope,26,0.04091624543070793
13,pre_rope,27,0.040395453572273254
13,pre_rope,28,0.039522115141153336
13,pre_rope,29,0.03872978687286377
13,pre_rope,30,0.037532396614551544
13,pre_rope,31,0.036645710468292236
13,pre_rope,32,0.03547164797782898
13,pre_rope,33,0.03530370071530342
13,pre_rope,34,0.03477686271071434
13,pre_rope,35,0.03372737392783165
13,pre_rope,36,0.032961077988147736
13,pre_rope,37,0.032364871352910995
13,pre_rope,38,0.031861722469329834
13,pre_rope,39,0.03128485754132271
13,pre_rope,40,0.030647801235318184
13,pre_rope,41,0.030278537422418594
13,pre_rope,42,0.030079912394285202
13,pre_rope,43,0.029314102604985237
13,pre_rope,44,0.028459355235099792
13,pre_rope,45,0.02835424803197384
13,pre_rope,46,0.02742299996316433
13,pre_rope,47,0.026854414492845535
13,pre_rope,48,0.026388229802250862
13,pre_rope,49,0.02592959813773632
13,pre_rope,50,0.0257831122726202
13,pre_rope,51,0.025489861145615578
13,pre_rope,52,0.02473490871489048
13,pre_rope,53,0.024436645209789276
13,pre_rope,54,0.02424326166510582
13,pre_rope,55,0.02350853569805622
13,pre_rope,56,0.023327071219682693
13,pre_rope,57,0.02288820594549179
13,pre_rope,58,0.022731969133019447
13,pre_rope,59,0.022597966715693474
13,pre_rope,60,0.02226307801902294
13,pre_rope,61,0.022189946845173836
13,pre_rope,62,0.021595163270831108
13,pre_rope,63,0.021555721759796143
13,pre_rope,64,0.020945051684975624
13,pre_rope,65,0.020883962512016296
13,pre_rope,66,0.020625943318009377
13,pre_rope,67,0.020356740802526474
13,pre_rope,68,0.02001831866800785
13,pre_rope,69,0.01972726546227932
13,pre_rope,70,0.01967034675180912
13,pre_rope,71,0.019510235637426376
13,pre_rope,72,0.01926049217581749
13,pre_rope,73,0.01859680749475956
13,pre_rope,74,0.01833021640777588
13,pre_rope,75,0.018025346100330353
13,pre_rope,76,0.01795910857617855
13,pre_rope,77,0.017848599702119827
13,pre_rope,78,0.01762840710580349
13,pre_rope,79,0.01739632897078991
13,pre_rope,80,0.017217570915818214
13,pre_rope,81,0.017105285078287125
13,pre_rope,82,0.016892477869987488
13,pre_rope,83,0.016682829707860947
13,pre_rope,84,0.01652696542441845
13,pre_rope,85,0.016369177028536797
13,pre_rope,86,0.01598806120455265
13,pre_rope,87,0.015907667577266693
13,pre_rope,88,0.01560464408248663
13,pre_rope,89,0.01547651644796133
13,pre_rope,90,0.015389853157103062
13,pre_rope,91,0.015182854607701302
13,pre_rope,92,0.015107370913028717
13,pre_rope,93,0.01493031531572342
13,pre_rope,94,0.014759679324924946
13,pre_rope,95,0.014521963894367218
13,pre_rope,96,0.014422989450395107
13,pre_rope,97,0.014109654352068901
13,pre_rope,98,0.014085317961871624
13,pre_rope,99,0.013978148810565472
13,pre_rope,100,0.013824280351400375
13,pre_rope,101,0.013794252648949623
13,pre_rope,102,0.013609075918793678
13,pre_rope,103,0.013507680036127567
13,pre_rope,104,0.013339436613023281
13,pre_rope,105,0.01314935926347971
13,pre_rope,106,0.013087530620396137
13,pre_rope,107,0.013018851168453693
13,pre_rope,108,0.01287816371768713
13,pre_rope,109,0.012480581179261208
13,pre_rope,110,0.012413252145051956
13,pre_rope,111,0.012326745316386223
13,pre_rope,112,0.01215302012860775
13,pre_rope,113,0.012101344764232635
13,pre_rope,114,0.011945309117436409
13,pre_rope,115,0.011828162707388401
13,pre_rope,116,0.011709669604897499
13,pre_rope,117,0.011578318662941456
13,pre_rope,118,0.011475147679448128
13,pre_rope,119,0.01143542118370533
13,pre_rope,120,0.011366995051503181
13,pre_rope,121,0.011301981285214424
13,pre_rope,122,0.011141487397253513
13,pre_rope,123,0.01098032295703888
13,pre_rope,124,0.010931474156677723
13,pre_rope,125,0.010770882479846478
13,pre_rope,126,0.010745256207883358
13,pre_rope,127,0.010661751963198185
13,pre_rope,128,0.010525938123464584
13,pre_rope,129,0.01037527248263359
13,pre_rope,130,0.010202188044786453
13,pre_rope,131,0.010153195820748806
13,pre_rope,132,0.010021716356277466
13,pre_rope,133,0.009918428026139736
13,pre_rope,134,0.009783315472304821
13,pre_rope,135,0.00969556625932455
13,pre_rope,136,0.009644770994782448
13,pre_rope,137,0.00957148615270853
13,pre_rope,138,0.009505708701908588
13,pre_rope,139,0.009378149174153805
13,pre_rope,140,0.009201033972203732
13,pre_rope,141,0.009150913916528225
13,pre_rope,142,0.008963840082287788
13,pre_rope,143,0.008955951780080795
13,pre_rope,144,0.008903172798454762
13,pre_rope,145,0.008790137246251106
13,pre_rope,146,0.008664259687066078
13,pre_rope,147,0.008601940236985683
13,pre_rope,148,0.008546333760023117
13,pre_rope,149,0.008470611646771431
13,pre_rope,150,0.008396933786571026
13,pre_rope,151,0.008386348374187946
13,pre_rope,152,0.008302832953631878
13,pre_rope,153,0.008158700540661812
13,pre_rope,154,0.008118722587823868
13,pre_rope,155,0.008044037036597729
13,pre_rope,156,0.007877844385802746
13,pre_rope,157,0.00779678812250495
13,pre_rope,158,0.0076959035359323025
13,pre_rope,159,0.00767527474090457
13,pre_rope,160,0.007494417950510979
13,pre_rope,161,0.007431673351675272
13,pre_rope,162,0.0073750196024775505
13,pre_rope,163,0.007312803994864225
13,pre_rope,164,0.007293719332665205
13,pre_rope,165,0.007143902592360973
13,pre_rope,166,0.007066295016556978
13,pre_rope,167,0.00702657550573349
13,pre_rope,168,0.006947766989469528
13,pre_rope,169,0.00687659764662385
13,pre_rope,170,0.006786595098674297
13,pre_rope,171,0.006756105925887823
13,pre_rope,172,0.006577914580702782
13,pre_rope,173,0.006538462825119495
13,pre_rope,174,0.006390058435499668
13,pre_rope,175,0.006324047222733498
13,pre_rope,176,0.006273708771914244
13,pre_rope,177,0.006238151341676712
13,pre_rope,178,0.006164093501865864
13,pre_rope,179,0.006113297771662474
13,pre_rope,180,0.006047559902071953
13,pre_rope,181,0.005995508283376694
13,pre_rope,182,0.00591525761410594
13,pre_rope,183,0.005835431162267923
13,pre_rope,184,0.005790804512798786
13,pre_rope,185,0.005725569557398558
13,pre_rope,186,0.0056768967770040035
13,pre_rope,187,0.0055478657595813274
13,pre_rope,188,0.0054422346875071526
13,pre_rope,189,0.005331569816917181
13,pre_rope,190,0.005306537728756666
13,pre_rope,191,0.005236386321485043
13,pre_rope,192,0.005232842639088631
13,pre_rope,193,0.00510167982429266
13,pre_rope,194,0.005047774873673916
13,pre_rope,195,0.004985856357961893
13,pre_rope,196,0.004968650173395872
13,pre_rope,197,0.004843642935156822
13,pre_rope,198,0.004827667027711868
13,pre_rope,199,0.004785848315805197
13,pre_rope,200,0.004721835255622864
13,pre_rope,201,0.004635676741600037
13,pre_rope,202,0.0045778509229421616
13,pre_rope,203,0.00448418315500021
13,pre_rope,204,0.004452682565897703
13,pre_rope,205,0.004358555655926466
13,pre_rope,206,0.004353746771812439
13,pre_rope,207,0.004275672137737274
13,pre_rope,208,0.004206696059554815
13,pre_rope,209,0.004059413447976112
13,pre_rope,210,0.00400089006870985
13,pre_rope,211,0.003946998622268438
13,pre_rope,212,0.00390242668800056
13,pre_rope,213,0.0038781308103352785
13,pre_rope,214,0.003841888392344117
13,pre_rope,215,0.0038110115565359592
13,pre_rope,216,0.0036826913710683584
13,pre_rope,217,0.003655567765235901
13,pre_rope,218,0.0036207272205501795
13,pre_rope,219,0.003548520617187023
13,pre_rope,220,0.0034744776785373688
13,pre_rope,221,0.0033889056649059057
13,pre_rope,222,0.003357876557856798
13,pre_rope,223,0.003298079362139106
13,pre_rope,224,0.003224281594157219
13,pre_rope,225,0.0031946965027600527
13,pre_rope,226,0.003132022451609373
13,pre_rope,227,0.003102861111983657
13,pre_rope,228,0.003057807218283415
13,pre_rope,229,0.003001817502081394
13,pre_rope,230,0.002976793795824051
13,pre_rope,231,0.0028260862454771996
13,pre_rope,232,0.002783101052045822
13,pre_rope,233,0.002726562088355422
13,pre_rope,234,0.0026465975679457188
13,pre_rope,235,0.0025548289995640516
13,pre_rope,236,0.0025434084236621857
13,pre_rope,237,0.0024843912106007338
13,pre_rope,238,0.0024553921539336443
13,pre_rope,239,0.0023491065949201584
13,pre_rope,240,0.002267639385536313
13,pre_rope,241,0.0022537929471582174
13,pre_rope,242,0.002221300732344389
13,pre_rope,243,0.002122181002050638
13,pre_rope,244,0.0020730693358927965
13,pre_rope,245,0.001895106746815145
13,pre_rope,246,0.0018313609762117267
13,pre_rope,247,0.0018250166904181242
13,pre_rope,248,0.001712885103188455
13,pre_rope,249,0.0016355341067537665
13,pre_rope,250,0.0016031740233302116
13,pre_rope,251,0.001408774289302528
13,pre_rope,252,0.0013515428872779012
13,pre_rope,253,0.0012424186570569873
13,pre_rope,254,0.0012225006939843297
13,pre_rope,255,0.0011274879798293114
13,pre_rope,256,0.000826072006020695
13,post_rope,1,1.0
13,post_rope,2,0.911917507648468
13,post_rope,3,0.6502857208251953
13,post_rope,4,0.4167051315307617
13,post_rope,5,0.40215104818344116
13,post_rope,6,0.24473537504673004
13,post_rope,7,0.2387467920780182
13,post_rope,8,0.23011377453804016
13,post_rope,9,0.22771742939949036
13,post_rope,10,0.21674954891204834
13,post_rope,11,0.21175704896450043
13,post_rope,12,0.20867663621902466
13,post_rope,13,0.2070254385471344
13,post_rope,14,0.1999487727880478
13,post_rope,15,0.19464439153671265
13,post_rope,16,0.18918289244174957
13,post_rope,17,0.18761415779590607
13,post_rope,18,0.18498088419437408
13,post_rope,19,0.1829622983932495
13,post_rope,20,0.18137094378471375
13,post_rope,21,0.17692825198173523
13,post_rope,22,0.17499753832817078
13,post_rope,23,0.17272529006004333
13,post_rope,24,0.17069728672504425
13,post_rope,25,0.16636382043361664
13,post_rope,26,0.16267593204975128
13,post_rope,27,0.16159363090991974
13,post_rope,28,0.16023734211921692
13,post_rope,29,0.1547870934009552
13,post_rope,30,0.15399126708507538
13,post_rope,31,0.15229418873786926
13,post_rope,32,0.15034927427768707
13,post_rope,33,0.1493520587682724
13,post_rope,34,0.14867527782917023
13,post_rope,35,0.14613093435764313
13,post_rope,36,0.1458173394203186
13,post_rope,37,0.14428958296775818
13,post_rope,38,0.1433761566877365
13,post_rope,39,0.14231984317302704
13,post_rope,40,0.14176005125045776
13,post_rope,41,0.13743442296981812
13,post_rope,42,0.13689181208610535
13,post_rope,43,0.13379217684268951
13,post_rope,44,0.13282950222492218
13,post_rope,45,0.1306428164243698
13,post_rope,46,0.12855865061283112
13,post_rope,47,0.12337156385183334
13,post_rope,48,0.12266423553228378
13,post_rope,49,0.1183987408876419
13,post_rope,50,0.11602554470300674
13,post_rope,51,0.10784270614385605
13,post_rope,52,0.10310494899749756
13,post_rope,53,0.09578698873519897
13,post_rope,54,0.09284158796072006
13,post_rope,55,0.09027854353189468
13,post_rope,56,0.08808176219463348
13,post_rope,57,0.08442125469446182
13,post_rope,58,0.08252421021461487
13,post_rope,59,0.08130723237991333
13,post_rope,60,0.07810793817043304
13,post_rope,61,0.07689768075942993
13,post_rope,62,0.07542645186185837
13,post_rope,63,0.07244980335235596
13,post_rope,64,0.07138064503669739
13,post_rope,65,0.07066955417394638
13,post_rope,66,0.06916391849517822
13,post_rope,67,0.06578674912452698
13,post_rope,68,0.06559368222951889
13,post_rope,69,0.0645725280046463
13,post_rope,70,0.06441017985343933
13,post_rope,71,0.0635940283536911
13,post_rope,72,0.06255140900611877
13,post_rope,73,0.0619966946542263
13,post_rope,74,0.06106269359588623
13,post_rope,75,0.06075827032327652
13,post_rope,76,0.06020220369100571
13,post_rope,77,0.05999321490526199
13,post_rope,78,0.059614479541778564
13,post_rope,79,0.05904323235154152
13,post_rope,80,0.05818091332912445
13,post_rope,81,0.057718779891729355
13,post_rope,82,0.0572659894824028
13,post_rope,83,0.05681759491562843
13,post_rope,84,0.056122444570064545
13,post_rope,85,0.05595611780881882
13,post_rope,86,0.055455196648836136
13,post_rope,87,0.055276427417993546
13,post_rope,88,0.054466839879751205
13,post_rope,89,0.05394359305500984
13,post_rope,90,0.05352579429745674
13,post_rope,91,0.05329066514968872
13,post_rope,92,0.05277380719780922
13,post_rope,93,0.052587177604436874
13,post_rope,94,0.0522676445543766
13,post_rope,95,0.05203114449977875
13,post_rope,96,0.05159313231706619
13,post_rope,97,0.05131213366985321
13,post_rope,98,0.05110036954283714
13,post_rope,99,0.05049188807606697
13,post_rope,100,0.05002838745713234
13,post_rope,101,0.04956677928566933
13,post_rope,102,0.04929863661527634
13,post_rope,103,0.04872798174619675
13,post_rope,104,0.04846586659550667
13,post_rope,105,0.04840540885925293
13,post_rope,106,0.047940488904714584
13,post_rope,107,0.047711800783872604
13,post_rope,108,0.04747147113084793
13,post_rope,109,0.04718826338648796
13,post_rope,110,0.04695183411240578
13,post_rope,111,0.04660065099596977
13,post_rope,112,0.04639016091823578
13,post_rope,113,0.045722730457782745
13,post_rope,114,0.04552346467971802
13,post_rope,115,0.04511978477239609
13,post_rope,116,0.04511721804738045
13,post_rope,117,0.044609952718019485
13,post_rope,118,0.04436657205224037
13,post_rope,119,0.0439542680978775
13,post_rope,120,0.04380466043949127
13,post_rope,121,0.04364513233304024
13,post_rope,122,0.04316762462258339
13,post_rope,123,0.0428239069879055
13,post_rope,124,0.04241950809955597
13,post_rope,125,0.04232916980981827
13,post_rope,126,0.04203382879495621
13,post_rope,127,0.04200439527630806
13,post_rope,128,0.04167485609650612
13,post_rope,129,0.041452132165431976
13,post_rope,130,0.041127629578113556
13,post_rope,131,0.040975604206323624
13,post_rope,132,0.04067850112915039
13,post_rope,133,0.040367837995290756
13,post_rope,134,0.04010739177465439
13,post_rope,135,0.03977220132946968
13,post_rope,136,0.03971656411886215
13,post_rope,137,0.03960805758833885
13,post_rope,138,0.03934010863304138
13,post_rope,139,0.039222318679094315
13,post_rope,140,0.038818616420030594
13,post_rope,141,0.03867754712700844
13,post_rope,142,0.03855971619486809
13,post_rope,143,0.038500670343637466
13,post_rope,144,0.038241054862737656
13,post_rope,145,0.038057610392570496
13,post_rope,146,0.03780263289809227
13,post_rope,147,0.037670012563467026
13,post_rope,148,0.03741657733917236
13,post_rope,149,0.03730122372508049
13,post_rope,150,0.037064965814352036
13,post_rope,151,0.0365464985370636
13,post_rope,152,0.03630802035331726
13,post_rope,153,0.036164455115795135
13,post_rope,154,0.03612764552235603
13,post_rope,155,0.036001525819301605
13,post_rope,156,0.03563583642244339
13,post_rope,157,0.03540898114442825
13,post_rope,158,0.035180673003196716
13,post_rope,159,0.03508066013455391
13,post_rope,160,0.03494668006896973
13,post_rope,161,0.034749750047922134
13,post_rope,162,0.0346275269985199
13,post_rope,163,0.03423447534441948
13,post_rope,164,0.03407945856451988
13,post_rope,165,0.03392403945326805
13,post_rope,166,0.03359334543347359
13,post_rope,167,0.03333088383078575
13,post_rope,168,0.03320810943841934
13,post_rope,169,0.0331888422369957
13,post_rope,170,0.032936397939920425
13,post_rope,171,0.03282664716243744
13,post_rope,172,0.032545942813158035
13,post_rope,173,0.0324297696352005
13,post_rope,174,0.032179128378629684
13,post_rope,175,0.03166063874959946
13,post_rope,176,0.03151094913482666
13,post_rope,177,0.03126031160354614
13,post_rope,178,0.03123413398861885
13,post_rope,179,0.031092852354049683
13,post_rope,180,0.030884772539138794
13,post_rope,181,0.03067527711391449
13,post_rope,182,0.03061981126666069
13,post_rope,183,0.030304549261927605
13,post_rope,184,0.02996421419084072
13,post_rope,185,0.029878273606300354
13,post_rope,186,0.029803654178977013
13,post_rope,187,0.029454929754137993
13,post_rope,188,0.029365401715040207
13,post_rope,189,0.02930721454322338
13,post_rope,190,0.028944771736860275
13,post_rope,191,0.028599711135029793
13,post_rope,192,0.028448021039366722
13,post_rope,193,0.02835027128458023
13,post_rope,194,0.028070367872714996
13,post_rope,195,0.028014719486236572
13,post_rope,196,0.02789449319243431
13,post_rope,197,0.027514902874827385
13,post_rope,198,0.02739882469177246
13,post_rope,199,0.02722211740911007
13,post_rope,200,0.02696782723069191
13,post_rope,201,0.02673080749809742
13,post_rope,202,0.026607321575284004
13,post_rope,203,0.026499303057789803
13,post_rope,204,0.025999916717410088
13,post_rope,205,0.025883834809064865
13,post_rope,206,0.025700010359287262
13,post_rope,207,0.02560362219810486
13,post_rope,208,0.025540444999933243
13,post_rope,209,0.025204932317137718
13,post_rope,210,0.024838870391249657
13,post_rope,211,0.02471895143389702
13,post_rope,212,0.024691348895430565
13,post_rope,213,0.02441365271806717
13,post_rope,214,0.02406226098537445
13,post_rope,215,0.023814383894205093
13,post_rope,216,0.023694882169365883
13,post_rope,217,0.023411031812429428
13,post_rope,218,0.0232553668320179
13,post_rope,219,0.023058833554387093
13,post_rope,220,0.022937217727303505
13,post_rope,221,0.022706571966409683
13,post_rope,222,0.02231774479150772
13,post_rope,223,0.0221236664801836
13,post_rope,224,0.02201956883072853
13,post_rope,225,0.02158127725124359
13,post_rope,226,0.02151973731815815
13,post_rope,227,0.02121563069522381
13,post_rope,228,0.02094941958785057
13,post_rope,229,0.02041437290608883
13,post_rope,230,0.02015572041273117
13,post_rope,231,0.020131971687078476
13,post_rope,232,0.019943874329328537
13,post_rope,233,0.01981203816831112
13,post_rope,234,0.019704239442944527
13,post_rope,235,0.019609080627560616
13,post_rope,236,0.019455987960100174
13,post_rope,237,0.019270408898591995
13,post_rope,238,0.01913013495504856
13,post_rope,239,0.018624071031808853
13,post_rope,240,0.018604395911097527
13,post_rope,241,0.018375741317868233
13,post_rope,242,0.018280930817127228
13,post_rope,243,0.01773865707218647
13,post_rope,244,0.017554355785250664
13,post_rope,245,0.016980241984128952
13,post_rope,246,0.016867689788341522
13,post_rope,247,0.016566425561904907
13,post_rope,248,0.016351372003555298
13,post_rope,249,0.015648117288947105
13,post_rope,250,0.015405411832034588
13,post_rope,251,0.01519438624382019
13,post_rope,252,0.014926359988749027
13,post_rope,253,0.014616269618272781
13,post_rope,254,0.014160496182739735
13,post_rope,255,0.013843826949596405
13,post_rope,256,0.013116932474076748
14,pre_rope,1,1.0
14,pre_rope,2,0.18879199028015137
14,pre_rope,3,0.16788595914840698
14,pre_rope,4,0.14813941717147827
14,pre_rope,5,0.13257639110088348
14,pre_rope,6,0.12267549335956573
14,pre_rope,7,0.1170320138335228
14,pre_rope,8,0.11014365404844284
14,pre_rope,9,0.1069212555885315
14,pre_rope,10,0.08888005465269089
14,pre_rope,11,0.08818875998258591
14,pre_rope,12,0.0792330726981163
14,pre_rope,13,0.07844819873571396
14,pre_rope,14,0.07521996647119522
14,pre_rope,15,0.07395350188016891
14,pre_rope,16,0.07157368957996368
14,pre_rope,17,0.07008235156536102
14,pre_rope,18,0.06901879608631134
14,pre_rope,19,0.06354270130395889
14,pre_rope,20,0.06027434021234512
14,pre_rope,21,0.058433644473552704
14,pre_rope,22,0.056436654180288315
14,pre_rope,23,0.05460997298359871
14,pre_rope,24,0.053385406732559204
14,pre_rope,25,0.0519842691719532
14,pre_rope,26,0.051299188286066055
14,pre_rope,27,0.05003625527024269
14,pre_rope,28,0.04882768169045448
14,pre_rope,29,0.04743483290076256
14,pre_rope,30,0.044885337352752686
14,pre_rope,31,0.04397923871874809
14,pre_rope,32,0.04200643301010132
14,pre_rope,33,0.04153035581111908
14,pre_rope,34,0.04016769304871559
14,pre_rope,35,0.03990429639816284
14,pre_rope,36,0.038613803684711456
14,pre_rope,37,0.03740059584379196
14,pre_rope,38,0.03667750209569931
14,pre_rope,39,0.03636777773499489
14,pre_rope,40,0.03452316299080849
14,pre_rope,41,0.03382566571235657
14,pre_rope,42,0.03334043547511101
14,pre_rope,43,0.032552845776081085
14,pre_rope,44,0.03166818991303444
14,pre_rope,45,0.030965706333518028
14,pre_rope,46,0.030657513067126274
14,pre_rope,47,0.03016638569533825
14,pre_rope,48,0.029694637283682823
14,pre_rope,49,0.02931479923427105
14,pre_rope,50,0.02898569218814373
14,pre_rope,51,0.028449084609746933
14,pre_rope,52,0.028228063136339188
14,pre_rope,53,0.027477117255330086
14,pre_rope,54,0.027157243341207504
14,pre_rope,55,0.026855790987610817
14,pre_rope,56,0.026387671008706093
14,pre_rope,57,0.026142660528421402
14,pre_rope,58,0.02519998699426651
14,pre_rope,59,0.02510470524430275
14,pre_rope,60,0.02486473321914673
14,pre_rope,61,0.024587826803326607
14,pre_rope,62,0.023847319185733795
14,pre_rope,63,0.023480195552110672
14,pre_rope,64,0.023265277966856956
14,pre_rope,65,0.023211181163787842
14,pre_rope,66,0.02242332138121128
14,pre_rope,67,0.02232823334634304
14,pre_rope,68,0.021609190851449966
14,pre_rope,69,0.021328644827008247
14,pre_rope,70,0.02129695937037468
14,pre_rope,71,0.02123282477259636
14,pre_rope,72,0.02077624574303627
14,pre_rope,73,0.020474351942539215
14,pre_rope,74,0.02025219053030014
14,pre_rope,75,0.019885577261447906
14,pre_rope,76,0.019656885415315628
14,pre_rope,77,0.019482498988509178
14,pre_rope,78,0.019053388386964798
14,pre_rope,79,0.01885092630982399
14,pre_rope,80,0.018723348155617714
14,pre_rope,81,0.01845076121389866
14,pre_rope,82,0.018076416105031967
14,pre_rope,83,0.017521530389785767
14,pre_rope,84,0.017486535012722015
14,pre_rope,85,0.017411671578884125
14,pre_rope,86,0.017147475853562355
14,pre_rope,87,0.01671617105603218
14,pre_rope,88,0.016566840931773186
14,pre_rope,89,0.016410421580076218
14,pre_rope,90,0.01604052074253559
14,pre_rope,91,0.015894867479801178
14,pre_rope,92,0.015678770840168
14,pre_rope,93,0.015424720011651516
14,pre_rope,94,0.015355468727648258
14,pre_rope,95,0.015158337540924549
14,pre_rope,96,0.014934110455214977
14,pre_rope,97,0.014655528590083122
14,pre_rope,98,0.014381303451955318
14,pre_rope,99,0.014279612340033054
14,pre_rope,100,0.01408895943313837
14,pre_rope,101,0.013907097280025482
14,pre_rope,102,0.01387050375342369
14,pre_rope,103,0.013721141032874584
14,pre_rope,104,0.01350898202508688
14,pre_rope,105,0.013373556546866894
14,pre_rope,106,0.013343294151127338
14,pre_rope,107,0.013240662403404713
14,pre_rope,108,0.013071764260530472
14,pre_rope,109,0.012939393520355225
14,pre_rope,110,0.012811396270990372
14,pre_rope,111,0.0126654002815485
14,pre_rope,112,0.01257959846407175
14,pre_rope,113,0.012435328215360641
14,pre_rope,114,0.01228991150856018
14,pre_rope,115,0.01204306073486805
14,pre_rope,116,0.011979121714830399
14,pre_rope,117,0.011837972328066826
14,pre_rope,118,0.011744534596800804
14,pre_rope,119,0.011584790423512459
14,pre_rope,120,0.011490710079669952
14,pre_rope,121,0.011424965225160122
14,pre_rope,122,0.011274127289652824
14,pre_rope,123,0.011247827671468258
14,pre_rope,124,0.011157593689858913
14,pre_rope,125,0.011057600378990173
14,pre_rope,126,0.010787381790578365
14,pre_rope,127,0.010612831450998783
14,pre_rope,128,0.010475240647792816
14,pre_rope,129,0.0104437954723835
14,pre_rope,130,0.010362234897911549
14,pre_rope,131,0.010327848605811596
14,pre_rope,132,0.010260469280183315
14,pre_rope,133,0.010040363296866417
14,pre_rope,134,0.009971080347895622
14,pre_rope,135,0.009786306880414486
14,pre_rope,136,0.00970290694385767
14,pre_rope,137,0.00954967737197876
14,pre_rope,138,0.00946788303554058
14,pre_rope,139,0.009435041807591915
14,pre_rope,140,0.00925446581095457
14,pre_rope,141,0.009120817296206951
14,pre_rope,142,0.009092175401747227
14,pre_rope,143,0.009036031551659107
14,pre_rope,144,0.009002926759421825
14,pre_rope,145,0.008868000470101833
14,pre_rope,146,0.008731047622859478
14,pre_rope,147,0.008635314181447029
14,pre_rope,148,0.00858465489000082
14,pre_rope,149,0.008544901385903358
14,pre_rope,150,0.00839335098862648
14,pre_rope,151,0.008335740305483341
14,pre_rope,152,0.008213179185986519
14,pre_rope,153,0.008130108006298542
14,pre_rope,154,0.008090220391750336
14,pre_rope,155,0.007999032735824585
14,pre_rope,156,0.00792613159865141
14,pre_rope,157,0.007768729235976934
14,pre_rope,158,0.007706120144575834
14,pre_rope,159,0.007662440650165081
14,pre_rope,160,0.007572087459266186
14,pre_rope,161,0.007466805633157492
14,pre_rope,162,0.0074016498401761055
14,pre_rope,163,0.007375177461653948
14,pre_rope,164,0.007295300252735615
14,pre_rope,165,0.007092083804309368
14,pre_rope,166,0.007056974805891514
14,pre_rope,167,0.00696127163246274
14,pre_rope,168,0.006924422457814217
14,pre_rope,169,0.0069036479108035564
14,pre_rope,170,0.006728144362568855
14,pre_rope,171,0.006635911762714386
14,pre_rope,172,0.00658726179972291
14,pre_rope,173,0.006560778245329857
14,pre_rope,174,0.006483395583927631
14,pre_rope,175,0.006425641477108002
14,pre_rope,176,0.006332846824079752
14,pre_rope,177,0.006268457509577274
14,pre_rope,178,0.006210274063050747
14,pre_rope,179,0.006149096414446831
14,pre_rope,180,0.00602452177554369
14,pre_rope,181,0.0060139126144349575
14,pre_rope,182,0.005918228067457676
14,pre_rope,183,0.005886754021048546
14,pre_rope,184,0.005827226676046848
14,pre_rope,185,0.005774923134595156
14,pre_rope,186,0.005741724744439125
14,pre_rope,187,0.005603309255093336
14,pre_rope,188,0.0055636330507695675
14,pre_rope,189,0.0055545917712152
14,pre_rope,190,0.00546374823898077
14,pre_rope,191,0.005414699669927359
14,pre_rope,192,0.005363167263567448
14,pre_rope,193,0.005298974458128214
14,pre_rope,194,0.005256071221083403
14,pre_rope,195,0.005162333603948355
14,pre_rope,196,0.005061452277004719
14,pre_rope,197,0.005013228859752417
14,pre_rope,198,0.004957012832164764
14,pre_rope,199,0.0049236915074288845
14,pre_rope,200,0.004885808099061251
14,pre_rope,201,0.004837827291339636
14,pre_rope,202,0.004739401396363974
14,pre_rope,203,0.004666196648031473
14,pre_rope,204,0.004615532234311104
14,pre_rope,205,0.004583314526826143
14,pre_rope,206,0.0045037949457764626
14,pre_rope,207,0.004463781602680683
14,pre_rope,208,0.0044427597895264626
14,pre_rope,209,0.004356668796390295
14,pre_rope,210,0.004294413607567549
14,pre_rope,211,0.0042679947800934315
14,pre_rope,212,0.004228362813591957
14,pre_rope,213,0.004192220512777567
14,pre_rope,214,0.004075722303241491
14,pre_rope,215,0.004039356950670481
14,pre_rope,216,0.0040036351419985294
14,pre_rope,217,0.003930283710360527
14,pre_rope,218,0.003916040062904358
14,pre_rope,219,0.003883382771164179
14,pre_rope,220,0.003792374162003398
14,pre_rope,221,0.003731021424755454
14,pre_rope,222,0.0036637100856751204
14,pre_rope,223,0.003618312766775489
14,pre_rope,224,0.0035417431499809027
14,pre_rope,225,0.0035213164519518614
14,pre_rope,226,0.0034758313558995724
14,pre_rope,227,0.0034037004224956036
14,pre_rope,228,0.00337734492495656
14,pre_rope,229,0.0033483037259429693
14,pre_rope,230,0.0032359110191464424
14,pre_rope,231,0.003213443560525775
14,pre_rope,232,0.0031572768930345774
14,pre_rope,233,0.003109194338321686
14,pre_rope,234,0.0030810609459877014
14,pre_rope,235,0.0030250782147049904
14,pre_rope,236,0.002935177180916071
14,pre_rope,237,0.0028757795225828886
14,pre_rope,238,0.0028197732754051685
14,pre_rope,239,0.0027852924540638924
14,pre_rope,240,0.002721663797274232
14,pre_rope,241,0.002658124314621091
14,pre_rope,242,0.0026055648922920227
14,pre_rope,243,0.00258827768266201
14,pre_rope,244,0.002529116114601493
14,pre_rope,245,0.0024861046113073826
14,pre_rope,246,0.0023802968207746744
14,pre_rope,247,0.0023365369997918606
14,pre_rope,248,0.0022890453692525625
14,pre_rope,249,0.0022728070616722107
14,pre_rope,250,0.0021737359929829836
14,pre_rope,251,0.0021153963170945644
14,pre_rope,252,0.002104944782331586
14,pre_rope,253,0.0018573057604953647
14,pre_rope,254,0.001748285605572164
14,pre_rope,255,0.0017296929145231843
14,pre_rope,256,0.0015499969013035297
14,post_rope,1,1.0
14,post_rope,2,0.7868629097938538
14,post_rope,3,0.7055628299713135
14,post_rope,4,0.41844943165779114
14,post_rope,5,0.3693874478340149
14,post_rope,6,0.3565926253795624
14,post_rope,7,0.337756872177124
14,post_rope,8,0.32052239775657654
14,post_rope,9,0.30274698138237
14,post_rope,10,0.2843034267425537
14,post_rope,11,0.27551427483558655
14,post_rope,12,0.26785022020339966
14,post_rope,13,0.25493326783180237
14,post_rope,14,0.2511788010597229
14,post_rope,15,0.2477729320526123
14,post_rope,16,0.24605530500411987
14,post_rope,17,0.2356448620557785
14,post_rope,18,0.22319519519805908
14,post_rope,19,0.21967190504074097
14,post_rope,20,0.21840845048427582
14,post_rope,21,0.21534554660320282
14,post_rope,22,0.2074163258075714
14,post_rope,23,0.20222905278205872
14,post_rope,24,0.19382430613040924
14,post_rope,25,0.18330493569374084
14,post_rope,26,0.1776474565267563
14,post_rope,27,0.1729445606470108
14,post_rope,28,0.17041534185409546
14,post_rope,29,0.1637021005153656
14,post_rope,30,0.16006968915462494
14,post_rope,31,0.15870055556297302
14,post_rope,32,0.1530030518770218
14,post_rope,33,0.14919227361679077
14,post_rope,34,0.14775478839874268
14,post_rope,35,0.1430087387561798
14,post_rope,36,0.13965974748134613
14,post_rope,37,0.13817958533763885
14,post_rope,38,0.13751833140850067
14,post_rope,39,0.13637836277484894
14,post_rope,40,0.13491025567054749
14,post_rope,41,0.1324547827243805
14,post_rope,42,0.13093969225883484
14,post_rope,43,0.12906292080879211
14,post_rope,44,0.12838971614837646
14,post_rope,45,0.12537479400634766
14,post_rope,46,0.12302426248788834
14,post_rope,47,0.12034881114959717
14,post_rope,48,0.11971728503704071
14,post_rope,49,0.11821362376213074
14,post_rope,50,0.11622227728366852
14,post_rope,51,0.11183711886405945
14,post_rope,52,0.109836146235466
14,post_rope,53,0.10781554877758026
14,post_rope,54,0.10315697640180588
14,post_rope,55,0.10087520629167557
14,post_rope,56,0.09986886382102966
14,post_rope,57,0.09693732857704163
14,post_rope,58,0.09206100553274155
14,post_rope,59,0.09164870530366898
14,post_rope,60,0.09104642271995544
14,post_rope,61,0.08913758397102356
14,post_rope,62,0.08807296305894852
14,post_rope,63,0.08729314059019089
14,post_rope,64,0.08668182790279388
14,post_rope,65,0.08487676829099655
14,post_rope,66,0.08431202173233032
14,post_rope,67,0.08160700649023056
14,post_rope,68,0.07983962446451187
14,post_rope,69,0.07912326604127884
14,post_rope,70,0.07727276533842087
14,post_rope,71,0.07476604729890823
14,post_rope,72,0.07371097803115845
14,post_rope,73,0.07263199985027313
14,post_rope,74,0.0705929696559906
14,post_rope,75,0.07011403143405914
14,post_rope,76,0.06860735267400742
14,post_rope,77,0.0678505077958107
14,post_rope,78,0.0672035813331604
14,post_rope,79,0.06477095931768417
14,post_rope,80,0.06399080157279968
14,post_rope,81,0.06269194930791855
14,post_rope,82,0.06193404272198677
14,post_rope,83,0.061770305037498474
14,post_rope,84,0.0607917457818985
14,post_rope,85,0.060318704694509506
14,post_rope,86,0.059996411204338074
14,post_rope,87,0.05916164070367813
14,post_rope,88,0.0585593655705452
14,post_rope,89,0.05814368650317192
14,post_rope,90,0.05743700638413429
14,post_rope,91,0.056874629110097885
14,post_rope,92,0.05633917823433876
14,post_rope,93,0.055496931076049805
14,post_rope,94,0.05523998662829399
14,post_rope,95,0.05476623401045799
14,post_rope,96,0.054518409073352814
14,post_rope,97,0.05397099629044533
14,post_rope,98,0.053534556180238724
14,post_rope,99,0.053496602922677994
14,post_rope,100,0.05320915952324867
14,post_rope,101,0.05317957326769829
14,post_rope,102,0.052148155868053436
14,post_rope,103,0.05187210440635681
14,post_rope,104,0.051094528287649155
14,post_rope,105,0.05091708153486252
14,post_rope,106,0.050431251525878906
14,post_rope,107,0.04976371303200722
14,post_rope,108,0.04939808323979378
14,post_rope,109,0.049118660390377045
14,post_rope,110,0.04882274940609932
14,post_rope,111,0.048558883368968964
14,post_rope,112,0.04816802963614464
14,post_rope,113,0.047657791525125504
14,post_rope,114,0.04739541932940483
14,post_rope,115,0.0470307394862175
14,post_rope,116,0.046748243272304535
14,post_rope,117,0.0463092140853405
14,post_rope,118,0.04603937268257141
14,post_rope,119,0.045885875821113586
14,post_rope,120,0.04564007744193077
14,post_rope,121,0.04512258246541023
14,post_rope,122,0.044995035976171494
14,post_rope,123,0.04465421661734581
14,post_rope,124,0.04444859176874161
14,post_rope,125,0.044042088091373444
14,post_rope,126,0.04392125457525253
14,post_rope,127,0.04373069107532501
14,post_rope,128,0.04330619052052498
14,post_rope,129,0.04295295476913452
14,post_rope,130,0.042676325887441635
14,post_rope,131,0.04244546592235565
14,post_rope,132,0.042130280286073685
14,post_rope,133,0.041946906596422195
14,post_rope,134,0.04159686341881752
14,post_rope,135,0.041362978518009186
14,post_rope,136,0.041124243289232254
14,post_rope,137,0.04095613211393356
14,post_rope,138,0.04043949395418167
14,post_rope,139,0.04014887288212776
14,post_rope,140,0.03992678225040436
14,post_rope,141,0.039734773337841034
14,post_rope,142,0.03948402404785156
14,post_rope,143,0.03940471634268761
14,post_rope,144,0.03927561268210411
14,post_rope,145,0.03907664120197296
14,post_rope,146,0.03850746154785156
14,post_rope,147,0.038123391568660736
14,post_rope,148,0.03784823790192604
14,post_rope,149,0.037750642746686935
14,post_rope,150,0.0375494621694088
14,post_rope,151,0.03748544678092003
14,post_rope,152,0.03738461807370186
14,post_rope,153,0.037320539355278015
14,post_rope,154,0.0369873121380806
14,post_rope,155,0.03663047403097153
14,post_rope,156,0.03647591918706894
14,post_rope,157,0.036281973123550415
14,post_rope,158,0.03593958169221878
14,post_rope,159,0.03569728508591652
14,post_rope,160,0.035666994750499725
14,post_rope,161,0.035212382674217224
14,post_rope,162,0.034976232796907425
14,post_rope,163,0.03462305665016174
14,post_rope,164,0.03460664674639702
14,post_rope,165,0.034339968115091324
14,post_rope,166,0.034259211272001266
14,post_rope,167,0.03407621756196022
14,post_rope,168,0.0339788943529129
14,post_rope,169,0.033723898231983185
14,post_rope,170,0.033426374197006226
14,post_rope,171,0.0331641249358654
14,post_rope,172,0.032932814210653305
14,post_rope,173,0.03287731483578682
14,post_rope,174,0.03266936168074608
14,post_rope,175,0.032599031925201416
14,post_rope,176,0.03235018625855446
14,post_rope,177,0.032232094556093216
14,post_rope,178,0.03192218765616417
14,post_rope,179,0.03168868646025658
14,post_rope,180,0.03143623098731041
14,post_rope,181,0.031337838619947433
14,post_rope,182,0.031212737783789635
14,post_rope,183,0.031065834686160088
14,post_rope,184,0.030830780044198036
14,post_rope,185,0.03069247119128704
14,post_rope,186,0.030425401404500008
14,post_rope,187,0.030347052961587906
14,post_rope,188,0.030005767941474915
14,post_rope,189,0.029901789501309395
14,post_rope,190,0.029649216681718826
14,post_rope,191,0.029579823836684227
14,post_rope,192,0.02920500375330448
14,post_rope,193,0.029091807082295418
14,post_rope,194,0.02888067439198494
14,post_rope,195,0.02867860347032547
14,post_rope,196,0.02862321026623249
14,post_rope,197,0.02819843962788582
14,post_rope,198,0.028030116111040115
14,post_rope,199,0.027883255854249
14,post_rope,200,0.027658507227897644
14,post_rope,201,0.027537403628230095
14,post_rope,202,0.027325162664055824
14,post_rope,203,0.027174290269613266
14,post_rope,204,0.027115600183606148
14,post_rope,205,0.026894038543105125
14,post_rope,206,0.02658570557832718
14,post_rope,207,0.026323877274990082
14,post_rope,208,0.026086710393428802
14,post_rope,209,0.02582027204334736
14,post_rope,210,0.025572519749403
14,post_rope,211,0.02543945424258709
14,post_rope,212,0.02513091079890728
14,post_rope,213,0.025004541501402855
14,post_rope,214,0.024762002751231194
14,post_rope,215,0.024734191596508026
14,post_rope,216,0.024637658149003983
14,post_rope,217,0.02451958879828453
14,post_rope,218,0.02448837086558342
14,post_rope,219,0.024096854031085968
14,post_rope,220,0.023916542530059814
14,post_rope,221,0.023727290332317352
14,post_rope,222,0.023518025875091553
14,post_rope,223,0.02336238883435726
14,post_rope,224,0.022992588579654694
14,post_rope,225,0.022977393120527267
14,post_rope,226,0.022890541702508926
14,post_rope,227,0.022689297795295715
14,post_rope,228,0.02242645062506199
14,post_rope,229,0.022313186898827553
14,post_rope,230,0.02229549176990986
14,post_rope,231,0.022127052769064903
14,post_rope,232,0.021962786093354225
14,post_rope,233,0.021796610206365585
14,post_rope,234,0.02166895382106304
14,post_rope,235,0.021337812766432762
14,post_rope,236,0.02113443613052368
14,post_rope,237,0.020974483340978622
14,post_rope,238,0.020676296204328537
14,post_rope,239,0.020579034462571144
14,post_rope,240,0.02035784348845482
14,post_rope,241,0.020115993916988373
14,post_rope,242,0.019959179684519768
14,post_rope,243,0.019472898915410042
14,post_rope,244,0.018926721066236496
14,post_rope,245,0.01861969381570816
14,post_rope,246,0.017886893823742867
14,post_rope,247,0.017841855064034462
14,post_rope,248,0.017425796017050743
14,post_rope,249,0.01710679568350315
14,post_rope,250,0.016799770295619965
14,post_rope,251,0.016577454283833504
14,post_rope,252,0.016043605282902718
14,post_rope,253,0.015520092099905014
14,post_rope,254,0.014850735664367676
14,post_rope,255,0.014538772404193878
14,post_rope,256,0.013694616965949535
15,pre_rope,1,1.0
15,pre_rope,2,0.19030888378620148
15,pre_rope,3,0.16923214495182037
15,pre_rope,4,0.1528327316045761
15,pre_rope,5,0.133833646774292
15,pre_rope,6,0.12532354891300201
15,pre_rope,7,0.11101515591144562
15,pre_rope,8,0.10697490721940994
15,pre_rope,9,0.10066164284944534
15,pre_rope,10,0.09226778894662857
15,pre_rope,11,0.08163966983556747
15,pre_rope,12,0.07374073565006256
15,pre_rope,13,0.07049361616373062
15,pre_rope,14,0.06911852955818176
15,pre_rope,15,0.06432320922613144
15,pre_rope,16,0.062460485845804214
15,pre_rope,17,0.06023319065570831
15,pre_rope,18,0.057630278170108795
15,pre_rope,19,0.055822938680648804
15,pre_rope,20,0.05330120772123337
15,pre_rope,21,0.05163722112774849
15,pre_rope,22,0.049326177686452866
15,pre_rope,23,0.04825145751237869
15,pre_rope,24,0.04752818122506142
15,pre_rope,25,0.045397959649562836
15,pre_rope,26,0.044105689972639084
15,pre_rope,27,0.043826039880514145
15,pre_rope,28,0.04313996434211731
15,pre_rope,29,0.04147566109895706
15,pre_rope,30,0.04054917395114899
15,pre_rope,31,0.04008271172642708
15,pre_rope,32,0.039799902588129044
15,pre_rope,33,0.03869333863258362
15,pre_rope,34,0.03745070844888687
15,pre_rope,35,0.03663649037480354
15,pre_rope,36,0.03566725179553032
15,pre_rope,37,0.035286273807287216
15,pre_rope,38,0.03503292053937912
15,pre_rope,39,0.034443195909261703
15,pre_rope,40,0.033846352249383926
15,pre_rope,41,0.03243129327893257
15,pre_rope,42,0.032073020935058594
15,pre_rope,43,0.0313752144575119
15,pre_rope,44,0.030578911304473877
15,pre_rope,45,0.03022114560008049
15,pre_rope,46,0.029772749170660973
15,pre_rope,47,0.02895008772611618
15,pre_rope,48,0.02876213937997818
15,pre_rope,49,0.028216196224093437
15,pre_rope,50,0.0280165895819664
15,pre_rope,51,0.02752668224275112
15,pre_rope,52,0.026854926720261574
15,pre_rope,53,0.026220954954624176
15,pre_rope,54,0.02559826523065567
15,pre_rope,55,0.025500088930130005
15,pre_rope,56,0.025185290724039078
15,pre_rope,57,0.024344652891159058
15,pre_rope,58,0.023809291422367096
15,pre_rope,59,0.02370525151491165
15,pre_rope,60,0.02308996208012104
15,pre_rope,61,0.022615430876612663
15,pre_rope,62,0.02257155068218708
15,pre_rope,63,0.022278662770986557
15,pre_rope,64,0.022096803411841393
15,pre_rope,65,0.021385006606578827
15,pre_rope,66,0.02130291610956192
15,pre_rope,67,0.021064329892396927
15,pre_rope,68,0.020641546696424484
15,pre_rope,69,0.02043057791888714
15,pre_rope,70,0.0203672107309103
15,pre_rope,71,0.019932977855205536
15,pre_rope,72,0.019761813804507256
15,pre_rope,73,0.01951439119875431
15,pre_rope,74,0.01948854699730873
15,pre_rope,75,0.019105136394500732
15,pre_rope,76,0.018447421491146088
15,pre_rope,77,0.018406739458441734
15,pre_rope,78,0.018105879426002502
15,pre_rope,79,0.01801391877233982
15,pre_rope,80,0.017733806744217873
15,pre_rope,81,0.017438728362321854
15,pre_rope,82,0.017331955954432487
15,pre_rope,83,0.017112039029598236
15,pre_rope,84,0.01700054667890072
15,pre_rope,85,0.0167300533503294
15,pre_rope,86,0.016580117866396904
15,pre_rope,87,0.016495876014232635
15,pre_rope,88,0.016300823539495468
15,pre_rope,89,0.016172129660844803
15,pre_rope,90,0.015835072845220566
15,pre_rope,91,0.01566995307803154
15,pre_rope,92,0.015454200096428394
15,pre_rope,93,0.015288449823856354
15,pre_rope,94,0.015140002593398094
15,pre_rope,95,0.015032892115414143
15,pre_rope,96,0.01475586649030447
15,pre_rope,97,0.014581933617591858
15,pre_rope,98,0.01446548756211996
15,pre_rope,99,0.014314514584839344
15,pre_rope,100,0.014105365611612797
15,pre_rope,101,0.013978062197566032
15,pre_rope,102,0.013904095627367496
15,pre_rope,103,0.013816040009260178
15,pre_rope,104,0.013723991811275482
15,pre_rope,105,0.01349041797220707
15,pre_rope,106,0.013184446841478348
15,pre_rope,107,0.013109060004353523
15,pre_rope,108,0.0130171412602067
15,pre_rope,109,0.012881012633442879
15,pre_rope,110,0.012777113355696201
15,pre_rope,111,0.012670299969613552
15,pre_rope,112,0.01238392572849989
15,pre_rope,113,0.012316908687353134
15,pre_rope,114,0.0121854143217206
15,pre_rope,115,0.012162105180323124
15,pre_rope,116,0.01202494278550148
15,pre_rope,117,0.011770302429795265
15,pre_rope,118,0.011625727638602257
15,pre_rope,119,0.011568394489586353
15,pre_rope,120,0.011549508199095726
15,pre_rope,121,0.011459683999419212
15,pre_rope,122,0.011218970641493797
15,pre_rope,123,0.011156389489769936
15,pre_rope,124,0.011035569943487644
15,pre_rope,125,0.010988814756274223
15,pre_rope,126,0.010906185023486614
15,pre_rope,127,0.010669011622667313
15,pre_rope,128,0.0106132747605443
15,pre_rope,129,0.010537130758166313
15,pre_rope,130,0.010309160687029362
15,pre_rope,131,0.010264042764902115
15,pre_rope,132,0.01022170390933752
15,pre_rope,133,0.010140219703316689
15,pre_rope,134,0.01007742527872324
15,pre_rope,135,0.009993188083171844
15,pre_rope,136,0.0097760995849967
15,pre_rope,137,0.009634744375944138
15,pre_rope,138,0.009593338705599308
15,pre_rope,139,0.00956262182444334
15,pre_rope,140,0.009502111934125423
15,pre_rope,141,0.009334106929600239
15,pre_rope,142,0.009320441633462906
15,pre_rope,143,0.009252949617803097
15,pre_rope,144,0.009045998565852642
15,pre_rope,145,0.008999365381896496
15,pre_rope,146,0.008949033915996552
15,pre_rope,147,0.008877484127879143
15,pre_rope,148,0.008847194723784924
15,pre_rope,149,0.008708895184099674
15,pre_rope,150,0.008582350797951221
15,pre_rope,151,0.008489981293678284
15,pre_rope,152,0.008437112905085087
15,pre_rope,153,0.008395025506615639
15,pre_rope,154,0.008330851793289185
15,pre_rope,155,0.008228546939790249
15,pre_rope,156,0.00818711705505848
15,pre_rope,157,0.008092776872217655
15,pre_rope,158,0.0079762302339077
15,pre_rope,159,0.007929297164082527
15,pre_rope,160,0.007849046029150486
15,pre_rope,161,0.0077258446253836155
15,pre_rope,162,0.007635965943336487
15,pre_rope,163,0.007551290560513735
15,pre_rope,164,0.007511249743402004
15,pre_rope,165,0.007428623735904694
15,pre_rope,166,0.00738203851506114
15,pre_rope,167,0.007251766975969076
15,pre_rope,168,0.007201232016086578
15,pre_rope,169,0.007159984204918146
15,pre_rope,170,0.007092281244695187
15,pre_rope,171,0.007037454284727573
15,pre_rope,172,0.006938206497579813
15,pre_rope,173,0.006915300618857145
15,pre_rope,174,0.0069013116881251335
15,pre_rope,175,0.0067457943223416805
15,pre_rope,176,0.0066810669377446175
15,pre_rope,177,0.006596078164875507
15,pre_rope,178,0.00654244190081954
15,pre_rope,179,0.006510149221867323
15,pre_rope,180,0.006466596387326717
15,pre_rope,181,0.0064162882044911385
15,pre_rope,182,0.006352796219289303
15,pre_rope,183,0.006248614750802517
15,pre_rope,184,0.006206443067640066
15,pre_rope,185,0.006143053527921438
15,pre_rope,186,0.006096155848354101
15,pre_rope,187,0.006000927183777094
15,pre_rope,188,0.005969606805592775
15,pre_rope,189,0.0058965133503079414
15,pre_rope,190,0.0058097196742892265
15,pre_rope,191,0.005767832510173321
15,pre_rope,192,0.00563301146030426
15,pre_rope,193,0.0055905659683048725
15,pre_rope,194,0.005517654586583376
15,pre_rope,195,0.005489096511155367
15,pre_rope,196,0.005404948722571135
15,pre_rope,197,0.00533881364390254
15,pre_rope,198,0.005286798812448978
15,pre_rope,199,0.005269875284284353
15,pre_rope,200,0.005230325739830732
15,pre_rope,201,0.005125934723764658
15,pre_rope,202,0.005104109179228544
15,pre_rope,203,0.004999961704015732
15,pre_rope,204,0.004931243602186441
15,pre_rope,205,0.004899501800537109
15,pre_rope,206,0.00487868208438158
15,pre_rope,207,0.004849415272474289
15,pre_rope,208,0.0047788009978830814
15,pre_rope,209,0.0047294036485254765
15,pre_rope,210,0.0046027787029743195
15,pre_rope,211,0.004543385002762079
15,pre_rope,212,0.004530522972345352
15,pre_rope,213,0.004522914998233318
15,pre_rope,214,0.004424210172146559
15,pre_rope,215,0.004401344805955887
15,pre_rope,216,0.0043261791579425335
15,pre_rope,217,0.00425731809809804
15,pre_rope,218,0.00421242555603385
15,pre_rope,219,0.004181716591119766
15,pre_rope,220,0.0041017415933310986
15,pre_rope,221,0.004042825661599636
15,pre_rope,222,0.003998273517936468
15,pre_rope,223,0.003970182500779629
15,pre_rope,224,0.00391040975227952
15,pre_rope,225,0.0038798819296061993
15,pre_rope,226,0.0037869398947805166
15,pre_rope,227,0.0037093092687427998
15,pre_rope,228,0.003682368202134967
15,pre_rope,229,0.0036272499710321426
15,pre_rope,230,0.0035788004752248526
15,pre_rope,231,0.0035564377903938293
15,pre_rope,232,0.003498887876048684
15,pre_rope,233,0.0034506625961512327
15,pre_rope,234,0.003413648111745715
15,pre_rope,235,0.003292073728516698
15,pre_rope,236,0.0032159709371626377
15,pre_rope,237,0.0031514593865722418
15,pre_rope,238,0.0030936645343899727
15,pre_rope,239,0.0030557792633771896
15,pre_rope,240,0.002982177073135972
15,pre_rope,241,0.0029306188225746155
15,pre_rope,242,0.0028636865317821503
15,pre_rope,243,0.0028243970591574907
15,pre_rope,244,0.0027359742671251297
15,pre_rope,245,0.002691807458177209
15,pre_rope,246,0.0026501594111323357
15,pre_rope,247,0.0025938046164810658
15,pre_rope,248,0.002515980741009116
15,pre_rope,249,0.002451404696330428
15,pre_rope,250,0.0023568267934024334
15,pre_rope,251,0.002296200953423977
15,pre_rope,252,0.0022615231573581696
15,pre_rope,253,0.002113543450832367
15,pre_rope,254,0.001847352716140449
15,pre_rope,255,0.0017706064973026514
15,pre_rope,256,0.0016920579364523292
15,post_rope,1,1.0
15,post_rope,2,0.7618076801300049
15,post_rope,3,0.601997971534729
15,post_rope,4,0.4022248685359955
15,post_rope,5,0.302513062953949
15,post_rope,6,0.2965209186077118
15,post_rope,7,0.28482741117477417
15,post_rope,8,0.2680070996284485
15,post_rope,9,0.2614958882331848
15,post_rope,10,0.2533983588218689
15,post_rope,11,0.245228111743927
15,post_rope,12,0.23227496445178986
15,post_rope,13,0.22408205270767212
15,post_rope,14,0.21920420229434967
15,post_rope,15,0.21317465603351593
15,post_rope,16,0.2121652513742447
15,post_rope,17,0.20562174916267395
15,post_rope,18,0.20241914689540863
15,post_rope,19,0.19505608081817627
15,post_rope,20,0.18885233998298645
15,post_rope,21,0.1856878399848938
15,post_rope,22,0.1769445687532425
15,post_rope,23,0.17441722750663757
15,post_rope,24,0.16646480560302734
15,post_rope,25,0.15978941321372986
15,post_rope,26,0.1566583812236786
15,post_rope,27,0.151779443025589
15,post_rope,28,0.1498650312423706
15,post_rope,29,0.14757004380226135
15,post_rope,30,0.14491844177246094
15,post_rope,31,0.142421156167984
15,post_rope,32,0.1384480893611908
15,post_rope,33,0.13624030351638794
15,post_rope,34,0.13119089603424072
15,post_rope,35,0.12349629402160645
15,post_rope,36,0.11884216964244843
15,post_rope,37,0.11755421757698059
15,post_rope,38,0.11637109518051147
15,post_rope,39,0.11482805758714676
15,post_rope,40,0.1140906810760498
15,post_rope,41,0.11291943490505219
15,post_rope,42,0.10855528712272644
15,post_rope,43,0.10665739327669144
15,post_rope,44,0.10584187507629395
15,post_rope,45,0.10489291697740555
15,post_rope,46,0.10375560820102692
15,post_rope,47,0.10138646513223648
15,post_rope,48,0.10118521749973297
15,post_rope,49,0.10041942447423935
15,post_rope,50,0.09938740730285645
15,post_rope,51,0.09769376367330551
15,post_rope,52,0.09751950204372406
15,post_rope,53,0.09421791881322861
15,post_rope,54,0.09365768730640411
15,post_rope,55,0.09181106835603714
15,post_rope,56,0.09128294140100479
15,post_rope,57,0.08875839412212372
15,post_rope,58,0.08701346069574356
15,post_rope,59,0.08644931018352509
15,post_rope,60,0.08516835421323776
15,post_rope,61,0.08336948603391647
15,post_rope,62,0.08094722777605057
15,post_rope,63,0.07928499579429626
15,post_rope,64,0.07727284729480743
15,post_rope,65,0.07671362161636353
15,post_rope,66,0.07540038973093033
15,post_rope,67,0.07320630550384521
15,post_rope,68,0.0711856409907341
15,post_rope,69,0.0704674944281578
15,post_rope,70,0.06958186626434326
15,post_rope,71,0.06842779368162155
15,post_rope,72,0.067140132188797
15,post_rope,73,0.06581249833106995
15,post_rope,74,0.0645628497004509
15,post_rope,75,0.06293535977602005
15,post_rope,76,0.06273992359638214
15,post_rope,77,0.06235463544726372
15,post_rope,78,0.06053784489631653
15,post_rope,79,0.060243844985961914
15,post_rope,80,0.058838579803705215
15,post_rope,81,0.0583680160343647
15,post_rope,82,0.05786745250225067
15,post_rope,83,0.05721753090620041
15,post_rope,84,0.056552983820438385
15,post_rope,85,0.05539953336119652
15,post_rope,86,0.05503889173269272
15,post_rope,87,0.05455248802900314
15,post_rope,88,0.053949397057294846
15,post_rope,89,0.0527033805847168
15,post_rope,90,0.052453428506851196
15,post_rope,91,0.05225781351327896
15,post_rope,92,0.051572684198617935
15,post_rope,93,0.05080903694033623
15,post_rope,94,0.0506860613822937
15,post_rope,95,0.05013533681631088
15,post_rope,96,0.04981892928481102
15,post_rope,97,0.04947900027036667
15,post_rope,98,0.048645712435245514
15,post_rope,99,0.0481710322201252
15,post_rope,100,0.04804304987192154
15,post_rope,101,0.04744156077504158
15,post_rope,102,0.047154080122709274
15,post_rope,103,0.046810489147901535
15,post_rope,104,0.04656504467129707
15,post_rope,105,0.04627859964966774
15,post_rope,106,0.045887306332588196
15,post_rope,107,0.04541785642504692
15,post_rope,108,0.04477597028017044
15,post_rope,109,0.044735606759786606
15,post_rope,110,0.04467708617448807
15,post_rope,111,0.044304948300123215
15,post_rope,112,0.04410214349627495
15,post_rope,113,0.043775152415037155
15,post_rope,114,0.04326999932527542
15,post_rope,115,0.04292230308055878
15,post_rope,116,0.04266839474439621
15,post_rope,117,0.042393408715724945
15,post_rope,118,0.04234117269515991
15,post_rope,119,0.04203524813055992
15,post_rope,120,0.04165255278348923
15,post_rope,121,0.04130830988287926
15,post_rope,122,0.04088184982538223
15,post_rope,123,0.04062601551413536
15,post_rope,124,0.04025653377175331
15,post_rope,125,0.040027085691690445
15,post_rope,126,0.03983089700341225
15,post_rope,127,0.03944731503725052
15,post_rope,128,0.03933196887373924
15,post_rope,129,0.038859542459249496
15,post_rope,130,0.038639262318611145
15,post_rope,131,0.038573987782001495
15,post_rope,132,0.03839229792356491
15,post_rope,133,0.03803548589348793
15,post_rope,134,0.03797030448913574
15,post_rope,135,0.037419091910123825
15,post_rope,136,0.03736317157745361
15,post_rope,137,0.03712953254580498
15,post_rope,138,0.03687809780240059
15,post_rope,139,0.03664334490895271
15,post_rope,140,0.03645570948719978
15,post_rope,141,0.036285899579524994
15,post_rope,142,0.03602812439203262
15,post_rope,143,0.035895779728889465
15,post_rope,144,0.035862475633621216
15,post_rope,145,0.03547419235110283
15,post_rope,146,0.035404548048973083
15,post_rope,147,0.03515150770545006
15,post_rope,148,0.03484227880835533
15,post_rope,149,0.03467375785112381
15,post_rope,150,0.03453456982970238
15,post_rope,151,0.0343964658677578
15,post_rope,152,0.03426537662744522
15,post_rope,153,0.03392991051077843
15,post_rope,154,0.03385302796959877
15,post_rope,155,0.033675484359264374
15,post_rope,156,0.03338274359703064
15,post_rope,157,0.0333649180829525
15,post_rope,158,0.03327431157231331
15,post_rope,159,0.03313606232404709
15,post_rope,160,0.03294646367430687
15,post_rope,161,0.032643307000398636
15,post_rope,162,0.03246572986245155
15,post_rope,163,0.032423678785562515
15,post_rope,164,0.03211125731468201
15,post_rope,165,0.03195265680551529
15,post_rope,166,0.031824253499507904
15,post_rope,167,0.03165258839726448
15,post_rope,168,0.03146093338727951
15,post_rope,169,0.031358495354652405
15,post_rope,170,0.031162120401859283
15,post_rope,171,0.03104584291577339
15,post_rope,172,0.030750922858715057
15,post_rope,173,0.030609391629695892
15,post_rope,174,0.03044619783759117
15,post_rope,175,0.030358439311385155
15,post_rope,176,0.030291883274912834
15,post_rope,177,0.03001466393470764
15,post_rope,178,0.02985212579369545
15,post_rope,179,0.02955341525375843
15,post_rope,180,0.02941115014255047
15,post_rope,181,0.029049981385469437
15,post_rope,182,0.028904670849442482
15,post_rope,183,0.02877742238342762
15,post_rope,184,0.028730032965540886
15,post_rope,185,0.02861408144235611
15,post_rope,186,0.028450028970837593
15,post_rope,187,0.02817518264055252
15,post_rope,188,0.027916695922613144
15,post_rope,189,0.027831414714455605
15,post_rope,190,0.027637848630547523
15,post_rope,191,0.027621805667877197
15,post_rope,192,0.02739238180220127
15,post_rope,193,0.027249811217188835
15,post_rope,194,0.02706766687333584
15,post_rope,195,0.026799364015460014
15,post_rope,196,0.026713784784078598
15,post_rope,197,0.026598161086440086
15,post_rope,198,0.026335231959819794
15,post_rope,199,0.02628559246659279
15,post_rope,200,0.026022447273135185
15,post_rope,201,0.025928612798452377
15,post_rope,202,0.02584449201822281
15,post_rope,203,0.025611616671085358
15,post_rope,204,0.02553017996251583
15,post_rope,205,0.025178594514727592
15,post_rope,206,0.024973127990961075
15,post_rope,207,0.024858223274350166
15,post_rope,208,0.024757826700806618
15,post_rope,209,0.024448426440358162
15,post_rope,210,0.024297136813402176
15,post_rope,211,0.024169588461518288
15,post_rope,212,0.024098729714751244
15,post_rope,213,0.023972785100340843
15,post_rope,214,0.023745091632008553
15,post_rope,215,0.02348918281495571
15,post_rope,216,0.023344796150922775
15,post_rope,217,0.023256195709109306
15,post_rope,218,0.022973520681262016
15,post_rope,219,0.02255360782146454
15,post_rope,220,0.02238621935248375
15,post_rope,221,0.02206549607217312
15,post_rope,222,0.021980244666337967
15,post_rope,223,0.021757161244750023
15,post_rope,224,0.02169690653681755
15,post_rope,225,0.021524325013160706
15,post_rope,226,0.02119019627571106
15,post_rope,227,0.021055985242128372
15,post_rope,228,0.020694198086857796
15,post_rope,229,0.02057606354355812
15,post_rope,230,0.02042008563876152
15,post_rope,231,0.020171038806438446
15,post_rope,232,0.019800251349806786
15,post_rope,233,0.019504105672240257
15,post_rope,234,0.019424626603722572
15,post_rope,235,0.018946951255202293
15,post_rope,236,0.018651850521564484
15,post_rope,237,0.01843154802918434
15,post_rope,238,0.01827317848801613
15,post_rope,239,0.018052630126476288
15,post_rope,240,0.01765264943242073
15,post_rope,241,0.017534565180540085
15,post_rope,242,0.017394285649061203
15,post_rope,243,0.017271917313337326
15,post_rope,244,0.01711609773337841
15,post_rope,245,0.01675770990550518
15,post_rope,246,0.016533123329281807
15,post_rope,247,0.01601393334567547
15,post_rope,248,0.01563110016286373
15,post_rope,249,0.015462948940694332
15,post_rope,250,0.015366770327091217
15,post_rope,251,0.015158564783632755
15,post_rope,252,0.014743960462510586
15,post_rope,253,0.014563612639904022
15,post_rope,254,0.014383506029844284
15,post_rope,255,0.014218831434845924
15,post_rope,256,0.013838081620633602
16,pre_rope,1,1.0
16,pre_rope,2,0.19826845824718475
16,pre_rope,3,0.16122914850711823
16,pre_rope,4,0.12874756753444672
16,pre_rope,5,0.1247340515255928
16,pre_rope,6,0.1107889786362648
16,pre_rope,7,0.0974452793598175
16,pre_rope,8,0.0957944467663765
16,pre_rope,9,0.08177783340215683
16,pre_rope,10,0.0774083361029625
16,pre_rope,11,0.07523505389690399
16,pre_rope,12,0.06764642149209976
16,pre_rope,13,0.06653469800949097
16,pre_rope,14,0.058062486350536346
16,pre_rope,15,0.05644328147172928
16,pre_rope,16,0.05310572311282158
16,pre_rope,17,0.0492900088429451
16,pre_rope,18,0.04775138571858406
16,pre_rope,19,0.04670710489153862
16,pre_rope,20,0.044687386602163315
16,pre_rope,21,0.04337691888213158
16,pre_rope,22,0.04146523028612137
16,pre_rope,23,0.03913445025682449
16,pre_rope,24,0.0369715616106987
16,pre_rope,25,0.0368049181997776
16,pre_rope,26,0.035744089633226395
16,pre_rope,27,0.03427182883024216
16,pre_rope,28,0.032888200134038925
16,pre_rope,29,0.031694237142801285
16,pre_rope,30,0.030806424096226692
16,pre_rope,31,0.029874728992581367
16,pre_rope,32,0.029453348368406296
16,pre_rope,33,0.029100636020302773
16,pre_rope,34,0.0283840112388134
16,pre_rope,35,0.027239128947257996
16,pre_rope,36,0.027037929743528366
16,pre_rope,37,0.026726309210062027
16,pre_rope,38,0.025505758821964264
16,pre_rope,39,0.02510821633040905
16,pre_rope,40,0.024241367354989052
16,pre_rope,41,0.02347848005592823
16,pre_rope,42,0.023359449580311775
16,pre_rope,43,0.0227634459733963
16,pre_rope,44,0.022244835272431374
16,pre_rope,45,0.0218519177287817
16,pre_rope,46,0.021328002214431763
16,pre_rope,47,0.021237585693597794
16,pre_rope,48,0.020904889330267906
16,pre_rope,49,0.020208004862070084
16,pre_rope,50,0.019851546734571457
16,pre_rope,51,0.019628124311566353
16,pre_rope,52,0.019256513565778732
16,pre_rope,53,0.0191105417907238
16,pre_rope,54,0.018848683685064316
16,pre_rope,55,0.018433937802910805
16,pre_rope,56,0.01823587901890278
16,pre_rope,57,0.01808794029057026
16,pre_rope,58,0.017583094537258148
16,pre_rope,59,0.017411287873983383
16,pre_rope,60,0.017139744013547897
16,pre_rope,61,0.016916433349251747
16,pre_rope,62,0.016829362139105797
16,pre_rope,63,0.016543738543987274
16,pre_rope,64,0.016497135162353516
16,pre_rope,65,0.016106504946947098
16,pre_rope,66,0.015753353014588356
16,pre_rope,67,0.015601644292473793
16,pre_rope,68,0.01542393397539854
16,pre_rope,69,0.015309778042137623
16,pre_rope,70,0.015105984173715115
16,pre_rope,71,0.014788633212447166
16,pre_rope,72,0.014678938314318657
16,pre_rope,73,0.014646253548562527
16,pre_rope,74,0.01446596160531044
16,pre_rope,75,0.014270034618675709
16,pre_rope,76,0.013956070877611637
16,pre_rope,77,0.013819064944982529
16,pre_rope,78,0.01369147002696991
16,pre_rope,79,0.013596133328974247
16,pre_rope,80,0.013549141585826874
16,pre_rope,81,0.013092794455587864
16,pre_rope,82,0.012948520481586456
16,pre_rope,83,0.01276627741754055
16,pre_rope,84,0.012655302882194519
16,pre_rope,85,0.012558462098240852
16,pre_rope,86,0.012466268613934517
16,pre_rope,87,0.012382718734443188
16,pre_rope,88,0.012262823060154915
16,pre_rope,89,0.012119502760469913
16,pre_rope,90,0.012010382488369942
16,pre_rope,91,0.011933817528188229
16,pre_rope,92,0.011891691014170647
16,pre_rope,93,0.011588379740715027
16,pre_rope,94,0.011468679644167423
16,pre_rope,95,0.011240675114095211
16,pre_rope,96,0.011161347851157188
16,pre_rope,97,0.011120661161839962
16,pre_rope,98,0.01098164077848196
16,pre_rope,99,0.010775085538625717
16,pre_rope,100,0.010695436969399452
16,pre_rope,101,0.010596539825201035
16,pre_rope,102,0.01050249207764864
16,pre_rope,103,0.010382778011262417
16,pre_rope,104,0.010304654017090797
16,pre_rope,105,0.010139912366867065
16,pre_rope,106,0.010061495937407017
16,pre_rope,107,0.009951396845281124
16,pre_rope,108,0.009932450950145721
16,pre_rope,109,0.009779660031199455
16,pre_rope,110,0.009758681990206242
16,pre_rope,111,0.009646371006965637
16,pre_rope,112,0.00956498458981514
16,pre_rope,113,0.009448349475860596
16,pre_rope,114,0.009318279102444649
16,pre_rope,115,0.009256411343812943
16,pre_rope,116,0.00917121022939682
16,pre_rope,117,0.009048047475516796
16,pre_rope,118,0.00886313896626234
16,pre_rope,119,0.00881450530141592
16,pre_rope,120,0.008763869293034077
16,pre_rope,121,0.00874320324510336
16,pre_rope,122,0.00866012368351221
16,pre_rope,123,0.0085785873234272
16,pre_rope,124,0.008490869775414467
16,pre_rope,125,0.008348807692527771
16,pre_rope,126,0.008282679133117199
16,pre_rope,127,0.0081792576238513
16,pre_rope,128,0.00809860322624445
16,pre_rope,129,0.00804717093706131
16,pre_rope,130,0.008025198243558407
16,pre_rope,131,0.007844471372663975
16,pre_rope,132,0.007804634980857372
16,pre_rope,133,0.007734485901892185
16,pre_rope,134,0.0077136182226240635
16,pre_rope,135,0.007705830968916416
16,pre_rope,136,0.007582501508295536
16,pre_rope,137,0.007491942495107651
16,pre_rope,138,0.0073578557930886745
16,pre_rope,139,0.007324873469769955
16,pre_rope,140,0.007259683217853308
16,pre_rope,141,0.007086434867233038
16,pre_rope,142,0.007046306040138006
16,pre_rope,143,0.006984618026763201
16,pre_rope,144,0.006927246227860451
16,pre_rope,145,0.006875503808259964
16,pre_rope,146,0.006802629213780165
16,pre_rope,147,0.006684788968414068
16,pre_rope,148,0.006650546565651894
16,pre_rope,149,0.006625585723668337
16,pre_rope,150,0.00655987998470664
16,pre_rope,151,0.006507738959044218
16,pre_rope,152,0.006416924297809601
16,pre_rope,153,0.0063487025909125805
16,pre_rope,154,0.006292818114161491
16,pre_rope,155,0.006250247359275818
16,pre_rope,156,0.006196057889610529
16,pre_rope,157,0.006153184454888105
16,pre_rope,158,0.006103568710386753
16,pre_rope,159,0.006029780022799969
16,pre_rope,160,0.0059904721565544605
16,pre_rope,161,0.0058755772188305855
16,pre_rope,162,0.005872052628546953
16,pre_rope,163,0.005846980959177017
16,pre_rope,164,0.005770083516836166
16,pre_rope,165,0.005724278278648853
16,pre_rope,166,0.005636253859847784
16,pre_rope,167,0.005616798065602779
16,pre_rope,168,0.005568492691963911
16,pre_rope,169,0.005532797425985336
16,pre_rope,170,0.005467941518872976
16,pre_rope,171,0.0054517220705747604
16,pre_rope,172,0.005342697724699974
16,pre_rope,173,0.00529435696080327
16,pre_rope,174,0.00523142097517848
16,pre_rope,175,0.005221101921051741
16,pre_rope,176,0.005175015423446894
16,pre_rope,177,0.005144790280610323
16,pre_rope,178,0.005067263264209032
16,pre_rope,179,0.005000956356525421
16,pre_rope,180,0.0049461666494607925
16,pre_rope,181,0.004899074323475361
16,pre_rope,182,0.004838103428483009
16,pre_rope,183,0.0048166438937187195
16,pre_rope,184,0.004787924233824015
16,pre_rope,185,0.004708610475063324
16,pre_rope,186,0.004669382236897945
16,pre_rope,187,0.004635981284081936
16,pre_rope,188,0.004620153456926346
16,pre_rope,189,0.004572128877043724
16,pre_rope,190,0.004497101530432701
16,pre_rope,191,0.004436275456100702
16,pre_rope,192,0.004413041286170483
16,pre_rope,193,0.004387423396110535
16,pre_rope,194,0.004343846812844276
16,pre_rope,195,0.00431287195533514
16,pre_rope,196,0.004250840749591589
16,pre_rope,197,0.00419174088165164
16,pre_rope,198,0.004178596660494804
16,pre_rope,199,0.004130172543227673
16,pre_rope,200,0.004083239007741213
16,pre_rope,201,0.00398132111877203
16,pre_rope,202,0.003962664864957333
16,pre_rope,203,0.0039032206404954195
16,pre_rope,204,0.0038668105844408274
16,pre_rope,205,0.0038379081524908543
16,pre_rope,206,0.0038027800619602203
16,pre_rope,207,0.0037682978436350822
16,pre_rope,208,0.00372712523676455
16,pre_rope,209,0.0036937238182872534
16,pre_rope,210,0.0036238415632396936
16,pre_rope,211,0.0036205369979143143
16,pre_rope,212,0.0035657878033816814
16,pre_rope,213,0.003530316287651658
16,pre_rope,214,0.003501017577946186
16,pre_rope,215,0.0034372597001492977
16,pre_rope,216,0.003376368200406432
16,pre_rope,217,0.003357528243213892
16,pre_rope,218,0.0032933077309280634
16,pre_rope,219,0.0032662758603692055
16,pre_rope,220,0.003259966615587473
16,pre_rope,221,0.003172447672113776
16,pre_rope,222,0.0031513443682342768
16,pre_rope,223,0.003122603055089712
16,pre_rope,224,0.0031072136480361223
16,pre_rope,225,0.0030684336088597775
16,pre_rope,226,0.003018631599843502
16,pre_rope,227,0.002932483097538352
16,pre_rope,228,0.0028839861042797565
16,pre_rope,229,0.002828451106324792
16,pre_rope,230,0.0027869767509400845
16,pre_rope,231,0.002663735067471862
16,pre_rope,232,0.0026431987062096596
16,pre_rope,233,0.0026102683041244745
16,pre_rope,234,0.0025832431856542826
16,pre_rope,235,0.002532080514356494
16,pre_rope,236,0.0024894587695598602
16,pre_rope,237,0.002452850341796875
16,pre_rope,238,0.0024166496004909277
16,pre_rope,239,0.0023693626280874014
16,pre_rope,240,0.0022870006505399942
16,pre_rope,241,0.0022459886968135834
16,pre_rope,242,0.002214880893006921
16,pre_rope,243,0.0021478626877069473
16,pre_rope,244,0.00212559150531888
16,pre_rope,245,0.0020762609783560038
16,pre_rope,246,0.002010848606005311
16,pre_rope,247,0.0019584358669817448
16,pre_rope,248,0.0019183370750397444
16,pre_rope,249,0.0018301865784451365
16,pre_rope,250,0.0018091924721375108
16,pre_rope,251,0.0017827382544055581
16,pre_rope,252,0.0016567101702094078
16,pre_rope,253,0.0015014383243396878
16,pre_rope,254,0.0013422726187855005
16,pre_rope,255,0.0012852895306423306
16,pre_rope,256,0.00110516173299402
16,post_rope,1,1.0
16,post_rope,2,0.8338807821273804
16,post_rope,3,0.5063943862915039
16,post_rope,4,0.3693094253540039
16,post_rope,5,0.3357585668563843
16,post_rope,6,0.29122915863990784
16,post_rope,7,0.28879040479660034
16,post_rope,8,0.23199090361595154
16,post_rope,9,0.21893002092838287
16,post_rope,10,0.21504540741443634
16,post_rope,11,0.21450451016426086
16,post_rope,12,0.20215630531311035
16,post_rope,13,0.19234968721866608
16,post_rope,14,0.18520154058933258
16,post_rope,15,0.17916779220104218
16,post_rope,16,0.17556166648864746
16,post_rope,17,0.17300346493721008
16,post_rope,18,0.170840784907341
16,post_rope,19,0.16549883782863617
16,post_rope,20,0.15929093956947327
16,post_rope,21,0.15486109256744385
16,post_rope,22,0.1531258523464203
16,post_rope,23,0.15187932550907135
16,post_rope,24,0.14463241398334503
16,post_rope,25,0.14064891636371613
16,post_rope,26,0.13975374400615692
16,post_rope,27,0.13905386626720428
16,post_rope,28,0.13499300181865692
16,post_rope,29,0.13095352053642273
16,post_rope,30,0.12578529119491577
16,post_rope,31,0.12465891987085342
16,post_rope,32,0.12126544862985611
16,post_rope,33,0.12085938453674316
16,post_rope,34,0.11985325813293457
16,post_rope,35,0.11750244349241257
16,post_rope,36,0.11717543751001358
16,post_rope,37,0.11149714887142181
16,post_rope,38,0.11070241779088974
16,post_rope,39,0.10582371801137924
16,post_rope,40,0.10546572506427765
16,post_rope,41,0.10443262755870819
16,post_rope,42,0.1039576530456543
16,post_rope,43,0.10253256559371948
16,post_rope,44,0.100394107401371
16,post_rope,45,0.09877891093492508
16,post_rope,46,0.09803659468889236
16,post_rope,47,0.09717165678739548
16,post_rope,48,0.09355814009904861
16,post_rope,49,0.09130558371543884
16,post_rope,50,0.09016911685466766
16,post_rope,51,0.08964863419532776
16,post_rope,52,0.08829962462186813
16,post_rope,53,0.08540746569633484
16,post_rope,54,0.08456309139728546
16,post_rope,55,0.08037840574979782
16,post_rope,56,0.07784633338451385
16,post_rope,57,0.07523791491985321
16,post_rope,58,0.07108791917562485
16,post_rope,59,0.06925825029611588
16,post_rope,60,0.06671400368213654
16,post_rope,61,0.06567530333995819
16,post_rope,62,0.06280690431594849
16,post_rope,63,0.05873279273509979
16,post_rope,64,0.05836855247616768
16,post_rope,65,0.057835619896650314
16,post_rope,66,0.05720207467675209
16,post_rope,67,0.05572787672281265
16,post_rope,68,0.05541010946035385
16,post_rope,69,0.05471846088767052
16,post_rope,70,0.053836699575185776
16,post_rope,71,0.05306706950068474
16,post_rope,72,0.052300337702035904
16,post_rope,73,0.05194495990872383
16,post_rope,74,0.051418744027614594
16,post_rope,75,0.05118963494896889
16,post_rope,76,0.05043717846274376
16,post_rope,77,0.05022597312927246
16,post_rope,78,0.04948671534657478
16,post_rope,79,0.049169573932886124
16,post_rope,80,0.04866353049874306
16,post_rope,81,0.04846513643860817
16,post_rope,82,0.04791789501905441
16,post_rope,83,0.04723947495222092
16,post_rope,84,0.04681004211306572
16,post_rope,85,0.04627126082777977
16,post_rope,86,0.04595249146223068
16,post_rope,87,0.04580400511622429
16,post_rope,88,0.04560382664203644
16,post_rope,89,0.04488552734255791
16,post_rope,90,0.044558990746736526
16,post_rope,91,0.044240836054086685
16,post_rope,92,0.0441763699054718
16,post_rope,93,0.04365620017051697
16,post_rope,94,0.04347867891192436
16,post_rope,95,0.04286109283566475
16,post_rope,96,0.0423722043633461
16,post_rope,97,0.042110174894332886
16,post_rope,98,0.041893698275089264
16,post_rope,99,0.04179830476641655
16,post_rope,100,0.04133736342191696
16,post_rope,101,0.040845271199941635
16,post_rope,102,0.040619947016239166
16,post_rope,103,0.04015733674168587
16,post_rope,104,0.039949506521224976
16,post_rope,105,0.039804279804229736
16,post_rope,106,0.03933730721473694
16,post_rope,107,0.03898211941123009
16,post_rope,108,0.03896677494049072
16,post_rope,109,0.038719844073057175
16,post_rope,110,0.03834862634539604
16,post_rope,111,0.03813093155622482
16,post_rope,112,0.037760548293590546
16,post_rope,113,0.03749364614486694
16,post_rope,114,0.03729402273893356
16,post_rope,115,0.03710677847266197
16,post_rope,116,0.03685586154460907
16,post_rope,117,0.036665599793195724
16,post_rope,118,0.03650980070233345
16,post_rope,119,0.03597511723637581
16,post_rope,120,0.03572990000247955
16,post_rope,121,0.035619281232357025
16,post_rope,122,0.035307347774505615
16,post_rope,123,0.03516687452793121
16,post_rope,124,0.034682076424360275
16,post_rope,125,0.03455553576350212
16,post_rope,126,0.03453246131539345
16,post_rope,127,0.0342646948993206
16,post_rope,128,0.03386479616165161
16,post_rope,129,0.0336613692343235
16,post_rope,130,0.03348952531814575
16,post_rope,131,0.03334227576851845
16,post_rope,132,0.033235806971788406
16,post_rope,133,0.03285405784845352
16,post_rope,134,0.032653629779815674
16,post_rope,135,0.0325881652534008
16,post_rope,136,0.032232824712991714
16,post_rope,137,0.03191182762384415
16,post_rope,138,0.031586769968271255
16,post_rope,139,0.031525298953056335
16,post_rope,140,0.03126772120594978
16,post_rope,141,0.03110513836145401
16,post_rope,142,0.03072689101099968
16,post_rope,143,0.030548153445124626
16,post_rope,144,0.0303219985216856
16,post_rope,145,0.03025832027196884
16,post_rope,146,0.030137281864881516
16,post_rope,147,0.029492968693375587
16,post_rope,148,0.02932634949684143
16,post_rope,149,0.029101576656103134
16,post_rope,150,0.029009336605668068
16,post_rope,151,0.02880983054637909
16,post_rope,152,0.028563901782035828
16,post_rope,153,0.028310829773545265
16,post_rope,154,0.02829299494624138
16,post_rope,155,0.028021082282066345
16,post_rope,156,0.027894657105207443
16,post_rope,157,0.02759881131350994
16,post_rope,158,0.027440456673502922
16,post_rope,159,0.027253257110714912
16,post_rope,160,0.0270957350730896
16,post_rope,161,0.026779454201459885
16,post_rope,162,0.026656944304704666
16,post_rope,163,0.026433121412992477
16,post_rope,164,0.026217876002192497
16,post_rope,165,0.026078270748257637
16,post_rope,166,0.025913842022418976
16,post_rope,167,0.025815561413764954
16,post_rope,168,0.025633152574300766
16,post_rope,169,0.02556539513170719
16,post_rope,170,0.025372140109539032
16,post_rope,171,0.025314291939139366
16,post_rope,172,0.025157906115055084
16,post_rope,173,0.02484758570790291
16,post_rope,174,0.02474447526037693
16,post_rope,175,0.024442484602332115
16,post_rope,176,0.024424133822321892
16,post_rope,177,0.02430098131299019
16,post_rope,178,0.024131042882800102
16,post_rope,179,0.02384038083255291
16,post_rope,180,0.023782404139637947
16,post_rope,181,0.02368152141571045
16,post_rope,182,0.023444322869181633
16,post_rope,183,0.02336796000599861
16,post_rope,184,0.023219095543026924
16,post_rope,185,0.022966722026467323
16,post_rope,186,0.0228574275970459
16,post_rope,187,0.022754784673452377
16,post_rope,188,0.022554105147719383
16,post_rope,189,0.022448407486081123
16,post_rope,190,0.022242533043026924
16,post_rope,191,0.02216453291475773
16,post_rope,192,0.022002048790454865
16,post_rope,193,0.021942175924777985
16,post_rope,194,0.021648917347192764
16,post_rope,195,0.021533243358135223
16,post_rope,196,0.021425453945994377
16,post_rope,197,0.021341031417250633
16,post_rope,198,0.021262940019369125
16,post_rope,199,0.021153919398784637
16,post_rope,200,0.021118687465786934
16,post_rope,201,0.02096165157854557
16,post_rope,202,0.020835475996136665
16,post_rope,203,0.020632917061448097
16,post_rope,204,0.020322347059845924
16,post_rope,205,0.020201751962304115
16,post_rope,206,0.020117809996008873
16,post_rope,207,0.019906869158148766
16,post_rope,208,0.01983792521059513
16,post_rope,209,0.01969723217189312
16,post_rope,210,0.019528131932020187
16,post_rope,211,0.019460825249552727
16,post_rope,212,0.019314797595143318
16,post_rope,213,0.019162582233548164
16,post_rope,214,0.0188392736017704
16,post_rope,215,0.018809601664543152
16,post_rope,216,0.018644658848643303
16,post_rope,217,0.018351487815380096
16,post_rope,218,0.018340494483709335
16,post_rope,219,0.01803232543170452
16,post_rope,220,0.017981545999646187
16,post_rope,221,0.017931126058101654
16,post_rope,222,0.01779337041079998
16,post_rope,223,0.017728762701153755
16,post_rope,224,0.017572248354554176
16,post_rope,225,0.017415381968021393
16,post_rope,226,0.01712648570537567
16,post_rope,227,0.01688447780907154
16,post_rope,228,0.016772747039794922
16,post_rope,229,0.01661110669374466
16,post_rope,230,0.01648942194879055
16,post_rope,231,0.01621289737522602
16,post_rope,232,0.01611735299229622
16,post_rope,233,0.015944747254252434
16,post_rope,234,0.015866892412304878
16,post_rope,235,0.015596373938024044
16,post_rope,236,0.015418238937854767
16,post_rope,237,0.015325439162552357
16,post_rope,238,0.015075281262397766
16,post_rope,239,0.014909260906279087
16,post_rope,240,0.014835147187113762
16,post_rope,241,0.01461000181734562
16,post_rope,242,0.014314950443804264
16,post_rope,243,0.014064472168684006
16,post_rope,244,0.013658910058438778
16,post_rope,245,0.013311135582625866
16,post_rope,246,0.012973286211490631
16,post_rope,247,0.012946597300469875
16,post_rope,248,0.012710560113191605
16,post_rope,249,0.01245673093944788
16,post_rope,250,0.012106706388294697
16,post_rope,251,0.011961022391915321
16,post_rope,252,0.011296505108475685
16,post_rope,253,0.010705364868044853
16,post_rope,254,0.010428550653159618
16,post_rope,255,0.009121975861489773
16,post_rope,256,0.008075783960521221
17,pre_rope,1,1.0
17,pre_rope,2,0.16329798102378845
17,pre_rope,3,0.1469443142414093
17,pre_rope,4,0.11283106356859207
17,pre_rope,5,0.10085161030292511
17,pre_rope,6,0.08989497274160385
17,pre_rope,7,0.0843779593706131
17,pre_rope,8,0.07992669194936752
17,pre_rope,9,0.07301385700702667
17,pre_rope,10,0.06655701994895935
17,pre_rope,11,0.0649561807513237
17,pre_rope,12,0.05734911933541298
17,pre_rope,13,0.053927160799503326
17,pre_rope,14,0.05118212848901749
17,pre_rope,15,0.048844676464796066
17,pre_rope,16,0.047640424221754074
17,pre_rope,17,0.04617227986454964
17,pre_rope,18,0.04361070320010185
17,pre_rope,19,0.04109746962785721
17,pre_rope,20,0.04035446420311928
17,pre_rope,21,0.038864605128765106
17,pre_rope,22,0.03787106275558472
17,pre_rope,23,0.036069355905056
17,pre_rope,24,0.03507741913199425
17,pre_rope,25,0.03401830792427063
17,pre_rope,26,0.03267301991581917
17,pre_rope,27,0.031881071627140045
17,pre_rope,28,0.030974801629781723
17,pre_rope,29,0.030672365799546242
17,pre_rope,30,0.02963889017701149
17,pre_rope,31,0.029246142134070396
17,pre_rope,32,0.02822699397802353
17,pre_rope,33,0.027291076257824898
17,pre_rope,34,0.027092810720205307
17,pre_rope,35,0.02653622440993786
17,pre_rope,36,0.026098117232322693
17,pre_rope,37,0.025605611503124237
17,pre_rope,38,0.025276709347963333
17,pre_rope,39,0.0250226017087698
17,pre_rope,40,0.02443445846438408
17,pre_rope,41,0.023752426728606224
17,pre_rope,42,0.023390093818306923
17,pre_rope,43,0.022496270015835762
17,pre_rope,44,0.022211885079741478
17,pre_rope,45,0.022147085517644882
17,pre_rope,46,0.021668361499905586
17,pre_rope,47,0.021190660074353218
17,pre_rope,48,0.020987503230571747
17,pre_rope,49,0.020488355308771133
17,pre_rope,50,0.02041204459965229
17,pre_rope,51,0.019573600962758064
17,pre_rope,52,0.019365273416042328
17,pre_rope,53,0.019168246537446976
17,pre_rope,54,0.019060779362916946
17,pre_rope,55,0.019002633169293404
17,pre_rope,56,0.01834755390882492
17,pre_rope,57,0.01831469126045704
17,pre_rope,58,0.01800680346786976
17,pre_rope,59,0.017873605713248253
17,pre_rope,60,0.017651798203587532
17,pre_rope,61,0.01737065054476261
17,pre_rope,62,0.017026910558342934
17,pre_rope,63,0.01695498637855053
17,pre_rope,64,0.016847020015120506
17,pre_rope,65,0.016464415937662125
17,pre_rope,66,0.016358880326151848
17,pre_rope,67,0.016285082325339317
17,pre_rope,68,0.015923229977488518
17,pre_rope,69,0.015662096440792084
17,pre_rope,70,0.015573553740978241
17,pre_rope,71,0.01541806012392044
17,pre_rope,72,0.015211543068289757
17,pre_rope,73,0.015013383701443672
17,pre_rope,74,0.014777977019548416
17,pre_rope,75,0.014542764984071255
17,pre_rope,76,0.014370688237249851
17,pre_rope,77,0.014270483516156673
17,pre_rope,78,0.014178323559463024
17,pre_rope,79,0.013978064060211182
17,pre_rope,80,0.013865325599908829
17,pre_rope,81,0.013517437502741814
17,pre_rope,82,0.013367964886128902
17,pre_rope,83,0.013315591961145401
17,pre_rope,84,0.01304673869162798
17,pre_rope,85,0.012919625267386436
17,pre_rope,86,0.01279432699084282
17,pre_rope,87,0.012699691578745842
17,pre_rope,88,0.01261487603187561
17,pre_rope,89,0.012481125071644783
17,pre_rope,90,0.01226724125444889
17,pre_rope,91,0.012189168483018875
17,pre_rope,92,0.012071777135133743
17,pre_rope,93,0.01187492161989212
17,pre_rope,94,0.011856953613460064
17,pre_rope,95,0.011754234321415424
17,pre_rope,96,0.011623809114098549
17,pre_rope,97,0.011450608260929585
17,pre_rope,98,0.011315763927996159
17,pre_rope,99,0.011266226880252361
17,pre_rope,100,0.0111245671287179
17,pre_rope,101,0.010941525921225548
17,pre_rope,102,0.010919496417045593
17,pre_rope,103,0.01075266394764185
17,pre_rope,104,0.010678558610379696
17,pre_rope,105,0.010655546560883522
17,pre_rope,106,0.01051925029605627
17,pre_rope,107,0.010437416844069958
17,pre_rope,108,0.010397704318165779
17,pre_rope,109,0.01022597961127758
17,pre_rope,110,0.01019296608865261
17,pre_rope,111,0.010006261989474297
17,pre_rope,112,0.010000130161643028
17,pre_rope,113,0.009842179715633392
17,pre_rope,114,0.0097277807071805
17,pre_rope,115,0.00962624792009592
17,pre_rope,116,0.009518139064311981
17,pre_rope,117,0.009486827999353409
17,pre_rope,118,0.009413313120603561
17,pre_rope,119,0.00935372430831194
17,pre_rope,120,0.009272893890738487
17,pre_rope,121,0.009099534712731838
17,pre_rope,122,0.00903044268488884
17,pre_rope,123,0.008939306251704693
17,pre_rope,124,0.008812771178781986
17,pre_rope,125,0.008797516115009785
17,pre_rope,126,0.0087421340867877
17,pre_rope,127,0.008653657510876656
17,pre_rope,128,0.008548739366233349
17,pre_rope,129,0.008534601889550686
17,pre_rope,130,0.008490007370710373
17,pre_rope,131,0.008434637449681759
17,pre_rope,132,0.008266370743513107
17,pre_rope,133,0.008215170353651047
17,pre_rope,134,0.008123839274048805
17,pre_rope,135,0.008094657212495804
17,pre_rope,136,0.00806894339621067
17,pre_rope,137,0.008031574077904224
17,pre_rope,138,0.007903153076767921
17,pre_rope,139,0.007759181782603264
17,pre_rope,140,0.007715524174273014
17,pre_rope,141,0.00762560497969389
17,pre_rope,142,0.007506085094064474
17,pre_rope,143,0.007434014230966568
17,pre_rope,144,0.007367086596786976
17,pre_rope,145,0.007334844209253788
17,pre_rope,146,0.007278100121766329
17,pre_rope,147,0.007113676983863115
17,pre_rope,148,0.007087572943419218
17,pre_rope,149,0.007025094702839851
17,pre_rope,150,0.006946879904717207
17,pre_rope,151,0.006917557213455439
17,pre_rope,152,0.006892379838973284
17,pre_rope,153,0.006801194045692682
17,pre_rope,154,0.006711680442094803
17,pre_rope,155,0.006628283765166998
17,pre_rope,156,0.006596306338906288
17,pre_rope,157,0.0065244403667747974
17,pre_rope,158,0.0065005384385585785
17,pre_rope,159,0.006377475336194038
17,pre_rope,160,0.006370817311108112
17,pre_rope,161,0.00632440997287631
17,pre_rope,162,0.00629395991563797
17,pre_rope,163,0.0062122102826833725
17,pre_rope,164,0.006175771355628967
17,pre_rope,165,0.006113815121352673
17,pre_rope,166,0.005997326225042343
17,pre_rope,167,0.005972485989332199
17,pre_rope,168,0.005949994549155235
17,pre_rope,169,0.005812757648527622
17,pre_rope,170,0.005801813676953316
17,pre_rope,171,0.0057329037226736546
17,pre_rope,172,0.005696471780538559
17,pre_rope,173,0.0056323702447116375
17,pre_rope,174,0.005614626687020063
17,pre_rope,175,0.005561995320022106
17,pre_rope,176,0.005510156508535147
17,pre_rope,177,0.0054875025525689125
17,pre_rope,178,0.005427539348602295
17,pre_rope,179,0.005321321543306112
17,pre_rope,180,0.005247552413493395
17,pre_rope,181,0.0052430531941354275
17,pre_rope,182,0.005155252292752266
17,pre_rope,183,0.005120959598571062
17,pre_rope,184,0.005095283500850201
17,pre_rope,185,0.005055302754044533
17,pre_rope,186,0.005003058351576328
17,pre_rope,187,0.0049428194761276245
17,pre_rope,188,0.004891242831945419
17,pre_rope,189,0.004873225465416908
17,pre_rope,190,0.004796560388058424
17,pre_rope,191,0.0047781565226614475
17,pre_rope,192,0.004733755253255367
17,pre_rope,193,0.004704821389168501
17,pre_rope,194,0.004664272535592318
17,pre_rope,195,0.004589371383190155
17,pre_rope,196,0.004539839923381805
17,pre_rope,197,0.004486583173274994
17,pre_rope,198,0.004454659763723612
17,pre_rope,199,0.004405373241752386
17,pre_rope,200,0.0043761893175542355
17,pre_rope,201,0.004347648471593857
17,pre_rope,202,0.004284986760467291
17,pre_rope,203,0.004234825726598501
17,pre_rope,204,0.004186413250863552
17,pre_rope,205,0.004150677472352982
17,pre_rope,206,0.0040730927139520645
17,pre_rope,207,0.004043335095047951
17,pre_rope,208,0.003945580217987299
17,pre_rope,209,0.003932314924895763
17,pre_rope,210,0.003913588356226683
17,pre_rope,211,0.0038724399637430906
17,pre_rope,212,0.003810009453445673
17,pre_rope,213,0.003749329363927245
17,pre_rope,214,0.003677221480756998
17,pre_rope,215,0.003667311742901802
17,pre_rope,216,0.0036489206831902266
17,pre_rope,217,0.003612648928537965
17,pre_rope,218,0.0035327814985066652
17,pre_rope,219,0.003504765685647726
17,pre_rope,220,0.003493288066238165
17,pre_rope,221,0.0034257546067237854
17,pre_rope,222,0.003375368658453226
17,pre_rope,223,0.0033689779229462147
17,pre_rope,224,0.003265627194195986
17,pre_rope,225,0.003244957188144326
17,pre_rope,226,0.0032168151810765266
17,pre_rope,227,0.0031928871758282185
17,pre_rope,228,0.003128904616460204
17,pre_rope,229,0.0030787051655352116
17,pre_rope,230,0.003034708322957158
17,pre_rope,231,0.003005511360242963
17,pre_rope,232,0.00297324126586318
17,pre_rope,233,0.002922560553997755
17,pre_rope,234,0.002826379844918847
17,pre_rope,235,0.0027737836353480816
17,pre_rope,236,0.0027375349309295416
17,pre_rope,237,0.00268641603179276
17,pre_rope,238,0.0026465265545994043
17,pre_rope,239,0.0025507397949695587
17,pre_rope,240,0.0025222250260412693
17,pre_rope,241,0.0024199620820581913
17,pre_rope,242,0.002339386148378253
17,pre_rope,243,0.002245563780888915
17,pre_rope,244,0.002154195448383689
17,pre_rope,245,0.0021314253099262714
17,pre_rope,246,0.0021030253265053034
17,pre_rope,247,0.002070560585707426
17,pre_rope,248,0.0019845019560307264
17,pre_rope,249,0.0019403650658205152
17,pre_rope,250,0.0018982002511620522
17,pre_rope,251,0.0018168364185839891
17,pre_rope,252,0.0017626626649871469
17,pre_rope,253,0.00163483084179461
17,pre_rope,254,0.001436654943972826
17,pre_rope,255,0.0012565931538119912
17,pre_rope,256,0.0010570080485194921
17,post_rope,1,1.0
17,post_rope,2,0.8136351108551025
17,post_rope,3,0.4609117805957794
17,post_rope,4,0.3475579619407654
17,post_rope,5,0.3367716670036316
17,post_rope,6,0.2811974287033081
17,post_rope,7,0.2598285973072052
17,post_rope,8,0.23732341825962067
17,post_rope,9,0.2355019599199295
17,post_rope,10,0.21978969871997833
17,post_rope,11,0.21373146772384644
17,post_rope,12,0.2013624757528305
17,post_rope,13,0.1995133012533188
17,post_rope,14,0.17371946573257446
17,post_rope,15,0.16628773510456085
17,post_rope,16,0.16202189028263092
17,post_rope,17,0.15906715393066406
17,post_rope,18,0.1423807591199875
17,post_rope,19,0.13975629210472107
17,post_rope,20,0.13747385144233704
17,post_rope,21,0.13709375262260437
17,post_rope,22,0.13656458258628845
17,post_rope,23,0.13563373684883118
17,post_rope,24,0.13404911756515503
17,post_rope,25,0.12864460051059723
17,post_rope,26,0.12785446643829346
17,post_rope,27,0.12612023949623108
17,post_rope,28,0.12457980215549469
17,post_rope,29,0.12291166931390762
17,post_rope,30,0.12019575387239456
17,post_rope,31,0.11732398718595505
17,post_rope,32,0.11690333485603333
17,post_rope,33,0.11638399958610535
17,post_rope,34,0.11501304060220718
17,post_rope,35,0.11352124810218811
17,post_rope,36,0.1122232973575592
17,post_rope,37,0.11138561367988586
17,post_rope,38,0.11071452498435974
17,post_rope,39,0.11015317589044571
17,post_rope,40,0.10992997139692307
17,post_rope,41,0.10803618282079697
17,post_rope,42,0.10648725181818008
17,post_rope,43,0.10525256395339966
17,post_rope,44,0.10105329751968384
17,post_rope,45,0.09302809089422226
17,post_rope,46,0.089955173432827
17,post_rope,47,0.08623795211315155
17,post_rope,48,0.08359886705875397
17,post_rope,49,0.08181270211935043
17,post_rope,50,0.0813756138086319
17,post_rope,51,0.07791829109191895
17,post_rope,52,0.07262443006038666
17,post_rope,53,0.07166822999715805
17,post_rope,54,0.07061956822872162
17,post_rope,55,0.06756728142499924
17,post_rope,56,0.0648684948682785
17,post_rope,57,0.06343469023704529
17,post_rope,58,0.06122962012887001
17,post_rope,59,0.0606643483042717
17,post_rope,60,0.05937560275197029
17,post_rope,61,0.05878027528524399
17,post_rope,62,0.0580519437789917
17,post_rope,63,0.05724344402551651
17,post_rope,64,0.05610927194356918
17,post_rope,65,0.054303497076034546
17,post_rope,66,0.05349788814783096
17,post_rope,67,0.052932847291231155
17,post_rope,68,0.05206974968314171
17,post_rope,69,0.051478661596775055
17,post_rope,70,0.05116520822048187
17,post_rope,71,0.05028624087572098
17,post_rope,72,0.05000825971364975
17,post_rope,73,0.04935695230960846
17,post_rope,74,0.0490092970430851
17,post_rope,75,0.04855194687843323
17,post_rope,76,0.048075053840875626
17,post_rope,77,0.047444913536310196
17,post_rope,78,0.04704324156045914
17,post_rope,79,0.04696022346615791
17,post_rope,80,0.046705782413482666
17,post_rope,81,0.04601406306028366
17,post_rope,82,0.04570072516798973
17,post_rope,83,0.04520762339234352
17,post_rope,84,0.0448053814470768
17,post_rope,85,0.044599663466215134
17,post_rope,86,0.04429766908288002
17,post_rope,87,0.04396088421344757
17,post_rope,88,0.043547190725803375
17,post_rope,89,0.04332798719406128
17,post_rope,90,0.04304239898920059
17,post_rope,91,0.042596545070409775
17,post_rope,92,0.042383018881082535
17,post_rope,93,0.042042482644319534
17,post_rope,94,0.04148341342806816
17,post_rope,95,0.04115251824259758
17,post_rope,96,0.04090084508061409
17,post_rope,97,0.04068644344806671
17,post_rope,98,0.04045535996556282
17,post_rope,99,0.04028432071208954
17,post_rope,100,0.039665549993515015
17,post_rope,101,0.03929798677563667
17,post_rope,102,0.038989197462797165
17,post_rope,103,0.038680851459503174
17,post_rope,104,0.03860058635473251
17,post_rope,105,0.0385480634868145
17,post_rope,106,0.03833872452378273
17,post_rope,107,0.03808034956455231
17,post_rope,108,0.0376727432012558
17,post_rope,109,0.03758399188518524
17,post_rope,110,0.03717619553208351
17,post_rope,111,0.03694858402013779
17,post_rope,112,0.0368732325732708
17,post_rope,113,0.03643670305609703
17,post_rope,114,0.036278773099184036
17,post_rope,115,0.036036208271980286
17,post_rope,116,0.03597741946578026
17,post_rope,117,0.03555053099989891
17,post_rope,118,0.03521811217069626
17,post_rope,119,0.03504391759634018
17,post_rope,120,0.03486243262887001
17,post_rope,121,0.03479320928454399
17,post_rope,122,0.03451884910464287
17,post_rope,123,0.03417850285768509
17,post_rope,124,0.034102264791727066
17,post_rope,125,0.03381295129656792
17,post_rope,126,0.03352699056267738
17,post_rope,127,0.03343299776315689
17,post_rope,128,0.03302043303847313
17,post_rope,129,0.03285997733473778
17,post_rope,130,0.03272496163845062
17,post_rope,131,0.03245816007256508
17,post_rope,132,0.03228253871202469
17,post_rope,133,0.03209685906767845
17,post_rope,134,0.03203591704368591
17,post_rope,135,0.031639572232961655
17,post_rope,136,0.031209688633680344
17,post_rope,137,0.031085528433322906
17,post_rope,138,0.030768336728215218
17,post_rope,139,0.030606580898165703
17,post_rope,140,0.03041403368115425
17,post_rope,141,0.03016991727054119
17,post_rope,142,0.0301494300365448
17,post_rope,143,0.029623765498399734
17,post_rope,144,0.02955791912972927
17,post_rope,145,0.029265502467751503
17,post_rope,146,0.02921968139708042
17,post_rope,147,0.02877778746187687
17,post_rope,148,0.02867206186056137
17,post_rope,149,0.02855364978313446
17,post_rope,150,0.028408611193299294
17,post_rope,151,0.028225544840097427
17,post_rope,152,0.027971025556325912
17,post_rope,153,0.027898117899894714
17,post_rope,154,0.027643466368317604
17,post_rope,155,0.027398928999900818
17,post_rope,156,0.027265243232250214
17,post_rope,157,0.02717525139451027
17,post_rope,158,0.027097173035144806
17,post_rope,159,0.026914341375231743
17,post_rope,160,0.026845771819353104
17,post_rope,161,0.02678471989929676
17,post_rope,162,0.026560265570878983
17,post_rope,163,0.026349922642111778
17,post_rope,164,0.026227734982967377
17,post_rope,165,0.02607891522347927
17,post_rope,166,0.025902556255459785
17,post_rope,167,0.025799017399549484
17,post_rope,168,0.025654394179582596
17,post_rope,169,0.02559460885822773
17,post_rope,170,0.025366878136992455
17,post_rope,171,0.025210969150066376
17,post_rope,172,0.02516534924507141
17,post_rope,173,0.02502385526895523
17,post_rope,174,0.024896366521716118
17,post_rope,175,0.024748794734477997
17,post_rope,176,0.024747725576162338
17,post_rope,177,0.024539384990930557
17,post_rope,178,0.024390246719121933
17,post_rope,179,0.024234740063548088
17,post_rope,180,0.024014100432395935
17,post_rope,181,0.02393985167145729
17,post_rope,182,0.02378164604306221
17,post_rope,183,0.02357427589595318
17,post_rope,184,0.02349245175719261
17,post_rope,185,0.02347159944474697
17,post_rope,186,0.023390427231788635
17,post_rope,187,0.023059910163283348
17,post_rope,188,0.022898167371749878
17,post_rope,189,0.022840123623609543
17,post_rope,190,0.022701110690832138
17,post_rope,191,0.022624045610427856
17,post_rope,192,0.02238733135163784
17,post_rope,193,0.02236664667725563
17,post_rope,194,0.022201484069228172
17,post_rope,195,0.021955039352178574
17,post_rope,196,0.021871939301490784
17,post_rope,197,0.021808834746479988
17,post_rope,198,0.021723618730902672
17,post_rope,199,0.021630285307765007
17,post_rope,200,0.021550655364990234
17,post_rope,201,0.021255547180771828
17,post_rope,202,0.02122390642762184
17,post_rope,203,0.021169429644942284
17,post_rope,204,0.020853698253631592
17,post_rope,205,0.020765341818332672
17,post_rope,206,0.020544281229376793
17,post_rope,207,0.02039719745516777
17,post_rope,208,0.020350370556116104
17,post_rope,209,0.020258311182260513
17,post_rope,210,0.02021179534494877
17,post_rope,211,0.020107874646782875
17,post_rope,212,0.019794175401329994
17,post_rope,213,0.019693080335855484
17,post_rope,214,0.019556917250156403
17,post_rope,215,0.019435318186879158
17,post_rope,216,0.01935037411749363
17,post_rope,217,0.019291721284389496
17,post_rope,218,0.01900581084191799
17,post_rope,219,0.01893012598156929
17,post_rope,220,0.01885487511754036
17,post_rope,221,0.018832135945558548
17,post_rope,222,0.01854740083217621
17,post_rope,223,0.018309257924556732
17,post_rope,224,0.018154246732592583
17,post_rope,225,0.018014321103692055
17,post_rope,226,0.01786763034760952
17,post_rope,227,0.01768750511109829
17,post_rope,228,0.017580218613147736
17,post_rope,229,0.017399856820702553
17,post_rope,230,0.01723947748541832
17,post_rope,231,0.017218712717294693
17,post_rope,232,0.01705358363687992
17,post_rope,233,0.01683112233877182
17,post_rope,234,0.016656313091516495
17,post_rope,235,0.01647915504872799
17,post_rope,236,0.016361955553293228
17,post_rope,237,0.016120830550789833
17,post_rope,238,0.01581163890659809
17,post_rope,239,0.015541665256023407
17,post_rope,240,0.015087044797837734
17,post_rope,241,0.014833146706223488
17,post_rope,242,0.014578673988580704
17,post_rope,243,0.014472956769168377
17,post_rope,244,0.01411389373242855
17,post_rope,245,0.013947488740086555
17,post_rope,246,0.013565762899816036
17,post_rope,247,0.013225439004600048
17,post_rope,248,0.012981393374502659
17,post_rope,249,0.012626753188669682
17,post_rope,250,0.011762143112719059
17,post_rope,251,0.01163341011852026
17,post_rope,252,0.011316852644085884
17,post_rope,253,0.011139173060655594
17,post_rope,254,0.010616588406264782
17,post_rope,255,0.009140622802078724
17,post_rope,256,0.008922246284782887
18,pre_rope,1,1.0
18,pre_rope,2,0.16865400969982147
18,pre_rope,3,0.14597104489803314
18,pre_rope,4,0.11462574452161789
18,pre_rope,5,0.10375257581472397
18,pre_rope,6,0.09893293678760529
18,pre_rope,7,0.09555529057979584
18,pre_rope,8,0.08793710917234421
18,pre_rope,9,0.08198875933885574
18,pre_rope,10,0.07493042200803757
18,pre_rope,11,0.07105250656604767
18,pre_rope,12,0.06534887105226517
18,pre_rope,13,0.062246374785900116
18,pre_rope,14,0.06002002954483032
18,pre_rope,15,0.058268118649721146
18,pre_rope,16,0.057297222316265106
18,pre_rope,17,0.05134226381778717
18,pre_rope,18,0.04889602214097977
18,pre_rope,19,0.047506824135780334
18,pre_rope,20,0.04710628464818001
18,pre_rope,21,0.042496196925640106
18,pre_rope,22,0.04234430938959122
18,pre_rope,23,0.04084041714668274
18,pre_rope,24,0.03790968656539917
18,pre_rope,25,0.03740997239947319
18,pre_rope,26,0.03565521538257599
18,pre_rope,27,0.03420621156692505
18,pre_rope,28,0.03268281742930412
18,pre_rope,29,0.03238113224506378
18,pre_rope,30,0.030329179018735886
18,pre_rope,31,0.029430067166686058
18,pre_rope,32,0.029272455722093582
18,pre_rope,33,0.028475571423768997
18,pre_rope,34,0.0275998804718256
18,pre_rope,35,0.027388742193579674
18,pre_rope,36,0.027103669941425323
18,pre_rope,37,0.02532363124191761
18,pre_rope,38,0.025187857449054718
18,pre_rope,39,0.024986807256937027
18,pre_rope,40,0.0246963519603014
18,pre_rope,41,0.0239401888102293
18,pre_rope,42,0.023523088544607162
18,pre_rope,43,0.02303527668118477
18,pre_rope,44,0.021939272060990334
18,pre_rope,45,0.021566463634371758
18,pre_rope,46,0.02140417881309986
18,pre_rope,47,0.02100035734474659
18,pre_rope,48,0.02079063653945923
18,pre_rope,49,0.020423782989382744
18,pre_rope,50,0.020273100584745407
18,pre_rope,51,0.019815335050225258
18,pre_rope,52,0.01914520561695099
18,pre_rope,53,0.018918408080935478
18,pre_rope,54,0.018721939995884895
18,pre_rope,55,0.01836281083524227
18,pre_rope,56,0.018133575096726418
18,pre_rope,57,0.017883535474538803
18,pre_rope,58,0.017769919708371162
18,pre_rope,59,0.017476363107562065
18,pre_rope,60,0.01721414551138878
18,pre_rope,61,0.016944272443652153
18,pre_rope,62,0.016535894945263863
18,pre_rope,63,0.016101740300655365
18,pre_rope,64,0.016005847603082657
18,pre_rope,65,0.015956683084368706
18,pre_rope,66,0.015622393228113651
18,pre_rope,67,0.015472574159502983
18,pre_rope,68,0.015422116965055466
18,pre_rope,69,0.015136413276195526
18,pre_rope,70,0.01500414777547121
18,pre_rope,71,0.014818861149251461
18,pre_rope,72,0.01460115984082222
18,pre_rope,73,0.014467866159975529
18,pre_rope,74,0.014411509037017822
18,pre_rope,75,0.014225387945771217
18,pre_rope,76,0.01402414869517088
18,pre_rope,77,0.013889632187783718
18,pre_rope,78,0.013803837820887566
18,pre_rope,79,0.013585615903139114
18,pre_rope,80,0.013228850439190865
18,pre_rope,81,0.013207107782363892
18,pre_rope,82,0.013003717176616192
18,pre_rope,83,0.012910843826830387
18,pre_rope,84,0.01276694517582655
18,pre_rope,85,0.012619603425264359
18,pre_rope,86,0.012398725375533104
18,pre_rope,87,0.012357556261122227
18,pre_rope,88,0.012073852121829987
18,pre_rope,89,0.01187726017087698
18,pre_rope,90,0.011857443489134312
18,pre_rope,91,0.011706208810210228
18,pre_rope,92,0.011554441414773464
18,pre_rope,93,0.011494748294353485
18,pre_rope,94,0.011387171223759651
18,pre_rope,95,0.011245764791965485
18,pre_rope,96,0.011104618199169636
18,pre_rope,97,0.010997523553669453
18,pre_rope,98,0.010867214761674404
18,pre_rope,99,0.01083467062562704
18,pre_rope,100,0.010774753987789154
18,pre_rope,101,0.010621297173202038
18,pre_rope,102,0.01043974794447422
18,pre_rope,103,0.010428952053189278
18,pre_rope,104,0.010379759594798088
18,pre_rope,105,0.010228044353425503
18,pre_rope,106,0.01014711894094944
18,pre_rope,107,0.009983791038393974
18,pre_rope,108,0.009874265640974045
18,pre_rope,109,0.00976563524454832
18,pre_rope,110,0.009641535580158234
18,pre_rope,111,0.009593707509338856
18,pre_rope,112,0.009476686827838421
18,pre_rope,113,0.009394675493240356
18,pre_rope,114,0.009335116483271122
18,pre_rope,115,0.009181304834783077
18,pre_rope,116,0.009095141664147377
18,pre_rope,117,0.00901928823441267
18,pre_rope,118,0.008935649879276752
18,pre_rope,119,0.008825384080410004
18,pre_rope,120,0.008724585175514221
18,pre_rope,121,0.00860583409667015
18,pre_rope,122,0.008521238341927528
18,pre_rope,123,0.008461561985313892
18,pre_rope,124,0.008419603109359741
18,pre_rope,125,0.008305766619741917
18,pre_rope,126,0.00828299019485712
18,pre_rope,127,0.008249582722783089
18,pre_rope,128,0.008132891729474068
18,pre_rope,129,0.008096196688711643
18,pre_rope,130,0.007947572506964207
18,pre_rope,131,0.007849480956792831
18,pre_rope,132,0.0078242477029562
18,pre_rope,133,0.0078010568395257
18,pre_rope,134,0.007646548096090555
18,pre_rope,135,0.007572581525892019
18,pre_rope,136,0.0075491927564144135
18,pre_rope,137,0.007457614876329899
18,pre_rope,138,0.007353940512984991
18,pre_rope,139,0.007327438332140446
18,pre_rope,140,0.007196171674877405
18,pre_rope,141,0.007178098428994417
18,pre_rope,142,0.007105423603206873
18,pre_rope,143,0.007063879165798426
18,pre_rope,144,0.006973444949835539
18,pre_rope,145,0.006932993419468403
18,pre_rope,146,0.006914216093719006
18,pre_rope,147,0.0068439398892223835
18,pre_rope,148,0.006783764809370041
18,pre_rope,149,0.006706081796437502
18,pre_rope,150,0.006662990432232618
18,pre_rope,151,0.006600711494684219
18,pre_rope,152,0.006590687204152346
18,pre_rope,153,0.0065321349538862705
18,pre_rope,154,0.006436116062104702
18,pre_rope,155,0.006405825726687908
18,pre_rope,156,0.006345350760966539
18,pre_rope,157,0.006286639254540205
18,pre_rope,158,0.006249737460166216
18,pre_rope,159,0.006242252420634031
18,pre_rope,160,0.006152369547635317
18,pre_rope,161,0.00605804892256856
18,pre_rope,162,0.006030721589922905
18,pre_rope,163,0.005998753011226654
18,pre_rope,164,0.0059713637456297874
18,pre_rope,165,0.0059026386588811874
18,pre_rope,166,0.005855688359588385
18,pre_rope,167,0.005816846154630184
18,pre_rope,168,0.005776435136795044
18,pre_rope,169,0.005716325715184212
18,pre_rope,170,0.005627111066132784
18,pre_rope,171,0.005608974490314722
18,pre_rope,172,0.005533644463866949
18,pre_rope,173,0.005467955954372883
18,pre_rope,174,0.005410721991211176
18,pre_rope,175,0.005395158194005489
18,pre_rope,176,0.005348170641809702
18,pre_rope,177,0.005314681679010391
18,pre_rope,178,0.005266435444355011
18,pre_rope,179,0.005228943657130003
18,pre_rope,180,0.00519568333402276
18,pre_rope,181,0.005144747905433178
18,pre_rope,182,0.005071250256150961
18,pre_rope,183,0.005023658741265535
18,pre_rope,184,0.005005177576094866
18,pre_rope,185,0.004980543628334999
18,pre_rope,186,0.004945277702063322
18,pre_rope,187,0.004909772425889969
18,pre_rope,188,0.004854475148022175
18,pre_rope,189,0.004803202114999294
18,pre_rope,190,0.004760050214827061
18,pre_rope,191,0.004699407611042261
18,pre_rope,192,0.004684654530137777
18,pre_rope,193,0.004653760697692633
18,pre_rope,194,0.0046116383746266365
18,pre_rope,195,0.004588604439049959
18,pre_rope,196,0.004502337891608477
18,pre_rope,197,0.00447121961042285
18,pre_rope,198,0.004416834097355604
18,pre_rope,199,0.004395756870508194
18,pre_rope,200,0.004351398907601833
18,pre_rope,201,0.00427514361217618
18,pre_rope,202,0.004241648595780134
18,pre_rope,203,0.004212366882711649
18,pre_rope,204,0.0041853380389511585
18,pre_rope,205,0.004095533862709999
18,pre_rope,206,0.0040858956053853035
18,pre_rope,207,0.004037338774651289
18,pre_rope,208,0.004018955864012241
18,pre_rope,209,0.003948461264371872
18,pre_rope,210,0.003930926788598299
18,pre_rope,211,0.003869986394420266
18,pre_rope,212,0.0038550521712750196
18,pre_rope,213,0.0038306487258523703
18,pre_rope,214,0.0037398666609078646
18,pre_rope,215,0.0037260428071022034
18,pre_rope,216,0.003662757109850645
18,pre_rope,217,0.00365738058462739
18,pre_rope,218,0.0036240229383111
18,pre_rope,219,0.0035678574349731207
18,pre_rope,220,0.0035047377459704876
18,pre_rope,221,0.003460314590483904
18,pre_rope,222,0.0034341311547905207
18,pre_rope,223,0.0033951580990105867
18,pre_rope,224,0.0033744501415640116
18,pre_rope,225,0.003332028165459633
18,pre_rope,226,0.003317722352221608
18,pre_rope,227,0.003262493060901761
18,pre_rope,228,0.003227856010198593
18,pre_rope,229,0.0031773352529853582
18,pre_rope,230,0.0031266799196600914
18,pre_rope,231,0.003096354892477393
18,pre_rope,232,0.003046151716262102
18,pre_rope,233,0.002995710587128997
18,pre_rope,234,0.002978484844788909
18,pre_rope,235,0.0029131905175745487
18,pre_rope,236,0.0028505618683993816
18,pre_rope,237,0.002798499306663871
18,pre_rope,238,0.002791005652397871
18,pre_rope,239,0.0027568568475544453
18,pre_rope,240,0.002702245721593499
18,pre_rope,241,0.0026622579898685217
18,pre_rope,242,0.0026465014088898897
18,pre_rope,243,0.0025653892662376165
18,pre_rope,244,0.002555207582190633
18,pre_rope,245,0.002516399137675762
18,pre_rope,246,0.0024617903400212526
18,pre_rope,247,0.0024008541367948055
18,pre_rope,248,0.002391363959759474
18,pre_rope,249,0.002323463559150696
18,pre_rope,250,0.0022502795327454805
18,pre_rope,251,0.00217106519266963
18,pre_rope,252,0.0021148398518562317
18,pre_rope,253,0.002028542570769787
18,pre_rope,254,0.001865874044597149
18,pre_rope,255,0.0013784579932689667
18,pre_rope,256,0.0011906083673238754
18,post_rope,1,1.0
18,post_rope,2,0.859017550945282
18,post_rope,3,0.5716131329536438
18,post_rope,4,0.35564395785331726
18,post_rope,5,0.3199688196182251
18,post_rope,6,0.31430885195732117
18,post_rope,7,0.2975611984729767
18,post_rope,8,0.2581801116466522
18,post_rope,9,0.2571144700050354
18,post_rope,10,0.24449463188648224
18,post_rope,11,0.2177896648645401
18,post_rope,12,0.21452650427818298
18,post_rope,13,0.20113706588745117
18,post_rope,14,0.1990705281496048
18,post_rope,15,0.19718648493289948
18,post_rope,16,0.19100618362426758
18,post_rope,17,0.17877931892871857
18,post_rope,18,0.17516808211803436
18,post_rope,19,0.17328545451164246
18,post_rope,20,0.1710347682237625
18,post_rope,21,0.17011326551437378
18,post_rope,22,0.16680510342121124
18,post_rope,23,0.1617494821548462
18,post_rope,24,0.15694807469844818
18,post_rope,25,0.1555282175540924
18,post_rope,26,0.15141989290714264
18,post_rope,27,0.148749440908432
18,post_rope,28,0.14647328853607178
18,post_rope,29,0.14421892166137695
18,post_rope,30,0.14351511001586914
18,post_rope,31,0.14212732017040253
18,post_rope,32,0.14053946733474731
18,post_rope,33,0.13851816952228546
18,post_rope,34,0.13706958293914795
18,post_rope,35,0.13613510131835938
18,post_rope,36,0.13423283398151398
18,post_rope,37,0.13140538334846497
18,post_rope,38,0.12930655479431152
18,post_rope,39,0.12537597119808197
18,post_rope,40,0.12361092120409012
18,post_rope,41,0.1199473887681961
18,post_rope,42,0.118719682097435
18,post_rope,43,0.11732082068920135
18,post_rope,44,0.11672881990671158
18,post_rope,45,0.11591752618551254
18,post_rope,46,0.11379051208496094
18,post_rope,47,0.11294016242027283
18,post_rope,48,0.1118258684873581
18,post_rope,49,0.10756493359804153
18,post_rope,50,0.10645057260990143
18,post_rope,51,0.10622189939022064
18,post_rope,52,0.10469681769609451
18,post_rope,53,0.09830118715763092
18,post_rope,54,0.09331096708774567
18,post_rope,55,0.08876648545265198
18,post_rope,56,0.08345837891101837
18,post_rope,57,0.07871260493993759
18,post_rope,58,0.07755884528160095
18,post_rope,59,0.07175761461257935
18,post_rope,60,0.07029057294130325
18,post_rope,61,0.06720226258039474
18,post_rope,62,0.06568188965320587
18,post_rope,63,0.06379041820764542
18,post_rope,64,0.06146024540066719
18,post_rope,65,0.06059066951274872
18,post_rope,66,0.06009558588266373
18,post_rope,67,0.05886989086866379
18,post_rope,68,0.05768295377492905
18,post_rope,69,0.057091664522886276
18,post_rope,70,0.055738262832164764
18,post_rope,71,0.055158719420433044
18,post_rope,72,0.05449696257710457
18,post_rope,73,0.05324148014187813
18,post_rope,74,0.05245301127433777
18,post_rope,75,0.05175171047449112
18,post_rope,76,0.050876542925834656
18,post_rope,77,0.050319015979766846
18,post_rope,78,0.04914453253149986
18,post_rope,79,0.04820562154054642
18,post_rope,80,0.047609489411115646
18,post_rope,81,0.047046009451150894
18,post_rope,82,0.04658925533294678
18,post_rope,83,0.045894473791122437
18,post_rope,84,0.045804984867572784
18,post_rope,85,0.0453043207526207
18,post_rope,86,0.044981200248003006
18,post_rope,87,0.04444592073559761
18,post_rope,88,0.043796148151159286
18,post_rope,89,0.04355660453438759
18,post_rope,90,0.043314263224601746
18,post_rope,91,0.04278288036584854
18,post_rope,92,0.04228124022483826
18,post_rope,93,0.042090486735105515
18,post_rope,94,0.041671160608530045
18,post_rope,95,0.04144328460097313
18,post_rope,96,0.04082611948251724
18,post_rope,97,0.040583230555057526
18,post_rope,98,0.04045219346880913
18,post_rope,99,0.0403742715716362
18,post_rope,100,0.04013548791408539
18,post_rope,101,0.03960002213716507
18,post_rope,102,0.03941222280263901
18,post_rope,103,0.03907637670636177
18,post_rope,104,0.03881553187966347
18,post_rope,105,0.03834141418337822
18,post_rope,106,0.03823670744895935
18,post_rope,107,0.03789352625608444
18,post_rope,108,0.03775683417916298
18,post_rope,109,0.03756260499358177
18,post_rope,110,0.037303660064935684
18,post_rope,111,0.03714415058493614
18,post_rope,112,0.03691836819052696
18,post_rope,113,0.036787062883377075
18,post_rope,114,0.03621045872569084
18,post_rope,115,0.036110032349824905
18,post_rope,116,0.03601763769984245
18,post_rope,117,0.03568128123879433
18,post_rope,118,0.035369452089071274
18,post_rope,119,0.035085950046777725
18,post_rope,120,0.034914255142211914
18,post_rope,121,0.03483732044696808
18,post_rope,122,0.03447112813591957
18,post_rope,123,0.03429644927382469
18,post_rope,124,0.03421206399798393
18,post_rope,125,0.033891573548316956
18,post_rope,126,0.03385978192090988
18,post_rope,127,0.0337747260928154
18,post_rope,128,0.03340901806950569
18,post_rope,129,0.03334113582968712
18,post_rope,130,0.03288527950644493
18,post_rope,131,0.03277203068137169
18,post_rope,132,0.03273164853453636
18,post_rope,133,0.032537300139665604
18,post_rope,134,0.03232118859887123
18,post_rope,135,0.032157909125089645
18,post_rope,136,0.032092876732349396
18,post_rope,137,0.03191957250237465
18,post_rope,138,0.03187501057982445
18,post_rope,139,0.03157975152134895
18,post_rope,140,0.031151384115219116
18,post_rope,141,0.03096800297498703
18,post_rope,142,0.03080410696566105
18,post_rope,143,0.03074336051940918
18,post_rope,144,0.03049568273127079
18,post_rope,145,0.03030972369015217
18,post_rope,146,0.03019488975405693
18,post_rope,147,0.029995644465088844
18,post_rope,148,0.02995998226106167
18,post_rope,149,0.02973378449678421
18,post_rope,150,0.02950900048017502
18,post_rope,151,0.029349517077207565
18,post_rope,152,0.029245585203170776
18,post_rope,153,0.029123330488801003
18,post_rope,154,0.02883446216583252
18,post_rope,155,0.028431415557861328
18,post_rope,156,0.028388462960720062
18,post_rope,157,0.028225494548678398
18,post_rope,158,0.028093582019209862
18,post_rope,159,0.02785417251288891
18,post_rope,160,0.027742579579353333
18,post_rope,161,0.027712350711226463
18,post_rope,162,0.027592681348323822
18,post_rope,163,0.027249010279774666
18,post_rope,164,0.0269793551415205
18,post_rope,165,0.02681678533554077
18,post_rope,166,0.02668442204594612
18,post_rope,167,0.02650441974401474
18,post_rope,168,0.026417352259159088
18,post_rope,169,0.026242319494485855
18,post_rope,170,0.026060529053211212
18,post_rope,171,0.025904251262545586
18,post_rope,172,0.025765467435121536
18,post_rope,173,0.025729212909936905
18,post_rope,174,0.02539023384451866
18,post_rope,175,0.025273354724049568
18,post_rope,176,0.02509990893304348
18,post_rope,177,0.02481832168996334
18,post_rope,178,0.024648714810609818
18,post_rope,179,0.024521568790078163
18,post_rope,180,0.024515366181731224
18,post_rope,181,0.024419521912932396
18,post_rope,182,0.024145420640707016
18,post_rope,183,0.023992590606212616
18,post_rope,184,0.023914510384202003
18,post_rope,185,0.023710127919912338
18,post_rope,186,0.02354619652032852
18,post_rope,187,0.023474885150790215
18,post_rope,188,0.023261642083525658
18,post_rope,189,0.02319217100739479
18,post_rope,190,0.02293447218835354
18,post_rope,191,0.022893166169524193
18,post_rope,192,0.022868841886520386
18,post_rope,193,0.022697625681757927
18,post_rope,194,0.022510075941681862
18,post_rope,195,0.022433854639530182
18,post_rope,196,0.022304527461528778
18,post_rope,197,0.022165387868881226
18,post_rope,198,0.022030597552657127
18,post_rope,199,0.021982023492455482
18,post_rope,200,0.0219061728566885
18,post_rope,201,0.021729422733187675
18,post_rope,202,0.02152564376592636
18,post_rope,203,0.021405087783932686
18,post_rope,204,0.021306106820702553
18,post_rope,205,0.021179314702749252
18,post_rope,206,0.020969362929463387
18,post_rope,207,0.020846005529165268
18,post_rope,208,0.02073913812637329
18,post_rope,209,0.020522093400359154
18,post_rope,210,0.020478837192058563
18,post_rope,211,0.020317526534199715
18,post_rope,212,0.020216405391693115
18,post_rope,213,0.020058536902070045
18,post_rope,214,0.019901078194379807
18,post_rope,215,0.01972927339375019
18,post_rope,216,0.019579103216528893
18,post_rope,217,0.019424786791205406
18,post_rope,218,0.019171524792909622
18,post_rope,219,0.01878776215016842
18,post_rope,220,0.018555020913481712
18,post_rope,221,0.01826167292892933
18,post_rope,222,0.018083052709698677
18,post_rope,223,0.017935579642653465
18,post_rope,224,0.01780502311885357
18,post_rope,225,0.01766207069158554
18,post_rope,226,0.017300916835665703
18,post_rope,227,0.01720302551984787
18,post_rope,228,0.017059074714779854
18,post_rope,229,0.01680067367851734
18,post_rope,230,0.016701115295290947
18,post_rope,231,0.016468046233057976
18,post_rope,232,0.01633610762655735
18,post_rope,233,0.016155032441020012
18,post_rope,234,0.015889499336481094
18,post_rope,235,0.01582019217312336
18,post_rope,236,0.01571354642510414
18,post_rope,237,0.015503766015172005
18,post_rope,238,0.015112579800188541
18,post_rope,239,0.0145421726629138
18,post_rope,240,0.014508873224258423
18,post_rope,241,0.014394889585673809
18,post_rope,242,0.01419895514845848
18,post_rope,243,0.01409598346799612
18,post_rope,244,0.013677992857992649
18,post_rope,245,0.013555186800658703
18,post_rope,246,0.013446108438074589
18,post_rope,247,0.013183788396418095
18,post_rope,248,0.012878620997071266
18,post_rope,249,0.012463976629078388
18,post_rope,250,0.011756823398172855
18,post_rope,251,0.010977266356348991
18,post_rope,252,0.010659854859113693
18,post_rope,253,0.010256539098918438
18,post_rope,254,0.009608253836631775
18,post_rope,255,0.008637109771370888
18,post_rope,256,0.007590576075017452
19,pre_rope,1,1.0
19,pre_rope,2,0.13320355117321014
19,pre_rope,3,0.10943182557821274
19,pre_rope,4,0.09399745613336563
19,pre_rope,5,0.087168850004673
19,pre_rope,6,0.0853348895907402
19,pre_rope,7,0.06673937290906906
19,pre_rope,8,0.06553474813699722
19,pre_rope,9,0.05958530679345131
19,pre_rope,10,0.05643033608794212
19,pre_rope,11,0.05200696736574173
19,pre_rope,12,0.04925746098160744
19,pre_rope,13,0.046130187809467316
19,pre_rope,14,0.0443270169198513
19,pre_rope,15,0.042761750519275665
19,pre_rope,16,0.04201318323612213
19,pre_rope,17,0.038510702550411224
19,pre_rope,18,0.037041500210762024
19,pre_rope,19,0.03425236791372299
19,pre_rope,20,0.034066274762153625
19,pre_rope,21,0.032817237079143524
19,pre_rope,22,0.0318278893828392
19,pre_rope,23,0.030461708083748817
19,pre_rope,24,0.029631562530994415
19,pre_rope,25,0.029548857361078262
19,pre_rope,26,0.0289105586707592
19,pre_rope,27,0.02824779599905014
19,pre_rope,28,0.027419449761509895
19,pre_rope,29,0.026760311797261238
19,pre_rope,30,0.02584999054670334
19,pre_rope,31,0.025270193815231323
19,pre_rope,32,0.024977529421448708
19,pre_rope,33,0.024440206587314606
19,pre_rope,34,0.02388787642121315
19,pre_rope,35,0.023654811084270477
19,pre_rope,36,0.023321567103266716
19,pre_rope,37,0.02275995910167694
19,pre_rope,38,0.022682219743728638
19,pre_rope,39,0.022031163796782494
19,pre_rope,40,0.02169407717883587
19,pre_rope,41,0.0214321818202734
19,pre_rope,42,0.02052966132760048
19,pre_rope,43,0.020265977829694748
19,pre_rope,44,0.020027562975883484
19,pre_rope,45,0.01968349888920784
19,pre_rope,46,0.0193751510232687
19,pre_rope,47,0.018947038799524307
19,pre_rope,48,0.01887470856308937
19,pre_rope,49,0.018645314499735832
19,pre_rope,50,0.018574895337224007
19,pre_rope,51,0.01809673197567463
19,pre_rope,52,0.017709506675601006
19,pre_rope,53,0.017508869990706444
19,pre_rope,54,0.017406495288014412
19,pre_rope,55,0.017262697219848633
19,pre_rope,56,0.0166682880371809
19,pre_rope,57,0.016559243202209473
19,pre_rope,58,0.016486190259456635
19,pre_rope,59,0.016246765851974487
19,pre_rope,60,0.015958096832036972
19,pre_rope,61,0.015910208225250244
19,pre_rope,62,0.015557563863694668
19,pre_rope,63,0.015327373519539833
19,pre_rope,64,0.015115179121494293
19,pre_rope,65,0.014989576302468777
19,pre_rope,66,0.014788365922868252
19,pre_rope,67,0.014641045592725277
19,pre_rope,68,0.014533177949488163
19,pre_rope,69,0.014466740190982819
19,pre_rope,70,0.014356194995343685
19,pre_rope,71,0.014235630631446838
19,pre_rope,72,0.014007357880473137
19,pre_rope,73,0.013910326175391674
19,pre_rope,74,0.013864300213754177
19,pre_rope,75,0.013585049659013748
19,pre_rope,76,0.01354545634239912
19,pre_rope,77,0.01332817506045103
19,pre_rope,78,0.013032287359237671
19,pre_rope,79,0.0129794180393219
19,pre_rope,80,0.012890311889350414
19,pre_rope,81,0.012660975567996502
19,pre_rope,82,0.012529067695140839
19,pre_rope,83,0.012429604306817055
19,pre_rope,84,0.012407164089381695
19,pre_rope,85,0.012299957685172558
19,pre_rope,86,0.012251646257936954
19,pre_rope,87,0.012114817276597023
19,pre_rope,88,0.012015252374112606
19,pre_rope,89,0.011839468963444233
19,pre_rope,90,0.01167367585003376
19,pre_rope,91,0.01161546353250742
19,pre_rope,92,0.01149195246398449
19,pre_rope,93,0.011426655575633049
19,pre_rope,94,0.011210372671484947
19,pre_rope,95,0.011183952912688255
19,pre_rope,96,0.010917218402028084
19,pre_rope,97,0.010863959789276123
19,pre_rope,98,0.010783353820443153
19,pre_rope,99,0.010731862857937813
19,pre_rope,100,0.010621218010783195
19,pre_rope,101,0.010549063794314861
19,pre_rope,102,0.010479656048119068
19,pre_rope,103,0.010351399891078472
19,pre_rope,104,0.010251839645206928
19,pre_rope,105,0.010127333924174309
19,pre_rope,106,0.010056260041892529
19,pre_rope,107,0.009993020445108414
19,pre_rope,108,0.00994772557169199
19,pre_rope,109,0.009883776307106018
19,pre_rope,110,0.009768377989530563
19,pre_rope,111,0.00963917188346386
19,pre_rope,112,0.009604531340301037
19,pre_rope,113,0.009585849940776825
19,pre_rope,114,0.009471269324421883
19,pre_rope,115,0.009426621720194817
19,pre_rope,116,0.009269939735531807
19,pre_rope,117,0.00910534244030714
19,pre_rope,118,0.00902620144188404
19,pre_rope,119,0.008976771496236324
19,pre_rope,120,0.00891197845339775
19,pre_rope,121,0.0088846730068326
19,pre_rope,122,0.00885990634560585
19,pre_rope,123,0.008726143278181553
19,pre_rope,124,0.008664791472256184
19,pre_rope,125,0.008637861348688602
19,pre_rope,126,0.008539069443941116
19,pre_rope,127,0.008470104075968266
19,pre_rope,128,0.008400321938097477
19,pre_rope,129,0.008379281498491764
19,pre_rope,130,0.008314263075590134
19,pre_rope,131,0.008253810927271843
19,pre_rope,132,0.008170927874743938
19,pre_rope,133,0.008137121796607971
19,pre_rope,134,0.008062772452831268
19,pre_rope,135,0.007931172847747803
19,pre_rope,136,0.007863479666411877
19,pre_rope,137,0.007811971008777618
19,pre_rope,138,0.007723074406385422
19,pre_rope,139,0.0076739601790905
19,pre_rope,140,0.007593305315822363
19,pre_rope,141,0.007518669590353966
19,pre_rope,142,0.007446022238582373
19,pre_rope,143,0.00742369657382369
19,pre_rope,144,0.0073774149641394615
19,pre_rope,145,0.007291718386113644
19,pre_rope,146,0.007267599925398827
19,pre_rope,147,0.007196441292762756
19,pre_rope,148,0.007116743829101324
19,pre_rope,149,0.007082743104547262
19,pre_rope,150,0.007056551985442638
19,pre_rope,151,0.006972578354179859
19,pre_rope,152,0.006945998873561621
19,pre_rope,153,0.006845204625278711
19,pre_rope,154,0.006815203465521336
19,pre_rope,155,0.00677957059815526
19,pre_rope,156,0.006744906306266785
19,pre_rope,157,0.006710362620651722
19,pre_rope,158,0.006622594315558672
19,pre_rope,159,0.006530896294862032
19,pre_rope,160,0.006502770818769932
19,pre_rope,161,0.006462400779128075
19,pre_rope,162,0.006450691260397434
19,pre_rope,163,0.006389989517629147
19,pre_rope,164,0.006330900825560093
19,pre_rope,165,0.006273061502724886
19,pre_rope,166,0.00624553207308054
19,pre_rope,167,0.006162700708955526
19,pre_rope,168,0.006143499631434679
19,pre_rope,169,0.006013455800712109
19,pre_rope,170,0.005984166637063026
19,pre_rope,171,0.005926032084971666
19,pre_rope,172,0.005885244347155094
19,pre_rope,173,0.005852243863046169
19,pre_rope,174,0.005832183174788952
19,pre_rope,175,0.005737505853176117
19,pre_rope,176,0.005683458410203457
19,pre_rope,177,0.005644901189953089
19,pre_rope,178,0.005626571364700794
19,pre_rope,179,0.005592279601842165
19,pre_rope,180,0.005510851740837097
19,pre_rope,181,0.005482773762196302
19,pre_rope,182,0.005458854138851166
19,pre_rope,183,0.005379498470574617
19,pre_rope,184,0.005328322760760784
19,pre_rope,185,0.005287899170070887
19,pre_rope,186,0.005218516103923321
19,pre_rope,187,0.005204389803111553
19,pre_rope,188,0.005173832178115845
19,pre_rope,189,0.00514679029583931
19,pre_rope,190,0.005100310314446688
19,pre_rope,191,0.005071050953119993
19,pre_rope,192,0.004960381891578436
19,pre_rope,193,0.004931597039103508
19,pre_rope,194,0.004907438065856695
19,pre_rope,195,0.004873442929238081
19,pre_rope,196,0.004844860639423132
19,pre_rope,197,0.0047809355892241
19,pre_rope,198,0.0047181290574371815
19,pre_rope,199,0.004702653270214796
19,pre_rope,200,0.0046906303614377975
19,pre_rope,201,0.0045927646569907665
19,pre_rope,202,0.004569494165480137
19,pre_rope,203,0.004516168497502804
19,pre_rope,204,0.004474905785173178
19,pre_rope,205,0.004436866380274296
19,pre_rope,206,0.004378916695713997
19,pre_rope,207,0.004320809151977301
19,pre_rope,208,0.00428382633253932
19,pre_rope,209,0.004257600754499435
19,pre_rope,210,0.004210717044770718
19,pre_rope,211,0.004149560816586018
19,pre_rope,212,0.004112815484404564
19,pre_rope,213,0.004093891009688377
19,pre_rope,214,0.004053693264722824
19,pre_rope,215,0.004026200156658888
19,pre_rope,216,0.003968903794884682
19,pre_rope,217,0.003892512759193778
19,pre_rope,218,0.003876406466588378
19,pre_rope,219,0.003865024307742715
19,pre_rope,220,0.0038141286931931973
19,pre_rope,221,0.0038132243789732456
19,pre_rope,222,0.0037542858626693487
19,pre_rope,223,0.0036840797401964664
19,pre_rope,224,0.003647061064839363
19,pre_rope,225,0.0036291996948421
19,pre_rope,226,0.0035769359674304724
19,pre_rope,227,0.0035467275884002447
19,pre_rope,228,0.0035137603990733624
19,pre_rope,229,0.0033909152261912823
19,pre_rope,230,0.003344837808981538
19,pre_rope,231,0.0033166503999382257
19,pre_rope,232,0.0032784268260002136
19,pre_rope,233,0.0032315156422555447
19,pre_rope,234,0.003180612111464143
19,pre_rope,235,0.0031576603651046753
19,pre_rope,236,0.003113239072263241
19,pre_rope,237,0.0031019116286188364
19,pre_rope,238,0.0030314226169139147
19,pre_rope,239,0.0030201717745512724
19,pre_rope,240,0.0029750794637948275
19,pre_rope,241,0.002890822244808078
19,pre_rope,242,0.0028358527924865484
19,pre_rope,243,0.0027474998496472836
19,pre_rope,244,0.0027013802900910378
19,pre_rope,245,0.0026581541169434786
19,pre_rope,246,0.0025766289327293634
19,pre_rope,247,0.0024750123266130686
19,pre_rope,248,0.0024575823917984962
19,pre_rope,249,0.0024105357006192207
19,pre_rope,250,0.0023654012475162745
19,pre_rope,251,0.0022546437103301287
19,pre_rope,252,0.0021330658346414566
19,pre_rope,253,0.002039073733612895
19,pre_rope,254,0.0012612731661647558
19,pre_rope,255,0.0011641941964626312
19,pre_rope,256,0.0008468632004223764
19,post_rope,1,1.0
19,post_rope,2,0.7295897603034973
19,post_rope,3,0.3869466483592987
19,post_rope,4,0.29795965552330017
19,post_rope,5,0.2624414563179016
19,post_rope,6,0.23781269788742065
19,post_rope,7,0.22318227589130402
19,post_rope,8,0.20013587176799774
19,post_rope,9,0.19957970082759857
19,post_rope,10,0.18761232495307922
19,post_rope,11,0.18390394747257233
19,post_rope,12,0.16420088708400726
19,post_rope,13,0.16130132973194122
19,post_rope,14,0.15993879735469818
19,post_rope,15,0.15950684249401093
19,post_rope,16,0.15914492309093475
19,post_rope,17,0.15758377313613892
19,post_rope,18,0.1470918357372284
19,post_rope,19,0.1464516520500183
19,post_rope,20,0.14615443348884583
19,post_rope,21,0.14549855887889862
19,post_rope,22,0.14521153271198273
19,post_rope,23,0.14393840730190277
19,post_rope,24,0.1428872048854828
19,post_rope,25,0.14247015118598938
19,post_rope,26,0.14219185709953308
19,post_rope,27,0.14157430827617645
19,post_rope,28,0.14139698445796967
19,post_rope,29,0.1403118073940277
19,post_rope,30,0.13863056898117065
19,post_rope,31,0.13148832321166992
19,post_rope,32,0.13088813424110413
19,post_rope,33,0.11898259073495865
19,post_rope,34,0.11717303097248077
19,post_rope,35,0.11461324244737625
19,post_rope,36,0.11171916872262955
19,post_rope,37,0.11110097914934158
19,post_rope,38,0.09836430102586746
19,post_rope,39,0.09522344917058945
19,post_rope,40,0.09283892810344696
19,post_rope,41,0.09126107394695282
19,post_rope,42,0.09088323265314102
19,post_rope,43,0.0880926102399826
19,post_rope,44,0.08798462152481079
19,post_rope,45,0.08074554800987244
19,post_rope,46,0.0754997730255127
19,post_rope,47,0.07211534678936005
19,post_rope,48,0.06676816195249557
19,post_rope,49,0.06471607834100723
19,post_rope,50,0.06436292827129364
19,post_rope,51,0.06155915558338165
19,post_rope,52,0.05875241756439209
19,post_rope,53,0.056902118027210236
19,post_rope,54,0.05569901689887047
19,post_rope,55,0.05257291719317436
19,post_rope,56,0.05104144662618637
19,post_rope,57,0.049200866371393204
19,post_rope,58,0.04855857044458389
19,post_rope,59,0.04767635092139244
19,post_rope,60,0.04722888767719269
19,post_rope,61,0.04618123546242714
19,post_rope,62,0.0458407923579216
19,post_rope,63,0.044875580817461014
19,post_rope,64,0.04467760771512985
19,post_rope,65,0.044222816824913025
19,post_rope,66,0.04335261136293411
19,post_rope,67,0.04317518696188927
19,post_rope,68,0.0426253043115139
19,post_rope,69,0.042301323264837265
19,post_rope,70,0.04209595173597336
19,post_rope,71,0.04175329580903053
19,post_rope,72,0.041313353925943375
19,post_rope,73,0.040738705545663834
19,post_rope,74,0.04073150455951691
19,post_rope,75,0.04038133844733238
19,post_rope,76,0.04011427238583565
19,post_rope,77,0.03992597386240959
19,post_rope,78,0.039594054222106934
19,post_rope,79,0.03939271345734596
19,post_rope,80,0.03915644809603691
19,post_rope,81,0.038742147386074066
19,post_rope,82,0.038501959294080734
19,post_rope,83,0.03816840797662735
19,post_rope,84,0.03808330371975899
19,post_rope,85,0.03774408623576164
19,post_rope,86,0.037392616271972656
19,post_rope,87,0.03722912445664406
19,post_rope,88,0.03709252178668976
19,post_rope,89,0.03663228079676628
19,post_rope,90,0.0361923910677433
19,post_rope,91,0.03605677932500839
19,post_rope,92,0.03572973608970642
19,post_rope,93,0.03543633222579956
19,post_rope,94,0.035137470811605453
19,post_rope,95,0.03496314212679863
19,post_rope,96,0.03482569009065628
19,post_rope,97,0.03455880284309387
19,post_rope,98,0.03413892537355423
19,post_rope,99,0.0338546559214592
19,post_rope,100,0.03372669592499733
19,post_rope,101,0.033393342047929764
19,post_rope,102,0.03329635411500931
19,post_rope,103,0.033003102988004684
19,post_rope,104,0.03294622153043747
19,post_rope,105,0.0326736718416214
19,post_rope,106,0.03250395506620407
19,post_rope,107,0.03234271705150604
19,post_rope,108,0.03203986957669258
19,post_rope,109,0.03186650946736336
19,post_rope,110,0.03155318275094032
19,post_rope,111,0.031412214040756226
19,post_rope,112,0.03113715536892414
19,post_rope,113,0.03088151477277279
19,post_rope,114,0.030661726370453835
19,post_rope,115,0.03058481216430664
19,post_rope,116,0.03048119693994522
19,post_rope,117,0.030205296352505684
19,post_rope,118,0.03003290481865406
19,post_rope,119,0.029651550576090813
19,post_rope,120,0.029632244259119034
19,post_rope,121,0.029436282813549042
19,post_rope,122,0.029331957921385765
19,post_rope,123,0.028981713578104973
19,post_rope,124,0.028927287086844444
19,post_rope,125,0.028619833290576935
19,post_rope,126,0.028480255976319313
19,post_rope,127,0.028355328366160393
19,post_rope,128,0.028192777186632156
19,post_rope,129,0.028093017637729645
19,post_rope,130,0.027875613421201706
19,post_rope,131,0.027791297063231468
19,post_rope,132,0.0275174118578434
19,post_rope,133,0.027208339422941208
19,post_rope,134,0.02714250609278679
19,post_rope,135,0.027012979611754417
19,post_rope,136,0.02681179903447628
19,post_rope,137,0.026761718094348907
19,post_rope,138,0.026562944054603577
19,post_rope,139,0.02641472965478897
19,post_rope,140,0.026379592716693878
19,post_rope,141,0.02606218121945858
19,post_rope,142,0.025945916771888733
19,post_rope,143,0.02590923011302948
19,post_rope,144,0.02585478685796261
19,post_rope,145,0.025551997125148773
19,post_rope,146,0.025422776117920876
19,post_rope,147,0.02513822540640831
19,post_rope,148,0.024988016113638878
19,post_rope,149,0.024966150522232056
19,post_rope,150,0.02478477917611599
19,post_rope,151,0.024728775024414062
19,post_rope,152,0.024515481665730476
19,post_rope,153,0.024374714121222496
19,post_rope,154,0.024233942851424217
19,post_rope,155,0.024037960916757584
19,post_rope,156,0.02398545853793621
19,post_rope,157,0.023902684450149536
19,post_rope,158,0.023770147934556007
19,post_rope,159,0.023689402267336845
19,post_rope,160,0.023603755980730057
19,post_rope,161,0.02354295179247856
19,post_rope,162,0.02337055839598179
19,post_rope,163,0.02329917624592781
19,post_rope,164,0.02326718159019947
19,post_rope,165,0.023166989907622337
19,post_rope,166,0.023042988032102585
19,post_rope,167,0.02287157066166401
19,post_rope,168,0.022768264636397362
19,post_rope,169,0.02267150767147541
19,post_rope,170,0.02251669578254223
19,post_rope,171,0.022492868825793266
19,post_rope,172,0.022292710840702057
19,post_rope,173,0.022192347794771194
19,post_rope,174,0.022178661078214645
19,post_rope,175,0.02196592278778553
19,post_rope,176,0.021839924156665802
19,post_rope,177,0.02179962955415249
19,post_rope,178,0.021674804389476776
19,post_rope,179,0.021463703364133835
19,post_rope,180,0.021380910649895668
19,post_rope,181,0.02129020169377327
19,post_rope,182,0.02115168794989586
19,post_rope,183,0.021057356148958206
19,post_rope,184,0.020979944616556168
19,post_rope,185,0.020918481051921844
19,post_rope,186,0.020672669634222984
19,post_rope,187,0.02057868242263794
19,post_rope,188,0.020512711256742477
19,post_rope,189,0.020370742306113243
19,post_rope,190,0.020248588174581528
19,post_rope,191,0.020169571042060852
19,post_rope,192,0.020110908895730972
19,post_rope,193,0.019997453317046165
19,post_rope,194,0.019919853657484055
19,post_rope,195,0.019907306879758835
19,post_rope,196,0.01973574236035347
19,post_rope,197,0.01957964152097702
19,post_rope,198,0.019544268026947975
19,post_rope,199,0.01947552151978016
19,post_rope,200,0.019396141171455383
19,post_rope,201,0.01922244019806385
19,post_rope,202,0.019145185127854347
19,post_rope,203,0.019004110246896744
19,post_rope,204,0.01880713365972042
19,post_rope,205,0.018730588257312775
19,post_rope,206,0.018587812781333923
19,post_rope,207,0.018472064286470413
19,post_rope,208,0.018399303779006004
19,post_rope,209,0.01823272742331028
19,post_rope,210,0.018222855404019356
19,post_rope,211,0.018146231770515442
19,post_rope,212,0.018028203397989273
19,post_rope,213,0.01781487464904785
19,post_rope,214,0.017741935327649117
19,post_rope,215,0.01764288730919361
19,post_rope,216,0.017390213906764984
19,post_rope,217,0.01722104661166668
19,post_rope,218,0.017038151621818542
19,post_rope,219,0.016981475055217743
19,post_rope,220,0.016948044300079346
19,post_rope,221,0.016742020845413208
19,post_rope,222,0.016674477607011795
19,post_rope,223,0.01626455970108509
19,post_rope,224,0.016185911372303963
19,post_rope,225,0.016079433262348175
19,post_rope,226,0.015914777293801308
19,post_rope,227,0.01572706364095211
19,post_rope,228,0.01563948765397072
19,post_rope,229,0.015386566519737244
19,post_rope,230,0.015138756483793259
19,post_rope,231,0.015045634470880032
19,post_rope,232,0.01498944777995348
19,post_rope,233,0.014934662729501724
19,post_rope,234,0.01462623756378889
19,post_rope,235,0.01447645016014576
19,post_rope,236,0.014192912727594376
19,post_rope,237,0.014056319370865822
19,post_rope,238,0.014012602157890797
19,post_rope,239,0.013838023878633976
19,post_rope,240,0.013751829974353313
19,post_rope,241,0.0134928859770298
19,post_rope,242,0.013206747360527515
19,post_rope,243,0.013055426068603992
19,post_rope,244,0.01280371006578207
19,post_rope,245,0.01271013543009758
19,post_rope,246,0.012537258677184582
19,post_rope,247,0.01242036372423172
19,post_rope,248,0.012341264635324478
19,post_rope,249,0.012079508043825626
19,post_rope,250,0.011751378886401653
19,post_rope,251,0.011411502957344055
19,post_rope,252,0.011328643187880516
19,post_rope,253,0.010858665220439434
19,post_rope,254,0.010494321584701538
19,post_rope,255,0.009884299710392952
19,post_rope,256,0.009556969627737999
20,pre_rope,1,1.0
20,pre_rope,2,0.15391305088996887
20,pre_rope,3,0.11031362414360046
20,pre_rope,4,0.10203041881322861
20,pre_rope,5,0.09611115604639053
20,pre_rope,6,0.0928368791937828
20,pre_rope,7,0.09056340903043747
20,pre_rope,8,0.08183882385492325
20,pre_rope,9,0.07457628846168518
20,pre_rope,10,0.07238320261240005
20,pre_rope,11,0.06668555736541748
20,pre_rope,12,0.06032779812812805
20,pre_rope,13,0.054083202034235
20,pre_rope,14,0.05329860374331474
20,pre_rope,15,0.05179278180003166
20,pre_rope,16,0.04862837865948677
20,pre_rope,17,0.04706826061010361
20,pre_rope,18,0.04343733564019203
20,pre_rope,19,0.04184046387672424
20,pre_rope,20,0.03919047489762306
20,pre_rope,21,0.03803949058055878
20,pre_rope,22,0.03603679686784744
20,pre_rope,23,0.03528285771608353
20,pre_rope,24,0.03306317701935768
20,pre_rope,25,0.03243404999375343
20,pre_rope,26,0.03168061748147011
20,pre_rope,27,0.03115622140467167
20,pre_rope,28,0.03036908060312271
20,pre_rope,29,0.029654935002326965
20,pre_rope,30,0.029088368639349937
20,pre_rope,31,0.028079422190785408
20,pre_rope,32,0.027028964832425117
20,pre_rope,33,0.026946429163217545
20,pre_rope,34,0.02647472359240055
20,pre_rope,35,0.026066439226269722
20,pre_rope,36,0.025499053299427032
20,pre_rope,37,0.025068001821637154
20,pre_rope,38,0.023815425112843513
20,pre_rope,39,0.023597072809934616
20,pre_rope,40,0.023283440619707108
20,pre_rope,41,0.02293083444237709
20,pre_rope,42,0.022331250831484795
20,pre_rope,43,0.02219851128757
20,pre_rope,44,0.02193620428442955
20,pre_rope,45,0.02114872820675373
20,pre_rope,46,0.020887814462184906
20,pre_rope,47,0.0206865593791008
20,pre_rope,48,0.020000478252768517
20,pre_rope,49,0.01986987330019474
20,pre_rope,50,0.01928919181227684
20,pre_rope,51,0.019171589985489845
20,pre_rope,52,0.0189259834587574
20,pre_rope,53,0.01874690316617489
20,pre_rope,54,0.018553078174591064
20,pre_rope,55,0.018131334334611893
20,pre_rope,56,0.018077729269862175
20,pre_rope,57,0.01776820607483387
20,pre_rope,58,0.017430050298571587
20,pre_rope,59,0.017248623073101044
20,pre_rope,60,0.017044037580490112
20,pre_rope,61,0.01681746356189251
20,pre_rope,62,0.016607489436864853
20,pre_rope,63,0.016329990699887276
20,pre_rope,64,0.01620887592434883
20,pre_rope,65,0.016165653243660927
20,pre_rope,66,0.015625014901161194
20,pre_rope,67,0.015487313270568848
20,pre_rope,68,0.015156548470258713
20,pre_rope,69,0.015020100399851799
20,pre_rope,70,0.014657328836619854
20,pre_rope,71,0.014644206501543522
20,pre_rope,72,0.01443703193217516
20,pre_rope,73,0.014259089715778828
20,pre_rope,74,0.014078306965529919
20,pre_rope,75,0.01382131315767765
20,pre_rope,76,0.01376293133944273
20,pre_rope,77,0.013331674039363861
20,pre_rope,78,0.013188835233449936
20,pre_rope,79,0.013178970664739609
20,pre_rope,80,0.012937950901687145
20,pre_rope,81,0.012740246020257473
20,pre_rope,82,0.012569657526910305
20,pre_rope,83,0.012518556788563728
20,pre_rope,84,0.012362760491669178
20,pre_rope,85,0.012263959273695946
20,pre_rope,86,0.012022296898066998
20,pre_rope,87,0.011701518669724464
20,pre_rope,88,0.011666045524179935
20,pre_rope,89,0.011577614583075047
20,pre_rope,90,0.011475169099867344
20,pre_rope,91,0.01131283026188612
20,pre_rope,92,0.011239150539040565
20,pre_rope,93,0.011144904419779778
20,pre_rope,94,0.011062977835536003
20,pre_rope,95,0.010923514142632484
20,pre_rope,96,0.010804200544953346
20,pre_rope,97,0.010725154541432858
20,pre_rope,98,0.010510382242500782
20,pre_rope,99,0.010470084846019745
20,pre_rope,100,0.010378271341323853
20,pre_rope,101,0.010154667310416698
20,pre_rope,102,0.010067516937851906
20,pre_rope,103,0.009945852681994438
20,pre_rope,104,0.00980374589562416
20,pre_rope,105,0.009754082188010216
20,pre_rope,106,0.009569547139108181
20,pre_rope,107,0.00954202376306057
20,pre_rope,108,0.00948416069149971
20,pre_rope,109,0.009402850642800331
20,pre_rope,110,0.009321963414549828
20,pre_rope,111,0.009172854013741016
20,pre_rope,112,0.009086987003684044
20,pre_rope,113,0.008907100185751915
20,pre_rope,114,0.008885953575372696
20,pre_rope,115,0.008673746138811111
20,pre_rope,116,0.008609884418547153
20,pre_rope,117,0.008489918895065784
20,pre_rope,118,0.008292820304632187
20,pre_rope,119,0.008235272020101547
20,pre_rope,120,0.00820363499224186
20,pre_rope,121,0.008125994354486465
20,pre_rope,122,0.008056048303842545
20,pre_rope,123,0.007910290732979774
20,pre_rope,124,0.007883669808506966
20,pre_rope,125,0.0077432626858353615
20,pre_rope,126,0.007693550083786249
20,pre_rope,127,0.007588779088109732
20,pre_rope,128,0.0075004915706813335
20,pre_rope,129,0.0074235317297279835
20,pre_rope,130,0.007360999938100576
20,pre_rope,131,0.00730102090165019
20,pre_rope,132,0.007207098882645369
20,pre_rope,133,0.0071220058016479015
20,pre_rope,134,0.007018653210252523
20,pre_rope,135,0.006917507853358984
20,pre_rope,136,0.0068817660212516785
20,pre_rope,137,0.006786801852285862
20,pre_rope,138,0.00671466626226902
20,pre_rope,139,0.00665847584605217
20,pre_rope,140,0.006496792193502188
20,pre_rope,141,0.006465436425060034
20,pre_rope,142,0.006431885529309511
20,pre_rope,143,0.0064195552840828896
20,pre_rope,144,0.006342255976051092
20,pre_rope,145,0.006265816744416952
20,pre_rope,146,0.006176413968205452
20,pre_rope,147,0.006153389811515808
20,pre_rope,148,0.0060612973757088184
20,pre_rope,149,0.006041290238499641
20,pre_rope,150,0.005904253106564283
20,pre_rope,151,0.005858353804796934
20,pre_rope,152,0.005810919683426619
20,pre_rope,153,0.0057243169285357
20,pre_rope,154,0.005639292299747467
20,pre_rope,155,0.00562565540894866
20,pre_rope,156,0.005559976678341627
20,pre_rope,157,0.005471866577863693
20,pre_rope,158,0.005434249993413687
20,pre_rope,159,0.005371239501982927
20,pre_rope,160,0.005227344576269388
20,pre_rope,161,0.005179709289222956
20,pre_rope,162,0.005128407385200262
20,pre_rope,163,0.005074490327388048
20,pre_rope,164,0.0049901604652404785
20,pre_rope,165,0.004963419865816832
20,pre_rope,166,0.004856223706156015
20,pre_rope,167,0.0048352694138884544
20,pre_rope,168,0.004810953047126532
20,pre_rope,169,0.004633920267224312
20,pre_rope,170,0.004586559254676104
20,pre_rope,171,0.004518217407166958
20,pre_rope,172,0.004462948068976402
20,pre_rope,173,0.004421669989824295
20,pre_rope,174,0.004378192126750946
20,pre_rope,175,0.00430269306525588
20,pre_rope,176,0.004253644496202469
20,pre_rope,177,0.004241910297423601
20,pre_rope,178,0.004180306103080511
20,pre_rope,179,0.004142445046454668
20,pre_rope,180,0.004112526308745146
20,pre_rope,181,0.004064248409122229
20,pre_rope,182,0.003993270453065634
20,pre_rope,183,0.003962166607379913
20,pre_rope,184,0.003826745320111513
20,pre_rope,185,0.00380398565903306
20,pre_rope,186,0.0037232546601444483
20,pre_rope,187,0.003679670626297593
20,pre_rope,188,0.0036480987910181284
20,pre_rope,189,0.0036218147724866867
20,pre_rope,190,0.003554218215867877
20,pre_rope,191,0.003518260782584548
20,pre_rope,192,0.003477812511846423
20,pre_rope,193,0.0034269036259502172
20,pre_rope,194,0.003377317450940609
20,pre_rope,195,0.003314225235953927
20,pre_rope,196,0.0032957522198557854
20,pre_rope,197,0.0032210759818553925
20,pre_rope,198,0.003184680361300707
20,pre_rope,199,0.003071258310228586
20,pre_rope,200,0.003043671604245901
20,pre_rope,201,0.00296971807256341
20,pre_rope,202,0.00294240633957088
20,pre_rope,203,0.002882760250940919
20,pre_rope,204,0.0028428651858121157
20,pre_rope,205,0.002776825102046132
20,pre_rope,206,0.0027649838011711836
20,pre_rope,207,0.002695437055081129
20,pre_rope,208,0.0026080121751874685
20,pre_rope,209,0.002574053592979908
20,pre_rope,210,0.0024915209505707026
20,pre_rope,211,0.002426867838948965
20,pre_rope,212,0.0023488816805183887
20,pre_rope,213,0.002277614315971732
20,pre_rope,214,0.002249162644147873
20,pre_rope,215,0.0021672991570085287
20,pre_rope,216,0.0021203455980867147
20,pre_rope,217,0.002044211607426405
20,pre_rope,218,0.0020010860171169043
20,pre_rope,219,0.00196569855324924
20,pre_rope,220,0.0019259636756032705
20,pre_rope,221,0.0018665771931409836
20,pre_rope,222,0.0018259616335853934
20,pre_rope,223,0.0017850113799795508
20,pre_rope,224,0.0017344376537948847
20,pre_rope,225,0.0016950952121987939
20,pre_rope,226,0.0016250654589384794
20,pre_rope,227,0.0015860407147556543
20,pre_rope,228,0.001555703580379486
20,pre_rope,229,0.001502963830716908
20,pre_rope,230,0.0014661485329270363
20,pre_rope,231,0.0014079120010137558
20,pre_rope,232,0.0013522208901122212
20,pre_rope,233,0.0012873206287622452
20,pre_rope,234,0.0012303785188123584
20,pre_rope,235,0.0012014164822176099
20,pre_rope,236,0.0011503627756610513
20,pre_rope,237,0.001145929447375238
20,pre_rope,238,0.001069654943421483
20,pre_rope,239,0.000996242742985487
20,pre_rope,240,0.0009884722530841827
20,pre_rope,241,0.000934337847866118
20,pre_rope,242,0.0009037862182594836
20,pre_rope,243,0.000888134993147105
20,pre_rope,244,0.0008500461699441075
20,pre_rope,245,0.0008317323517985642
20,pre_rope,246,0.0008183319005183876
20,pre_rope,247,0.0008062190026976168
20,pre_rope,248,0.0007912301807664335
20,pre_rope,249,0.0007731507648713887
20,pre_rope,250,0.0007399782189168036
20,pre_rope,251,0.000734359840862453
20,pre_rope,252,0.0007208589231595397
20,pre_rope,253,0.000705306651070714
20,pre_rope,254,0.0006809805054217577
20,pre_rope,255,0.0006702616810798645
20,pre_rope,256,0.0006577954045496881
20,post_rope,1,1.0
20,post_rope,2,0.7735459208488464
20,post_rope,3,0.7031874060630798
20,post_rope,4,0.41687875986099243
20,post_rope,5,0.36428502202033997
20,post_rope,6,0.351211279630661
20,post_rope,7,0.3166917860507965
20,post_rope,8,0.26513633131980896
20,post_rope,9,0.24172422289848328
20,post_rope,10,0.23490862548351288
20,post_rope,11,0.21919192373752594
20,post_rope,12,0.21629208326339722
20,post_rope,13,0.20599789917469025
20,post_rope,14,0.20140859484672546
20,post_rope,15,0.20078213512897491
20,post_rope,16,0.19807027280330658
20,post_rope,17,0.18649514019489288
20,post_rope,18,0.1824241578578949
20,post_rope,19,0.1809948831796646
20,post_rope,20,0.17757250368595123
20,post_rope,21,0.17537735402584076
20,post_rope,22,0.17409540712833405
20,post_rope,23,0.1701579988002777
20,post_rope,24,0.16802836954593658
20,post_rope,25,0.16602981090545654
20,post_rope,26,0.1645272821187973
20,post_rope,27,0.16245654225349426
20,post_rope,28,0.16136004030704498
20,post_rope,29,0.1588211953639984
20,post_rope,30,0.1541614532470703
20,post_rope,31,0.15114425122737885
20,post_rope,32,0.14711317420005798
20,post_rope,33,0.13813331723213196
20,post_rope,34,0.13167887926101685
20,post_rope,35,0.13077063858509064
20,post_rope,36,0.12903453409671783
20,post_rope,37,0.1281966120004654
20,post_rope,38,0.12711597979068756
20,post_rope,39,0.12607009708881378
20,post_rope,40,0.12151657789945602
20,post_rope,41,0.1198997050523758
20,post_rope,42,0.11746373772621155
20,post_rope,43,0.11662651598453522
20,post_rope,44,0.11541137099266052
20,post_rope,45,0.11478809267282486
20,post_rope,46,0.1108669713139534
20,post_rope,47,0.10949484258890152
20,post_rope,48,0.10644382238388062
20,post_rope,49,0.10456790775060654
20,post_rope,50,0.10024318844079971
20,post_rope,51,0.09471653401851654
20,post_rope,52,0.09209056198596954
20,post_rope,53,0.08952132612466812
20,post_rope,54,0.08631134778261185
20,post_rope,55,0.0828748568892479
20,post_rope,56,0.07957477122545242
20,post_rope,57,0.0762542188167572
20,post_rope,58,0.07524384558200836
20,post_rope,59,0.07010124623775482
20,post_rope,60,0.06937907636165619
20,post_rope,61,0.0655636340379715
20,post_rope,62,0.06248115748167038
20,post_rope,63,0.061860308051109314
20,post_rope,64,0.06095739081501961
20,post_rope,65,0.059901513159275055
20,post_rope,66,0.05920564755797386
20,post_rope,67,0.058612972497940063
20,post_rope,68,0.056092601269483566
20,post_rope,69,0.054941482841968536
20,post_rope,70,0.05403481796383858
20,post_rope,71,0.05256003513932228
20,post_rope,72,0.0522860586643219
20,post_rope,73,0.05003734305500984
20,post_rope,74,0.049023840576410294
20,post_rope,75,0.04882359877228737
20,post_rope,76,0.048159029334783554
20,post_rope,77,0.047478511929512024
20,post_rope,78,0.0465003103017807
20,post_rope,79,0.046377383172512054
20,post_rope,80,0.04623430222272873
20,post_rope,81,0.045545075088739395
20,post_rope,82,0.045038770884275436
20,post_rope,83,0.04431340843439102
20,post_rope,84,0.04397129639983177
20,post_rope,85,0.04361160472035408
20,post_rope,86,0.04352797940373421
20,post_rope,87,0.04323370009660721
20,post_rope,88,0.042569179087877274
20,post_rope,89,0.042342204600572586
20,post_rope,90,0.04218871146440506
20,post_rope,91,0.04139845445752144
20,post_rope,92,0.04135432466864586
20,post_rope,93,0.04109643027186394
20,post_rope,94,0.04054629057645798
20,post_rope,95,0.0400812067091465
20,post_rope,96,0.03964240103960037
20,post_rope,97,0.03934139385819435
20,post_rope,98,0.03906405344605446
20,post_rope,99,0.03870268911123276
20,post_rope,100,0.03831227868795395
20,post_rope,101,0.03822661563754082
20,post_rope,102,0.03797280043363571
20,post_rope,103,0.03758087009191513
20,post_rope,104,0.0373540073633194
20,post_rope,105,0.03720102459192276
20,post_rope,106,0.0366256944835186
20,post_rope,107,0.03642452880740166
20,post_rope,108,0.03630794957280159
20,post_rope,109,0.03591528907418251
20,post_rope,110,0.03572072088718414
20,post_rope,111,0.03553783521056175
20,post_rope,112,0.03520559147000313
20,post_rope,113,0.03503822535276413
20,post_rope,114,0.03483271971344948
20,post_rope,115,0.034436680376529694
20,post_rope,116,0.03420240804553032
20,post_rope,117,0.03385734185576439
20,post_rope,118,0.033661238849163055
20,post_rope,119,0.03353078290820122
20,post_rope,120,0.03328828513622284
20,post_rope,121,0.032963335514068604
20,post_rope,122,0.0327063612639904
20,post_rope,123,0.03265182673931122
20,post_rope,124,0.03244518116116524
20,post_rope,125,0.03223777934908867
20,post_rope,126,0.03194943070411682
20,post_rope,127,0.03174152597784996
20,post_rope,128,0.03162838891148567
20,post_rope,129,0.031507622450590134
20,post_rope,130,0.031305450946092606
20,post_rope,131,0.030791206285357475
20,post_rope,132,0.03066983073949814
20,post_rope,133,0.030401581898331642
20,post_rope,134,0.03016524389386177
20,post_rope,135,0.030088912695646286
20,post_rope,136,0.029941411688923836
20,post_rope,137,0.029801275581121445
20,post_rope,138,0.029641777276992798
20,post_rope,139,0.029545379802584648
20,post_rope,140,0.029431575909256935
20,post_rope,141,0.029123593121767044
20,post_rope,142,0.029057718813419342
20,post_rope,143,0.028893394395709038
20,post_rope,144,0.028776783496141434
20,post_rope,145,0.028483513742685318
20,post_rope,146,0.028302056714892387
20,post_rope,147,0.02825208008289337
20,post_rope,148,0.028068721294403076
20,post_rope,149,0.027906138449907303
20,post_rope,150,0.027850821614265442
20,post_rope,151,0.0277266688644886
20,post_rope,152,0.027467353269457817
20,post_rope,153,0.027392553165555
20,post_rope,154,0.027309436351060867
20,post_rope,155,0.02703620120882988
20,post_rope,156,0.0269568283110857
20,post_rope,157,0.02687797322869301
20,post_rope,158,0.026812197640538216
20,post_rope,159,0.026473084464669228
20,post_rope,160,0.026259101927280426
20,post_rope,161,0.02617545798420906
20,post_rope,162,0.025972140952944756
20,post_rope,163,0.025738883763551712
20,post_rope,164,0.025537993758916855
20,post_rope,165,0.02543872781097889
20,post_rope,166,0.025398826226592064
20,post_rope,167,0.025306815281510353
20,post_rope,168,0.025098323822021484
20,post_rope,169,0.024934975430369377
20,post_rope,170,0.024634648114442825
20,post_rope,171,0.02461491897702217
20,post_rope,172,0.024496570229530334
20,post_rope,173,0.024271348491311073
20,post_rope,174,0.023958874866366386
20,post_rope,175,0.023708635941147804
20,post_rope,176,0.023675400763750076
20,post_rope,177,0.023599717766046524
20,post_rope,178,0.023465806618332863
20,post_rope,179,0.023408599197864532
20,post_rope,180,0.023158682510256767
20,post_rope,181,0.02301148883998394
20,post_rope,182,0.02292431704699993
20,post_rope,183,0.022726593539118767
20,post_rope,184,0.022538887336850166
20,post_rope,185,0.022343115881085396
20,post_rope,186,0.022253891453146935
20,post_rope,187,0.022083617746829987
20,post_rope,188,0.022048505023121834
20,post_rope,189,0.021900618448853493
20,post_rope,190,0.021766263991594315
20,post_rope,191,0.02158381976187229
20,post_rope,192,0.02157842367887497
20,post_rope,193,0.021405614912509918
20,post_rope,194,0.02133486047387123
20,post_rope,195,0.021192101761698723
20,post_rope,196,0.021059343591332436
20,post_rope,197,0.02078140340745449
20,post_rope,198,0.02058008499443531
20,post_rope,199,0.02049883082509041
20,post_rope,200,0.020302919670939445
20,post_rope,201,0.020179547369480133
20,post_rope,202,0.020106449723243713
20,post_rope,203,0.01961047574877739
20,post_rope,204,0.019532566890120506
20,post_rope,205,0.0193830244243145
20,post_rope,206,0.019307032227516174
20,post_rope,207,0.019226985052227974
20,post_rope,208,0.019099036231637
20,post_rope,209,0.018874283879995346
20,post_rope,210,0.01850290223956108
20,post_rope,211,0.018349599093198776
20,post_rope,212,0.01805260218679905
20,post_rope,213,0.017701514065265656
20,post_rope,214,0.017359834164381027
20,post_rope,215,0.017337512224912643
20,post_rope,216,0.017186759039759636
20,post_rope,217,0.016896134242415428
20,post_rope,218,0.016683639958500862
20,post_rope,219,0.01656651683151722
20,post_rope,220,0.016292007640004158
20,post_rope,221,0.015749001875519753
20,post_rope,222,0.015586908906698227
20,post_rope,223,0.01520255021750927
20,post_rope,224,0.01469938550144434
20,post_rope,225,0.01449380163103342
20,post_rope,226,0.014398710802197456
20,post_rope,227,0.014109496958553791
20,post_rope,228,0.013843648135662079
20,post_rope,229,0.013290293514728546
20,post_rope,230,0.013254712335765362
20,post_rope,231,0.013124167919158936
20,post_rope,232,0.01241813413798809
20,post_rope,233,0.012387397699058056
20,post_rope,234,0.012232542969286442
20,post_rope,235,0.011903041042387486
20,post_rope,236,0.011558112688362598
20,post_rope,237,0.010956386104226112
20,post_rope,238,0.0106673464179039
20,post_rope,239,0.010385139845311642
20,post_rope,240,0.00975482165813446
20,post_rope,241,0.009575345553457737
20,post_rope,242,0.009299603290855885
20,post_rope,243,0.009050615131855011
20,post_rope,244,0.008779291063547134
20,post_rope,245,0.00866666715592146
20,post_rope,246,0.008244620636105537
20,post_rope,247,0.007870541885495186
20,post_rope,248,0.007747941184788942
20,post_rope,249,0.007356951013207436
20,post_rope,250,0.0071631562896072865
20,post_rope,251,0.007099151611328125
20,post_rope,252,0.006919417530298233
20,post_rope,253,0.00680307112634182
20,post_rope,254,0.006651713512837887
20,post_rope,255,0.005818373989313841
20,post_rope,256,0.005371066275984049
21,pre_rope,1,1.0
21,pre_rope,2,0.14588339626789093
21,pre_rope,3,0.10336455702781677
21,pre_rope,4,0.096383236348629
21,pre_rope,5,0.09342459589242935
21,pre_rope,6,0.0793692022562027
21,pre_rope,7,0.07313068956136703
21,pre_rope,8,0.07269924134016037
21,pre_rope,9,0.06524262577295303
21,pre_rope,10,0.05637674778699875
21,pre_rope,11,0.05431651696562767
21,pre_rope,12,0.052450455725193024
21,pre_rope,13,0.04964088648557663
21,pre_rope,14,0.04740593582391739
21,pre_rope,15,0.04549603909254074
21,pre_rope,16,0.042662713676691055
21,pre_rope,17,0.04060424864292145
21,pre_rope,18,0.039295922964811325
21,pre_rope,19,0.03832727670669556
21,pre_rope,20,0.03547023609280586
21,pre_rope,21,0.03496066853404045
21,pre_rope,22,0.03390318527817726
21,pre_rope,23,0.03323403745889664
21,pre_rope,24,0.03189593181014061
21,pre_rope,25,0.03061623126268387
21,pre_rope,26,0.029741182923316956
21,pre_rope,27,0.028909392654895782
21,pre_rope,28,0.02791266143321991
21,pre_rope,29,0.027489086613059044
21,pre_rope,30,0.026380766183137894
21,pre_rope,31,0.02605535462498665
21,pre_rope,32,0.025907790288329124
21,pre_rope,33,0.025100788101553917
21,pre_rope,34,0.024407485499978065
21,pre_rope,35,0.024008922278881073
21,pre_rope,36,0.0233056228607893
21,pre_rope,37,0.023223822936415672
21,pre_rope,38,0.023016497492790222
21,pre_rope,39,0.022509483620524406
21,pre_rope,40,0.022035112604498863
21,pre_rope,41,0.021902671083807945
21,pre_rope,42,0.02124244160950184
21,pre_rope,43,0.02095341868698597
21,pre_rope,44,0.02035861276090145
21,pre_rope,45,0.020105384290218353
21,pre_rope,46,0.019686877727508545
21,pre_rope,47,0.019593495875597
21,pre_rope,48,0.0191185399889946
21,pre_rope,49,0.018941201269626617
21,pre_rope,50,0.018601680174469948
21,pre_rope,51,0.018416399136185646
21,pre_rope,52,0.01804368942975998
21,pre_rope,53,0.017810912802815437
21,pre_rope,54,0.017610494047403336
21,pre_rope,55,0.017358627170324326
21,pre_rope,56,0.01708339899778366
21,pre_rope,57,0.01705733686685562
21,pre_rope,58,0.016816584393382072
21,pre_rope,59,0.016548674553632736
21,pre_rope,60,0.016383500769734383
21,pre_rope,61,0.016317054629325867
21,pre_rope,62,0.01610245183110237
21,pre_rope,63,0.01602054014801979
21,pre_rope,64,0.015749916434288025
21,pre_rope,65,0.015669560059905052
21,pre_rope,66,0.01557453814893961
21,pre_rope,67,0.015382224693894386
21,pre_rope,68,0.015060152858495712
21,pre_rope,69,0.01496865227818489
21,pre_rope,70,0.014741405844688416
21,pre_rope,71,0.0143904322758317
21,pre_rope,72,0.014361158013343811
21,pre_rope,73,0.014271232299506664
21,pre_rope,74,0.01405877061188221
21,pre_rope,75,0.013975297100841999
21,pre_rope,76,0.01385244820266962
21,pre_rope,77,0.01364112738519907
21,pre_rope,78,0.013563249260187149
21,pre_rope,79,0.013445728458464146
21,pre_rope,80,0.013348482549190521
21,pre_rope,81,0.01331394724547863
21,pre_rope,82,0.013226287439465523
21,pre_rope,83,0.013104320503771305
21,pre_rope,84,0.01286354474723339
21,pre_rope,85,0.012713869102299213
21,pre_rope,86,0.012600158341228962
21,pre_rope,87,0.012552180327475071
21,pre_rope,88,0.01246559713035822
21,pre_rope,89,0.012197482399642467
21,pre_rope,90,0.012098146602511406
21,pre_rope,91,0.012010492384433746
21,pre_rope,92,0.01191069558262825
21,pre_rope,93,0.011830968782305717
21,pre_rope,94,0.01174691691994667
21,pre_rope,95,0.011628685519099236
21,pre_rope,96,0.011568662710487843
21,pre_rope,97,0.011482678353786469
21,pre_rope,98,0.011172400787472725
21,pre_rope,99,0.011127924546599388
21,pre_rope,100,0.01107814535498619
21,pre_rope,101,0.011015376076102257
21,pre_rope,102,0.010938559658825397
21,pre_rope,103,0.010899635963141918
21,pre_rope,104,0.010759777389466763
21,pre_rope,105,0.010655557736754417
21,pre_rope,106,0.01052972674369812
21,pre_rope,107,0.010456581600010395
21,pre_rope,108,0.010400773026049137
21,pre_rope,109,0.010331546887755394
21,pre_rope,110,0.010236416012048721
21,pre_rope,111,0.010103033855557442
21,pre_rope,112,0.010096132755279541
21,pre_rope,113,0.009942876175045967
21,pre_rope,114,0.009863725863397121
21,pre_rope,115,0.009841106832027435
21,pre_rope,116,0.009687772952020168
21,pre_rope,117,0.009602978825569153
21,pre_rope,118,0.00951546523720026
21,pre_rope,119,0.009438060224056244
21,pre_rope,120,0.009365087375044823
21,pre_rope,121,0.009288420900702477
21,pre_rope,122,0.009219138883054256
21,pre_rope,123,0.00913488119840622
21,pre_rope,124,0.009080342017114162
21,pre_rope,125,0.009057573042809963
21,pre_rope,126,0.00894926954060793
21,pre_rope,127,0.008884617127478123
21,pre_rope,128,0.008824163116514683
21,pre_rope,129,0.008760567754507065
21,pre_rope,130,0.00874689407646656
21,pre_rope,131,0.008669274859130383
21,pre_rope,132,0.008570368401706219
21,pre_rope,133,0.008542154915630817
21,pre_rope,134,0.008431638590991497
21,pre_rope,135,0.008359048515558243
21,pre_rope,136,0.008329448290169239
21,pre_rope,137,0.008273257873952389
21,pre_rope,138,0.008187476545572281
21,pre_rope,139,0.008066792972385883
21,pre_rope,140,0.00799652747809887
21,pre_rope,141,0.007960343733429909
21,pre_rope,142,0.007913555949926376
21,pre_rope,143,0.007823861204087734
21,pre_rope,144,0.00773964449763298
21,pre_rope,145,0.007629441097378731
21,pre_rope,146,0.007593377027660608
21,pre_rope,147,0.007524410728365183
21,pre_rope,148,0.007479070220142603
21,pre_rope,149,0.007414320483803749
21,pre_rope,150,0.0073652127757668495
21,pre_rope,151,0.0072844731621444225
21,pre_rope,152,0.007274068892002106
21,pre_rope,153,0.007198801729828119
21,pre_rope,154,0.007148250006139278
21,pre_rope,155,0.007027461193501949
21,pre_rope,156,0.007016180083155632
21,pre_rope,157,0.006962738465517759
21,pre_rope,158,0.006861562840640545
21,pre_rope,159,0.006837079767137766
21,pre_rope,160,0.006770109757781029
21,pre_rope,161,0.006727543193846941
21,pre_rope,162,0.006712351925671101
21,pre_rope,163,0.0066679697483778
21,pre_rope,164,0.006608303636312485
21,pre_rope,165,0.00649395352229476
21,pre_rope,166,0.006431546527892351
21,pre_rope,167,0.00640073511749506
21,pre_rope,168,0.006309025455266237
21,pre_rope,169,0.0063025676645338535
21,pre_rope,170,0.006297362502664328
21,pre_rope,171,0.006206291262060404
21,pre_rope,172,0.006156943738460541
21,pre_rope,173,0.006124168634414673
21,pre_rope,174,0.005973035469651222
21,pre_rope,175,0.005960112437605858
21,pre_rope,176,0.005865922663360834
21,pre_rope,177,0.005793770309537649
21,pre_rope,178,0.0057701109908521175
21,pre_rope,179,0.005762574262917042
21,pre_rope,180,0.0057058390229940414
21,pre_rope,181,0.0056707486510276794
21,pre_rope,182,0.005657376255840063
21,pre_rope,183,0.005597654264420271
21,pre_rope,184,0.005545562133193016
21,pre_rope,185,0.005511825438588858
21,pre_rope,186,0.005373807158321142
21,pre_rope,187,0.005352966953068972
21,pre_rope,188,0.005311863496899605
21,pre_rope,189,0.005268803332000971
21,pre_rope,190,0.005213553085923195
21,pre_rope,191,0.005189267452806234
21,pre_rope,192,0.005172555334866047
21,pre_rope,193,0.005107578355818987
21,pre_rope,194,0.005064989440143108
21,pre_rope,195,0.0050327107310295105
21,pre_rope,196,0.004933978896588087
21,pre_rope,197,0.004875068087130785
21,pre_rope,198,0.004854999482631683
21,pre_rope,199,0.00479840999469161
21,pre_rope,200,0.004734713118523359
21,pre_rope,201,0.004683614242821932
21,pre_rope,202,0.004626166541129351
21,pre_rope,203,0.0046172356233000755
21,pre_rope,204,0.004584280773997307
21,pre_rope,205,0.0045465026050806046
21,pre_rope,206,0.004497184883803129
21,pre_rope,207,0.004449260421097279
21,pre_rope,208,0.0043824585154652596
21,pre_rope,209,0.004325006622821093
21,pre_rope,210,0.004279993940144777
21,pre_rope,211,0.004259553737938404
21,pre_rope,212,0.004224370699375868
21,pre_rope,213,0.004154456779360771
21,pre_rope,214,0.004072411451488733
21,pre_rope,215,0.004013134632259607
21,pre_rope,216,0.003984353039413691
21,pre_rope,217,0.003955771215260029
21,pre_rope,218,0.003859580960124731
21,pre_rope,219,0.0038267511408776045
21,pre_rope,220,0.0037865524645894766
21,pre_rope,221,0.0037736205849796534
21,pre_rope,222,0.00374305690638721
21,pre_rope,223,0.0036743890959769487
21,pre_rope,224,0.0036657683085650206
21,pre_rope,225,0.0036374342162162066
21,pre_rope,226,0.0035495231859385967
21,pre_rope,227,0.0035020119976252317
21,pre_rope,228,0.0034534314181655645
21,pre_rope,229,0.0033814480993896723
21,pre_rope,230,0.0033634582068771124
21,pre_rope,231,0.0033096452243626118
21,pre_rope,232,0.0033003659918904305
21,pre_rope,233,0.003242924576625228
21,pre_rope,234,0.0031973670702427626
21,pre_rope,235,0.0031532871071249247
21,pre_rope,236,0.0031016275752335787
21,pre_rope,237,0.0030325818806886673
21,pre_rope,238,0.003000257769599557
21,pre_rope,239,0.0029218990821391344
21,pre_rope,240,0.0028528396505862474
21,pre_rope,241,0.002832770347595215
21,pre_rope,242,0.0027269322890788317
21,pre_rope,243,0.0026851953007280827
21,pre_rope,244,0.0026495119091123343
21,pre_rope,245,0.002618109807372093
21,pre_rope,246,0.002567926188930869
21,pre_rope,247,0.0024732889141887426
21,pre_rope,248,0.002384103601798415
21,pre_rope,249,0.002300439402461052
21,pre_rope,250,0.002253182465210557
21,pre_rope,251,0.0021800114773213863
21,pre_rope,252,0.002076653763651848
21,pre_rope,253,0.0020174006931483746
21,pre_rope,254,0.0013442194322124124
21,pre_rope,255,0.001123196561820805
21,pre_rope,256,0.0010425449581816792
21,post_rope,1,1.0
21,post_rope,2,0.7140846252441406
21,post_rope,3,0.5539265871047974
21,post_rope,4,0.35336852073669434
21,post_rope,5,0.31340309977531433
21,post_rope,6,0.2962764799594879
21,post_rope,7,0.2744938135147095
21,post_rope,8,0.24797594547271729
21,post_rope,9,0.24436166882514954
21,post_rope,10,0.24071690440177917
21,post_rope,11,0.19911286234855652
21,post_rope,12,0.19664567708969116
21,post_rope,13,0.18941932916641235
21,post_rope,14,0.18741784989833832
21,post_rope,15,0.18688304722309113
21,post_rope,16,0.185128852725029
21,post_rope,17,0.18374758958816528
21,post_rope,18,0.181401789188385
21,post_rope,19,0.18004396557807922
21,post_rope,20,0.17935173213481903
21,post_rope,21,0.17757666110992432
21,post_rope,22,0.16711777448654175
21,post_rope,23,0.15864147245883942
21,post_rope,24,0.15609602630138397
21,post_rope,25,0.15374703705310822
21,post_rope,26,0.15325778722763062
21,post_rope,27,0.1474582850933075
21,post_rope,28,0.14446523785591125
21,post_rope,29,0.14418935775756836
21,post_rope,30,0.14019782841205597
21,post_rope,31,0.13931304216384888
21,post_rope,32,0.1371482014656067
21,post_rope,33,0.12871800363063812
21,post_rope,34,0.12854193150997162
21,post_rope,35,0.1279560774564743
21,post_rope,36,0.12643872201442719
21,post_rope,37,0.11998802423477173
21,post_rope,38,0.11872302740812302
21,post_rope,39,0.11595302820205688
21,post_rope,40,0.10891148447990417
21,post_rope,41,0.1077725812792778
21,post_rope,42,0.10188249498605728
21,post_rope,43,0.09843980520963669
21,post_rope,44,0.09360487759113312
21,post_rope,45,0.09098664671182632
21,post_rope,46,0.09072990715503693
21,post_rope,47,0.08857657015323639
21,post_rope,48,0.08094155788421631
21,post_rope,49,0.07646461576223373
21,post_rope,50,0.07431281358003616
21,post_rope,51,0.07010232657194138
21,post_rope,52,0.0669376328587532
21,post_rope,53,0.06428591907024384
21,post_rope,54,0.06312498450279236
21,post_rope,55,0.0608501061797142
21,post_rope,56,0.0599651001393795
21,post_rope,57,0.05813901126384735
21,post_rope,58,0.05657991021871567
21,post_rope,59,0.05578060448169708
21,post_rope,60,0.05431738123297691
21,post_rope,61,0.05370042100548744
21,post_rope,62,0.05240447074174881
21,post_rope,63,0.05106395483016968
21,post_rope,64,0.05071441829204559
21,post_rope,65,0.04955803230404854
21,post_rope,66,0.0490998737514019
21,post_rope,67,0.04747839644551277
21,post_rope,68,0.047053124755620956
21,post_rope,69,0.046616483479738235
21,post_rope,70,0.04613156616687775
21,post_rope,71,0.045570969581604004
21,post_rope,72,0.04527393355965614
21,post_rope,73,0.044294923543930054
21,post_rope,74,0.04404699429869652
21,post_rope,75,0.043819114565849304
21,post_rope,76,0.04359691962599754
21,post_rope,77,0.04340848699212074
21,post_rope,78,0.04308807849884033
21,post_rope,79,0.04276968911290169
21,post_rope,80,0.042329978197813034
21,post_rope,81,0.04179779067635536
21,post_rope,82,0.0414896123111248
21,post_rope,83,0.041325315833091736
21,post_rope,84,0.041266586631536484
21,post_rope,85,0.04088330268859863
21,post_rope,86,0.040607184171676636
21,post_rope,87,0.040393345057964325
21,post_rope,88,0.040008410811424255
21,post_rope,89,0.03957221657037735
21,post_rope,90,0.03928432986140251
21,post_rope,91,0.03896695375442505
21,post_rope,92,0.03882480412721634
21,post_rope,93,0.03866954147815704
21,post_rope,94,0.0385623537003994
21,post_rope,95,0.03821531683206558
21,post_rope,96,0.037681203335523605
21,post_rope,97,0.03744892403483391
21,post_rope,98,0.03740406036376953
21,post_rope,99,0.03712781146168709
21,post_rope,100,0.036817509680986404
21,post_rope,101,0.03667670860886574
21,post_rope,102,0.036402344703674316
21,post_rope,103,0.03621888905763626
21,post_rope,104,0.03606298565864563
21,post_rope,105,0.03585794195532799
21,post_rope,106,0.03570086881518364
21,post_rope,107,0.03543482720851898
21,post_rope,108,0.0353652685880661
21,post_rope,109,0.035270728170871735
21,post_rope,110,0.03498176112771034
21,post_rope,111,0.034613437950611115
21,post_rope,112,0.03432765603065491
21,post_rope,113,0.03420345485210419
21,post_rope,114,0.03396403416991234
21,post_rope,115,0.03388138860464096
21,post_rope,116,0.03358675539493561
21,post_rope,117,0.03344285488128662
21,post_rope,118,0.03316911682486534
21,post_rope,119,0.033134058117866516
21,post_rope,120,0.03271522372961044
21,post_rope,121,0.03249973803758621
21,post_rope,122,0.032482877373695374
21,post_rope,123,0.03237565979361534
21,post_rope,124,0.032288581132888794
21,post_rope,125,0.03214646875858307
21,post_rope,126,0.03191116079688072
21,post_rope,127,0.03171997889876366
21,post_rope,128,0.03151700645685196
21,post_rope,129,0.031361304223537445
21,post_rope,130,0.031212622299790382
21,post_rope,131,0.031011704355478287
21,post_rope,132,0.030910927802324295
21,post_rope,133,0.030790455639362335
21,post_rope,134,0.03055858425796032
21,post_rope,135,0.03039940819144249
21,post_rope,136,0.030362311750650406
21,post_rope,137,0.030298374593257904
21,post_rope,138,0.02992173470556736
21,post_rope,139,0.02987535297870636
21,post_rope,140,0.029660001397132874
21,post_rope,141,0.029457014054059982
21,post_rope,142,0.0293263029307127
21,post_rope,143,0.029199810698628426
21,post_rope,144,0.02908470667898655
21,post_rope,145,0.028928635641932487
21,post_rope,146,0.02885105088353157
21,post_rope,147,0.02866761013865471
21,post_rope,148,0.028553882613778114
21,post_rope,149,0.02845151722431183
21,post_rope,150,0.028234926983714104
21,post_rope,151,0.028051290661096573
21,post_rope,152,0.027897559106349945
21,post_rope,153,0.02775726467370987
21,post_rope,154,0.027707470580935478
21,post_rope,155,0.027558987960219383
21,post_rope,156,0.02747240848839283
21,post_rope,157,0.027406906709074974
21,post_rope,158,0.027330642566084862
21,post_rope,159,0.027308430522680283
21,post_rope,160,0.027078289538621902
21,post_rope,161,0.02698301151394844
21,post_rope,162,0.026860060170292854
21,post_rope,163,0.026554713025689125
21,post_rope,164,0.026362303644418716
21,post_rope,165,0.026341447606682777
21,post_rope,166,0.02619173750281334
21,post_rope,167,0.025897175073623657
21,post_rope,168,0.025764424353837967
21,post_rope,169,0.025522151961922646
21,post_rope,170,0.025432735681533813
21,post_rope,171,0.02534681372344494
21,post_rope,172,0.02528594620525837
21,post_rope,173,0.025097012519836426
21,post_rope,174,0.024958282709121704
21,post_rope,175,0.024933477863669395
21,post_rope,176,0.024811677634716034
21,post_rope,177,0.02462007850408554
21,post_rope,178,0.024533584713935852
21,post_rope,179,0.024432634934782982
21,post_rope,180,0.024285007268190384
21,post_rope,181,0.024140939116477966
21,post_rope,182,0.02385593205690384
21,post_rope,183,0.02382783405482769
21,post_rope,184,0.023646600544452667
21,post_rope,185,0.023573391139507294
21,post_rope,186,0.02345147170126438
21,post_rope,187,0.023271610960364342
21,post_rope,188,0.02316739223897457
21,post_rope,189,0.02303164452314377
21,post_rope,190,0.0229024775326252
21,post_rope,191,0.022793103009462357
21,post_rope,192,0.022679604589939117
21,post_rope,193,0.022588297724723816
21,post_rope,194,0.022468741983175278
21,post_rope,195,0.02229166403412819
21,post_rope,196,0.02218770794570446
21,post_rope,197,0.022154629230499268
21,post_rope,198,0.02208743244409561
21,post_rope,199,0.02192980796098709
21,post_rope,200,0.021701538935303688
21,post_rope,201,0.021649688482284546
21,post_rope,202,0.021425403654575348
21,post_rope,203,0.021250691264867783
21,post_rope,204,0.021184025332331657
21,post_rope,205,0.020959235727787018
21,post_rope,206,0.02088993601500988
21,post_rope,207,0.020792732015252113
21,post_rope,208,0.02068065106868744
21,post_rope,209,0.020604941993951797
21,post_rope,210,0.020423082634806633
21,post_rope,211,0.020325159654021263
21,post_rope,212,0.020112402737140656
21,post_rope,213,0.01987169310450554
21,post_rope,214,0.01976834423840046
21,post_rope,215,0.019617734476923943
21,post_rope,216,0.019417274743318558
21,post_rope,217,0.01912360079586506
21,post_rope,218,0.018997082486748695
21,post_rope,219,0.018933003768324852
21,post_rope,220,0.018849344924092293
21,post_rope,221,0.01859329454600811
21,post_rope,222,0.018447499722242355
21,post_rope,223,0.01823657751083374
21,post_rope,224,0.01820974238216877
21,post_rope,225,0.01799563691020012
21,post_rope,226,0.017903078347444534
21,post_rope,227,0.017847606912255287
21,post_rope,228,0.017707740887999535
21,post_rope,229,0.01752769947052002
21,post_rope,230,0.01706840842962265
21,post_rope,231,0.017006101086735725
21,post_rope,232,0.016728833317756653
21,post_rope,233,0.01628953218460083
21,post_rope,234,0.01623624935746193
21,post_rope,235,0.016176855191588402
21,post_rope,236,0.01604294218122959
21,post_rope,237,0.015953656286001205
21,post_rope,238,0.01584196835756302
21,post_rope,239,0.015450838021934032
21,post_rope,240,0.015299412421882153
21,post_rope,241,0.015225606970489025
21,post_rope,242,0.015144497156143188
21,post_rope,243,0.014926076866686344
21,post_rope,244,0.014858799055218697
21,post_rope,245,0.014482425525784492
21,post_rope,246,0.014460134319961071
21,post_rope,247,0.01400483027100563
21,post_rope,248,0.013575038872659206
21,post_rope,249,0.013512005098164082
21,post_rope,250,0.012913038954138756
21,post_rope,251,0.012239065021276474
21,post_rope,252,0.011791836470365524
21,post_rope,253,0.011039750650525093
21,post_rope,254,0.009522666223347187
21,post_rope,255,0.009266386739909649
21,post_rope,256,0.008476735092699528
