layer,kind,index,sigma_norm
0,pre_rope,1,1.0
0,pre_rope,2,0.015133094973862171
0,pre_rope,3,0.00735515309497714
0,pre_rope,4,0.005595901049673557
0,pre_rope,5,0.0036547030322253704
0,pre_rope,6,0.003033533925190568
0,pre_rope,7,0.0026411765720695257
0,pre_rope,8,0.002354114316403866
0,pre_rope,9,0.0017974909860640764
0,pre_rope,10,0.0014703350607305765
0,pre_rope,11,0.0012708163121715188
0,pre_rope,12,0.0012267478741705418
0,pre_rope,13,0.0010629781754687428
0,pre_rope,14,0.00096605479484424
0,pre_rope,15,0.0008861710084602237
0,pre_rope,16,0.0008151195361278951
0,pre_rope,17,0.0006341872503980994
0,pre_rope,18,0.000573480618186295
0,pre_rope,19,0.0005487954476848245
0,pre_rope,20,0.000506448675878346
0,pre_rope,21,0.00047424016520380974
0,pre_rope,22,0.00042825911077670753
0,pre_rope,23,0.00041427352698519826
0,pre_rope,24,0.0003928719961550087
0,pre_rope,25,0.0003646484110504389
0,pre_rope,26,0.00034764630254358053
0,pre_rope,27,0.00033536605769768357
0,pre_rope,28,0.00032319079036824405
0,pre_rope,29,0.0003050303494092077
0,pre_rope,30,0.00029035238549113274
0,pre_rope,31,0.0002741680364124477
0,pre_rope,32,0.0002586517366580665
0,pre_rope,33,0.00024611351545900106
0,pre_rope,34,0.00023622310254722834
0,pre_rope,35,0.00023499963572248816
0,pre_rope,36,0.0002276769810123369
0,pre_rope,37,0.00020861743541900069
0,pre_rope,38,0.00020516525546554476
0,pre_rope,39,0.0001962238020496443
0,pre_rope,40,0.00018899343558587134
0,pre_rope,41,0.0001691969227977097
0,pre_rope,42,0.00016653866623528302
0,pre_rope,43,0.00016104574024211615
0,pre_rope,44,0.0001581258693477139
0,pre_rope,45,0.00015303725376725197
0,pre_rope,46,0.00014853703032713383
0,pre_rope,47,0.0001425362570444122
0,pre_rope,48,0.0001366971555398777
0,pre_rope,49,0.0001333695399807766
0,pre_rope,50,0.0001274293608730659
0,pre_rope,51,0.00012355273065622896
0,pre_rope,52,0.00012148046516813338
0,pre_rope,53,0.00011557505786186084
0,pre_rope,54,0.00010784951155073941
0,pre_rope,55,0.00010399527673143893
0,pre_rope,56,9.923093602992594e-05
0,pre_rope,57,9.775778744369745e-05
0,pre_rope,58,9.66621664701961e-05
0,pre_rope,59,9.023093298310414e-05
0,pre_rope,60,8.981466089608148e-05
0,pre_rope,61,8.831557352095842e-05
0,pre_rope,62,8.439379598712549e-05
0,pre_rope,63,7.994996121851727e-05
0,pre_rope,64,7.866937085054815e-05
0,pre_rope,65,7.672012725379318e-05
0,pre_rope,66,7.609071326442063e-05
0,pre_rope,67,7.370542152784765e-05
0,pre_rope,68,7.189328607637435e-05
0,pre_rope,69,6.764573481632397e-05
0,pre_rope,70,6.663648673566058e-05
0,pre_rope,71,6.403949373634532e-05
0,pre_rope,72,6.23553860350512e-05
0,pre_rope,73,6.116987788118422e-05
0,pre_rope,74,6.087638030294329e-05
0,pre_rope,75,6.0291476984275505e-05
0,pre_rope,76,5.5751857871655375e-05
0,pre_rope,77,5.441983375931159e-05
0,pre_rope,78,5.1715174777200446e-05
0,pre_rope,79,5.0491344154579565e-05
0,pre_rope,80,4.913431257591583e-05
0,pre_rope,81,4.691503636422567e-05
0,pre_rope,82,4.524233008851297e-05
0,pre_rope,83,4.489485945669003e-05
0,pre_rope,84,4.267529584467411e-05
0,pre_rope,85,4.081867155036889e-05
0,pre_rope,86,3.9916489185998216e-05
0,pre_rope,87,3.854911483358592e-05
0,pre_rope,88,3.6992296372773126e-05
0,pre_rope,89,3.655820182757452e-05
0,pre_rope,90,3.5521388781489804e-05
0,pre_rope,91,3.4692155168158934e-05
0,pre_rope,92,3.4144835808547214e-05
0,pre_rope,93,3.313650086056441e-05
0,pre_rope,94,3.275311246397905e-05
0,pre_rope,95,2.988306550832931e-05
0,pre_rope,96,2.9790156986564398e-05
0,pre_rope,97,2.9461383746820502e-05
0,pre_rope,98,2.8840868253610097e-05
0,pre_rope,99,2.765653516689781e-05
0,pre_rope,100,2.732584107434377e-05
0,pre_rope,101,2.641260107338894e-05
0,pre_rope,102,2.5700859623611905e-05
0,pre_rope,103,2.4335573471034877e-05
0,pre_rope,104,2.4131875761668198e-05
0,pre_rope,105,2.3257945940713398e-05
0,pre_rope,106,2.3051819880492985e-05
0,pre_rope,107,2.187258178310003e-05
0,pre_rope,108,2.167795719287824e-05
0,pre_rope,109,2.1534251573029906e-05
0,pre_rope,110,2.091302303597331e-05
0,pre_rope,111,1.9715818780241534e-05
0,pre_rope,112,1.8190396076533943e-05
0,pre_rope,113,1.796210926841013e-05
0,pre_rope,114,1.7587237380212173e-05
0,pre_rope,115,1.698274900263641e-05
0,pre_rope,116,1.6124622561619617e-05
0,pre_rope,117,1.5958370568114333e-05
0,pre_rope,118,1.512986455054488e-05
0,pre_rope,119,1.4906987416907214e-05
0,pre_rope,120,1.4543054021487478e-05
0,pre_rope,121,1.3772134479950182e-05
0,pre_rope,122,1.2469703506212682e-05
0,pre_rope,123,1.2231220352987293e-05
0,pre_rope,124,1.1931251719943248e-05
0,pre_rope,125,1.1125916898890864e-05
0,pre_rope,126,1.0633082638378255e-05
0,pre_rope,127,1.018543480313383e-05
0,pre_rope,128,9.14070460567018e-06
0,post_rope,1,1.0
0,post_rope,2,0.10518084466457367
0,post_rope,3,0.10504598915576935
0,post_rope,4,0.08377774804830551
0,post_rope,5,0.06226782500743866
0,post_rope,6,0.059096019715070724
0,post_rope,7,0.05103101581335068
0,post_rope,8,0.050429027527570724
0,post_rope,9,0.039461519569158554
0,post_rope,10,0.03899884223937988
0,post_rope,11,0.038377098739147186
0,post_rope,12,0.03831332176923752
0,post_rope,13,0.027592280879616737
0,post_rope,14,0.023951707407832146
0,post_rope,15,0.02374822087585926
0,post_rope,16,0.022381970658898354
0,post_rope,17,0.022317510098218918
0,post_rope,18,0.020631613209843636
0,post_rope,19,0.020560692995786667
0,post_rope,20,0.020444432273507118
0,post_rope,21,0.020403744652867317
0,post_rope,22,0.020080655813217163
0,post_rope,23,0.020026812329888344
0,post_rope,24,0.013313047587871552
0,post_rope,25,0.013277861289680004
0,post_rope,26,0.012169056572020054
0,post_rope,27,0.0057982876896858215
0,post_rope,28,0.004743042401969433
0,post_rope,29,0.003462615655735135
0,post_rope,30,0.0027919807471334934
0,post_rope,31,0.002151546999812126
0,post_rope,32,0.0020779010374099016
0,post_rope,33,0.0020552966743707657
0,post_rope,34,0.0020348606631159782
0,post_rope,35,0.0019025099463760853
0,post_rope,36,0.0018939904402941465
0,post_rope,37,0.0018386936280876398
0,post_rope,38,0.0018264285754412413
0,post_rope,39,0.0017914538038894534
0,post_rope,40,0.0017481872346252203
0,post_rope,41,0.0016456617740914226
0,post_rope,42,0.0015086516505107284
0,post_rope,43,0.0014158306876197457
0,post_rope,44,0.0013780281879007816
0,post_rope,45,0.0012499862350523472
0,post_rope,46,0.0011939326068386436
0,post_rope,47,0.0011617604177445173
0,post_rope,48,0.0011062510311603546
0,post_rope,49,0.0010927981929853559
0,post_rope,50,0.0010799358133226633
0,post_rope,51,0.0009966829093173146
0,post_rope,52,0.0009547944646328688
0,post_rope,53,0.0009260314982384443
0,post_rope,54,0.000907146604731679
0,post_rope,55,0.00090323033509776
0,post_rope,56,0.0008904188289307058
0,post_rope,57,0.0008667895453982055
0,post_rope,58,0.0008237547008320689
0,post_rope,59,0.0007824041531421244
0,post_rope,60,0.000772548490203917
0,post_rope,61,0.0007641956326551735
0,post_rope,62,0.0006787291495129466
0,post_rope,63,0.0006460405420511961
0,post_rope,64,0.0006323950365185738
0,post_rope,65,0.0006152784335426986
0,post_rope,66,0.0005449112504720688
0,post_rope,67,0.0005185235640965402
0,post_rope,68,0.0005028233863413334
0,post_rope,69,0.0004912434378638864
0,post_rope,70,0.0004598137456923723
0,post_rope,71,0.0004253756778780371
0,post_rope,72,0.00038989289896562696
0,post_rope,73,0.0003641172079369426
0,post_rope,74,0.00036194894346408546
0,post_rope,75,0.0003540838952176273
0,post_rope,76,0.0003515559365041554
0,post_rope,77,0.0003375602827873081
0,post_rope,78,0.0003232348244637251
0,post_rope,79,0.00030968725332058966
0,post_rope,80,0.0002827220596373081
0,post_rope,81,0.0002788913552649319
0,post_rope,82,0.0002713486610446125
0,post_rope,83,0.00026641247677616775
0,post_rope,84,0.0002642088511493057
0,post_rope,85,0.0002570946526248008
0,post_rope,86,0.0002550967619754374
0,post_rope,87,0.00024905547616072
0,post_rope,88,0.00024079928698483855
0,post_rope,89,0.00022257374075707048
0,post_rope,90,0.00021321074746083468
0,post_rope,91,0.00020932761253789067
0,post_rope,92,0.00020669489458668977
0,post_rope,93,0.00020264892373234034
0,post_rope,94,0.00019794318359345198
0,post_rope,95,0.00019625569984782487
0,post_rope,96,0.00019250664627179503
0,post_rope,97,0.00018723351240623742
0,post_rope,98,0.00018444182933308184
0,post_rope,99,0.00017254250997211784
0,post_rope,100,0.00016813079128041863
0,post_rope,101,0.0001507080451119691
0,post_rope,102,0.00014930836914572865
0,post_rope,103,0.0001395611761836335
0,post_rope,104,0.00013476857566274703
0,post_rope,105,0.00012543279444798827
0,post_rope,106,0.00012151172268204391
0,post_rope,107,0.00011724248179234564
0,post_rope,108,0.00010962364467559382
0,post_rope,109,0.00010503253724891692
0,post_rope,110,0.00010402486805105582
0,post_rope,111,9.641471842769533e-05
0,post_rope,112,9.09228328964673e-05
0,post_rope,113,8.13312508398667e-05
0,post_rope,114,7.375163841061294e-05
0,post_rope,115,7.127212302293628e-05
0,post_rope,116,6.39287827652879e-05
0,post_rope,117,6.242880772333592e-05
0,post_rope,118,5.895507274544798e-05
0,post_rope,119,5.5293628975050524e-05
0,post_rope,120,4.9718939408194274e-05
0,post_rope,121,4.561738023767248e-05
0,post_rope,122,4.320831794757396e-05
0,post_rope,123,3.436247061472386e-05
0,post_rope,124,3.180978455930017e-05
0,post_rope,125,3.114026549155824e-05
0,post_rope,126,2.738670264079701e-05
0,post_rope,127,2.4917153496062383e-05
0,post_rope,128,2.1717665731557645e-05
1,pre_rope,1,1.0
1,pre_rope,2,0.02268233709037304
1,pre_rope,3,0.019650667905807495
1,pre_rope,4,0.017603598535060883
1,pre_rope,5,0.014621908776462078
1,pre_rope,6,0.010948413982987404
1,pre_rope,7,0.010752902366220951
1,pre_rope,8,0.010300097055733204
1,pre_rope,9,0.009849432855844498
1,pre_rope,10,0.008415908552706242
1,pre_rope,11,0.008292959071695805
1,pre_rope,12,0.00813535787165165
1,pre_rope,13,0.007463451009243727
1,pre_rope,14,0.007169358432292938
1,pre_rope,15,0.006914656609296799
1,pre_rope,16,0.006815455388277769
1,pre_rope,17,0.006352114956825972
1,pre_rope,18,0.005982811562716961
1,pre_rope,19,0.0058309538289904594
1,pre_rope,20,0.005712776444852352
1,pre_rope,21,0.005506514571607113
1,pre_rope,22,0.005276669282466173
1,pre_rope,23,0.005133248399943113
1,pre_rope,24,0.005094363819807768
1,pre_rope,25,0.005004440899938345
1,pre_rope,26,0.004872391931712627
1,pre_rope,27,0.004733184818178415
1,pre_rope,28,0.00457965862005949
1,pre_rope,29,0.00448961416259408
1,pre_rope,30,0.004449994303286076
1,pre_rope,31,0.004437873139977455
1,pre_rope,32,0.00438298424705863
1,pre_rope,33,0.004286497365683317
1,pre_rope,34,0.004198938608169556
1,pre_rope,35,0.0041432930156588554
1,pre_rope,36,0.004006294067949057
1,pre_rope,37,0.0039453967474401
1,pre_rope,38,0.0038440246134996414
1,pre_rope,39,0.0037118929903954268
1,pre_rope,40,0.0037014842964708805
1,pre_rope,41,0.0035992960911244154
1,pre_rope,42,0.0035407436080276966
1,pre_rope,43,0.003424067748710513
1,pre_rope,44,0.0033708433620631695
1,pre_rope,45,0.003328948747366667
1,pre_rope,46,0.003261102829128504
1,pre_rope,47,0.003183280350640416
1,pre_rope,48,0.003108416451141238
1,pre_rope,49,0.0029801044147461653
1,pre_rope,50,0.002972196089103818
1,pre_rope,51,0.002943352097645402
1,pre_rope,52,0.0029035089537501335
1,pre_rope,53,0.0028590497095137835
1,pre_rope,54,0.002794846659526229
1,pre_rope,55,0.002733123255893588
1,pre_rope,56,0.0026157889515161514
1,pre_rope,57,0.0025628008879721165
1,pre_rope,58,0.0025136752519756556
1,pre_rope,59,0.0024919933639466763
1,pre_rope,60,0.002454981906339526
1,pre_rope,61,0.0023635043762624264
1,pre_rope,62,0.0023409745190292597
1,pre_rope,63,0.0022833924740552902
1,pre_rope,64,0.00224044406786561
1,pre_rope,65,0.002162215067073703
1,pre_rope,66,0.0020939004607498646
1,pre_rope,67,0.0020782677456736565
1,pre_rope,68,0.0020715913269668818
1,pre_rope,69,0.0019864519126713276
1,pre_rope,70,0.0019673060160130262
1,pre_rope,71,0.0019322852604091167
1,pre_rope,72,0.0019119877833873034
1,pre_rope,73,0.0018605375662446022
1,pre_rope,74,0.001847191946581006
1,pre_rope,75,0.0018225902458652854
1,pre_rope,76,0.0017650779336690903
1,pre_rope,77,0.0017486221622675657
1,pre_rope,78,0.0016977835912257433
1,pre_rope,79,0.0016841283068060875
1,pre_rope,80,0.0016518794000148773
1,pre_rope,81,0.0016153466422110796
1,pre_rope,82,0.0015867631882429123
1,pre_rope,83,0.0015598853351548314
1,pre_rope,84,0.0015514199621975422
1,pre_rope,85,0.0014963516732677817
1,pre_rope,86,0.0014519598335027695
1,pre_rope,87,0.001414492609910667
1,pre_rope,88,0.0013932143338024616
1,pre_rope,89,0.0013517941115424037
1,pre_rope,90,0.0013409018283709884
1,pre_rope,91,0.0013233147328719497
1,pre_rope,92,0.0013100742362439632
1,pre_rope,93,0.001282872399315238
1,pre_rope,94,0.0012603203067556024
1,pre_rope,95,0.0012502061435952783
1,pre_rope,96,0.0011949058389291167
1,pre_rope,97,0.0011627920903265476
1,pre_rope,98,0.0011523389257490635
1,pre_rope,99,0.0011009089648723602
1,pre_rope,100,0.0010887589305639267
1,pre_rope,101,0.0010563911637291312
1,pre_rope,102,0.0010388543596491218
1,pre_rope,103,0.0010136632481589913
1,pre_rope,104,0.000982819008640945
1,pre_rope,105,0.0009524798369966447
1,pre_rope,106,0.0009115496068261564
1,pre_rope,107,0.0009021292789839208
1,pre_rope,108,0.0008662767941132188
1,pre_rope,109,0.0008455587085336447
1,pre_rope,110,0.0008382184896618128
1,pre_rope,111,0.0007795714191161096
1,pre_rope,112,0.0007689047488383949
1,pre_rope,113,0.000749110069591552
1,pre_rope,114,0.0007284790626727045
1,pre_rope,115,0.0006913019460625947
1,pre_rope,116,0.0006672882009297609
1,pre_rope,117,0.00064754334744066
1,pre_rope,118,0.0006144374492578208
1,pre_rope,119,0.0005806054105050862
1,pre_rope,120,0.0005263760103844106
1,pre_rope,121,0.0005094694206491113
1,pre_rope,122,0.0004301427397876978
1,pre_rope,123,0.00041601405246183276
1,pre_rope,124,0.00035779355675913393
1,pre_rope,125,0.0003378304245416075
1,pre_rope,126,0.0002824532857630402
1,pre_rope,127,0.00022173109755385667
1,pre_rope,128,0.00019161049567628652
1,post_rope,1,1.0
1,post_rope,2,0.028901636600494385
1,post_rope,3,0.021288709715008736
1,post_rope,4,0.019587727263569832
1,post_rope,5,0.019562724977731705
1,post_rope,6,0.018359245732426643
1,post_rope,7,0.01832796074450016
1,post_rope,8,0.01826842688024044
1,post_rope,9,0.01707468368113041
1,post_rope,10,0.017012549564242363
1,post_rope,11,0.016547443345189095
1,post_rope,12,0.014827359467744827
1,post_rope,13,0.01473779696971178
1,post_rope,14,0.014577503316104412
1,post_rope,15,0.014039246365427971
1,post_rope,16,0.013806563802063465
1,post_rope,17,0.01362235564738512
1,post_rope,18,0.013394931331276894
1,post_rope,19,0.013274621218442917
1,post_rope,20,0.013085420243442059
1,post_rope,21,0.012919915840029716
1,post_rope,22,0.01244046725332737
1,post_rope,23,0.01232259813696146
1,post_rope,24,0.012249060906469822
1,post_rope,25,0.011989791877567768
1,post_rope,26,0.01193443313241005
1,post_rope,27,0.011898647993803024
1,post_rope,28,0.01160876639187336
1,post_rope,29,0.011382358148694038
1,post_rope,30,0.011327221058309078
1,post_rope,31,0.011163580231368542
1,post_rope,32,0.011044984683394432
1,post_rope,33,0.010484831407666206
1,post_rope,34,0.010323170572519302
1,post_rope,35,0.010168238542973995
1,post_rope,36,0.009992298670113087
1,post_rope,37,0.009204095229506493
1,post_rope,38,0.008946909569203854
1,post_rope,39,0.00829253625124693
1,post_rope,40,0.007941780611872673
1,post_rope,41,0.007458154112100601
1,post_rope,42,0.007070308551192284
1,post_rope,43,0.007006428204476833
1,post_rope,44,0.0069271414540708065
1,post_rope,45,0.006138850934803486
1,post_rope,46,0.00590926967561245
1,post_rope,47,0.005775043740868568
1,post_rope,48,0.005708801560103893
1,post_rope,49,0.0056690252386033535
1,post_rope,50,0.005609046667814255
1,post_rope,51,0.005429738201200962
1,post_rope,52,0.005250149872153997
1,post_rope,53,0.0052046882919967175
1,post_rope,54,0.005118039436638355
1,post_rope,55,0.004982698708772659
1,post_rope,56,0.004887156188488007
1,post_rope,57,0.004860834218561649
1,post_rope,58,0.004816086031496525
1,post_rope,59,0.004757361486554146
1,post_rope,60,0.004737129434943199
1,post_rope,61,0.004711999092251062
1,post_rope,62,0.004632709082216024
1,post_rope,63,0.004616342484951019
1,post_rope,64,0.004583111498504877
1,post_rope,65,0.004520287737250328
1,post_rope,66,0.004476227797567844
1,post_rope,67,0.004389787092804909
1,post_rope,68,0.004344915971159935
1,post_rope,69,0.004284433089196682
1,post_rope,70,0.004278579726815224
1,post_rope,71,0.004235428757965565
1,post_rope,72,0.004203593824058771
1,post_rope,73,0.004146983847022057
1,post_rope,74,0.004135625436902046
1,post_rope,75,0.00412705447524786
1,post_rope,76,0.004107926040887833
1,post_rope,77,0.004093766678124666
1,post_rope,78,0.004036591853946447
1,post_rope,79,0.004015401937067509
1,post_rope,80,0.003973797429352999
1,post_rope,81,0.003929953556507826
1,post_rope,82,0.003894343739375472
1,post_rope,83,0.0038742830511182547
1,post_rope,84,0.003830814268440008
1,post_rope,85,0.0038219455163925886
1,post_rope,86,0.003766285255551338
1,post_rope,87,0.0037375467363744974
1,post_rope,88,0.0037028146907687187
1,post_rope,89,0.00367304147221148
1,post_rope,90,0.0036271102726459503
1,post_rope,91,0.0035899521317332983
1,post_rope,92,0.0035417613107711077
1,post_rope,93,0.0034575234167277813
1,post_rope,94,0.0034305762965232134
1,post_rope,95,0.0034084110520780087
1,post_rope,96,0.0033818294759839773
1,post_rope,97,0.0033627194352447987
1,post_rope,98,0.0033045008312910795
1,post_rope,99,0.0032365915831178427
1,post_rope,100,0.0031610417645424604
1,post_rope,101,0.003148376476019621
1,post_rope,102,0.0031242971308529377
1,post_rope,103,0.0030087751802057028
1,post_rope,104,0.0029816697351634502
1,post_rope,105,0.0029411145951598883
1,post_rope,106,0.002881951630115509
1,post_rope,107,0.0027663048822432756
1,post_rope,108,0.0027238340117037296
1,post_rope,109,0.0026485950220376253
1,post_rope,110,0.002560853026807308
1,post_rope,111,0.0024769932497292757
1,post_rope,112,0.002415571128949523
1,post_rope,113,0.0023346126545220613
1,post_rope,114,0.002262465888634324
1,post_rope,115,0.0022306914906948805
1,post_rope,116,0.0021969357039779425
1,post_rope,117,0.0021047040354460478
1,post_rope,118,0.0020072052720934153
1,post_rope,119,0.00196174718439579
1,post_rope,120,0.001925909542478621
1,post_rope,121,0.0018142625922337174
1,post_rope,122,0.001794567797333002
1,post_rope,123,0.001666962169110775
1,post_rope,124,0.001603693701326847
1,post_rope,125,0.001494977856054902
1,post_rope,126,0.0013210703618824482
1,post_rope,127,0.0012141229817643762
1,post_rope,128,0.0011013720650225878
2,pre_rope,1,1.0
2,pre_rope,2,0.04225507006049156
2,pre_rope,3,0.02861962467432022
2,pre_rope,4,0.02470514550805092
2,pre_rope,5,0.01958378218114376
2,pre_rope,6,0.018241705372929573
2,pre_rope,7,0.01686330884695053
2,pre_rope,8,0.01619909331202507
2,pre_rope,9,0.015259534120559692
2,pre_rope,10,0.014942589215934277
2,pre_rope,11,0.013353835791349411
2,pre_rope,12,0.012906260788440704
2,pre_rope,13,0.012701792642474174
2,pre_rope,14,0.01216074451804161
2,pre_rope,15,0.012001845054328442
2,pre_rope,16,0.01189100369811058
2,pre_rope,17,0.011459484696388245
2,pre_rope,18,0.011224707588553429
2,pre_rope,19,0.011096926406025887
2,pre_rope,20,0.010644090361893177
2,pre_rope,21,0.01059427298605442
2,pre_rope,22,0.010476231575012207
2,pre_rope,23,0.010290456935763359
2,pre_rope,24,0.009771453216671944
2,pre_rope,25,0.009725984185934067
2,pre_rope,26,0.009603968821465969
2,pre_rope,27,0.009468420408666134
2,pre_rope,28,0.009331749752163887
2,pre_rope,29,0.009227230213582516
2,pre_rope,30,0.009089619852602482
2,pre_rope,31,0.008894217200577259
2,pre_rope,32,0.008775994181632996
2,pre_rope,33,0.008569908328354359
2,pre_rope,34,0.00832581240683794
2,pre_rope,35,0.008303445763885975
2,pre_rope,36,0.008210335858166218
2,pre_rope,37,0.00801339466124773
2,pre_rope,38,0.007872460409998894
2,pre_rope,39,0.007859490811824799
2,pre_rope,40,0.007694739382714033
2,pre_rope,41,0.007442940957844257
2,pre_rope,42,0.007360921707004309
2,pre_rope,43,0.007258828729391098
2,pre_rope,44,0.007073929067701101
2,pre_rope,45,0.00704983389005065
2,pre_rope,46,0.006962502840906382
2,pre_rope,47,0.006815021857619286
2,pre_rope,48,0.00668169604614377
2,pre_rope,49,0.0066399844363331795
2,pre_rope,50,0.006510131526738405
2,pre_rope,51,0.006404371000826359
2,pre_rope,52,0.00638269167393446
2,pre_rope,53,0.006225344259291887
2,pre_rope,54,0.006164195481687784
2,pre_rope,55,0.006083955056965351
2,pre_rope,56,0.005952168256044388
2,pre_rope,57,0.005900087300688028
2,pre_rope,58,0.005739019252359867
2,pre_rope,59,0.005640567280352116
2,pre_rope,60,0.0055734626948833466
2,pre_rope,61,0.005502752494066954
2,pre_rope,62,0.0054525644518435
2,pre_rope,63,0.005362967494875193
2,pre_rope,64,0.005297975614666939
2,pre_rope,65,0.00516241230070591
2,pre_rope,66,0.005092455539852381
2,pre_rope,67,0.004920450039207935
2,pre_rope,68,0.004751105327159166
2,pre_rope,69,0.004676650743931532
2,pre_rope,70,0.004626178648322821
2,pre_rope,71,0.004508103709667921
2,pre_rope,72,0.004464851226657629
2,pre_rope,73,0.004442106932401657
2,pre_rope,74,0.004361002240329981
2,pre_rope,75,0.004244355019181967
2,pre_rope,76,0.004184784833341837
2,pre_rope,77,0.004130016081035137
2,pre_rope,78,0.004037099424749613
2,pre_rope,79,0.0039982870221138
2,pre_rope,80,0.003926339093595743
2,pre_rope,81,0.0038463319651782513
2,pre_rope,82,0.003676661988720298
2,pre_rope,83,0.0036531700752675533
2,pre_rope,84,0.0035538282245397568
2,pre_rope,85,0.003546125488355756
2,pre_rope,86,0.003416588297113776
2,pre_rope,87,0.003291764995083213
2,pre_rope,88,0.003194593358784914
2,pre_rope,89,0.0031748847104609013
2,pre_rope,90,0.003147752722725272
2,pre_rope,91,0.003076407825574279
2,pre_rope,92,0.0029928095173090696
2,pre_rope,93,0.00285276654176414
2,pre_rope,94,0.0028222983237355947
2,pre_rope,95,0.002792119514197111
2,pre_rope,96,0.002709272550418973
2,pre_rope,97,0.002570205833762884
2,pre_rope,98,0.0024548256769776344
2,pre_rope,99,0.002401211764663458
2,pre_rope,100,0.0023415146861225367
2,pre_rope,101,0.0022895080037415028
2,pre_rope,102,0.002264684531837702
2,pre_rope,103,0.0022057052701711655
2,pre_rope,104,0.0021667389664798975
2,pre_rope,105,0.0020775117445737123
2,pre_rope,106,0.0019911406561732292
2,pre_rope,107,0.0018808236345648766
2,pre_rope,108,0.0018361253896728158
2,pre_rope,109,0.001787681132555008
2,pre_rope,110,0.0017339931800961494
2,pre_rope,111,0.001583928824402392
2,pre_rope,112,0.0015570410760119557
2,pre_rope,113,0.0015039542922750115
2,pre_rope,114,0.001405983930453658
2,pre_rope,115,0.0013604082632809877
2,pre_rope,116,0.0013500596396625042
2,pre_rope,117,0.0012988925445824862
2,pre_rope,118,0.0011648167856037617
2,pre_rope,119,0.001149078831076622
2,pre_rope,120,0.0010938697960227728
2,pre_rope,121,0.0010444544022902846
2,pre_rope,122,0.0010094771860167384
2,pre_rope,123,0.0009839595295488834
2,pre_rope,124,0.000836509803775698
2,pre_rope,125,0.0007696481770835817
2,pre_rope,126,0.0006033782265149057
2,pre_rope,127,0.0005616591079160571
2,pre_rope,128,0.00046869178186170757
2,post_rope,1,1.0
2,post_rope,2,0.04090319573879242
2,post_rope,3,0.0381324402987957
2,post_rope,4,0.03567109629511833
2,post_rope,5,0.03105148673057556
2,post_rope,6,0.03099857084453106
2,post_rope,7,0.030834829434752464
2,post_rope,8,0.030742906033992767
2,post_rope,9,0.030360953882336617
2,post_rope,10,0.029774943366646767
2,post_rope,11,0.02826981619000435
2,post_rope,12,0.028029518201947212
2,post_rope,13,0.026618225499987602
2,post_rope,14,0.026039786636829376
2,post_rope,15,0.025815172120928764
2,post_rope,16,0.02481360360980034
2,post_rope,17,0.024585381150245667
2,post_rope,18,0.023280583322048187
2,post_rope,19,0.02306624874472618
2,post_rope,20,0.022704625502228737
2,post_rope,21,0.022132720798254013
2,post_rope,22,0.021250223740935326
2,post_rope,23,0.020428165793418884
2,post_rope,24,0.02026490308344364
2,post_rope,25,0.019364744424819946
2,post_rope,26,0.019074540585279465
2,post_rope,27,0.01878318004310131
2,post_rope,28,0.018503651022911072
2,post_rope,29,0.017735252156853676
2,post_rope,30,0.017455581575632095
2,post_rope,31,0.01542180497199297
2,post_rope,32,0.01505716796964407
2,post_rope,33,0.013865869492292404
2,post_rope,34,0.013448551297187805
2,post_rope,35,0.0128992460668087
2,post_rope,36,0.012225577607750893
2,post_rope,37,0.011880145408213139
2,post_rope,38,0.011785111390054226
2,post_rope,39,0.011757714673876762
2,post_rope,40,0.011644409969449043
2,post_rope,41,0.011353851296007633
2,post_rope,42,0.011289325542747974
2,post_rope,43,0.011239312589168549
2,post_rope,44,0.01109679602086544
2,post_rope,45,0.010774916969239712
2,post_rope,46,0.01065119355916977
2,post_rope,47,0.010497192852199078
2,post_rope,48,0.01024434994906187
2,post_rope,49,0.010234050452709198
2,post_rope,50,0.01009328756481409
2,post_rope,51,0.009990782476961613
2,post_rope,52,0.009841983206570148
2,post_rope,53,0.009652039036154747
2,post_rope,54,0.009576808661222458
2,post_rope,55,0.009508565068244934
2,post_rope,56,0.009449033066630363
2,post_rope,57,0.009340603835880756
2,post_rope,58,0.009298883378505707
2,post_rope,59,0.009186284616589546
2,post_rope,60,0.009120560251176357
2,post_rope,61,0.009030137211084366
2,post_rope,62,0.00889359600841999
2,post_rope,63,0.008854860439896584
2,post_rope,64,0.008832130581140518
2,post_rope,65,0.00868634320795536
2,post_rope,66,0.008616359904408455
2,post_rope,67,0.008536240085959435
2,post_rope,68,0.008496977388858795
2,post_rope,69,0.008427498862147331
2,post_rope,70,0.008362147957086563
2,post_rope,71,0.00828123651444912
2,post_rope,72,0.008175740949809551
2,post_rope,73,0.008052305318415165
2,post_rope,74,0.007930333726108074
2,post_rope,75,0.007758732419461012
2,post_rope,76,0.007700122427195311
2,post_rope,77,0.0075913406908512115
2,post_rope,78,0.007433528080582619
2,post_rope,79,0.007353911641985178
2,post_rope,80,0.00732770562171936
2,post_rope,81,0.007169588468968868
2,post_rope,82,0.007110175210982561
2,post_rope,83,0.00706078764051199
2,post_rope,84,0.00704625528305769
2,post_rope,85,0.006971530616283417
2,post_rope,86,0.006891023833304644
2,post_rope,87,0.006840729154646397
2,post_rope,88,0.0067740147933363914
2,post_rope,89,0.006717537995427847
2,post_rope,90,0.006687915418297052
2,post_rope,91,0.006562090944498777
2,post_rope,92,0.006528711877763271
2,post_rope,93,0.006487531121820211
2,post_rope,94,0.006475189235061407
2,post_rope,95,0.006389866583049297
2,post_rope,96,0.006328373681753874
2,post_rope,97,0.00626293895766139
2,post_rope,98,0.006241959519684315
2,post_rope,99,0.006169749423861504
2,post_rope,100,0.006118724588304758
2,post_rope,101,0.006082668900489807
2,post_rope,102,0.005914296954870224
2,post_rope,103,0.005826981272548437
2,post_rope,104,0.005783856846392155
2,post_rope,105,0.005763780791312456
2,post_rope,106,0.0057368203997612
2,post_rope,107,0.0056345341727137566
2,post_rope,108,0.005582147743552923
2,post_rope,109,0.0055179959163069725
2,post_rope,110,0.005471234209835529
2,post_rope,111,0.005360499024391174
2,post_rope,112,0.005334749352186918
2,post_rope,113,0.0052005634643137455
2,post_rope,114,0.005123151931911707
2,post_rope,115,0.0050733271054923534
2,post_rope,116,0.005006659775972366
2,post_rope,117,0.0049324980936944485
2,post_rope,118,0.004768733866512775
2,post_rope,119,0.004672717768698931
2,post_rope,120,0.004528268706053495
2,post_rope,121,0.00440999073907733
2,post_rope,122,0.004252756014466286
2,post_rope,123,0.0040539768524467945
2,post_rope,124,0.003982913680374622
2,post_rope,125,0.0036923123989254236
2,post_rope,126,0.0035770577378571033
2,post_rope,127,0.0033214963041245937
2,post_rope,128,0.0024853036738932133
3,pre_rope,1,1.0
3,pre_rope,2,0.11288744956254959
3,pre_rope,3,0.10423298925161362
3,pre_rope,4,0.09271857887506485
3,pre_rope,5,0.08387713879346848
3,pre_rope,6,0.0787392258644104
3,pre_rope,7,0.07631167024374008
3,pre_rope,8,0.07409557700157166
3,pre_rope,9,0.07249652594327927
3,pre_rope,10,0.0713825598359108
3,pre_rope,11,0.06647294014692307
3,pre_rope,12,0.06480535119771957
3,pre_rope,13,0.06313882768154144
3,pre_rope,14,0.06180863082408905
3,pre_rope,15,0.0593283548951149
3,pre_rope,16,0.05789697915315628
3,pre_rope,17,0.05597718805074692
3,pre_rope,18,0.05394964665174484
3,pre_rope,19,0.050715066492557526
3,pre_rope,20,0.05002574622631073
3,pre_rope,21,0.04996790736913681
3,pre_rope,22,0.04820464551448822
3,pre_rope,23,0.04626895859837532
3,pre_rope,24,0.044811613857746124
3,pre_rope,25,0.04185795038938522
3,pre_rope,26,0.039827972650527954
3,pre_rope,27,0.03701794147491455
3,pre_rope,28,0.03678387776017189
3,pre_rope,29,0.03517131507396698
3,pre_rope,30,0.03306480497121811
3,pre_rope,31,0.03136104345321655
3,pre_rope,32,0.030435148626565933
3,pre_rope,33,0.029742807149887085
3,pre_rope,34,0.029399221763014793
3,pre_rope,35,0.027854571118950844
3,pre_rope,36,0.027560044080018997
3,pre_rope,37,0.026569325476884842
3,pre_rope,38,0.026293188333511353
3,pre_rope,39,0.025320718064904213
3,pre_rope,40,0.024786153808236122
3,pre_rope,41,0.024347130209207535
3,pre_rope,42,0.024015748873353004
3,pre_rope,43,0.023571187630295753
3,pre_rope,44,0.023058036342263222
3,pre_rope,45,0.02284684218466282
3,pre_rope,46,0.02228701300919056
3,pre_rope,47,0.02163459174335003
3,pre_rope,48,0.021516943350434303
3,pre_rope,49,0.021147536113858223
3,pre_rope,50,0.02073248289525509
3,pre_rope,51,0.020312434062361717
3,pre_rope,52,0.020205765962600708
3,pre_rope,53,0.0200958289206028
3,pre_rope,54,0.019862690940499306
3,pre_rope,55,0.019207818433642387
3,pre_rope,56,0.018894005566835403
3,pre_rope,57,0.018851203843951225
3,pre_rope,58,0.018480705097317696
3,pre_rope,59,0.018091395497322083
3,pre_rope,60,0.017879273742437363
3,pre_rope,61,0.017677875235676765
3,pre_rope,62,0.017488373443484306
3,pre_rope,63,0.01701798103749752
3,pre_rope,64,0.01663452759385109
3,pre_rope,65,0.016450360417366028
3,pre_rope,66,0.016087403520941734
3,pre_rope,67,0.015887770801782608
3,pre_rope,68,0.015573512762784958
3,pre_rope,69,0.015377705916762352
3,pre_rope,70,0.015022573992609978
3,pre_rope,71,0.014635525643825531
3,pre_rope,72,0.014454909600317478
3,pre_rope,73,0.014149104245007038
3,pre_rope,74,0.013882705941796303
3,pre_rope,75,0.01341247372329235
3,pre_rope,76,0.013165661133825779
3,pre_rope,77,0.012707113288342953
3,pre_rope,78,0.012443619780242443
3,pre_rope,79,0.012034846469759941
3,pre_rope,80,0.011547868140041828
3,pre_rope,81,0.01135248877108097
3,pre_rope,82,0.011012205854058266
3,pre_rope,83,0.010942453518509865
3,pre_rope,84,0.0105400700122118
3,pre_rope,85,0.010295884683728218
3,pre_rope,86,0.010233634151518345
3,pre_rope,87,0.00957548338919878
3,pre_rope,88,0.009359913878142834
3,pre_rope,89,0.008981269784271717
3,pre_rope,90,0.008601507171988487
3,pre_rope,91,0.008059462532401085
3,pre_rope,92,0.008005681447684765
3,pre_rope,93,0.007699070032685995
3,pre_rope,94,0.007514433469623327
3,pre_rope,95,0.007081050891429186
3,pre_rope,96,0.006948272231966257
3,pre_rope,97,0.006619427353143692
3,pre_rope,98,0.006303295027464628
3,pre_rope,99,0.006166656501591206
3,pre_rope,100,0.005929260049015284
3,pre_rope,101,0.005828110501170158
3,pre_rope,102,0.0053194002248346806
3,pre_rope,103,0.00490413187071681
3,pre_rope,104,0.004878922365605831
3,pre_rope,105,0.004481042735278606
3,pre_rope,106,0.004307938273996115
3,pre_rope,107,0.0040495553985238075
3,pre_rope,108,0.003995440434664488
3,pre_rope,109,0.0037155873142182827
3,pre_rope,110,0.0035682390443980694
3,pre_rope,111,0.0035084185656160116
3,pre_rope,112,0.003429186763241887
3,pre_rope,113,0.0032743022311478853
3,pre_rope,114,0.0031321472488343716
3,pre_rope,115,0.003015026915818453
3,pre_rope,116,0.0028551113791763783
3,pre_rope,117,0.002692492911592126
3,pre_rope,118,0.002327653579413891
3,pre_rope,119,0.0022147425916045904
3,pre_rope,120,0.0021839847322553396
3,pre_rope,121,0.002002703258767724
3,pre_rope,122,0.0018970571691170335
3,pre_rope,123,0.0017513661878183484
3,pre_rope,124,0.0016908328980207443
3,pre_rope,125,0.0014839869691058993
3,pre_rope,126,0.0013033525319769979
3,pre_rope,127,0.001194270676933229
3,pre_rope,128,0.0011080289259552956
3,post_rope,1,1.0
3,post_rope,2,0.16624264419078827
3,post_rope,3,0.13165366649627686
3,post_rope,4,0.12026853859424591
3,post_rope,5,0.11630193889141083
3,post_rope,6,0.10737777501344681
3,post_rope,7,0.10452120751142502
3,post_rope,8,0.10390327870845795
3,post_rope,9,0.1021987795829773
3,post_rope,10,0.10115284472703934
3,post_rope,11,0.10014317184686661
3,post_rope,12,0.0962110310792923
3,post_rope,13,0.09390182048082352
3,post_rope,14,0.09239919483661652
3,post_rope,15,0.09044015407562256
3,post_rope,16,0.08912666141986847
3,post_rope,17,0.08823834359645844
3,post_rope,18,0.08773355185985565
3,post_rope,19,0.08642661571502686
3,post_rope,20,0.0846809521317482
3,post_rope,21,0.08324547857046127
3,post_rope,22,0.08245842158794403
3,post_rope,23,0.08151737600564957
3,post_rope,24,0.0812995508313179
3,post_rope,25,0.07995951920747757
3,post_rope,26,0.0784493163228035
3,post_rope,27,0.07811728864908218
3,post_rope,28,0.07641386985778809
3,post_rope,29,0.07569925487041473
3,post_rope,30,0.07497452944517136
3,post_rope,31,0.07371864467859268
3,post_rope,32,0.0729915052652359
3,post_rope,33,0.07067304849624634
3,post_rope,34,0.0703253522515297
3,post_rope,35,0.06926501542329788
3,post_rope,36,0.06837508827447891
3,post_rope,37,0.06828093528747559
3,post_rope,38,0.06689150631427765
3,post_rope,39,0.06660384684801102
3,post_rope,40,0.06569956988096237
3,post_rope,41,0.06541837751865387
3,post_rope,42,0.06396947801113129
3,post_rope,43,0.06254412978887558
3,post_rope,44,0.061566319316625595
3,post_rope,45,0.06134374439716339
3,post_rope,46,0.05981723964214325
3,post_rope,47,0.05865396559238434
3,post_rope,48,0.0580027773976326
3,post_rope,49,0.05726070702075958
3,post_rope,50,0.05401671677827835
3,post_rope,51,0.052746765315532684
3,post_rope,52,0.05083628371357918
3,post_rope,53,0.04606800526380539
3,post_rope,54,0.04364504665136337
3,post_rope,55,0.04197882488369942
3,post_rope,56,0.04081014171242714
3,post_rope,57,0.04063737019896507
3,post_rope,58,0.03880417346954346
3,post_rope,59,0.0373469740152359
3,post_rope,60,0.03642002493143082
3,post_rope,61,0.0356721393764019
3,post_rope,62,0.03504584729671478
3,post_rope,63,0.034213416278362274
3,post_rope,64,0.034052107483148575
3,post_rope,65,0.03340787813067436
3,post_rope,66,0.03294399380683899
3,post_rope,67,0.03239559009671211
3,post_rope,68,0.03193727880716324
3,post_rope,69,0.030717819929122925
3,post_rope,70,0.030550405383110046
3,post_rope,71,0.03005075268447399
3,post_rope,72,0.029625657945871353
3,post_rope,73,0.02949630469083786
3,post_rope,74,0.029007602483034134
3,post_rope,75,0.028794728219509125
3,post_rope,76,0.028553897514939308
3,post_rope,77,0.028101826086640358
3,post_rope,78,0.027982555329799652
3,post_rope,79,0.027803780511021614
3,post_rope,80,0.027262171730399132
3,post_rope,81,0.026847098022699356
3,post_rope,82,0.02621547318994999
3,post_rope,83,0.02571316994726658
3,post_rope,84,0.025148672983050346
3,post_rope,85,0.02478417567908764
3,post_rope,86,0.024541789665818214
3,post_rope,87,0.02382875792682171
3,post_rope,88,0.023770686239004135
3,post_rope,89,0.02366478554904461
3,post_rope,90,0.02280503697693348
3,post_rope,91,0.022021176293492317
3,post_rope,92,0.02189410664141178
3,post_rope,93,0.021772563457489014
3,post_rope,94,0.021505815908312798
3,post_rope,95,0.02133791334927082
3,post_rope,96,0.02112947776913643
3,post_rope,97,0.020753851160407066
3,post_rope,98,0.020518291741609573
3,post_rope,99,0.02020917274057865
3,post_rope,100,0.01985865645110607
3,post_rope,101,0.019576454535126686
3,post_rope,102,0.0192569587379694
3,post_rope,103,0.019252151250839233
3,post_rope,104,0.018763447180390358
3,post_rope,105,0.018670329824090004
3,post_rope,106,0.01831323467195034
3,post_rope,107,0.017930768430233
3,post_rope,108,0.017583733424544334
3,post_rope,109,0.017374444752931595
3,post_rope,110,0.0171011034399271
3,post_rope,111,0.016794947907328606
3,post_rope,112,0.01663953810930252
3,post_rope,113,0.01629374735057354
3,post_rope,114,0.01594196818768978
3,post_rope,115,0.015771562233567238
3,post_rope,116,0.015221524983644485
3,post_rope,117,0.014331488870084286
3,post_rope,118,0.012361367233097553
3,post_rope,119,0.012178104370832443
3,post_rope,120,0.012091659009456635
3,post_rope,121,0.0119370361790061
3,post_rope,122,0.011108254082500935
3,post_rope,123,0.010973299853503704
3,post_rope,124,0.010713700205087662
3,post_rope,125,0.009705618023872375
3,post_rope,126,0.009455370716750622
3,post_rope,127,0.009265396744012833
3,post_rope,128,0.00718530872836709
4,pre_rope,1,1.0
4,pre_rope,2,0.1377004086971283
4,pre_rope,3,0.11864987760782242
4,pre_rope,4,0.08135361969470978
4,pre_rope,5,0.07579236477613449
4,pre_rope,6,0.066630057990551
4,pre_rope,7,0.06205485016107559
4,pre_rope,8,0.05857827514410019
4,pre_rope,9,0.0533670075237751
4,pre_rope,10,0.05061393603682518
4,pre_rope,11,0.05000981688499451
4,pre_rope,12,0.04804881289601326
4,pre_rope,13,0.04481850564479828
4,pre_rope,14,0.04158223420381546
4,pre_rope,15,0.040158551186323166
4,pre_rope,16,0.039251718670129776
4,pre_rope,17,0.037956610321998596
4,pre_rope,18,0.036211591213941574
4,pre_rope,19,0.03485631197690964
4,pre_rope,20,0.03341301903128624
4,pre_rope,21,0.03276988863945007
4,pre_rope,22,0.032189805060625076
4,pre_rope,23,0.031591981649398804
4,pre_rope,24,0.03045324794948101
4,pre_rope,25,0.029642121866345406
4,pre_rope,26,0.029052458703517914
4,pre_rope,27,0.028591688722372055
4,pre_rope,28,0.027859434485435486
4,pre_rope,29,0.026880310848355293
4,pre_rope,30,0.026150714606046677
4,pre_rope,31,0.0260029174387455
4,pre_rope,32,0.025523042306303978
4,pre_rope,33,0.02510726824402809
4,pre_rope,34,0.024746647104620934
4,pre_rope,35,0.024566302075982094
4,pre_rope,36,0.023895950987935066
4,pre_rope,37,0.02322414144873619
4,pre_rope,38,0.02295844629406929
4,pre_rope,39,0.02264297567307949
4,pre_rope,40,0.022272739559412003
4,pre_rope,41,0.021659517660737038
4,pre_rope,42,0.021274615079164505
4,pre_rope,43,0.02108452282845974
4,pre_rope,44,0.020801967009902
4,pre_rope,45,0.02058820053935051
4,pre_rope,46,0.02012692578136921
4,pre_rope,47,0.019952597096562386
4,pre_rope,48,0.019695894792675972
4,pre_rope,49,0.019250662997364998
4,pre_rope,50,0.018462445586919785
4,pre_rope,51,0.018214905634522438
4,pre_rope,52,0.017976859584450722
4,pre_rope,53,0.01773214340209961
4,pre_rope,54,0.017470644786953926
4,pre_rope,55,0.017245419323444366
4,pre_rope,56,0.016815273091197014
4,pre_rope,57,0.016647689044475555
4,pre_rope,58,0.016415206715464592
4,pre_rope,59,0.016058461740612984
4,pre_rope,60,0.015441748313605785
4,pre_rope,61,0.015233762562274933
4,pre_rope,62,0.014921549707651138
4,pre_rope,63,0.014707602560520172
4,pre_rope,64,0.01428853441029787
4,pre_rope,65,0.013972116634249687
4,pre_rope,66,0.013633974827826023
4,pre_rope,67,0.013440856710076332
4,pre_rope,68,0.01314603816717863
4,pre_rope,69,0.012762310914695263
4,pre_rope,70,0.012478834018111229
4,pre_rope,71,0.012317365035414696
4,pre_rope,72,0.012056410312652588
4,pre_rope,73,0.011930217035114765
4,pre_rope,74,0.011677117086946964
4,pre_rope,75,0.011280439794063568
4,pre_rope,76,0.010999273508787155
4,pre_rope,77,0.010823293589055538
4,pre_rope,78,0.010438951663672924
4,pre_rope,79,0.010263202711939812
4,pre_rope,80,0.010211112909018993
4,pre_rope,81,0.009914902970194817
4,pre_rope,82,0.00974403228610754
4,pre_rope,83,0.009671025909483433
4,pre_rope,84,0.009395637549459934
4,pre_rope,85,0.009327982552349567
4,pre_rope,86,0.009236173704266548
4,pre_rope,87,0.008857202716171741
4,pre_rope,88,0.008758636191487312
4,pre_rope,89,0.008380747400224209
4,pre_rope,90,0.008145148865878582
4,pre_rope,91,0.008000391535460949
4,pre_rope,92,0.00796640757471323
4,pre_rope,93,0.007784892804920673
4,pre_rope,94,0.00762771675363183
4,pre_rope,95,0.007460575085133314
4,pre_rope,96,0.0073555330745875835
4,pre_rope,97,0.007188599091023207
4,pre_rope,98,0.006845107767730951
4,pre_rope,99,0.006766140460968018
4,pre_rope,100,0.006640461273491383
4,pre_rope,101,0.0064514498226344585
4,pre_rope,102,0.006442807149142027
4,pre_rope,103,0.00628084409981966
4,pre_rope,104,0.0061221858486533165
4,pre_rope,105,0.005917960777878761
4,pre_rope,106,0.005802133586257696
4,pre_rope,107,0.005615963134914637
4,pre_rope,108,0.005486757960170507
4,pre_rope,109,0.005363406613469124
4,pre_rope,110,0.005131624173372984
4,pre_rope,111,0.004884170368313789
4,pre_rope,112,0.004822687245905399
4,pre_rope,113,0.00480357650667429
4,pre_rope,114,0.004643484950065613
4,pre_rope,115,0.0043129995465278625
4,pre_rope,116,0.0042398059740662575
4,pre_rope,117,0.00416209502145648
4,pre_rope,118,0.0038961635436862707
4,pre_rope,119,0.0038077784702181816
4,pre_rope,120,0.003693470498546958
4,pre_rope,121,0.0034147328697144985
4,pre_rope,122,0.003317214548587799
4,pre_rope,123,0.003185674548149109
4,pre_rope,124,0.003042698372155428
4,pre_rope,125,0.00290470477193594
4,pre_rope,126,0.0027670003473758698
4,pre_rope,127,0.002466778038069606
4,pre_rope,128,0.0015799924731254578
4,post_rope,1,1.0
4,post_rope,2,0.15293347835540771
4,post_rope,3,0.15085507929325104
4,post_rope,4,0.13964344561100006
4,post_rope,5,0.1349586546421051
4,post_rope,6,0.13271614909172058
4,post_rope,7,0.1166587620973587
4,post_rope,8,0.11173854023218155
4,post_rope,9,0.10884468257427216
4,post_rope,10,0.10446606576442719
4,post_rope,11,0.10133207589387894
4,post_rope,12,0.09935164451599121
4,post_rope,13,0.09720083326101303
4,post_rope,14,0.09593231230974197
4,post_rope,15,0.09512695670127869
4,post_rope,16,0.09479093551635742
4,post_rope,17,0.0910685732960701
4,post_rope,18,0.09076657146215439
4,post_rope,19,0.08857332915067673
4,post_rope,20,0.0819692462682724
4,post_rope,21,0.07986795157194138
4,post_rope,22,0.07754972577095032
4,post_rope,23,0.07221635431051254
4,post_rope,24,0.07055045664310455
4,post_rope,25,0.06853250414133072
4,post_rope,26,0.06550001353025436
4,post_rope,27,0.06472039967775345
4,post_rope,28,0.06401468068361282
4,post_rope,29,0.06379436701536179
4,post_rope,30,0.06307405978441238
4,post_rope,31,0.06217706948518753
4,post_rope,32,0.061909325420856476
4,post_rope,33,0.06083398312330246
4,post_rope,34,0.05962037667632103
4,post_rope,35,0.058382049202919006
4,post_rope,36,0.05514483526349068
4,post_rope,37,0.051824264228343964
4,post_rope,38,0.04797838628292084
4,post_rope,39,0.047421302646398544
4,post_rope,40,0.04593665152788162
4,post_rope,41,0.04532402381300926
4,post_rope,42,0.04407414793968201
4,post_rope,43,0.04170292615890503
4,post_rope,44,0.04034557193517685
4,post_rope,45,0.039266906678676605
4,post_rope,46,0.03885267674922943
4,post_rope,47,0.03748723119497299
4,post_rope,48,0.03712848573923111
4,post_rope,49,0.036615774035453796
4,post_rope,50,0.03575051575899124
4,post_rope,51,0.03478560224175453
4,post_rope,52,0.034481264650821686
4,post_rope,53,0.03439679369330406
4,post_rope,54,0.0337698757648468
4,post_rope,55,0.03273776173591614
4,post_rope,56,0.03238869458436966
4,post_rope,57,0.03210281953215599
4,post_rope,58,0.031798336654901505
4,post_rope,59,0.03121747076511383
4,post_rope,60,0.031026311218738556
4,post_rope,61,0.03072090819478035
4,post_rope,62,0.030519815161824226
4,post_rope,63,0.029734842479228973
4,post_rope,64,0.029645223170518875
4,post_rope,65,0.029303336516022682
4,post_rope,66,0.029067598283290863
4,post_rope,67,0.028581900522112846
4,post_rope,68,0.028182629495859146
4,post_rope,69,0.028087664395570755
4,post_rope,70,0.02796018123626709
4,post_rope,71,0.027806129306554794
4,post_rope,72,0.027240687981247902
4,post_rope,73,0.027193712070584297
4,post_rope,74,0.026779837906360626
4,post_rope,75,0.026373136788606644
4,post_rope,76,0.0261754859238863
4,post_rope,77,0.025863206014037132
4,post_rope,78,0.025762734934687614
4,post_rope,79,0.025219639763236046
4,post_rope,80,0.024908550083637238
4,post_rope,81,0.02480221912264824
4,post_rope,82,0.024480493739247322
4,post_rope,83,0.024286845698952675
4,post_rope,84,0.024126853793859482
4,post_rope,85,0.023821940645575523
4,post_rope,86,0.023732172325253487
4,post_rope,87,0.02355179935693741
4,post_rope,88,0.02342398278415203
4,post_rope,89,0.023188097402453423
4,post_rope,90,0.022902747616171837
4,post_rope,91,0.022746756672859192
4,post_rope,92,0.022562233731150627
4,post_rope,93,0.022486146539449692
4,post_rope,94,0.02222326211631298
4,post_rope,95,0.022046754136681557
4,post_rope,96,0.02198685333132744
4,post_rope,97,0.021290265023708344
4,post_rope,98,0.020889881998300552
4,post_rope,99,0.020693257451057434
4,post_rope,100,0.020484576001763344
4,post_rope,101,0.020350642502307892
4,post_rope,102,0.020224010571837425
4,post_rope,103,0.019867055118083954
4,post_rope,104,0.019629932940006256
4,post_rope,105,0.019197367131710052
4,post_rope,106,0.018957767635583878
4,post_rope,107,0.01890036277472973
4,post_rope,108,0.018547620624303818
4,post_rope,109,0.0182192362844944
4,post_rope,110,0.017883460968732834
4,post_rope,111,0.017710158601403236
4,post_rope,112,0.01703917235136032
4,post_rope,113,0.016559893265366554
4,post_rope,114,0.01635674387216568
4,post_rope,115,0.01626531220972538
4,post_rope,116,0.015997443348169327
4,post_rope,117,0.015688732266426086
4,post_rope,118,0.014620179310441017
4,post_rope,119,0.014283686876296997
4,post_rope,120,0.01336995605379343
4,post_rope,121,0.012855648063123226
4,post_rope,122,0.012184458784759045
4,post_rope,123,0.011293531395494938
4,post_rope,124,0.010243913158774376
4,post_rope,125,0.01021219789981842
4,post_rope,126,0.00963635090738535
4,post_rope,127,0.009092110209167004
4,post_rope,128,0.005931014195084572
5,pre_rope,1,1.0
5,pre_rope,2,0.209633007645607
5,pre_rope,3,0.18892526626586914
5,pre_rope,4,0.14104337990283966
5,pre_rope,5,0.13294479250907898
5,pre_rope,6,0.121578648686409
5,pre_rope,7,0.11834468692541122
5,pre_rope,8,0.10379255563020706
5,pre_rope,9,0.09354519844055176
5,pre_rope,10,0.08868712931871414
5,pre_rope,11,0.0837470144033432
5,pre_rope,12,0.08136504888534546
5,pre_rope,13,0.07828933745622635
5,pre_rope,14,0.07459746301174164
5,pre_rope,15,0.07227925211191177
5,pre_rope,16,0.07021777331829071
5,pre_rope,17,0.06706875562667847
5,pre_rope,18,0.06613224744796753
5,pre_rope,19,0.0641864687204361
5,pre_rope,20,0.06185070425271988
5,pre_rope,21,0.06174338981509209
5,pre_rope,22,0.060347408056259155
5,pre_rope,23,0.0590130053460598
5,pre_rope,24,0.05597993731498718
5,pre_rope,25,0.05508321896195412
5,pre_rope,26,0.054037030786275864
5,pre_rope,27,0.05186299979686737
5,pre_rope,28,0.051299743354320526
5,pre_rope,29,0.049479808658361435
5,pre_rope,30,0.047128573060035706
5,pre_rope,31,0.04634955897927284
5,pre_rope,32,0.04595859348773956
5,pre_rope,33,0.0446590930223465
5,pre_rope,34,0.04410243406891823
5,pre_rope,35,0.04275025054812431
5,pre_rope,36,0.04215497523546219
5,pre_rope,37,0.04181579127907753
5,pre_rope,38,0.04047331213951111
5,pre_rope,39,0.040134698152542114
5,pre_rope,40,0.038645487278699875
5,pre_rope,41,0.038459520787000656
5,pre_rope,42,0.037050411105155945
5,pre_rope,43,0.0367666594684124
5,pre_rope,44,0.035742394626140594
5,pre_rope,45,0.03496941179037094
5,pre_rope,46,0.03362572565674782
5,pre_rope,47,0.03288886696100235
5,pre_rope,48,0.03252501040697098
5,pre_rope,49,0.031666550785303116
5,pre_rope,50,0.03154616802930832
5,pre_rope,51,0.030845480039715767
5,pre_rope,52,0.029902052134275436
5,pre_rope,53,0.0296743493527174
5,pre_rope,54,0.029072944074869156
5,pre_rope,55,0.028237102553248405
5,pre_rope,56,0.027297379449009895
5,pre_rope,57,0.027261758223176003
5,pre_rope,58,0.026516245678067207
5,pre_rope,59,0.025360245257616043
5,pre_rope,60,0.024944333359599113
5,pre_rope,61,0.024566413834691048
5,pre_rope,62,0.024537937715649605
5,pre_rope,63,0.023759154602885246
5,pre_rope,64,0.02327050268650055
5,pre_rope,65,0.022918328642845154
5,pre_rope,66,0.02244693972170353
5,pre_rope,67,0.022201577201485634
5,pre_rope,68,0.021629907190799713
5,pre_rope,69,0.021350108087062836
5,pre_rope,70,0.020947523415088654
5,pre_rope,71,0.020457442849874496
5,pre_rope,72,0.019996073096990585
5,pre_rope,73,0.019713805988430977
5,pre_rope,74,0.019402503967285156
5,pre_rope,75,0.01860649697482586
5,pre_rope,76,0.018407756462693214
5,pre_rope,77,0.017990337684750557
5,pre_rope,78,0.01713186502456665
5,pre_rope,79,0.01710749790072441
5,pre_rope,80,0.016516275703907013
5,pre_rope,81,0.016441920772194862
5,pre_rope,82,0.016058064997196198
5,pre_rope,83,0.015751643106341362
5,pre_rope,84,0.015268120914697647
5,pre_rope,85,0.015127127058804035
5,pre_rope,86,0.014684190042316914
5,pre_rope,87,0.01439928263425827
5,pre_rope,88,0.013942742720246315
5,pre_rope,89,0.013811033219099045
5,pre_rope,90,0.013743973337113857
5,pre_rope,91,0.013537903316318989
5,pre_rope,92,0.013221468776464462
5,pre_rope,93,0.012697581201791763
5,pre_rope,94,0.01264641247689724
5,pre_rope,95,0.012207705527544022
5,pre_rope,96,0.01216293964534998
5,pre_rope,97,0.011577283963561058
5,pre_rope,98,0.01135715190321207
5,pre_rope,99,0.011158973909914494
5,pre_rope,100,0.010777175426483154
5,pre_rope,101,0.010635005310177803
5,pre_rope,102,0.010441378690302372
5,pre_rope,103,0.009951346553862095
5,pre_rope,104,0.0098463399335742
5,pre_rope,105,0.009689629077911377
5,pre_rope,106,0.009487432427704334
5,pre_rope,107,0.009256569668650627
5,pre_rope,108,0.0091467360034585
5,pre_rope,109,0.008709866553544998
5,pre_rope,110,0.008343585766851902
5,pre_rope,111,0.008235019631683826
5,pre_rope,112,0.00791048351675272
5,pre_rope,113,0.007863606326282024
5,pre_rope,114,0.007523882668465376
5,pre_rope,115,0.007067522499710321
5,pre_rope,116,0.0070213316939771175
5,pre_rope,117,0.006796122062951326
5,pre_rope,118,0.0064483811147511005
5,pre_rope,119,0.0062448265962302685
5,pre_rope,120,0.00586144020780921
5,pre_rope,121,0.0056923204101622105
5,pre_rope,122,0.005415166262537241
5,pre_rope,123,0.00504479231312871
5,pre_rope,124,0.004650661256164312
5,pre_rope,125,0.004507014527916908
5,pre_rope,126,0.0041282386519014835
5,pre_rope,127,0.003956932574510574
5,pre_rope,128,0.0019334835233166814
5,post_rope,1,1.0
5,post_rope,2,0.2935641407966614
5,post_rope,3,0.2447054088115692
5,post_rope,4,0.22483481466770172
5,post_rope,5,0.20710140466690063
5,post_rope,6,0.19738544523715973
5,post_rope,7,0.18420489132404327
5,post_rope,8,0.17862141132354736
5,post_rope,9,0.17294849455356598
5,post_rope,10,0.16937515139579773
5,post_rope,11,0.1655689924955368
5,post_rope,12,0.16100820899009705
5,post_rope,13,0.15811380743980408
5,post_rope,14,0.15119950473308563
5,post_rope,15,0.1492041051387787
5,post_rope,16,0.14610417187213898
5,post_rope,17,0.14337314665317535
5,post_rope,18,0.139627143740654
5,post_rope,19,0.13781075179576874
5,post_rope,20,0.13531650602817535
5,post_rope,21,0.1346808224916458
5,post_rope,22,0.13353870809078217
5,post_rope,23,0.1328495293855667
5,post_rope,24,0.1318090260028839
5,post_rope,25,0.1299247145652771
5,post_rope,26,0.12915296852588654
5,post_rope,27,0.12725293636322021
5,post_rope,28,0.12664401531219482
5,post_rope,29,0.12599778175354004
5,post_rope,30,0.12571930885314941
5,post_rope,31,0.1251019984483719
5,post_rope,32,0.12317539751529694
5,post_rope,33,0.12156747281551361
5,post_rope,34,0.11840000748634338
5,post_rope,35,0.10677166283130646
5,post_rope,36,0.10327915102243423
5,post_rope,37,0.09551434218883514
5,post_rope,38,0.09323637187480927
5,post_rope,39,0.09237644821405411
5,post_rope,40,0.08963912725448608
5,post_rope,41,0.08920042961835861
5,post_rope,42,0.08765903860330582
5,post_rope,43,0.08637004345655441
5,post_rope,44,0.08508577197790146
5,post_rope,45,0.08353783935308456
5,post_rope,46,0.08250512927770615
5,post_rope,47,0.07790093868970871
5,post_rope,48,0.07670912891626358
5,post_rope,49,0.07577875256538391
5,post_rope,50,0.07377263158559799
5,post_rope,51,0.07153788208961487
5,post_rope,52,0.07018222659826279
5,post_rope,53,0.06850644201040268
5,post_rope,54,0.06719186902046204
5,post_rope,55,0.06480836123228073
5,post_rope,56,0.0640028864145279
5,post_rope,57,0.061942361295223236
5,post_rope,58,0.06107421591877937
5,post_rope,59,0.06018387898802757
5,post_rope,60,0.05939161032438278
5,post_rope,61,0.05801531672477722
5,post_rope,62,0.05793466791510582
5,post_rope,63,0.05678454414010048
5,post_rope,64,0.05574781820178032
5,post_rope,65,0.05511528626084328
5,post_rope,66,0.05458790808916092
5,post_rope,67,0.054183270782232285
5,post_rope,68,0.053930722177028656
5,post_rope,69,0.05357620492577553
5,post_rope,70,0.052839018404483795
5,post_rope,71,0.05259595066308975
5,post_rope,72,0.05193410441279411
5,post_rope,73,0.051237836480140686
5,post_rope,74,0.050614576786756516
5,post_rope,75,0.05012989044189453
5,post_rope,76,0.04966225475072861
5,post_rope,77,0.04932839050889015
5,post_rope,78,0.04875237122178078
5,post_rope,79,0.048125009983778
5,post_rope,80,0.04763104021549225
5,post_rope,81,0.04715704917907715
5,post_rope,82,0.047058507800102234
5,post_rope,83,0.046176135540008545
5,post_rope,84,0.04540460184216499
5,post_rope,85,0.04517236351966858
5,post_rope,86,0.044927410781383514
5,post_rope,87,0.044741250574588776
5,post_rope,88,0.044109996408224106
5,post_rope,89,0.04301920533180237
5,post_rope,90,0.04274623468518257
5,post_rope,91,0.04259530454874039
5,post_rope,92,0.042142465710639954
5,post_rope,93,0.041863154619932175
5,post_rope,94,0.041179850697517395
5,post_rope,95,0.04100721329450607
5,post_rope,96,0.04092856124043465
5,post_rope,97,0.04036479443311691
5,post_rope,98,0.040251996368169785
5,post_rope,99,0.039614178240299225
5,post_rope,100,0.03937308117747307
5,post_rope,101,0.03915135934948921
5,post_rope,102,0.03895628824830055
5,post_rope,103,0.038216494023799896
5,post_rope,104,0.03767016530036926
5,post_rope,105,0.037548769265413284
5,post_rope,106,0.036594755947589874
5,post_rope,107,0.03640841320157051
5,post_rope,108,0.03621336445212364
5,post_rope,109,0.03584745526313782
5,post_rope,110,0.03387339413166046
5,post_rope,111,0.03360893949866295
5,post_rope,112,0.032583002001047134
5,post_rope,113,0.03233641758561134
5,post_rope,114,0.03204149380326271
5,post_rope,115,0.031509656459093094
5,post_rope,116,0.03053945116698742
5,post_rope,117,0.030126862227916718
5,post_rope,118,0.028528567403554916
5,post_rope,119,0.028144516050815582
5,post_rope,120,0.02771548181772232
5,post_rope,121,0.02723296545445919
5,post_rope,122,0.026433028280735016
5,post_rope,123,0.024201370775699615
5,post_rope,124,0.0232149176299572
5,post_rope,125,0.021797729656100273
5,post_rope,126,0.021619301289319992
5,post_rope,127,0.01819642260670662
5,post_rope,128,0.007824662141501904
6,pre_rope,1,1.0
6,pre_rope,2,0.19391198456287384
6,pre_rope,3,0.1676543951034546
6,pre_rope,4,0.14937107264995575
6,pre_rope,5,0.1290467381477356
6,pre_rope,6,0.1122642531991005
6,pre_rope,7,0.10177486389875412
6,pre_rope,8,0.09426937252283096
6,pre_rope,9,0.08743658661842346
6,pre_rope,10,0.07960420846939087
6,pre_rope,11,0.07727651298046112
6,pre_rope,12,0.07550039142370224
6,pre_rope,13,0.07290993630886078
6,pre_rope,14,0.06959757208824158
6,pre_rope,15,0.06648095697164536
6,pre_rope,16,0.06424286961555481
6,pre_rope,17,0.06166671961545944
6,pre_rope,18,0.06057196483016014
6,pre_rope,19,0.058367639780044556
6,pre_rope,20,0.05607982724905014
6,pre_rope,21,0.05542143061757088
6,pre_rope,22,0.05277564376592636
6,pre_rope,23,0.051973696798086166
6,pre_rope,24,0.05188344791531563
6,pre_rope,25,0.05054594576358795
6,pre_rope,26,0.0498279444873333
6,pre_rope,27,0.04635976254940033
6,pre_rope,28,0.045700691640377045
6,pre_rope,29,0.045294903218746185
6,pre_rope,30,0.04371734708547592
6,pre_rope,31,0.043648142367601395
6,pre_rope,32,0.04265647009015083
6,pre_rope,33,0.041645582765340805
6,pre_rope,34,0.041478727012872696
6,pre_rope,35,0.04008091613650322
6,pre_rope,36,0.03946440666913986
6,pre_rope,37,0.038937415927648544
6,pre_rope,38,0.0380699597299099
6,pre_rope,39,0.03774185851216316
6,pre_rope,40,0.03736380860209465
6,pre_rope,41,0.03613823279738426
6,pre_rope,42,0.035954006016254425
6,pre_rope,43,0.035507988184690475
6,pre_rope,44,0.034792955964803696
6,pre_rope,45,0.034322768449783325
6,pre_rope,46,0.033997636288404465
6,pre_rope,47,0.03287622332572937
6,pre_rope,48,0.03193177655339241
6,pre_rope,49,0.0315447673201561
6,pre_rope,50,0.03106825426220894
6,pre_rope,51,0.030303440988063812
6,pre_rope,52,0.02993045002222061
6,pre_rope,53,0.029617272317409515
6,pre_rope,54,0.02927573211491108
6,pre_rope,55,0.028654569759964943
6,pre_rope,56,0.028621956706047058
6,pre_rope,57,0.02761625312268734
6,pre_rope,58,0.027447858825325966
6,pre_rope,59,0.027245577424764633
6,pre_rope,60,0.026923341676592827
6,pre_rope,61,0.026698466390371323
6,pre_rope,62,0.02634841948747635
6,pre_rope,63,0.025632565841078758
6,pre_rope,64,0.025420036166906357
6,pre_rope,65,0.024986375123262405
6,pre_rope,66,0.02477557770907879
6,pre_rope,67,0.024301335215568542
6,pre_rope,68,0.023847758769989014
6,pre_rope,69,0.02328643575310707
6,pre_rope,70,0.02296890690922737
6,pre_rope,71,0.022344250231981277
6,pre_rope,72,0.02216373011469841
6,pre_rope,73,0.021657684817910194
6,pre_rope,74,0.021525705233216286
6,pre_rope,75,0.020914394408464432
6,pre_rope,76,0.02062809281051159
6,pre_rope,77,0.019881410524249077
6,pre_rope,78,0.019662892445921898
6,pre_rope,79,0.019167359918355942
6,pre_rope,80,0.018910935148596764
6,pre_rope,81,0.018633034080266953
6,pre_rope,82,0.018126774579286575
6,pre_rope,83,0.017639128491282463
6,pre_rope,84,0.01733030006289482
6,pre_rope,85,0.01689361408352852
6,pre_rope,86,0.016462480649352074
6,pre_rope,87,0.0161228496581316
6,pre_rope,88,0.01600790023803711
6,pre_rope,89,0.015627214685082436
6,pre_rope,90,0.015011983923614025
6,pre_rope,91,0.014549793675541878
6,pre_rope,92,0.014102139510214329
6,pre_rope,93,0.013910157606005669
6,pre_rope,94,0.013815971091389656
6,pre_rope,95,0.013551493175327778
6,pre_rope,96,0.013070452958345413
6,pre_rope,97,0.012708372436463833
6,pre_rope,98,0.012400929816067219
6,pre_rope,99,0.01227503176778555
6,pre_rope,100,0.011638094671070576
6,pre_rope,101,0.011471210047602654
6,pre_rope,102,0.011255036108195782
6,pre_rope,103,0.010817978531122208
6,pre_rope,104,0.01071835309267044
6,pre_rope,105,0.010323487222194672
6,pre_rope,106,0.01024117786437273
6,pre_rope,107,0.010087978094816208
6,pre_rope,108,0.009955301880836487
6,pre_rope,109,0.009619615972042084
6,pre_rope,110,0.00906089972704649
6,pre_rope,111,0.008588061667978764
6,pre_rope,112,0.008322629146277905
6,pre_rope,113,0.007960006594657898
6,pre_rope,114,0.007873311638832092
6,pre_rope,115,0.0076738460920751095
6,pre_rope,116,0.007360921707004309
6,pre_rope,117,0.006945844739675522
6,pre_rope,118,0.006694134324789047
6,pre_rope,119,0.0061729708686470985
6,pre_rope,120,0.005544919054955244
6,pre_rope,121,0.005183519795536995
6,pre_rope,122,0.00510131660848856
6,pre_rope,123,0.004916039761155844
6,pre_rope,124,0.0039787315763533115
6,pre_rope,125,0.0038251467049121857
6,pre_rope,126,0.003330985549837351
6,pre_rope,127,0.002705391263589263
6,pre_rope,128,0.002459486247971654
6,post_rope,1,1.0
6,post_rope,2,0.33961305022239685
6,post_rope,3,0.3052870035171509
6,post_rope,4,0.2555285096168518
6,post_rope,5,0.25166842341423035
6,post_rope,6,0.23921236395835876
6,post_rope,7,0.2313169687986374
6,post_rope,8,0.22862179577350616
6,post_rope,9,0.2241816520690918
6,post_rope,10,0.2209930568933487
6,post_rope,11,0.21738214790821075
6,post_rope,12,0.21489587426185608
6,post_rope,13,0.21292153000831604
6,post_rope,14,0.2098352611064911
6,post_rope,15,0.20624838769435883
6,post_rope,16,0.2048856019973755
6,post_rope,17,0.20170238614082336
6,post_rope,18,0.2008550614118576
6,post_rope,19,0.19814905524253845
6,post_rope,20,0.19782398641109467
6,post_rope,21,0.19491218030452728
6,post_rope,22,0.1929711252450943
6,post_rope,23,0.19189941883087158
6,post_rope,24,0.1908262073993683
6,post_rope,25,0.17851516604423523
6,post_rope,26,0.1747777760028839
6,post_rope,27,0.16984505951404572
6,post_rope,28,0.16558536887168884
6,post_rope,29,0.16175389289855957
6,post_rope,30,0.1600644588470459
6,post_rope,31,0.15928123891353607
6,post_rope,32,0.15759819746017456
6,post_rope,33,0.14566175639629364
6,post_rope,34,0.14182321727275848
6,post_rope,35,0.1380421668291092
6,post_rope,36,0.1372034251689911
6,post_rope,37,0.12977832555770874
6,post_rope,38,0.12141253799200058
6,post_rope,39,0.11650966107845306
6,post_rope,40,0.10545970499515533
6,post_rope,41,0.10400594025850296
6,post_rope,42,0.09750094264745712
6,post_rope,43,0.09290779381990433
6,post_rope,44,0.08964292705059052
6,post_rope,45,0.08799955993890762
6,post_rope,46,0.08522417396306992
6,post_rope,47,0.08514246344566345
6,post_rope,48,0.08229193091392517
6,post_rope,49,0.08027162402868271
6,post_rope,50,0.07851401716470718
6,post_rope,51,0.07728763669729233
6,post_rope,52,0.07691453397274017
6,post_rope,53,0.07560230791568756
6,post_rope,54,0.07403048872947693
6,post_rope,55,0.07247928529977798
6,post_rope,56,0.07105466723442078
6,post_rope,57,0.07005103677511215
6,post_rope,58,0.06844843924045563
6,post_rope,59,0.06783965975046158
6,post_rope,60,0.06652849167585373
6,post_rope,61,0.06581932306289673
6,post_rope,62,0.06525681167840958
6,post_rope,63,0.06480620801448822
6,post_rope,64,0.06313637644052505
6,post_rope,65,0.0624457485973835
6,post_rope,66,0.062225114554166794
6,post_rope,67,0.06161678209900856
6,post_rope,68,0.061428915709257126
6,post_rope,69,0.06066626310348511
6,post_rope,70,0.06026293709874153
6,post_rope,71,0.05953168123960495
6,post_rope,72,0.05910880118608475
6,post_rope,73,0.05816071480512619
6,post_rope,74,0.057034511119127274
6,post_rope,75,0.0565771721303463
6,post_rope,76,0.055357351899147034
6,post_rope,77,0.05479494854807854
6,post_rope,78,0.05390807241201401
6,post_rope,79,0.0537039190530777
6,post_rope,80,0.053138237446546555
6,post_rope,81,0.052697665989398956
6,post_rope,82,0.05230817571282387
6,post_rope,83,0.05178516358137131
6,post_rope,84,0.050721246749162674
6,post_rope,85,0.05045216530561447
6,post_rope,86,0.04979541897773743
6,post_rope,87,0.04953167960047722
6,post_rope,88,0.04941156879067421
6,post_rope,89,0.04873120039701462
6,post_rope,90,0.04856116324663162
6,post_rope,91,0.048265986144542694
6,post_rope,92,0.04802996665239334
6,post_rope,93,0.04747719317674637
6,post_rope,94,0.0473124124109745
6,post_rope,95,0.04707247018814087
6,post_rope,96,0.0462455227971077
6,post_rope,97,0.04599013179540634
6,post_rope,98,0.04558933898806572
6,post_rope,99,0.04518667608499527
6,post_rope,100,0.044999320060014725
6,post_rope,101,0.044315155595541
6,post_rope,102,0.04417144134640694
6,post_rope,103,0.043254170566797256
6,post_rope,104,0.04242382571101189
6,post_rope,105,0.042246218770742416
6,post_rope,106,0.04118170961737633
6,post_rope,107,0.04035881161689758
6,post_rope,108,0.04009444639086723
6,post_rope,109,0.039331816136837006
6,post_rope,110,0.03814948350191116
6,post_rope,111,0.037295881658792496
6,post_rope,112,0.03706739842891693
6,post_rope,113,0.03688234090805054
6,post_rope,114,0.03634754940867424
6,post_rope,115,0.035823117941617966
6,post_rope,116,0.03510084003210068
6,post_rope,117,0.03478272259235382
6,post_rope,118,0.03400217369198799
6,post_rope,119,0.033181674778461456
6,post_rope,120,0.03275751322507858
6,post_rope,121,0.03210264816880226
6,post_rope,122,0.03130115568637848
6,post_rope,123,0.0298821572214365
6,post_rope,124,0.02924172952771187
6,post_rope,125,0.025108197703957558
6,post_rope,126,0.02161220647394657
6,post_rope,127,0.019327707588672638
6,post_rope,128,0.015620814636349678
7,pre_rope,1,1.0
7,pre_rope,2,0.22425788640975952
7,pre_rope,3,0.19166935980319977
7,pre_rope,4,0.1533869504928589
7,pre_rope,5,0.13524118065834045
7,pre_rope,6,0.13084781169891357
7,pre_rope,7,0.1250355988740921
7,pre_rope,8,0.10977880656719208
7,pre_rope,9,0.10222355276346207
7,pre_rope,10,0.09860984236001968
7,pre_rope,11,0.09721595048904419
7,pre_rope,12,0.08865869045257568
7,pre_rope,13,0.08679245412349701
7,pre_rope,14,0.08437124639749527
7,pre_rope,15,0.08082137256860733
7,pre_rope,16,0.07812849432229996
7,pre_rope,17,0.07584916055202484
7,pre_rope,18,0.07483351230621338
7,pre_rope,19,0.07243959605693817
7,pre_rope,20,0.07139492779970169
7,pre_rope,21,0.07053837180137634
7,pre_rope,22,0.06862281262874603
7,pre_rope,23,0.06653296202421188
7,pre_rope,24,0.06486263871192932
7,pre_rope,25,0.06303413212299347
7,pre_rope,26,0.061288367956876755
7,pre_rope,27,0.059040192514657974
7,pre_rope,28,0.05691332742571831
7,pre_rope,29,0.05450886860489845
7,pre_rope,30,0.053041476756334305
7,pre_rope,31,0.05230453610420227
7,pre_rope,32,0.05145696550607681
7,pre_rope,33,0.050178296864032745
7,pre_rope,34,0.04950518533587456
7,pre_rope,35,0.04780091717839241
7,pre_rope,36,0.04631049931049347
7,pre_rope,37,0.04544870927929878
7,pre_rope,38,0.04413362219929695
7,pre_rope,39,0.04323974996805191
7,pre_rope,40,0.042242586612701416
7,pre_rope,41,0.04182760417461395
7,pre_rope,42,0.04088651388883591
7,pre_rope,43,0.040345463901758194
7,pre_rope,44,0.03908604383468628
7,pre_rope,45,0.038847703486680984
7,pre_rope,46,0.038233138620853424
7,pre_rope,47,0.0371619388461113
7,pre_rope,48,0.036795757710933685
7,pre_rope,49,0.03513272479176521
7,pre_rope,50,0.03438832610845566
7,pre_rope,51,0.03383234888315201
7,pre_rope,52,0.03354452922940254
7,pre_rope,53,0.03300388902425766
7,pre_rope,54,0.0327688567340374
7,pre_rope,55,0.031499266624450684
7,pre_rope,56,0.030891725793480873
7,pre_rope,57,0.030303284525871277
7,pre_rope,58,0.029963724315166473
7,pre_rope,59,0.029439730569720268
7,pre_rope,60,0.028724033385515213
7,pre_rope,61,0.027829406782984734
7,pre_rope,62,0.027120418846607208
7,pre_rope,63,0.026957852765917778
7,pre_rope,64,0.02657661773264408
7,pre_rope,65,0.025869246572256088
7,pre_rope,66,0.02545824646949768
7,pre_rope,67,0.02482462115585804
7,pre_rope,68,0.024671955034136772
7,pre_rope,69,0.023846810683608055
7,pre_rope,70,0.0232351403683424
7,pre_rope,71,0.022886669263243675
7,pre_rope,72,0.022400688380002975
7,pre_rope,73,0.021482238546013832
7,pre_rope,74,0.021118635311722755
7,pre_rope,75,0.020972685888409615
7,pre_rope,76,0.020382726565003395
7,pre_rope,77,0.02012694999575615
7,pre_rope,78,0.019846102222800255
7,pre_rope,79,0.019230106845498085
7,pre_rope,80,0.01871923729777336
7,pre_rope,81,0.018153514713048935
7,pre_rope,82,0.017828846350312233
7,pre_rope,83,0.017348339781165123
7,pre_rope,84,0.01676327735185623
7,pre_rope,85,0.016499942168593407
7,pre_rope,86,0.016314933076500893
7,pre_rope,87,0.016034061089158058
7,pre_rope,88,0.015624932013452053
7,pre_rope,89,0.015261124819517136
7,pre_rope,90,0.014923084527254105
7,pre_rope,91,0.014558501541614532
7,pre_rope,92,0.014190351590514183
7,pre_rope,93,0.013854018412530422
7,pre_rope,94,0.01353566162288189
7,pre_rope,95,0.012759788893163204
7,pre_rope,96,0.012606226839125156
7,pre_rope,97,0.01242049876600504
7,pre_rope,98,0.012196909636259079
7,pre_rope,99,0.01169238705188036
7,pre_rope,100,0.011531561613082886
7,pre_rope,101,0.011172033846378326
7,pre_rope,102,0.010970518924295902
7,pre_rope,103,0.010383727960288525
7,pre_rope,104,0.010052039287984371
7,pre_rope,105,0.009870734997093678
7,pre_rope,106,0.009124021977186203
7,pre_rope,107,0.008858618326485157
7,pre_rope,108,0.008719236589968204
7,pre_rope,109,0.00824908260256052
7,pre_rope,110,0.007965008728206158
7,pre_rope,111,0.007788083050400019
7,pre_rope,112,0.007137590553611517
7,pre_rope,113,0.00676613487303257
7,pre_rope,114,0.006429619621485472
7,pre_rope,115,0.006234495434910059
7,pre_rope,116,0.006195321213454008
7,pre_rope,117,0.006068809423595667
7,pre_rope,118,0.005649605765938759
7,pre_rope,119,0.005283175967633724
7,pre_rope,120,0.004604902118444443
7,pre_rope,121,0.0042463792487978935
7,pre_rope,122,0.0038372953422367573
7,pre_rope,123,0.0036500992719084024
7,pre_rope,124,0.003417377360165119
7,pre_rope,125,0.003251278307288885
7,pre_rope,126,0.002450628438964486
7,pre_rope,127,0.002313422504812479
7,pre_rope,128,0.0013974197208881378
7,post_rope,1,1.0
7,post_rope,2,0.2840878665447235
7,post_rope,3,0.28027501702308655
7,post_rope,4,0.2712559998035431
7,post_rope,5,0.26606932282447815
7,post_rope,6,0.2608516216278076
7,post_rope,7,0.2603216767311096
7,post_rope,8,0.25825035572052
7,post_rope,9,0.2525016963481903
7,post_rope,10,0.24036343395709991
7,post_rope,11,0.2345859706401825
7,post_rope,12,0.2295994758605957
7,post_rope,13,0.22781747579574585
7,post_rope,14,0.22305214405059814
7,post_rope,15,0.2222515493631363
7,post_rope,16,0.21906213462352753
7,post_rope,17,0.2172165960073471
7,post_rope,18,0.21542176604270935
7,post_rope,19,0.1996285319328308
7,post_rope,20,0.19704507291316986
7,post_rope,21,0.19490008056163788
7,post_rope,22,0.17821455001831055
7,post_rope,23,0.1737520694732666
7,post_rope,24,0.17322370409965515
7,post_rope,25,0.1717139482498169
7,post_rope,26,0.1711510717868805
7,post_rope,27,0.16773082315921783
7,post_rope,28,0.16321846842765808
7,post_rope,29,0.16117703914642334
7,post_rope,30,0.15933971107006073
7,post_rope,31,0.15680690109729767
7,post_rope,32,0.15399065613746643
7,post_rope,33,0.14746472239494324
7,post_rope,34,0.14381378889083862
7,post_rope,35,0.142878457903862
7,post_rope,36,0.1381150633096695
7,post_rope,37,0.13604328036308289
7,post_rope,38,0.13424110412597656
7,post_rope,39,0.13344013690948486
7,post_rope,40,0.13028819859027863
7,post_rope,41,0.12813127040863037
7,post_rope,42,0.12458167225122452
7,post_rope,43,0.12153644859790802
7,post_rope,44,0.11859764903783798
7,post_rope,45,0.11387132108211517
7,post_rope,46,0.10903309285640717
7,post_rope,47,0.10596293210983276
7,post_rope,48,0.1054711788892746
7,post_rope,49,0.10250278562307358
7,post_rope,50,0.10152295976877213
7,post_rope,51,0.09721117466688156
7,post_rope,52,0.09717071801424026
7,post_rope,53,0.09210324287414551
7,post_rope,54,0.09157044440507889
7,post_rope,55,0.09041329473257065
7,post_rope,56,0.09027230739593506
7,post_rope,57,0.08683180063962936
7,post_rope,58,0.08616875112056732
7,post_rope,59,0.08351347595453262
7,post_rope,60,0.0821823701262474
7,post_rope,61,0.08047349750995636
7,post_rope,62,0.08003176748752594
7,post_rope,63,0.07804925739765167
7,post_rope,64,0.07769592106342316
7,post_rope,65,0.07714203745126724
7,post_rope,66,0.07635875046253204
7,post_rope,67,0.07573799043893814
7,post_rope,68,0.07373832911252975
7,post_rope,69,0.07335440069437027
7,post_rope,70,0.07290174067020416
7,post_rope,71,0.07242289930582047
7,post_rope,72,0.0710306465625763
7,post_rope,73,0.06971582770347595
7,post_rope,74,0.06929568946361542
7,post_rope,75,0.06863067299127579
7,post_rope,76,0.06655222922563553
7,post_rope,77,0.06567712128162384
7,post_rope,78,0.06345592439174652
7,post_rope,79,0.06259927898645401
7,post_rope,80,0.06148515269160271
7,post_rope,81,0.060501325875520706
7,post_rope,82,0.058884695172309875
7,post_rope,83,0.0584837943315506
7,post_rope,84,0.05772494524717331
7,post_rope,85,0.05655009672045708
7,post_rope,86,0.05560038238763809
7,post_rope,87,0.05544714629650116
7,post_rope,88,0.05465712770819664
7,post_rope,89,0.05401913821697235
7,post_rope,90,0.05389157310128212
7,post_rope,91,0.05297734588384628
7,post_rope,92,0.05248241871595383
7,post_rope,93,0.051540836691856384
7,post_rope,94,0.050790030509233475
7,post_rope,95,0.050118494778871536
7,post_rope,96,0.049532752484083176
7,post_rope,97,0.047849833965301514
7,post_rope,98,0.04764099419116974
7,post_rope,99,0.04703828692436218
7,post_rope,100,0.04670560359954834
7,post_rope,101,0.046019744127988815
7,post_rope,102,0.045709263533353806
7,post_rope,103,0.045545417815446854
7,post_rope,104,0.04483097791671753
7,post_rope,105,0.044146619737148285
7,post_rope,106,0.04388834163546562
7,post_rope,107,0.04285333678126335
7,post_rope,108,0.042555972933769226
7,post_rope,109,0.04140728712081909
7,post_rope,110,0.04071507975459099
7,post_rope,111,0.03989379107952118
7,post_rope,112,0.03896275907754898
7,post_rope,113,0.03875912353396416
7,post_rope,114,0.03849049657583237
7,post_rope,115,0.038164008408784866
7,post_rope,116,0.036000847816467285
7,post_rope,117,0.035694513469934464
7,post_rope,118,0.03286920487880707
7,post_rope,119,0.03066415525972843
7,post_rope,120,0.029498908668756485
7,post_rope,121,0.028506958857178688
7,post_rope,122,0.028242869302630424
7,post_rope,123,0.02744484506547451
7,post_rope,124,0.02723385952413082
7,post_rope,125,0.026465855538845062
7,post_rope,126,0.022578882053494453
7,post_rope,127,0.018821241334080696
7,post_rope,128,0.008946603164076805
8,pre_rope,1,1.0
8,pre_rope,2,0.01800495572388172
8,pre_rope,3,0.014274226501584053
8,pre_rope,4,0.012068146839737892
8,pre_rope,5,0.010649721138179302
8,pre_rope,6,0.00938395969569683
8,pre_rope,7,0.00840099435299635
8,pre_rope,8,0.008163991384208202
8,pre_rope,9,0.007497107144445181
8,pre_rope,10,0.006633324548602104
8,pre_rope,11,0.006570848170667887
8,pre_rope,12,0.0061128647066652775
8,pre_rope,13,0.005718958098441362
8,pre_rope,14,0.005502205342054367
8,pre_rope,15,0.005302096717059612
8,pre_rope,16,0.004929407965391874
8,pre_rope,17,0.004775474779307842
8,pre_rope,18,0.004595289938151836
8,pre_rope,19,0.00454953545704484
8,pre_rope,20,0.004318945575505495
8,pre_rope,21,0.00417586462572217
8,pre_rope,22,0.004088420886546373
8,pre_rope,23,0.0038864898961037397
8,pre_rope,24,0.0038078732322901487
8,pre_rope,25,0.0037231757305562496
8,pre_rope,26,0.003643670817837119
8,pre_rope,27,0.0035908068530261517
8,pre_rope,28,0.003442173358052969
8,pre_rope,29,0.0033376466017216444
8,pre_rope,30,0.003281980287283659
8,pre_rope,31,0.003249384695664048
8,pre_rope,32,0.0031830237712711096
8,pre_rope,33,0.003095401218160987
8,pre_rope,34,0.0030701588839292526
8,pre_rope,35,0.002988696563988924
8,pre_rope,36,0.0029445458203554153
8,pre_rope,37,0.0028875169809907675
8,pre_rope,38,0.002866198308765888
8,pre_rope,39,0.002842854242771864
8,pre_rope,40,0.0027553527615964413
8,pre_rope,41,0.00265374593436718
8,pre_rope,42,0.002630066592246294
8,pre_rope,43,0.002563841873779893
8,pre_rope,44,0.0025174019392579794
8,pre_rope,45,0.002479974878951907
8,pre_rope,46,0.002391719026491046
8,pre_rope,47,0.002383667277172208
8,pre_rope,48,0.0023442378733307123
8,pre_rope,49,0.0022955737076699734
8,pre_rope,50,0.0022598747164011
8,pre_rope,51,0.0022339150309562683
8,pre_rope,52,0.002202284289523959
8,pre_rope,53,0.0021708307322114706
8,pre_rope,54,0.0021565761417150497
8,pre_rope,55,0.0021088956855237484
8,pre_rope,56,0.002042473992332816
8,pre_rope,57,0.0019971756264567375
8,pre_rope,58,0.0019523801747709513
8,pre_rope,59,0.0019227566663175821
8,pre_rope,60,0.0019189448794350028
8,pre_rope,61,0.0018896106630563736
8,pre_rope,62,0.0018367291195318103
8,pre_rope,63,0.0017975053051486611
8,pre_rope,64,0.00176827737595886
8,pre_rope,65,0.0017350143752992153
8,pre_rope,66,0.001709957723505795
8,pre_rope,67,0.0016996781341731548
8,pre_rope,68,0.0016112917801365256
8,pre_rope,69,0.001601646188646555
8,pre_rope,70,0.0015517037827521563
8,pre_rope,71,0.0015424132579937577
8,pre_rope,72,0.0015249225543811917
8,pre_rope,73,0.0014920345274731517
8,pre_rope,74,0.0014713660348206758
8,pre_rope,75,0.0014304041396826506
8,pre_rope,76,0.0014254885027185082
8,pre_rope,77,0.0014095781370997429
8,pre_rope,78,0.0013875887962058187
8,pre_rope,79,0.0013554783072322607
8,pre_rope,80,0.0013438244350254536
8,pre_rope,81,0.0013355890987440944
8,pre_rope,82,0.0012958378065377474
8,pre_rope,83,0.0012603162322193384
8,pre_rope,84,0.0012314218329265714
8,pre_rope,85,0.001216295175254345
8,pre_rope,86,0.001197140198200941
8,pre_rope,87,0.0011580710997805
8,pre_rope,88,0.0011258553713560104
8,pre_rope,89,0.001095793442800641
8,pre_rope,90,0.0010570198064669967
8,pre_rope,91,0.0010393948759883642
8,pre_rope,92,0.0010125068947672844
8,pre_rope,93,0.0009989799000322819
8,pre_rope,94,0.000992557150311768
8,pre_rope,95,0.0009576907614246011
8,pre_rope,96,0.0009392611100338399
8,pre_rope,97,0.0009166928939521313
8,pre_rope,98,0.0008875150233507156
8,pre_rope,99,0.0008826544508337975
8,pre_rope,100,0.0008506937883794308
8,pre_rope,101,0.0008340636850334704
8,pre_rope,102,0.00079930922947824
8,pre_rope,103,0.0007936495239846408
8,pre_rope,104,0.0007772119715809822
8,pre_rope,105,0.0007500934298150241
8,pre_rope,106,0.000731371808797121
8,pre_rope,107,0.0007191242766566575
8,pre_rope,108,0.0006945265340618789
8,pre_rope,109,0.0006806078599765897
8,pre_rope,110,0.0006742186960764229
8,pre_rope,111,0.0006344301509670913
8,pre_rope,112,0.0006094024865888059
8,pre_rope,113,0.0005768674309365451
8,pre_rope,114,0.0005733099533244967
8,pre_rope,115,0.0005519889527931809
8,pre_rope,116,0.0005381758674047887
8,pre_rope,117,0.0004931629518978298
8,pre_rope,118,0.0004696265095844865
8,pre_rope,119,0.00043650518637150526
8,pre_rope,120,0.00041603881982155144
8,pre_rope,121,0.00037147942930459976
8,pre_rope,122,0.0003682835667859763
8,pre_rope,123,0.00033940793946385384
8,pre_rope,124,0.0002940520062111318
8,pre_rope,125,0.0002642164472490549
8,pre_rope,126,0.00023502821568399668
8,pre_rope,127,0.0002070739137707278
8,pre_rope,128,6.980329635553062e-05
8,post_rope,1,1.0
8,post_rope,2,0.015063934028148651
8,post_rope,3,0.014190717600286007
8,post_rope,4,0.013831881806254387
8,post_rope,5,0.013687354512512684
8,post_rope,6,0.013570685870945454
8,post_rope,7,0.013310611248016357
8,post_rope,8,0.012719237245619297
8,post_rope,9,0.012655691243708134
8,post_rope,10,0.012125910259783268
8,post_rope,11,0.011887452565133572
8,post_rope,12,0.011749892495572567
8,post_rope,13,0.011657971888780594
8,post_rope,14,0.011581861414015293
8,post_rope,15,0.011580420657992363
8,post_rope,16,0.011556344106793404
8,post_rope,17,0.01141846738755703
8,post_rope,18,0.01077062077820301
8,post_rope,19,0.010690517723560333
8,post_rope,20,0.010313065722584724
8,post_rope,21,0.010265585966408253
8,post_rope,22,0.01012298371642828
8,post_rope,23,0.010062669403851032
8,post_rope,24,0.010045682080090046
8,post_rope,25,0.009991035796701908
8,post_rope,26,0.009837666526436806
8,post_rope,27,0.009534760378301144
8,post_rope,28,0.009512398391962051
8,post_rope,29,0.00917019322514534
8,post_rope,30,0.009058132767677307
8,post_rope,31,0.008264397270977497
8,post_rope,32,0.007988491095602512
8,post_rope,33,0.00781693309545517
8,post_rope,34,0.0076089296489953995
8,post_rope,35,0.007375999353826046
8,post_rope,36,0.007267166394740343
8,post_rope,37,0.006894058082252741
8,post_rope,38,0.00657822797074914
8,post_rope,39,0.006301020737737417
8,post_rope,40,0.005948791280388832
8,post_rope,41,0.00568812619894743
8,post_rope,42,0.005468515679240227
8,post_rope,43,0.005053415894508362
8,post_rope,44,0.00482374569401145
8,post_rope,45,0.004731899127364159
8,post_rope,46,0.004599306732416153
8,post_rope,47,0.004472415428608656
8,post_rope,48,0.004435580223798752
8,post_rope,49,0.004369194153696299
8,post_rope,50,0.004152164328843355
8,post_rope,51,0.004097325261682272
8,post_rope,52,0.004019616171717644
8,post_rope,53,0.003915242850780487
8,post_rope,54,0.003860380733385682
8,post_rope,55,0.003839715151116252
8,post_rope,56,0.0038067323621362448
8,post_rope,57,0.0037181591615080833
8,post_rope,58,0.0036962651647627354
8,post_rope,59,0.003656444139778614
8,post_rope,60,0.0036498866975307465
8,post_rope,61,0.0035870391875505447
8,post_rope,62,0.003553633578121662
8,post_rope,63,0.0035366485826671124
8,post_rope,64,0.0035009554121643305
8,post_rope,65,0.003472598036751151
8,post_rope,66,0.003400942077860236
8,post_rope,67,0.0033549678046256304
8,post_rope,68,0.003332513617351651
8,post_rope,69,0.0032945647835731506
8,post_rope,70,0.0032479013316333294
8,post_rope,71,0.0032174019142985344
8,post_rope,72,0.003145206021144986
8,post_rope,73,0.003129630582407117
8,post_rope,74,0.0031166328117251396
8,post_rope,75,0.0030793866608291864
8,post_rope,76,0.003057832131162286
8,post_rope,77,0.003022478660568595
8,post_rope,78,0.0029307478107511997
8,post_rope,79,0.002894057659432292
8,post_rope,80,0.0028555074241012335
8,post_rope,81,0.0028132370207458735
8,post_rope,82,0.0027835138607770205
8,post_rope,83,0.0027266128454357386
8,post_rope,84,0.0027160581666976213
8,post_rope,85,0.0026880798395723104
8,post_rope,86,0.002666381886228919
8,post_rope,87,0.0026374144945293665
8,post_rope,88,0.0026319236494600773
8,post_rope,89,0.00260849017649889
8,post_rope,90,0.002583031775429845
8,post_rope,91,0.0025246404111385345
8,post_rope,92,0.0025236564688384533
8,post_rope,93,0.002430786145851016
8,post_rope,94,0.0023642261512577534
8,post_rope,95,0.002340017817914486
8,post_rope,96,0.002323982072994113
8,post_rope,97,0.0022905790247023106
8,post_rope,98,0.0022458210587501526
8,post_rope,99,0.0022422922775149345
8,post_rope,100,0.0022025839425623417
8,post_rope,101,0.002183567965403199
8,post_rope,102,0.0021619009785354137
8,post_rope,103,0.0021301978267729282
8,post_rope,104,0.0021160871256142855
8,post_rope,105,0.0021028679329901934
8,post_rope,106,0.002073712181299925
8,post_rope,107,0.002057440346106887
8,post_rope,108,0.0020168633200228214
8,post_rope,109,0.001990415621548891
8,post_rope,110,0.0019901476334780455
8,post_rope,111,0.0019515827298164368
8,post_rope,112,0.0019439016468822956
8,post_rope,113,0.0019040973857045174
8,post_rope,114,0.001842823694460094
8,post_rope,115,0.0018102385802194476
8,post_rope,116,0.0017484778072685003
8,post_rope,117,0.0017207992495968938
8,post_rope,118,0.0016665442381054163
8,post_rope,119,0.0016230976907536387
8,post_rope,120,0.0015673035522922873
8,post_rope,121,0.0015359685057774186
8,post_rope,122,0.0014645337359979749
8,post_rope,123,0.0014364642556756735
8,post_rope,124,0.001333432039245963
8,post_rope,125,0.0012357566738501191
8,post_rope,126,0.0010502986842766404
8,post_rope,127,0.0009943100158125162
8,post_rope,128,0.0004724244063254446
9,pre_rope,1,1.0
9,pre_rope,2,0.24932855367660522
9,pre_rope,3,0.24327543377876282
9,pre_rope,4,0.23264676332473755
9,pre_rope,5,0.21895943582057953
9,pre_rope,6,0.2118503451347351
9,pre_rope,7,0.20834980905056
9,pre_rope,8,0.20469850301742554
9,pre_rope,9,0.20383885502815247
9,pre_rope,10,0.19689425826072693
9,pre_rope,11,0.19008146226406097
9,pre_rope,12,0.18626250326633453
9,pre_rope,13,0.1796833872795105
9,pre_rope,14,0.17466913163661957
9,pre_rope,15,0.1643320769071579
9,pre_rope,16,0.15815508365631104
9,pre_rope,17,0.14834964275360107
9,pre_rope,18,0.12310580164194107
9,pre_rope,19,0.1098342314362526
9,pre_rope,20,0.10611945390701294
9,pre_rope,21,0.09818558394908905
9,pre_rope,22,0.09739988297224045
9,pre_rope,23,0.08537919819355011
9,pre_rope,24,0.08144553750753403
9,pre_rope,25,0.0777546763420105
9,pre_rope,26,0.07663149386644363
9,pre_rope,27,0.07238820940256119
9,pre_rope,28,0.07150467485189438
9,pre_rope,29,0.06811744719743729
9,pre_rope,30,0.06664730608463287
9,pre_rope,31,0.06527286767959595
9,pre_rope,32,0.06334911286830902
9,pre_rope,33,0.0596776157617569
9,pre_rope,34,0.05844597890973091
9,pre_rope,35,0.056854065507650375
9,pre_rope,36,0.05534065142273903
9,pre_rope,37,0.052835118025541306
9,pre_rope,38,0.05203396826982498
9,pre_rope,39,0.04848849028348923
9,pre_rope,40,0.04658633843064308
9,pre_rope,41,0.045838192105293274
9,pre_rope,42,0.04517942667007446
9,pre_rope,43,0.044588927179574966
9,pre_rope,44,0.04379105567932129
9,pre_rope,45,0.043118420988321304
9,pre_rope,46,0.041226714849472046
9,pre_rope,47,0.040294818580150604
9,pre_rope,48,0.03958764299750328
9,pre_rope,49,0.03838173300027847
9,pre_rope,50,0.038263656198978424
9,pre_rope,51,0.03732533007860184
9,pre_rope,52,0.03645236790180206
9,pre_rope,53,0.036229170858860016
9,pre_rope,54,0.035382192581892014
9,pre_rope,55,0.03437705338001251
9,pre_rope,56,0.03367185592651367
9,pre_rope,57,0.03304766118526459
9,pre_rope,58,0.032467324286699295
9,pre_rope,59,0.032362669706344604
9,pre_rope,60,0.030781174078583717
9,pre_rope,61,0.030321989208459854
9,pre_rope,62,0.029590724036097527
9,pre_rope,63,0.02896140143275261
9,pre_rope,64,0.028819605708122253
9,pre_rope,65,0.028233753517270088
9,pre_rope,66,0.027034850791096687
9,pre_rope,67,0.026791715994477272
9,pre_rope,68,0.026254523545503616
9,pre_rope,69,0.024469664320349693
9,pre_rope,70,0.023733599111437798
9,pre_rope,71,0.02283051237463951
9,pre_rope,72,0.021750759333372116
9,pre_rope,73,0.02117403782904148
9,pre_rope,74,0.020754100754857063
9,pre_rope,75,0.020220160484313965
9,pre_rope,76,0.01986517570912838
9,pre_rope,77,0.01939035952091217
9,pre_rope,78,0.019352732226252556
9,pre_rope,79,0.018273470923304558
9,pre_rope,80,0.01762550137937069
9,pre_rope,81,0.01754274219274521
9,pre_rope,82,0.016599521040916443
9,pre_rope,83,0.01649601012468338
9,pre_rope,84,0.016163034364581108
9,pre_rope,85,0.015478402376174927
9,pre_rope,86,0.015140685252845287
9,pre_rope,87,0.014637252315878868
9,pre_rope,88,0.014499295502901077
9,pre_rope,89,0.01422943640500307
9,pre_rope,90,0.013468860648572445
9,pre_rope,91,0.013129081577062607
9,pre_rope,92,0.012680696323513985
9,pre_rope,93,0.012435960583388805
9,pre_rope,94,0.012250207364559174
9,pre_rope,95,0.012170016765594482
9,pre_rope,96,0.011553307995200157
9,pre_rope,97,0.011490393429994583
9,pre_rope,98,0.011314231902360916
9,pre_rope,99,0.0108986496925354
9,pre_rope,100,0.01071338914334774
9,pre_rope,101,0.010396468453109264
9,pre_rope,102,0.010072367265820503
9,pre_rope,103,0.009657172486186028
9,pre_rope,104,0.009510383009910583
9,pre_rope,105,0.008973171934485435
9,pre_rope,106,0.008895084261894226
9,pre_rope,107,0.008430587127804756
9,pre_rope,108,0.008030707947909832
9,pre_rope,109,0.007834052667021751
9,pre_rope,110,0.0075319805182516575
9,pre_rope,111,0.007331229280680418
9,pre_rope,112,0.007120098918676376
9,pre_rope,113,0.006714385934174061
9,pre_rope,114,0.006489623337984085
9,pre_rope,115,0.006176207680255175
9,pre_rope,116,0.005937778856605291
9,pre_rope,117,0.00575797725468874
9,pre_rope,118,0.0054684774950146675
9,pre_rope,119,0.005427554715424776
9,pre_rope,120,0.005115080159157515
9,pre_rope,121,0.0050018057227134705
9,pre_rope,122,0.004639656748622656
9,pre_rope,123,0.004562428221106529
9,pre_rope,124,0.004344848915934563
9,pre_rope,125,0.004118175711482763
9,pre_rope,126,0.003990807570517063
9,pre_rope,127,0.0038290617521852255
9,pre_rope,128,0.0027553702238947153
9,post_rope,1,1.0
9,post_rope,2,0.31072938442230225
9,post_rope,3,0.3026745915412903
9,post_rope,4,0.2944079041481018
9,post_rope,5,0.28507769107818604
9,post_rope,6,0.2663135528564453
9,post_rope,7,0.25708240270614624
9,post_rope,8,0.2522140443325043
9,post_rope,9,0.2515353560447693
9,post_rope,10,0.24739237129688263
9,post_rope,11,0.2358933836221695
9,post_rope,12,0.23173806071281433
9,post_rope,13,0.22784431278705597
9,post_rope,14,0.22357617318630219
9,post_rope,15,0.21727176010608673
9,post_rope,16,0.1999143660068512
9,post_rope,17,0.19472147524356842
9,post_rope,18,0.19025593996047974
9,post_rope,19,0.1827123463153839
9,post_rope,20,0.1812533289194107
9,post_rope,21,0.17878217995166779
9,post_rope,22,0.1762855499982834
9,post_rope,23,0.16763052344322205
9,post_rope,24,0.16346535086631775
9,post_rope,25,0.15006862580776215
9,post_rope,26,0.1473320573568344
9,post_rope,27,0.14136260747909546
9,post_rope,28,0.13705308735370636
9,post_rope,29,0.1348477154970169
9,post_rope,30,0.13213980197906494
9,post_rope,31,0.1320488005876541
9,post_rope,32,0.13064341247081757
9,post_rope,33,0.1275404393672943
9,post_rope,34,0.12519991397857666
9,post_rope,35,0.12331788241863251
9,post_rope,36,0.11936122924089432
9,post_rope,37,0.1176774874329567
9,post_rope,38,0.11331719160079956
9,post_rope,39,0.10956228524446487
9,post_rope,40,0.10610923916101456
9,post_rope,41,0.10395221412181854
9,post_rope,42,0.10111095756292343
9,post_rope,43,0.09894412010908127
9,post_rope,44,0.09684477746486664
9,post_rope,45,0.09389647096395493
9,post_rope,46,0.09294935315847397
9,post_rope,47,0.09270864725112915
9,post_rope,48,0.09214188903570175
9,post_rope,49,0.09038172662258148
9,post_rope,50,0.08909887820482254
9,post_rope,51,0.08782443404197693
9,post_rope,52,0.08650441467761993
9,post_rope,53,0.08565448969602585
9,post_rope,54,0.08479591459035873
9,post_rope,55,0.08415866643190384
9,post_rope,56,0.08344680815935135
9,post_rope,57,0.0805145725607872
9,post_rope,58,0.07691752165555954
9,post_rope,59,0.07561320066452026
9,post_rope,60,0.07459060847759247
9,post_rope,61,0.07183179259300232
9,post_rope,62,0.07080487906932831
9,post_rope,63,0.06790012121200562
9,post_rope,64,0.06647168099880219
9,post_rope,65,0.06441749632358551
9,post_rope,66,0.06371838599443436
9,post_rope,67,0.062398411333560944
9,post_rope,68,0.06037680059671402
9,post_rope,69,0.05695602670311928
9,post_rope,70,0.05635710060596466
9,post_rope,71,0.05540531873703003
9,post_rope,72,0.054687462747097015
9,post_rope,73,0.05369693413376808
9,post_rope,74,0.05218132585287094
9,post_rope,75,0.05171890929341316
9,post_rope,76,0.0506901890039444
9,post_rope,77,0.04919840395450592
9,post_rope,78,0.048022203147411346
9,post_rope,79,0.04782804846763611
9,post_rope,80,0.0474947914481163
9,post_rope,81,0.04652860760688782
9,post_rope,82,0.045354634523391724
9,post_rope,83,0.0447685644030571
9,post_rope,84,0.044484809041023254
9,post_rope,85,0.04343748837709427
9,post_rope,86,0.0424865297973156
9,post_rope,87,0.042058899998664856
9,post_rope,88,0.04193324223160744
9,post_rope,89,0.04144130274653435
9,post_rope,90,0.039823420345783234
9,post_rope,91,0.03891723230481148
9,post_rope,92,0.03708186373114586
9,post_rope,93,0.03606603294610977
9,post_rope,94,0.03486575558781624
9,post_rope,95,0.03413403779268265
9,post_rope,96,0.03345813974738121
9,post_rope,97,0.032023556530475616
9,post_rope,98,0.0314648374915123
9,post_rope,99,0.030925534665584564
9,post_rope,100,0.030643893405795097
9,post_rope,101,0.030164899304509163
9,post_rope,102,0.029768401756882668
9,post_rope,103,0.029659081250429153
9,post_rope,104,0.02889714576303959
9,post_rope,105,0.02875640243291855
9,post_rope,106,0.02795552648603916
9,post_rope,107,0.027667811140418053
9,post_rope,108,0.027632184326648712
9,post_rope,109,0.027365058660507202
9,post_rope,110,0.025918856263160706
9,post_rope,111,0.02527882717549801
9,post_rope,112,0.02508094161748886
9,post_rope,113,0.02362019754946232
9,post_rope,114,0.022367391735315323
9,post_rope,115,0.022141123190522194
9,post_rope,116,0.021709762513637543
9,post_rope,117,0.021642545238137245
9,post_rope,118,0.020930113270878792
9,post_rope,119,0.020638858899474144
9,post_rope,120,0.02033955045044422
9,post_rope,121,0.02001403644680977
9,post_rope,122,0.019980961456894875
9,post_rope,123,0.01768704131245613
9,post_rope,124,0.01729588955640793
9,post_rope,125,0.016746344044804573
9,post_rope,126,0.016589539125561714
9,post_rope,127,0.016069259494543076
9,post_rope,128,0.009574344381690025
10,pre_rope,1,1.0
10,pre_rope,2,0.18303437530994415
10,pre_rope,3,0.16859859228134155
10,pre_rope,4,0.15068045258522034
10,pre_rope,5,0.11823894083499908
10,pre_rope,6,0.11338205635547638
10,pre_rope,7,0.10596500337123871
10,pre_rope,8,0.10099781304597855
10,pre_rope,9,0.09232137352228165
10,pre_rope,10,0.08587421476840973
10,pre_rope,11,0.07669471949338913
10,pre_rope,12,0.07415873557329178
10,pre_rope,13,0.06975313276052475
10,pre_rope,14,0.06619530916213989
10,pre_rope,15,0.06355525553226471
10,pre_rope,16,0.05655045434832573
10,pre_rope,17,0.056045740842819214
10,pre_rope,18,0.05148441344499588
10,pre_rope,19,0.05062631145119667
10,pre_rope,20,0.04835335537791252
10,pre_rope,21,0.048074111342430115
10,pre_rope,22,0.04632780700922012
10,pre_rope,23,0.04364744946360588
10,pre_rope,24,0.04292378947138786
10,pre_rope,25,0.040475185960531235
10,pre_rope,26,0.0392286479473114
10,pre_rope,27,0.037275929003953934
10,pre_rope,28,0.03600087761878967
10,pre_rope,29,0.03491471707820892
10,pre_rope,30,0.033615659922361374
10,pre_rope,31,0.03330124914646149
10,pre_rope,32,0.03293025493621826
10,pre_rope,33,0.032246027141809464
10,pre_rope,34,0.0310214813798666
10,pre_rope,35,0.030638527125120163
10,pre_rope,36,0.029134469106793404
10,pre_rope,37,0.0287671759724617
10,pre_rope,38,0.028085388243198395
10,pre_rope,39,0.027219606563448906
10,pre_rope,40,0.025538161396980286
10,pre_rope,41,0.025035075843334198
10,pre_rope,42,0.024805232882499695
10,pre_rope,43,0.02413169853389263
10,pre_rope,44,0.023769736289978027
10,pre_rope,45,0.022671973332762718
10,pre_rope,46,0.022136833518743515
10,pre_rope,47,0.021348875015974045
10,pre_rope,48,0.020739298313856125
10,pre_rope,49,0.020655276253819466
10,pre_rope,50,0.020420663058757782
10,pre_rope,51,0.020105622708797455
10,pre_rope,52,0.019528308883309364
10,pre_rope,53,0.019306739792227745
10,pre_rope,54,0.01877460815012455
10,pre_rope,55,0.018512560054659843
10,pre_rope,56,0.01809491589665413
10,pre_rope,57,0.017566964030265808
10,pre_rope,58,0.01708582416176796
10,pre_rope,59,0.016653405502438545
10,pre_rope,60,0.016328463330864906
10,pre_rope,61,0.016154909506440163
10,pre_rope,62,0.01566121354699135
10,pre_rope,63,0.01532402541488409
10,pre_rope,64,0.015003573149442673
10,pre_rope,65,0.014621897600591183
10,pre_rope,66,0.014426344074308872
10,pre_rope,67,0.014186547137796879
10,pre_rope,68,0.014077221043407917
10,pre_rope,69,0.01358907762914896
10,pre_rope,70,0.013277626596391201
10,pre_rope,71,0.01310462411493063
10,pre_rope,72,0.012904157862067223
10,pre_rope,73,0.012486830353736877
10,pre_rope,74,0.012327874079346657
10,pre_rope,75,0.012168322689831257
10,pre_rope,76,0.011978087946772575
10,pre_rope,77,0.011603624559938908
10,pre_rope,78,0.011375701054930687
10,pre_rope,79,0.011278231628239155
10,pre_rope,80,0.011175560764968395
10,pre_rope,81,0.010956608690321445
10,pre_rope,82,0.010781259275972843
10,pre_rope,83,0.010615146718919277
10,pre_rope,84,0.010337889194488525
10,pre_rope,85,0.010274071246385574
10,pre_rope,86,0.010160652920603752
10,pre_rope,87,0.009567211382091045
10,pre_rope,88,0.0094613591209054
10,pre_rope,89,0.009233520366251469
10,pre_rope,90,0.009106326848268509
10,pre_rope,91,0.008940505795180798
10,pre_rope,92,0.008807806298136711
10,pre_rope,93,0.008727548643946648
10,pre_rope,94,0.008486856706440449
10,pre_rope,95,0.008346320129930973
10,pre_rope,96,0.008211035281419754
10,pre_rope,97,0.007985450327396393
10,pre_rope,98,0.007908977568149567
10,pre_rope,99,0.007703999988734722
10,pre_rope,100,0.007536986842751503
10,pre_rope,101,0.007412177976220846
10,pre_rope,102,0.007130314130336046
10,pre_rope,103,0.007013250142335892
10,pre_rope,104,0.006972944363951683
10,pre_rope,105,0.006606610957533121
10,pre_rope,106,0.006476335693150759
10,pre_rope,107,0.0063246157951653
10,pre_rope,108,0.0062440307810902596
10,pre_rope,109,0.006022630725055933
10,pre_rope,110,0.005784572102129459
10,pre_rope,111,0.005630698055028915
10,pre_rope,112,0.005506343208253384
10,pre_rope,113,0.005375719163566828
10,pre_rope,114,0.0051106903702020645
10,pre_rope,115,0.004821695853024721
10,pre_rope,116,0.004588460084050894
10,pre_rope,117,0.004457711707800627
10,pre_rope,118,0.004361741244792938
10,pre_rope,119,0.004179681651294231
10,pre_rope,120,0.0038941509556025267
10,pre_rope,121,0.00383210857398808
10,pre_rope,122,0.0035930429585278034
10,pre_rope,123,0.0034359553828835487
10,pre_rope,124,0.003372213104739785
10,pre_rope,125,0.0029229368083178997
10,pre_rope,126,0.0026947171427309513
10,pre_rope,127,0.002346911933273077
10,pre_rope,128,0.001273305737413466
10,post_rope,1,1.0
10,post_rope,2,0.32474154233932495
10,post_rope,3,0.23442690074443817
10,post_rope,4,0.20528936386108398
10,post_rope,5,0.19735361635684967
10,post_rope,6,0.18840853869915009
10,post_rope,7,0.1866132915019989
10,post_rope,8,0.18262621760368347
10,post_rope,9,0.1758551150560379
10,post_rope,10,0.17408138513565063
10,post_rope,11,0.1719173640012741
10,post_rope,12,0.1604597568511963
10,post_rope,13,0.15647557377815247
10,post_rope,14,0.14532822370529175
10,post_rope,15,0.13895341753959656
10,post_rope,16,0.13512520492076874
10,post_rope,17,0.13430210947990417
10,post_rope,18,0.13164710998535156
10,post_rope,19,0.1283121556043625
10,post_rope,20,0.12714195251464844
10,post_rope,21,0.12513381242752075
10,post_rope,22,0.12202321738004684
10,post_rope,23,0.1219712421298027
10,post_rope,24,0.12083441764116287
10,post_rope,25,0.11643823236227036
10,post_rope,26,0.11273889988660812
10,post_rope,27,0.11248553544282913
10,post_rope,28,0.10786090791225433
10,post_rope,29,0.1052844226360321
10,post_rope,30,0.10437773913145065
10,post_rope,31,0.10341668874025345
10,post_rope,32,0.09900589287281036
10,post_rope,33,0.09785301983356476
10,post_rope,34,0.09635812044143677
10,post_rope,35,0.09187064319849014
10,post_rope,36,0.09015209227800369
10,post_rope,37,0.08804669231176376
10,post_rope,38,0.08482280373573303
10,post_rope,39,0.08449399471282959
10,post_rope,40,0.07984980195760727
10,post_rope,41,0.0747394785284996
10,post_rope,42,0.07021200656890869
10,post_rope,43,0.06849417090415955
10,post_rope,44,0.06702455133199692
10,post_rope,45,0.06529797613620758
10,post_rope,46,0.0642620399594307
10,post_rope,47,0.06328660249710083
10,post_rope,48,0.0611392967402935
10,post_rope,49,0.05853712558746338
10,post_rope,50,0.05559253692626953
10,post_rope,51,0.053578972816467285
10,post_rope,52,0.052514225244522095
10,post_rope,53,0.049564849585294724
10,post_rope,54,0.04887489601969719
10,post_rope,55,0.048155784606933594
10,post_rope,56,0.04612607881426811
10,post_rope,57,0.04551633819937706
10,post_rope,58,0.04526572301983833
10,post_rope,59,0.04458298161625862
10,post_rope,60,0.04418058693408966
10,post_rope,61,0.04384774714708328
10,post_rope,62,0.043191097676754
10,post_rope,63,0.042577195912599564
10,post_rope,64,0.04228278622031212
10,post_rope,65,0.041840460151433945
10,post_rope,66,0.041478633880615234
10,post_rope,67,0.04123803600668907
10,post_rope,68,0.040478453040122986
10,post_rope,69,0.04025839641690254
10,post_rope,70,0.04004117101430893
10,post_rope,71,0.03989250212907791
10,post_rope,72,0.03937852010130882
10,post_rope,73,0.03856798633933067
10,post_rope,74,0.03818819299340248
10,post_rope,75,0.03808416798710823
10,post_rope,76,0.037292830646038055
10,post_rope,77,0.03697158396244049
10,post_rope,78,0.03671349212527275
10,post_rope,79,0.036361657083034515
10,post_rope,80,0.036049775779247284
10,post_rope,81,0.03581499308347702
10,post_rope,82,0.03562523052096367
10,post_rope,83,0.035608429461717606
10,post_rope,84,0.03417450189590454
10,post_rope,85,0.03405194357037544
10,post_rope,86,0.03378146141767502
10,post_rope,87,0.03349428251385689
10,post_rope,88,0.03288011625409126
10,post_rope,89,0.03267810866236687
10,post_rope,90,0.03258884325623512
10,post_rope,91,0.03191475570201874
10,post_rope,92,0.0311167873442173
10,post_rope,93,0.030366800725460052
10,post_rope,94,0.029834114015102386
10,post_rope,95,0.029494890943169594
10,post_rope,96,0.029122482985258102
10,post_rope,97,0.02882421761751175
10,post_rope,98,0.028313279151916504
10,post_rope,99,0.02761046402156353
10,post_rope,100,0.027328945696353912
10,post_rope,101,0.026170050725340843
10,post_rope,102,0.024958651512861252
10,post_rope,103,0.024692147970199585
10,post_rope,104,0.024452878162264824
10,post_rope,105,0.02421725168824196
10,post_rope,106,0.023784341290593147
10,post_rope,107,0.023395931348204613
10,post_rope,108,0.02312317118048668
10,post_rope,109,0.022178737446665764
10,post_rope,110,0.021809685975313187
10,post_rope,111,0.02107633464038372
10,post_rope,112,0.020451562479138374
10,post_rope,113,0.019985508173704147
10,post_rope,114,0.019199708476662636
10,post_rope,115,0.018580740317702293
10,post_rope,116,0.018029622733592987
10,post_rope,117,0.01709616370499134
10,post_rope,118,0.015888655558228493
10,post_rope,119,0.015443533658981323
10,post_rope,120,0.014850633218884468
10,post_rope,121,0.014628894627094269
10,post_rope,122,0.01369047537446022
10,post_rope,123,0.01304619014263153
10,post_rope,124,0.012212332338094711
10,post_rope,125,0.011946341954171658
10,post_rope,126,0.011682243086397648
10,post_rope,127,0.009907667525112629
10,post_rope,128,0.0060151792131364346
11,pre_rope,1,1.0
11,pre_rope,2,0.28497523069381714
11,pre_rope,3,0.28214403986930847
11,pre_rope,4,0.26732492446899414
11,pre_rope,5,0.2622656524181366
11,pre_rope,6,0.25153547525405884
11,pre_rope,7,0.24623069167137146
11,pre_rope,8,0.23842814564704895
11,pre_rope,9,0.23543955385684967
11,pre_rope,10,0.22833912074565887
11,pre_rope,11,0.2196725457906723
11,pre_rope,12,0.2176380306482315
11,pre_rope,13,0.2118815779685974
11,pre_rope,14,0.20255109667778015
11,pre_rope,15,0.1989872008562088
11,pre_rope,16,0.17488202452659607
11,pre_rope,17,0.15934814512729645
11,pre_rope,18,0.15569357573986053
11,pre_rope,19,0.14459045231342316
11,pre_rope,20,0.14184565842151642
11,pre_rope,21,0.1261136680841446
11,pre_rope,22,0.12292160093784332
11,pre_rope,23,0.11683693528175354
11,pre_rope,24,0.10363452881574631
11,pre_rope,25,0.09667034447193146
11,pre_rope,26,0.09506668895483017
11,pre_rope,27,0.09215642511844635
11,pre_rope,28,0.08741407096385956
11,pre_rope,29,0.08489962667226791
11,pre_rope,30,0.08082959055900574
11,pre_rope,31,0.07881707698106766
11,pre_rope,32,0.07590323686599731
11,pre_rope,33,0.07315582036972046
11,pre_rope,34,0.07187232375144958
11,pre_rope,35,0.07016739249229431
11,pre_rope,36,0.06789270788431168
11,pre_rope,37,0.0656169131398201
11,pre_rope,38,0.06473279744386673
11,pre_rope,39,0.06326460093259811
11,pre_rope,40,0.060155726969242096
11,pre_rope,41,0.05726774409413338
11,pre_rope,42,0.056632306426763535
11,pre_rope,43,0.056379932910203934
11,pre_rope,44,0.05617348104715347
11,pre_rope,45,0.05344880744814873
11,pre_rope,46,0.05209547281265259
11,pre_rope,47,0.0506354458630085
11,pre_rope,48,0.04979024454951286
11,pre_rope,49,0.04909601807594299
11,pre_rope,50,0.04855794832110405
11,pre_rope,51,0.046344488859176636
11,pre_rope,52,0.0428352877497673
11,pre_rope,53,0.04209292307496071
11,pre_rope,54,0.040453772991895676
11,pre_rope,55,0.039286527782678604
11,pre_rope,56,0.03839366137981415
11,pre_rope,57,0.036057211458683014
11,pre_rope,58,0.03543902933597565
11,pre_rope,59,0.03402479365468025
11,pre_rope,60,0.03367777541279793
11,pre_rope,61,0.033342353999614716
11,pre_rope,62,0.030730415135622025
11,pre_rope,63,0.030050333589315414
11,pre_rope,64,0.029873589053750038
11,pre_rope,65,0.02903466299176216
11,pre_rope,66,0.028262868523597717
11,pre_rope,67,0.026338865980505943
11,pre_rope,68,0.025104746222496033
11,pre_rope,69,0.02474299445748329
11,pre_rope,70,0.02390345372259617
11,pre_rope,71,0.022276561707258224
11,pre_rope,72,0.021662823855876923
11,pre_rope,73,0.021416518837213516
11,pre_rope,74,0.019732484593987465
11,pre_rope,75,0.01901307888329029
11,pre_rope,76,0.018537338823080063
11,pre_rope,77,0.017933281138539314
11,pre_rope,78,0.017057329416275024
11,pre_rope,79,0.016634466126561165
11,pre_rope,80,0.015794245526194572
11,pre_rope,81,0.014881984330713749
11,pre_rope,82,0.014175326563417912
11,pre_rope,83,0.013553482480347157
11,pre_rope,84,0.013042992912232876
11,pre_rope,85,0.012665614485740662
11,pre_rope,86,0.012366335839033127
11,pre_rope,87,0.011982971802353859
11,pre_rope,88,0.011563275009393692
11,pre_rope,89,0.010996031574904919
11,pre_rope,90,0.010423731058835983
11,pre_rope,91,0.010356117971241474
11,pre_rope,92,0.009569196961820126
11,pre_rope,93,0.009267023764550686
11,pre_rope,94,0.009014217182993889
11,pre_rope,95,0.00812410470098257
11,pre_rope,96,0.00806975457817316
11,pre_rope,97,0.007756879553198814
11,pre_rope,98,0.007183437701314688
11,pre_rope,99,0.007000555284321308
11,pre_rope,100,0.006585222668945789
11,pre_rope,101,0.0064927926287055016
11,pre_rope,102,0.006332811433821917
11,pre_rope,103,0.006253830157220364
11,pre_rope,104,0.0057976641692221165
11,pre_rope,105,0.005761860869824886
11,pre_rope,106,0.005409743636846542
11,pre_rope,107,0.0052162581123411655
11,pre_rope,108,0.005092930048704147
11,pre_rope,109,0.004838638473302126
11,pre_rope,110,0.004699671640992165
11,pre_rope,111,0.0045500085689127445
11,pre_rope,112,0.004374670796096325
11,pre_rope,113,0.004319078754633665
11,pre_rope,114,0.004218976479023695
11,pre_rope,115,0.003998393192887306
11,pre_rope,116,0.003805448766797781
11,pre_rope,117,0.0035396034363657236
11,pre_rope,118,0.003409489057958126
11,pre_rope,119,0.0032973100896924734
11,pre_rope,120,0.003167183604091406
11,pre_rope,121,0.0031432376708835363
11,pre_rope,122,0.003010943066328764
11,pre_rope,123,0.0029695986304432154
11,pre_rope,124,0.0027172269765287638
11,pre_rope,125,0.002274067373946309
11,pre_rope,126,0.002089058281853795
11,pre_rope,127,0.0019816311541944742
11,pre_rope,128,0.0018918139394372702
11,post_rope,1,1.0
11,post_rope,2,0.4109630882740021
11,post_rope,3,0.3668070137500763
11,post_rope,4,0.3625209331512451
11,post_rope,5,0.3429349660873413
11,post_rope,6,0.3324170410633087
11,post_rope,7,0.32106146216392517
11,post_rope,8,0.3160213828086853
11,post_rope,9,0.3101688027381897
11,post_rope,10,0.30082792043685913
11,post_rope,11,0.29690659046173096
11,post_rope,12,0.28960156440734863
11,post_rope,13,0.2798953652381897
11,post_rope,14,0.27524784207344055
11,post_rope,15,0.2681773006916046
11,post_rope,16,0.2593393325805664
11,post_rope,17,0.24651411175727844
11,post_rope,18,0.2322186976671219
11,post_rope,19,0.2271425724029541
11,post_rope,20,0.21304723620414734
11,post_rope,21,0.20297697186470032
11,post_rope,22,0.19630199670791626
11,post_rope,23,0.18485014140605927
11,post_rope,24,0.17990800738334656
11,post_rope,25,0.17220893502235413
11,post_rope,26,0.16535605490207672
11,post_rope,27,0.15819722414016724
11,post_rope,28,0.15578047931194305
11,post_rope,29,0.1532924473285675
11,post_rope,30,0.1498996764421463
11,post_rope,31,0.14835874736309052
11,post_rope,32,0.14378055930137634
11,post_rope,33,0.1421474814414978
11,post_rope,34,0.14158406853675842
11,post_rope,35,0.13625282049179077
11,post_rope,36,0.13427796959877014
11,post_rope,37,0.13344991207122803
11,post_rope,38,0.13275563716888428
11,post_rope,39,0.1297944337129593
11,post_rope,40,0.12158232927322388
11,post_rope,41,0.11946850270032883
11,post_rope,42,0.11656838655471802
11,post_rope,43,0.1131022647023201
11,post_rope,44,0.11199469119310379
11,post_rope,45,0.10895509272813797
11,post_rope,46,0.10616938769817352
11,post_rope,47,0.10199703276157379
11,post_rope,48,0.09896811097860336
11,post_rope,49,0.09694361686706543
11,post_rope,50,0.09608200937509537
11,post_rope,51,0.09532079100608826
11,post_rope,52,0.09348272532224655
11,post_rope,53,0.09208759665489197
11,post_rope,54,0.09061778336763382
11,post_rope,55,0.08879032731056213
11,post_rope,56,0.08760452270507812
11,post_rope,57,0.08606814593076706
11,post_rope,58,0.08387554436922073
11,post_rope,59,0.08047434687614441
11,post_rope,60,0.07847461849451065
11,post_rope,61,0.07761300355195999
11,post_rope,62,0.07628849148750305
11,post_rope,63,0.07586749643087387
11,post_rope,64,0.07536576688289642
11,post_rope,65,0.07441730797290802
11,post_rope,66,0.07319844514131546
11,post_rope,67,0.07307017594575882
11,post_rope,68,0.07145935297012329
11,post_rope,69,0.0695248618721962
11,post_rope,70,0.0689953938126564
11,post_rope,71,0.06618061661720276
11,post_rope,72,0.06554366648197174
11,post_rope,73,0.06446198374032974
11,post_rope,74,0.06315524876117706
11,post_rope,75,0.06137659028172493
11,post_rope,76,0.06057140976190567
11,post_rope,77,0.05883839726448059
11,post_rope,78,0.057763081043958664
11,post_rope,79,0.05673425644636154
11,post_rope,80,0.055911608040332794
11,post_rope,81,0.054465293884277344
11,post_rope,82,0.05137788876891136
11,post_rope,83,0.04882176220417023
11,post_rope,84,0.0482274629175663
11,post_rope,85,0.04710628092288971
11,post_rope,86,0.045874837785959244
11,post_rope,87,0.045625243335962296
11,post_rope,88,0.04543110355734825
11,post_rope,89,0.044776588678359985
11,post_rope,90,0.04354693368077278
11,post_rope,91,0.04201320558786392
11,post_rope,92,0.04130827262997627
11,post_rope,93,0.04010753706097603
11,post_rope,94,0.03914615511894226
11,post_rope,95,0.03852932155132294
11,post_rope,96,0.037442076951265335
11,post_rope,97,0.03632054850459099
11,post_rope,98,0.03609292209148407
11,post_rope,99,0.03546750918030739
11,post_rope,100,0.03510015457868576
11,post_rope,101,0.0346527062356472
11,post_rope,102,0.03366218879818916
11,post_rope,103,0.03234871104359627
11,post_rope,104,0.03126867488026619
11,post_rope,105,0.02995111048221588
11,post_rope,106,0.029426053166389465
11,post_rope,107,0.028521651402115822
11,post_rope,108,0.02696026861667633
11,post_rope,109,0.02426215447485447
11,post_rope,110,0.024004461243748665
11,post_rope,111,0.022635839879512787
11,post_rope,112,0.022264376282691956
11,post_rope,113,0.021558251231908798
11,post_rope,114,0.021528802812099457
11,post_rope,115,0.02113642916083336
11,post_rope,116,0.01994147151708603
11,post_rope,117,0.019420934841036797
11,post_rope,118,0.016407396644353867
11,post_rope,119,0.016164423897862434
11,post_rope,120,0.015910940244793892
11,post_rope,121,0.015719661489129066
11,post_rope,122,0.015614538453519344
11,post_rope,123,0.015467900782823563
11,post_rope,124,0.015148529782891273
11,post_rope,125,0.015070362016558647
11,post_rope,126,0.01502874307334423
11,post_rope,127,0.014557958580553532
11,post_rope,128,0.014091589488089085
12,pre_rope,1,1.0
12,pre_rope,2,0.18508227169513702
12,pre_rope,3,0.1734592169523239
12,pre_rope,4,0.13996084034442902
12,pre_rope,5,0.12163807451725006
12,pre_rope,6,0.11213294416666031
12,pre_rope,7,0.1054900735616684
12,pre_rope,8,0.1029035896062851
12,pre_rope,9,0.10135418176651001
12,pre_rope,10,0.08898909389972687
12,pre_rope,11,0.08356800675392151
12,pre_rope,12,0.07801951467990875
12,pre_rope,13,0.07276219129562378
12,pre_rope,14,0.0698273777961731
12,pre_rope,15,0.06757288426160812
12,pre_rope,16,0.06384489685297012
12,pre_rope,17,0.06061121076345444
12,pre_rope,18,0.05866851285099983
12,pre_rope,19,0.057181328535079956
12,pre_rope,20,0.05691159516572952
12,pre_rope,21,0.0525783896446228
12,pre_rope,22,0.05185840278863907
12,pre_rope,23,0.049087777733802795
12,pre_rope,24,0.04792483523488045
12,pre_rope,25,0.04689878970384598
12,pre_rope,26,0.045236703008413315
12,pre_rope,27,0.043547846376895905
12,pre_rope,28,0.04194260761141777
12,pre_rope,29,0.04180845618247986
12,pre_rope,30,0.041118424385786057
12,pre_rope,31,0.040004365146160126
12,pre_rope,32,0.03809847682714462
12,pre_rope,33,0.0362752228975296
12,pre_rope,34,0.036220140755176544
12,pre_rope,35,0.03517859801650047
12,pre_rope,36,0.03438595309853554
12,pre_rope,37,0.034278806298971176
12,pre_rope,38,0.033378489315509796
12,pre_rope,39,0.03292303532361984
12,pre_rope,40,0.032365474849939346
12,pre_rope,41,0.03196891397237778
12,pre_rope,42,0.03093394637107849
12,pre_rope,43,0.030232232064008713
12,pre_rope,44,0.02967180497944355
12,pre_rope,45,0.028964519500732422
12,pre_rope,46,0.02794969454407692
12,pre_rope,47,0.027613546699285507
12,pre_rope,48,0.0268825963139534
12,pre_rope,49,0.02651389315724373
12,pre_rope,50,0.025777598842978477
12,pre_rope,51,0.02524743601679802
12,pre_rope,52,0.02468099445104599
12,pre_rope,53,0.024139026179909706
12,pre_rope,54,0.02348821423947811
12,pre_rope,55,0.023172684013843536
12,pre_rope,56,0.022954322397708893
12,pre_rope,57,0.0216286052018404
12,pre_rope,58,0.02142506092786789
12,pre_rope,59,0.020755743607878685
12,pre_rope,60,0.020262207835912704
12,pre_rope,61,0.01962379738688469
12,pre_rope,62,0.019521750509738922
12,pre_rope,63,0.019186435267329216
12,pre_rope,64,0.018572542816400528
12,pre_rope,65,0.01829892210662365
12,pre_rope,66,0.018197691068053246
12,pre_rope,67,0.017816923558712006
12,pre_rope,68,0.01744665578007698
12,pre_rope,69,0.016764292493462563
12,pre_rope,70,0.01620086096227169
12,pre_rope,71,0.01565501280128956
12,pre_rope,72,0.01550430990755558
12,pre_rope,73,0.01516250241547823
12,pre_rope,74,0.015073912218213081
12,pre_rope,75,0.014803972095251083
12,pre_rope,76,0.014387283474206924
12,pre_rope,77,0.014184540137648582
12,pre_rope,78,0.014067403972148895
12,pre_rope,79,0.01385059580206871
12,pre_rope,80,0.013270391151309013
12,pre_rope,81,0.013161077164113522
12,pre_rope,82,0.012970835901796818
12,pre_rope,83,0.012557625770568848
12,pre_rope,84,0.01219762023538351
12,pre_rope,85,0.012085072696208954
12,pre_rope,86,0.011367962695658207
12,pre_rope,87,0.01124122180044651
12,pre_rope,88,0.011184639297425747
12,pre_rope,89,0.010807483457028866
12,pre_rope,90,0.010694819502532482
12,pre_rope,91,0.010638982057571411
12,pre_rope,92,0.010465194471180439
12,pre_rope,93,0.01004132442176342
12,pre_rope,94,0.009910219348967075
12,pre_rope,95,0.009235000237822533
12,pre_rope,96,0.009023424237966537
12,pre_rope,97,0.008845515549182892
12,pre_rope,98,0.008792730048298836
12,pre_rope,99,0.008322729729115963
12,pre_rope,100,0.008170916698873043
12,pre_rope,101,0.008032159879803658
12,pre_rope,102,0.00773931760340929
12,pre_rope,103,0.007535972166806459
12,pre_rope,104,0.007424457464367151
12,pre_rope,105,0.007212676107883453
12,pre_rope,106,0.007074787747114897
12,pre_rope,107,0.006886911112815142
12,pre_rope,108,0.00672930059954524
12,pre_rope,109,0.006617748644202948
12,pre_rope,110,0.006226461846381426
12,pre_rope,111,0.006070902571082115
12,pre_rope,112,0.005998601671308279
12,pre_rope,113,0.005721124820411205
12,pre_rope,114,0.005660396534949541
12,pre_rope,115,0.005491370800882578
12,pre_rope,116,0.0053238896653056145
12,pre_rope,117,0.004789248108863831
12,pre_rope,118,0.004631295334547758
12,pre_rope,119,0.004568547010421753
12,pre_rope,120,0.004513395018875599
12,pre_rope,121,0.004278742708265781
12,pre_rope,122,0.003938767593353987
12,pre_rope,123,0.003706890856847167
12,pre_rope,124,0.003572148969396949
12,pre_rope,125,0.003190781455487013
12,pre_rope,126,0.003029188374057412
12,pre_rope,127,0.0027855071239173412
12,pre_rope,128,0.0022114894818514585
12,post_rope,1,1.0
12,post_rope,2,0.3255811929702759
12,post_rope,3,0.2722216546535492
12,post_rope,4,0.21483929455280304
12,post_rope,5,0.21417361497879028
12,post_rope,6,0.2092142105102539
12,post_rope,7,0.20388071238994598
12,post_rope,8,0.19502979516983032
12,post_rope,9,0.19344981014728546
12,post_rope,10,0.17451098561286926
12,post_rope,11,0.17165525257587433
12,post_rope,12,0.16848377883434296
12,post_rope,13,0.15862037241458893
12,post_rope,14,0.15440049767494202
12,post_rope,15,0.15265943109989166
12,post_rope,16,0.14549952745437622
12,post_rope,17,0.1422341912984848
12,post_rope,18,0.14099206030368805
12,post_rope,19,0.13754144310951233
12,post_rope,20,0.13548524677753448
12,post_rope,21,0.13365356624126434
12,post_rope,22,0.13075365126132965
12,post_rope,23,0.13040676712989807
12,post_rope,24,0.1289716213941574
12,post_rope,25,0.12431549280881882
12,post_rope,26,0.12223704904317856
12,post_rope,27,0.12160321325063705
12,post_rope,28,0.11999845504760742
12,post_rope,29,0.11888329684734344
12,post_rope,30,0.11674706637859344
12,post_rope,31,0.11500151455402374
12,post_rope,32,0.11312317848205566
12,post_rope,33,0.11102283746004105
12,post_rope,34,0.10849270969629288
12,post_rope,35,0.107495978474617
12,post_rope,36,0.10567464679479599
12,post_rope,37,0.1042594164609909
12,post_rope,38,0.10150913149118423
12,post_rope,39,0.09819816797971725
12,post_rope,40,0.09541400521993637
12,post_rope,41,0.09481514245271683
12,post_rope,42,0.08656910061836243
12,post_rope,43,0.08245056867599487
12,post_rope,44,0.07824781537055969
12,post_rope,45,0.07680871337652206
12,post_rope,46,0.0729183703660965
12,post_rope,47,0.07138772308826447
12,post_rope,48,0.07008493691682816
12,post_rope,49,0.06718438863754272
12,post_rope,50,0.06539760529994965
12,post_rope,51,0.0641036257147789
12,post_rope,52,0.061950888484716415
12,post_rope,53,0.06075596809387207
12,post_rope,54,0.057750485837459564
12,post_rope,55,0.05699041485786438
12,post_rope,56,0.05591776967048645
12,post_rope,57,0.05504202842712402
12,post_rope,58,0.05401293933391571
12,post_rope,59,0.05325040966272354
12,post_rope,60,0.05196358636021614
12,post_rope,61,0.05045190826058388
12,post_rope,62,0.05017393082380295
12,post_rope,63,0.04958231374621391
12,post_rope,64,0.04876569285988808
12,post_rope,65,0.04872690141201019
12,post_rope,66,0.04724171757698059
12,post_rope,67,0.04650455713272095
12,post_rope,68,0.045476194471120834
12,post_rope,69,0.044797711074352264
12,post_rope,70,0.04448895528912544
12,post_rope,71,0.04406524822115898
12,post_rope,72,0.04332325607538223
12,post_rope,73,0.042486246675252914
12,post_rope,74,0.04183569550514221
12,post_rope,75,0.04145439341664314
12,post_rope,76,0.04096560925245285
12,post_rope,77,0.03979672119021416
12,post_rope,78,0.03922616317868233
12,post_rope,79,0.03860829025506973
12,post_rope,80,0.03837896138429642
12,post_rope,81,0.03777137026190758
12,post_rope,82,0.037152379751205444
12,post_rope,83,0.036476049572229385
12,post_rope,84,0.03609919920563698
12,post_rope,85,0.03594888001680374
12,post_rope,86,0.035333964973688126
12,post_rope,87,0.034657083451747894
12,post_rope,88,0.034326858818531036
12,post_rope,89,0.033570725470781326
12,post_rope,90,0.03345983475446701
12,post_rope,91,0.03321438655257225
12,post_rope,92,0.032648347318172455
12,post_rope,93,0.03242223337292671
12,post_rope,94,0.03213106468319893
12,post_rope,95,0.03186724707484245
12,post_rope,96,0.03168543800711632
12,post_rope,97,0.03129103034734726
12,post_rope,98,0.03091033734381199
12,post_rope,99,0.029325086623430252
12,post_rope,100,0.028282364830374718
12,post_rope,101,0.027926353737711906
12,post_rope,102,0.027528833597898483
12,post_rope,103,0.026834025979042053
12,post_rope,104,0.02657199092209339
12,post_rope,105,0.025231583043932915
12,post_rope,106,0.024933194741606712
12,post_rope,107,0.024711959064006805
12,post_rope,108,0.02434706687927246
12,post_rope,109,0.02384667657315731
12,post_rope,110,0.02356070466339588
12,post_rope,111,0.02305522933602333
12,post_rope,112,0.022567301988601685
12,post_rope,113,0.021997865289449692
12,post_rope,114,0.020792054012417793
12,post_rope,115,0.020139751955866814
12,post_rope,116,0.019177287817001343
12,post_rope,117,0.01911030150949955
12,post_rope,118,0.018544841557741165
12,post_rope,119,0.018462983891367912
12,post_rope,120,0.01778164878487587
12,post_rope,121,0.017415862530469894
12,post_rope,122,0.01722392626106739
12,post_rope,123,0.01652701385319233
12,post_rope,124,0.015548022463917732
12,post_rope,125,0.014750909991562366
12,post_rope,126,0.014128151349723339
12,post_rope,127,0.012087266892194748
12,post_rope,128,0.009367808699607849
13,pre_rope,1,1.0
13,pre_rope,2,0.22296221554279327
13,pre_rope,3,0.21094924211502075
13,pre_rope,4,0.17666976153850555
13,pre_rope,5,0.1620587557554245
13,pre_rope,6,0.1422969251871109
13,pre_rope,7,0.13922494649887085
13,pre_rope,8,0.12942630052566528
13,pre_rope,9,0.12363100051879883
13,pre_rope,10,0.11695380508899689
13,pre_rope,11,0.10522454231977463
13,pre_rope,12,0.10363304615020752
13,pre_rope,13,0.09994009137153625
13,pre_rope,14,0.09700950235128403
13,pre_rope,15,0.0943978875875473
13,pre_rope,16,0.09332580119371414
13,pre_rope,17,0.0897357240319252
13,pre_rope,18,0.08944248408079147
13,pre_rope,19,0.08634468168020248
13,pre_rope,20,0.08469250053167343
13,pre_rope,21,0.082343190908432
13,pre_rope,22,0.08168090879917145
13,pre_rope,23,0.08002142608165741
13,pre_rope,24,0.07801847159862518
13,pre_rope,25,0.07695981860160828
13,pre_rope,26,0.073048435151577
13,pre_rope,27,0.07172555476427078
13,pre_rope,28,0.07056529819965363
13,pre_rope,29,0.06940963864326477
13,pre_rope,30,0.06429731845855713
13,pre_rope,31,0.05920799821615219
13,pre_rope,32,0.05886170268058777
13,pre_rope,33,0.05710810050368309
13,pre_rope,34,0.056119319051504135
13,pre_rope,35,0.05465644598007202
13,pre_rope,36,0.050795573741197586
13,pre_rope,37,0.04990847036242485
13,pre_rope,38,0.04627394303679466
13,pre_rope,39,0.04597156494855881
13,pre_rope,40,0.04493172839283943
13,pre_rope,41,0.04372365027666092
13,pre_rope,42,0.043191224336624146
13,pre_rope,43,0.04150800406932831
13,pre_rope,44,0.03939187526702881
13,pre_rope,45,0.03843451663851738
13,pre_rope,46,0.037480201572179794
13,pre_rope,47,0.03706689551472664
13,pre_rope,48,0.035804539918899536
13,pre_rope,49,0.03394913300871849
13,pre_rope,50,0.033183176070451736
13,pre_rope,51,0.03219632804393768
13,pre_rope,52,0.030458049848675728
13,pre_rope,53,0.029807837679982185
13,pre_rope,54,0.029489677399396896
13,pre_rope,55,0.02921956405043602
13,pre_rope,56,0.028596438467502594
13,pre_rope,57,0.028245603665709496
13,pre_rope,58,0.02737247571349144
13,pre_rope,59,0.026551073417067528
13,pre_rope,60,0.02573259547352791
13,pre_rope,61,0.024577239528298378
13,pre_rope,62,0.024438798427581787
13,pre_rope,63,0.024191243574023247
13,pre_rope,64,0.022828642278909683
13,pre_rope,65,0.022297823801636696
13,pre_rope,66,0.022005369886755943
13,pre_rope,67,0.021754052489995956
13,pre_rope,68,0.02110845409333706
13,pre_rope,69,0.020760461688041687
13,pre_rope,70,0.020359963178634644
13,pre_rope,71,0.020139116793870926
13,pre_rope,72,0.019479108974337578
13,pre_rope,73,0.018579548224806786
13,pre_rope,74,0.018245553597807884
13,pre_rope,75,0.01782129518687725
13,pre_rope,76,0.017670026049017906
13,pre_rope,77,0.017242111265659332
13,pre_rope,78,0.016982443630695343
13,pre_rope,79,0.016116701066493988
13,pre_rope,80,0.01569000445306301
13,pre_rope,81,0.01526723150163889
13,pre_rope,82,0.015067349188029766
13,pre_rope,83,0.01485085766762495
13,pre_rope,84,0.014471248723566532
13,pre_rope,85,0.014221344143152237
13,pre_rope,86,0.013974644243717194
13,pre_rope,87,0.013525750488042831
13,pre_rope,88,0.013426244258880615
13,pre_rope,89,0.013004256412386894
13,pre_rope,90,0.012494377791881561
13,pre_rope,91,0.012051149271428585
13,pre_rope,92,0.011538933031260967
13,pre_rope,93,0.011325448751449585
13,pre_rope,94,0.011241882108151913
13,pre_rope,95,0.010652167722582817
13,pre_rope,96,0.010312175378203392
13,pre_rope,97,0.01003092247992754
13,pre_rope,98,0.009804919362068176
13,pre_rope,99,0.009564483538269997
13,pre_rope,100,0.009423614479601383
13,pre_rope,101,0.009168440476059914
13,pre_rope,102,0.00904761627316475
13,pre_rope,103,0.00900975801050663
13,pre_rope,104,0.008419188670814037
13,pre_rope,105,0.008267473429441452
13,pre_rope,106,0.007992313243448734
13,pre_rope,107,0.007666865363717079
13,pre_rope,108,0.007494736462831497
13,pre_rope,109,0.007103834766894579
13,pre_rope,110,0.007015152368694544
13,pre_rope,111,0.006750250235199928
13,pre_rope,112,0.00654498441144824
13,pre_rope,113,0.006345929112285376
13,pre_rope,114,0.006236525718122721
13,pre_rope,115,0.005887732841074467
13,pre_rope,116,0.005502162966877222
13,pre_rope,117,0.005284971557557583
13,pre_rope,118,0.005154207348823547
13,pre_rope,119,0.004951690323650837
13,pre_rope,120,0.004733540583401918
13,pre_rope,121,0.004552994389086962
13,pre_rope,122,0.00431827874854207
13,pre_rope,123,0.003943885676562786
13,pre_rope,124,0.003801068291068077
13,pre_rope,125,0.003472128650173545
13,pre_rope,126,0.0033388249576091766
13,pre_rope,127,0.003148697316646576
13,pre_rope,128,0.002542733447626233
13,post_rope,1,1.0
13,post_rope,2,0.4333222210407257
13,post_rope,3,0.3438437581062317
13,post_rope,4,0.2844223380088806
13,post_rope,5,0.25780579447746277
13,post_rope,6,0.23942983150482178
13,post_rope,7,0.21989870071411133
13,post_rope,8,0.2017812281847
13,post_rope,9,0.19892483949661255
13,post_rope,10,0.18263784050941467
13,post_rope,11,0.17800799012184143
13,post_rope,12,0.17391115427017212
13,post_rope,13,0.17071883380413055
13,post_rope,14,0.16676932573318481
13,post_rope,15,0.16544997692108154
13,post_rope,16,0.16164393723011017
13,post_rope,17,0.15865179896354675
13,post_rope,18,0.15478666126728058
13,post_rope,19,0.14975351095199585
13,post_rope,20,0.14765627682209015
13,post_rope,21,0.14176160097122192
13,post_rope,22,0.13945536315441132
13,post_rope,23,0.13804326951503754
13,post_rope,24,0.13693438470363617
13,post_rope,25,0.13290737569332123
13,post_rope,26,0.1282319724559784
13,post_rope,27,0.12584251165390015
13,post_rope,28,0.12419150769710541
13,post_rope,29,0.12085117399692535
13,post_rope,30,0.11882741004228592
13,post_rope,31,0.11796634644269943
13,post_rope,32,0.11450168490409851
13,post_rope,33,0.11300927400588989
13,post_rope,34,0.11070872098207474
13,post_rope,35,0.11022582650184631
13,post_rope,36,0.1080322414636612
13,post_rope,37,0.10705728828907013
13,post_rope,38,0.10496953874826431
13,post_rope,39,0.1043529063463211
13,post_rope,40,0.10302118957042694
13,post_rope,41,0.10273634642362595
13,post_rope,42,0.1020524650812149
13,post_rope,43,0.10007262974977493
13,post_rope,44,0.09939082711935043
13,post_rope,45,0.09801514446735382
13,post_rope,46,0.09773406386375427
13,post_rope,47,0.09445655345916748
13,post_rope,48,0.09310513734817505
13,post_rope,49,0.09247731417417526
13,post_rope,50,0.09019475430250168
13,post_rope,51,0.08986391127109528
13,post_rope,52,0.08760077506303787
13,post_rope,53,0.0875079408288002
13,post_rope,54,0.08335773646831512
13,post_rope,55,0.08141940832138062
13,post_rope,56,0.08007177710533142
13,post_rope,57,0.07988874614238739
13,post_rope,58,0.07898718863725662
13,post_rope,59,0.07815788686275482
13,post_rope,60,0.07674774527549744
13,post_rope,61,0.075867660343647
13,post_rope,62,0.07166792452335358
13,post_rope,63,0.07078227400779724
13,post_rope,64,0.06526876986026764
13,post_rope,65,0.06494668871164322
13,post_rope,66,0.06212829053401947
13,post_rope,67,0.060029562562704086
13,post_rope,68,0.05887629836797714
13,post_rope,69,0.05797224119305611
13,post_rope,70,0.05649625137448311
13,post_rope,71,0.05536610633134842
13,post_rope,72,0.053861647844314575
13,post_rope,73,0.052632998675107956
13,post_rope,74,0.050387561321258545
13,post_rope,75,0.0490192212164402
13,post_rope,76,0.0486263632774353
13,post_rope,77,0.047439344227313995
13,post_rope,78,0.04580923914909363
13,post_rope,79,0.044934701174497604
13,post_rope,80,0.04422927275300026
13,post_rope,81,0.043034497648477554
13,post_rope,82,0.04248537868261337
13,post_rope,83,0.0417538546025753
13,post_rope,84,0.04122142493724823
13,post_rope,85,0.04036553204059601
13,post_rope,86,0.04005427286028862
13,post_rope,87,0.03855756297707558
13,post_rope,88,0.03798957169055939
13,post_rope,89,0.03773345798254013
13,post_rope,90,0.03738081827759743
13,post_rope,91,0.0370275154709816
13,post_rope,92,0.03680277243256569
13,post_rope,93,0.036033399403095245
13,post_rope,94,0.0354919508099556
13,post_rope,95,0.03510969877243042
13,post_rope,96,0.03441905602812767
13,post_rope,97,0.03410524129867554
13,post_rope,98,0.03402010723948479
13,post_rope,99,0.03312589228153229
13,post_rope,100,0.03218435123562813
13,post_rope,101,0.03188062831759453
13,post_rope,102,0.03130528703331947
13,post_rope,103,0.031022807583212852
13,post_rope,104,0.030375652015209198
13,post_rope,105,0.02999911829829216
13,post_rope,106,0.02944430708885193
13,post_rope,107,0.028714273124933243
13,post_rope,108,0.02790551632642746
13,post_rope,109,0.027673229575157166
13,post_rope,110,0.0272997859865427
13,post_rope,111,0.026920247822999954
13,post_rope,112,0.02638062834739685
13,post_rope,113,0.025461766868829727
13,post_rope,114,0.025177571922540665
13,post_rope,115,0.02472015842795372
13,post_rope,116,0.024311887100338936
13,post_rope,117,0.02389822155237198
13,post_rope,118,0.023818641901016235
13,post_rope,119,0.023485995829105377
13,post_rope,120,0.02329140715301037
13,post_rope,121,0.02138323336839676
13,post_rope,122,0.01962682232260704
13,post_rope,123,0.01918645389378071
13,post_rope,124,0.018956175073981285
13,post_rope,125,0.0186872910708189
13,post_rope,126,0.016851529479026794
13,post_rope,127,0.016376085579395294
13,post_rope,128,0.011074758134782314
14,pre_rope,1,1.0
14,pre_rope,2,0.1755157858133316
14,pre_rope,3,0.14942069351673126
14,pre_rope,4,0.13270770013332367
14,pre_rope,5,0.12701110541820526
14,pre_rope,6,0.1181057021021843
14,pre_rope,7,0.1019403412938118
14,pre_rope,8,0.08922239392995834
14,pre_rope,9,0.08427360653877258
14,pre_rope,10,0.08257181197404861
14,pre_rope,11,0.07728762924671173
14,pre_rope,12,0.07621748000383377
14,pre_rope,13,0.07181578874588013
14,pre_rope,14,0.062178295105695724
14,pre_rope,15,0.06033070757985115
14,pre_rope,16,0.058765437453985214
14,pre_rope,17,0.05684635415673256
14,pre_rope,18,0.05387294292449951
14,pre_rope,19,0.051410991698503494
14,pre_rope,20,0.049968890845775604
14,pre_rope,21,0.04853232949972153
14,pre_rope,22,0.04614232853055
14,pre_rope,23,0.04559380188584328
14,pre_rope,24,0.04414892941713333
14,pre_rope,25,0.0423443540930748
14,pre_rope,26,0.040381837636232376
14,pre_rope,27,0.03930434584617615
14,pre_rope,28,0.03721002861857414
14,pre_rope,29,0.03584802895784378
14,pre_rope,30,0.035362593829631805
14,pre_rope,31,0.033679116517305374
14,pre_rope,32,0.03268589824438095
14,pre_rope,33,0.032291315495967865
14,pre_rope,34,0.03100859746336937
14,pre_rope,35,0.030332688242197037
14,pre_rope,36,0.029279448091983795
14,pre_rope,37,0.027663210406899452
14,pre_rope,38,0.026661431416869164
14,pre_rope,39,0.026264183223247528
14,pre_rope,40,0.025789231061935425
14,pre_rope,41,0.025189969688653946
14,pre_rope,42,0.024343667551875114
14,pre_rope,43,0.02420130930840969
14,pre_rope,44,0.023981157690286636
14,pre_rope,45,0.023300815373659134
14,pre_rope,46,0.02249089442193508
14,pre_rope,47,0.021876253187656403
14,pre_rope,48,0.021329373121261597
14,pre_rope,49,0.020764460787177086
14,pre_rope,50,0.02015657164156437
14,pre_rope,51,0.019937042146921158
14,pre_rope,52,0.019758660346269608
14,pre_rope,53,0.01921316608786583
14,pre_rope,54,0.018776293843984604
14,pre_rope,55,0.018681637942790985
14,pre_rope,56,0.01831205002963543
14,pre_rope,57,0.017847608774900436
14,pre_rope,58,0.01741129904985428
14,pre_rope,59,0.017276497557759285
14,pre_rope,60,0.01649402640759945
14,pre_rope,61,0.01628650724887848
14,pre_rope,62,0.015652833506464958
14,pre_rope,63,0.015503822825849056
14,pre_rope,64,0.015263261273503304
14,pre_rope,65,0.015129824168980122
14,pre_rope,66,0.01466613169759512
14,pre_rope,67,0.014437731355428696
14,pre_rope,68,0.01421230100095272
14,pre_rope,69,0.013522709719836712
14,pre_rope,70,0.013418223708868027
14,pre_rope,71,0.013121770694851875
14,pre_rope,72,0.012937922030687332
14,pre_rope,73,0.012676681391894817
14,pre_rope,74,0.012281728908419609
14,pre_rope,75,0.012003988958895206
14,pre_rope,76,0.011970028281211853
14,pre_rope,77,0.01167904119938612
14,pre_rope,78,0.011531485244631767
14,pre_rope,79,0.01116592064499855
14,pre_rope,80,0.01110885664820671
14,pre_rope,81,0.010940219275653362
14,pre_rope,82,0.010746936313807964
14,pre_rope,83,0.01064766850322485
14,pre_rope,84,0.010270765982568264
14,pre_rope,85,0.010001630522310734
14,pre_rope,86,0.00968789029866457
14,pre_rope,87,0.009632164612412453
14,pre_rope,88,0.0094912713393569
14,pre_rope,89,0.009252060204744339
14,pre_rope,90,0.009137213230133057
14,pre_rope,91,0.008780129253864288
14,pre_rope,92,0.008654208853840828
14,pre_rope,93,0.008340051397681236
14,pre_rope,94,0.008264182135462761
14,pre_rope,95,0.00812683068215847
14,pre_rope,96,0.008036836981773376
14,pre_rope,97,0.007868558168411255
14,pre_rope,98,0.007701462134718895
14,pre_rope,99,0.0074341194704174995
14,pre_rope,100,0.007330762688070536
14,pre_rope,101,0.00722126429900527
14,pre_rope,102,0.006930764764547348
14,pre_rope,103,0.006897975690662861
14,pre_rope,104,0.006763003300875425
14,pre_rope,105,0.006435431074351072
14,pre_rope,106,0.006347318645566702
14,pre_rope,107,0.006068830844014883
14,pre_rope,108,0.005918404087424278
14,pre_rope,109,0.005810389760881662
14,pre_rope,110,0.005677319597452879
14,pre_rope,111,0.005417558830231428
14,pre_rope,112,0.005346428602933884
14,pre_rope,113,0.0052613429725170135
14,pre_rope,114,0.004866140428930521
14,pre_rope,115,0.004590383730828762
14,pre_rope,116,0.004354522563517094
14,pre_rope,117,0.00428186496719718
14,pre_rope,118,0.004130854271352291
14,pre_rope,119,0.0037912935949862003
14,pre_rope,120,0.0036166072823107243
14,pre_rope,121,0.003548142733052373
14,pre_rope,122,0.0033068296033889055
14,pre_rope,123,0.0031989580020308495
14,pre_rope,124,0.0030766786076128483
14,pre_rope,125,0.002883859444409609
14,pre_rope,126,0.0027819403912872076
14,pre_rope,127,0.002476961351931095
14,pre_rope,128,0.0019264795118942857
14,post_rope,1,1.0
14,post_rope,2,0.3647366464138031
14,post_rope,3,0.28957560658454895
14,post_rope,4,0.20995163917541504
14,post_rope,5,0.19801902770996094
14,post_rope,6,0.18035566806793213
14,post_rope,7,0.1747279167175293
14,post_rope,8,0.16831304132938385
14,post_rope,9,0.158864825963974
14,post_rope,10,0.15159286558628082
14,post_rope,11,0.14827203750610352
14,post_rope,12,0.14394311606884003
14,post_rope,13,0.14066340029239655
14,post_rope,14,0.13883240520954132
14,post_rope,15,0.13297073543071747
14,post_rope,16,0.1302027553319931
14,post_rope,17,0.12733326852321625
14,post_rope,18,0.12646271288394928
14,post_rope,19,0.11786048114299774
14,post_rope,20,0.11269307136535645
14,post_rope,21,0.10906772315502167
14,post_rope,22,0.10402356833219528
14,post_rope,23,0.10182025283575058
14,post_rope,24,0.09823553264141083
14,post_rope,25,0.09619371592998505
14,post_rope,26,0.09335562586784363
14,post_rope,27,0.09227236360311508
14,post_rope,28,0.09187351912260056
14,post_rope,29,0.09049344062805176
14,post_rope,30,0.09027247875928879
14,post_rope,31,0.08898502588272095
14,post_rope,32,0.08754941821098328
14,post_rope,33,0.08175758272409439
14,post_rope,34,0.08107890188694
14,post_rope,35,0.07902046293020248
14,post_rope,36,0.07685632258653641
14,post_rope,37,0.07519975304603577
14,post_rope,38,0.07296515256166458
14,post_rope,39,0.07283753156661987
14,post_rope,40,0.06917378306388855
14,post_rope,41,0.06704356521368027
14,post_rope,42,0.06662660092115402
14,post_rope,43,0.065728098154068
14,post_rope,44,0.06418467313051224
14,post_rope,45,0.06205209344625473
14,post_rope,46,0.061771612614393234
14,post_rope,47,0.06139391288161278
14,post_rope,48,0.059373799711465836
14,post_rope,49,0.05836730822920799
14,post_rope,50,0.05755046755075455
14,post_rope,51,0.0546465702354908
14,post_rope,52,0.05300504341721535
14,post_rope,53,0.05171184986829758
14,post_rope,54,0.04997865855693817
14,post_rope,55,0.049280352890491486
14,post_rope,56,0.04753589630126953
14,post_rope,57,0.04741854593157768
14,post_rope,58,0.04563882574439049
14,post_rope,59,0.04358319193124771
14,post_rope,60,0.04192512109875679
14,post_rope,61,0.0414385087788105
14,post_rope,62,0.040876176208257675
14,post_rope,63,0.03975805267691612
14,post_rope,64,0.039112403988838196
14,post_rope,65,0.03824161738157272
14,post_rope,66,0.037370599806308746
14,post_rope,67,0.03697774186730385
14,post_rope,68,0.036104992032051086
14,post_rope,69,0.03504765406250954
14,post_rope,70,0.03432311490178108
14,post_rope,71,0.033749572932720184
14,post_rope,72,0.03353540599346161
14,post_rope,73,0.03330578655004501
14,post_rope,74,0.032746896147727966
14,post_rope,75,0.03223036974668503
14,post_rope,76,0.032156553119421005
14,post_rope,77,0.03161347657442093
14,post_rope,78,0.031009972095489502
14,post_rope,79,0.030890440568327904
14,post_rope,80,0.030561260879039764
14,post_rope,81,0.03037610650062561
14,post_rope,82,0.03004351072013378
14,post_rope,83,0.029941733926534653
14,post_rope,84,0.029399124905467033
14,post_rope,85,0.029243912547826767
14,post_rope,86,0.028905581682920456
14,post_rope,87,0.028529513627290726
14,post_rope,88,0.028438247740268707
14,post_rope,89,0.02807624265551567
14,post_rope,90,0.027995306998491287
14,post_rope,91,0.027550246566534042
14,post_rope,92,0.027286570519208908
14,post_rope,93,0.027108334004878998
14,post_rope,94,0.026982905343174934
14,post_rope,95,0.026865754276514053
14,post_rope,96,0.02624235674738884
14,post_rope,97,0.026051821187138557
14,post_rope,98,0.02576627768576145
14,post_rope,99,0.025478484109044075
14,post_rope,100,0.02487301081418991
14,post_rope,101,0.02461346611380577
14,post_rope,102,0.024055927991867065
14,post_rope,103,0.023639431223273277
14,post_rope,104,0.023072203621268272
14,post_rope,105,0.022757921367883682
14,post_rope,106,0.021194862201809883
14,post_rope,107,0.020914176478981972
14,post_rope,108,0.020215477794408798
14,post_rope,109,0.020060265436768532
14,post_rope,110,0.019617566838860512
14,post_rope,111,0.019156139343976974
14,post_rope,112,0.018060021102428436
14,post_rope,113,0.01754411868751049
14,post_rope,114,0.01677069626748562
14,post_rope,115,0.016464320942759514
14,post_rope,116,0.015652844682335854
14,post_rope,117,0.014421416446566582
14,post_rope,118,0.014199928380548954
14,post_rope,119,0.013301496393978596
14,post_rope,120,0.013177121989428997
14,post_rope,121,0.012629566714167595
14,post_rope,122,0.012555654160678387
14,post_rope,123,0.0121397003531456
14,post_rope,124,0.011126878671348095
14,post_rope,125,0.010883446782827377
14,post_rope,126,0.010611921548843384
14,post_rope,127,0.010342631489038467
14,post_rope,128,0.007206793408840895
15,pre_rope,1,1.0
15,pre_rope,2,0.19182711839675903
15,pre_rope,3,0.17854462563991547
15,pre_rope,4,0.16190269589424133
15,pre_rope,5,0.15537497401237488
15,pre_rope,6,0.15208661556243896
15,pre_rope,7,0.13682253658771515
15,pre_rope,8,0.12685289978981018
15,pre_rope,9,0.11035516113042831
15,pre_rope,10,0.10507334023714066
15,pre_rope,11,0.10143816471099854
15,pre_rope,12,0.09194756299257278
15,pre_rope,13,0.08909872174263
15,pre_rope,14,0.08613462001085281
15,pre_rope,15,0.08365355432033539
15,pre_rope,16,0.08114774525165558
15,pre_rope,17,0.07713737338781357
15,pre_rope,18,0.07345011830329895
15,pre_rope,19,0.07022672891616821
15,pre_rope,20,0.06891060620546341
15,pre_rope,21,0.06788236647844315
15,pre_rope,22,0.06446707248687744
15,pre_rope,23,0.060728542506694794
15,pre_rope,24,0.059400226920843124
15,pre_rope,25,0.05778880417346954
15,pre_rope,26,0.055186670273542404
15,pre_rope,27,0.05322938784956932
15,pre_rope,28,0.05186895281076431
15,pre_rope,29,0.05002414062619209
15,pre_rope,30,0.04891624301671982
15,pre_rope,31,0.046516574919223785
15,pre_rope,32,0.045846227556467056
15,pre_rope,33,0.04538693279027939
15,pre_rope,34,0.04453345015645027
15,pre_rope,35,0.042716771364212036
15,pre_rope,36,0.04242631047964096
15,pre_rope,37,0.04186464473605156
15,pre_rope,38,0.038928594440221786
15,pre_rope,39,0.03838985413312912
15,pre_rope,40,0.03802225738763809
15,pre_rope,41,0.03724530711770058
15,pre_rope,42,0.03677893057465553
15,pre_rope,43,0.03636140003800392
15,pre_rope,44,0.0356588251888752
15,pre_rope,45,0.03450932726264
15,pre_rope,46,0.03384970501065254
15,pre_rope,47,0.033310990780591965
15,pre_rope,48,0.03194098547101021
15,pre_rope,49,0.03124542161822319
15,pre_rope,50,0.030450737103819847
15,pre_rope,51,0.030351804569363594
15,pre_rope,52,0.029225051403045654
15,pre_rope,53,0.02898990362882614
15,pre_rope,54,0.02793048694729805
15,pre_rope,55,0.027680207043886185
15,pre_rope,56,0.02704606205224991
15,pre_rope,57,0.026575708761811256
15,pre_rope,58,0.026310943067073822
15,pre_rope,59,0.025598447769880295
15,pre_rope,60,0.02520575560629368
15,pre_rope,61,0.02461167424917221
15,pre_rope,62,0.024062521755695343
15,pre_rope,63,0.023798523470759392
15,pre_rope,64,0.023267656564712524
15,pre_rope,65,0.022369375452399254
15,pre_rope,66,0.021935369819402695
15,pre_rope,67,0.021852679550647736
15,pre_rope,68,0.02128262259066105
15,pre_rope,69,0.021006694063544273
15,pre_rope,70,0.020504014566540718
15,pre_rope,71,0.020249972119927406
15,pre_rope,72,0.019602114334702492
15,pre_rope,73,0.01911550760269165
15,pre_rope,74,0.01889892853796482
15,pre_rope,75,0.018155021592974663
15,pre_rope,76,0.01813194714486599
15,pre_rope,77,0.01789754070341587
15,pre_rope,78,0.017494674772024155
15,pre_rope,79,0.01712658815085888
15,pre_rope,80,0.01680949330329895
15,pre_rope,81,0.016055090352892876
15,pre_rope,82,0.015984324738383293
15,pre_rope,83,0.015558449551463127
15,pre_rope,84,0.015218613669276237
15,pre_rope,85,0.014980624429881573
15,pre_rope,86,0.01465229969471693
15,pre_rope,87,0.014201798476278782
15,pre_rope,88,0.01396897528320551
15,pre_rope,89,0.01365275401622057
15,pre_rope,90,0.013449649326503277
15,pre_rope,91,0.013101383112370968
15,pre_rope,92,0.012757429853081703
15,pre_rope,93,0.012352347373962402
15,pre_rope,94,0.011862599290907383
15,pre_rope,95,0.011793451383709908
15,pre_rope,96,0.011177074164152145
15,pre_rope,97,0.010996894910931587
15,pre_rope,98,0.010794694535434246
15,pre_rope,99,0.010536710731685162
15,pre_rope,100,0.010403569787740707
15,pre_rope,101,0.00991488341242075
15,pre_rope,102,0.009334946051239967
15,pre_rope,103,0.009141571819782257
15,pre_rope,104,0.008944657631218433
15,pre_rope,105,0.00844463612884283
15,pre_rope,106,0.008310379460453987
15,pre_rope,107,0.008088761940598488
15,pre_rope,108,0.007859237492084503
15,pre_rope,109,0.00738412793725729
15,pre_rope,110,0.007302719168365002
15,pre_rope,111,0.007051622960716486
15,pre_rope,112,0.006858266424387693
15,pre_rope,113,0.006470860913395882
15,pre_rope,114,0.006384310778230429
15,pre_rope,115,0.0057402970269322395
15,pre_rope,116,0.00558322761207819
15,pre_rope,117,0.005225853528827429
15,pre_rope,118,0.004988638684153557
15,pre_rope,119,0.004752378910779953
15,pre_rope,120,0.004654879216104746
15,pre_rope,121,0.00425668666139245
15,pre_rope,122,0.00406300462782383
15,pre_rope,123,0.0038463245145976543
15,pre_rope,124,0.003433668753132224
15,pre_rope,125,0.0031434595584869385
15,pre_rope,126,0.0030267175752669573
15,pre_rope,127,0.002900707768276334
15,pre_rope,128,0.001275964081287384
15,post_rope,1,1.0
15,post_rope,2,0.34635016322135925
15,post_rope,3,0.27772775292396545
15,post_rope,4,0.23026983439922333
15,post_rope,5,0.22484616935253143
15,post_rope,6,0.2210170030593872
15,post_rope,7,0.20591413974761963
15,post_rope,8,0.19898928701877594
15,post_rope,9,0.18181610107421875
15,post_rope,10,0.17986832559108734
15,post_rope,11,0.17576028406620026
15,post_rope,12,0.16241465508937836
15,post_rope,13,0.15581797063350677
15,post_rope,14,0.15232470631599426
15,post_rope,15,0.14937318861484528
15,post_rope,16,0.14065171778202057
15,post_rope,17,0.13367727398872375
15,post_rope,18,0.13342593610286713
15,post_rope,19,0.13286954164505005
15,post_rope,20,0.13054999709129333
15,post_rope,21,0.1294780820608139
15,post_rope,22,0.12547577917575836
15,post_rope,23,0.12385563552379608
15,post_rope,24,0.12314416468143463
15,post_rope,25,0.12044834345579147
15,post_rope,26,0.11968503147363663
15,post_rope,27,0.11760341376066208
15,post_rope,28,0.11229337751865387
15,post_rope,29,0.11119876801967621
15,post_rope,30,0.10917630791664124
15,post_rope,31,0.10755489766597748
15,post_rope,32,0.10552647709846497
15,post_rope,33,0.10412748903036118
15,post_rope,34,0.10361824929714203
15,post_rope,35,0.10196463763713837
15,post_rope,36,0.09741164743900299
15,post_rope,37,0.09570902585983276
15,post_rope,38,0.0955478847026825
15,post_rope,39,0.09476815164089203
15,post_rope,40,0.0941428393125534
15,post_rope,41,0.09245073795318604
15,post_rope,42,0.09062235802412033
15,post_rope,43,0.08786173164844513
15,post_rope,44,0.08643431961536407
15,post_rope,45,0.08170892298221588
15,post_rope,46,0.07827410846948624
15,post_rope,47,0.07742024213075638
15,post_rope,48,0.07565473020076752
15,post_rope,49,0.07528037577867508
15,post_rope,50,0.07390807569026947
15,post_rope,51,0.07223866134881973
15,post_rope,52,0.07110187411308289
15,post_rope,53,0.06734317541122437
15,post_rope,54,0.06570995599031448
15,post_rope,55,0.06512193381786346
15,post_rope,56,0.06414449214935303
15,post_rope,57,0.0633564442396164
15,post_rope,58,0.06273099035024643
15,post_rope,59,0.06050297990441322
15,post_rope,60,0.058087900280952454
15,post_rope,61,0.05689817667007446
15,post_rope,62,0.056215640157461166
15,post_rope,63,0.05547003448009491
15,post_rope,64,0.05425361171364784
15,post_rope,65,0.0536147765815258
15,post_rope,66,0.05292941629886627
15,post_rope,67,0.051838118582963943
15,post_rope,68,0.0513622872531414
15,post_rope,69,0.05085403099656105
15,post_rope,70,0.05064103379845619
15,post_rope,71,0.049817249178886414
15,post_rope,72,0.04925192892551422
15,post_rope,73,0.04760562628507614
15,post_rope,74,0.045836713165044785
15,post_rope,75,0.04573875293135643
15,post_rope,76,0.045265551656484604
15,post_rope,77,0.043368589133024216
15,post_rope,78,0.04277478903532028
15,post_rope,79,0.0421452522277832
15,post_rope,80,0.042034219950437546
15,post_rope,81,0.041695017367601395
15,post_rope,82,0.041106902062892914
15,post_rope,83,0.04050573706626892
15,post_rope,84,0.03989066556096077
15,post_rope,85,0.03957130014896393
15,post_rope,86,0.039152417331933975
15,post_rope,87,0.03850327432155609
15,post_rope,88,0.03804612532258034
15,post_rope,89,0.03769545257091522
15,post_rope,90,0.03744124621152878
15,post_rope,91,0.037189945578575134
15,post_rope,92,0.03670067712664604
15,post_rope,93,0.036385610699653625
15,post_rope,94,0.03565040975809097
15,post_rope,95,0.0351976715028286
15,post_rope,96,0.03502236679196358
15,post_rope,97,0.03482065722346306
15,post_rope,98,0.0345139279961586
15,post_rope,99,0.034009549766778946
15,post_rope,100,0.03340940177440643
15,post_rope,101,0.03318736329674721
15,post_rope,102,0.0327809676527977
15,post_rope,103,0.03264063969254494
15,post_rope,104,0.0319768488407135
15,post_rope,105,0.031451981514692307
15,post_rope,106,0.03116208128631115
15,post_rope,107,0.03073088265955448
15,post_rope,108,0.030410850420594215
15,post_rope,109,0.030100928619503975
15,post_rope,110,0.02994721010327339
15,post_rope,111,0.028977325186133385
15,post_rope,112,0.02798333391547203
15,post_rope,113,0.026709744706749916
15,post_rope,114,0.02552507445216179
15,post_rope,115,0.025241445749998093
15,post_rope,116,0.024162532761693
15,post_rope,117,0.023861387744545937
15,post_rope,118,0.022710045799613
15,post_rope,119,0.02219546213746071
15,post_rope,120,0.02197887748479843
15,post_rope,121,0.021633978933095932
15,post_rope,122,0.02139930985867977
15,post_rope,123,0.02106945402920246
15,post_rope,124,0.020643826574087143
15,post_rope,125,0.020160630345344543
15,post_rope,126,0.01771244965493679
15,post_rope,127,0.017495598644018173
15,post_rope,128,0.010888572782278061
16,pre_rope,1,1.0
16,pre_rope,2,0.29033684730529785
16,pre_rope,3,0.25687092542648315
16,pre_rope,4,0.24310815334320068
16,pre_rope,5,0.2313540279865265
16,pre_rope,6,0.22185631096363068
16,pre_rope,7,0.21442663669586182
16,pre_rope,8,0.2024395912885666
16,pre_rope,9,0.18388819694519043
16,pre_rope,10,0.177841454744339
16,pre_rope,11,0.1656576544046402
16,pre_rope,12,0.15534041821956635
16,pre_rope,13,0.1512995809316635
16,pre_rope,14,0.14841589331626892
16,pre_rope,15,0.14364086091518402
16,pre_rope,16,0.14105834066867828
16,pre_rope,17,0.13546420633792877
16,pre_rope,18,0.1303289830684662
16,pre_rope,19,0.12955424189567566
16,pre_rope,20,0.11359109729528427
16,pre_rope,21,0.1013183668255806
16,pre_rope,22,0.09492501616477966
16,pre_rope,23,0.08412252366542816
16,pre_rope,24,0.0825662687420845
16,pre_rope,25,0.07673252373933792
16,pre_rope,26,0.07127804309129715
16,pre_rope,27,0.06908775866031647
16,pre_rope,28,0.061041269451379776
16,pre_rope,29,0.05523965507745743
16,pre_rope,30,0.053153373301029205
16,pre_rope,31,0.05175599455833435
16,pre_rope,32,0.04632916674017906
16,pre_rope,33,0.0445244163274765
16,pre_rope,34,0.04378003627061844
16,pre_rope,35,0.04116591438651085
16,pre_rope,36,0.039109352976083755
16,pre_rope,37,0.03633563220500946
16,pre_rope,38,0.03529495745897293
16,pre_rope,39,0.0341242291033268
16,pre_rope,40,0.03197764977812767
16,pre_rope,41,0.03109787032008171
16,pre_rope,42,0.029367495328187943
16,pre_rope,43,0.027656594291329384
16,pre_rope,44,0.02742174081504345
16,pre_rope,45,0.027086898684501648
16,pre_rope,46,0.02587774582207203
16,pre_rope,47,0.025183938443660736
16,pre_rope,48,0.024598466232419014
16,pre_rope,49,0.02406398393213749
16,pre_rope,50,0.02293078601360321
16,pre_rope,51,0.0223862212151289
16,pre_rope,52,0.021831698715686798
16,pre_rope,53,0.02150307036936283
16,pre_rope,54,0.02065725438296795
16,pre_rope,55,0.019299937412142754
16,pre_rope,56,0.018704049289226532
16,pre_rope,57,0.01787702925503254
16,pre_rope,58,0.017742568626999855
16,pre_rope,59,0.017574818804860115
16,pre_rope,60,0.017451949417591095
16,pre_rope,61,0.016994735226035118
16,pre_rope,62,0.016304537653923035
16,pre_rope,63,0.015674300491809845
16,pre_rope,64,0.015459069982171059
16,pre_rope,65,0.014733972027897835
16,pre_rope,66,0.014064772054553032
16,pre_rope,67,0.013459241949021816
16,pre_rope,68,0.013351436704397202
16,pre_rope,69,0.013208252377808094
16,pre_rope,70,0.012963656336069107
16,pre_rope,71,0.012379071675240993
16,pre_rope,72,0.012168426997959614
16,pre_rope,73,0.01196368969976902
16,pre_rope,74,0.011850398033857346
16,pre_rope,75,0.011370334774255753
16,pre_rope,76,0.010948743671178818
16,pre_rope,77,0.01073851715773344
16,pre_rope,78,0.01045781746506691
16,pre_rope,79,0.010161508806049824
16,pre_rope,80,0.010139942169189453
16,pre_rope,81,0.009892434813082218
16,pre_rope,82,0.009752912446856499
16,pre_rope,83,0.009583341889083385
16,pre_rope,84,0.009171942248940468
16,pre_rope,85,0.009034196846187115
16,pre_rope,86,0.008780870586633682
16,pre_rope,87,0.008679958991706371
16,pre_rope,88,0.008523114025592804
16,pre_rope,89,0.00842299871146679
16,pre_rope,90,0.008261212147772312
16,pre_rope,91,0.007940473966300488
16,pre_rope,92,0.00768526503816247
16,pre_rope,93,0.007536950055509806
16,pre_rope,94,0.0073537626303732395
16,pre_rope,95,0.007021313067525625
16,pre_rope,96,0.0068120029754936695
16,pre_rope,97,0.006782044656574726
16,pre_rope,98,0.006711907219141722
16,pre_rope,99,0.006647950038313866
16,pre_rope,100,0.006468184757977724
16,pre_rope,101,0.006313652265816927
16,pre_rope,102,0.006251791957765818
16,pre_rope,103,0.006103776395320892
16,pre_rope,104,0.00587254436686635
16,pre_rope,105,0.0056933253072202206
16,pre_rope,106,0.005625677295029163
16,pre_rope,107,0.005561506375670433
16,pre_rope,108,0.0053579965606331825
16,pre_rope,109,0.00519806332886219
16,pre_rope,110,0.005033333320170641
16,pre_rope,111,0.004966182168573141
16,pre_rope,112,0.004783010575920343
16,pre_rope,113,0.004616644233465195
16,pre_rope,114,0.004495869390666485
16,pre_rope,115,0.00441700778901577
16,pre_rope,116,0.00432662945240736
16,pre_rope,117,0.0041570598259568214
16,pre_rope,118,0.004112980328500271
16,pre_rope,119,0.004079638980329037
16,pre_rope,120,0.0038589192554354668
16,pre_rope,121,0.0035734192933887243
16,pre_rope,122,0.003431753721088171
16,pre_rope,123,0.0034040003083646297
16,pre_rope,124,0.0032908853609114885
16,pre_rope,125,0.0031534815207123756
16,pre_rope,126,0.003096620086580515
16,pre_rope,127,0.003003923688083887
16,pre_rope,128,0.0021370919421315193
16,post_rope,1,1.0
16,post_rope,2,0.4379337728023529
16,post_rope,3,0.37662380933761597
16,post_rope,4,0.339229941368103
16,post_rope,5,0.32358217239379883
16,post_rope,6,0.304786741733551
16,post_rope,7,0.2930690050125122
16,post_rope,8,0.29019463062286377
16,post_rope,9,0.2612933814525604
16,post_rope,10,0.24743831157684326
16,post_rope,11,0.2384629100561142
16,post_rope,12,0.23212967813014984
16,post_rope,13,0.2252356857061386
16,post_rope,14,0.21323396265506744
16,post_rope,15,0.20526714622974396
16,post_rope,16,0.1976967602968216
16,post_rope,17,0.19123052060604095
16,post_rope,18,0.1884000301361084
16,post_rope,19,0.1871335208415985
16,post_rope,20,0.18035535514354706
16,post_rope,21,0.17651186883449554
16,post_rope,22,0.1721428781747818
16,post_rope,23,0.16685274243354797
16,post_rope,24,0.163604736328125
16,post_rope,25,0.15228158235549927
16,post_rope,26,0.15051685273647308
16,post_rope,27,0.14508648216724396
16,post_rope,28,0.1419880986213684
16,post_rope,29,0.13746866583824158
16,post_rope,30,0.1310718059539795
16,post_rope,31,0.13061276078224182
16,post_rope,32,0.1263062059879303
16,post_rope,33,0.12487563490867615
16,post_rope,34,0.12037376314401627
16,post_rope,35,0.1182241141796112
16,post_rope,36,0.11625408381223679
16,post_rope,37,0.1120476946234703
16,post_rope,38,0.11167977005243301
16,post_rope,39,0.10621713101863861
16,post_rope,40,0.10341307520866394
16,post_rope,41,0.10147231817245483
16,post_rope,42,0.09224682301282883
16,post_rope,43,0.0890149474143982
16,post_rope,44,0.08720230311155319
16,post_rope,45,0.08671197295188904
16,post_rope,46,0.07941000163555145
16,post_rope,47,0.07750596106052399
16,post_rope,48,0.07672391086816788
16,post_rope,49,0.07571686059236526
16,post_rope,50,0.07520990818738937
16,post_rope,51,0.07461156696081161
16,post_rope,52,0.07333531975746155
16,post_rope,53,0.07255080342292786
16,post_rope,54,0.07018814235925674
16,post_rope,55,0.06866190582513809
16,post_rope,56,0.06176924332976341
16,post_rope,57,0.06066783145070076
16,post_rope,58,0.059875886887311935
16,post_rope,59,0.05834045633673668
16,post_rope,60,0.05439741164445877
16,post_rope,61,0.053237177431583405
16,post_rope,62,0.052642982453107834
16,post_rope,63,0.05168725177645683
16,post_rope,64,0.05125262588262558
16,post_rope,65,0.05064033716917038
16,post_rope,66,0.04891245812177658
16,post_rope,67,0.0475887805223465
16,post_rope,68,0.047457318753004074
16,post_rope,69,0.04691915586590767
16,post_rope,70,0.04614008963108063
16,post_rope,71,0.04575887322425842
16,post_rope,72,0.04487005993723869
16,post_rope,73,0.04412560537457466
16,post_rope,74,0.043907057493925095
16,post_rope,75,0.04286446422338486
16,post_rope,76,0.04134131968021393
16,post_rope,77,0.040447499603033066
16,post_rope,78,0.038787759840488434
16,post_rope,79,0.03831519931554794
16,post_rope,80,0.03689166158437729
16,post_rope,81,0.03664681687951088
16,post_rope,82,0.03621840104460716
16,post_rope,83,0.03556922823190689
16,post_rope,84,0.03527816757559776
16,post_rope,85,0.03472714126110077
16,post_rope,86,0.034390099346637726
16,post_rope,87,0.03341740369796753
16,post_rope,88,0.033211600035429
16,post_rope,89,0.032410264015197754
16,post_rope,90,0.03217994049191475
16,post_rope,91,0.03131410852074623
16,post_rope,92,0.03007616475224495
16,post_rope,93,0.0294322669506073
16,post_rope,94,0.02913292869925499
16,post_rope,95,0.02858615666627884
16,post_rope,96,0.028258930891752243
16,post_rope,97,0.027178000658750534
16,post_rope,98,0.026555487886071205
16,post_rope,99,0.025112073868513107
16,post_rope,100,0.02462717704474926
16,post_rope,101,0.023420164361596107
16,post_rope,102,0.02219274640083313
16,post_rope,103,0.021484296768903732
16,post_rope,104,0.02115127258002758
16,post_rope,105,0.019647646695375443
16,post_rope,106,0.01922329142689705
16,post_rope,107,0.018253304064273834
16,post_rope,108,0.01781684160232544
16,post_rope,109,0.01757161319255829
16,post_rope,110,0.0174822136759758
16,post_rope,111,0.01707514189183712
16,post_rope,112,0.016513004899024963
16,post_rope,113,0.01520325057208538
16,post_rope,114,0.014658400788903236
16,post_rope,115,0.012976555153727531
16,post_rope,116,0.011782670393586159
16,post_rope,117,0.01077164988964796
16,post_rope,118,0.009606142528355122
16,post_rope,119,0.009242084808647633
16,post_rope,120,0.008587305434048176
16,post_rope,121,0.007792468648403883
16,post_rope,122,0.007625381927937269
16,post_rope,123,0.00663869921118021
16,post_rope,124,0.006450710352510214
16,post_rope,125,0.006191146560013294
16,post_rope,126,0.005250756628811359
16,post_rope,127,0.00492106331512332
16,post_rope,128,0.004577870946377516
17,pre_rope,1,1.0
17,pre_rope,2,0.2237768918275833
17,pre_rope,3,0.17117707431316376
17,pre_rope,4,0.14408600330352783
17,pre_rope,5,0.13851295411586761
17,pre_rope,6,0.1253962218761444
17,pre_rope,7,0.12376473844051361
17,pre_rope,8,0.11468353122472763
17,pre_rope,9,0.11112410575151443
17,pre_rope,10,0.10414363443851471
17,pre_rope,11,0.09633224457502365
17,pre_rope,12,0.09313669800758362
17,pre_rope,13,0.0873221904039383
17,pre_rope,14,0.08192648738622665
17,pre_rope,15,0.08040490001440048
17,pre_rope,16,0.07301395386457443
17,pre_rope,17,0.07064242660999298
17,pre_rope,18,0.06738688051700592
17,pre_rope,19,0.06558076292276382
17,pre_rope,20,0.06355109065771103
17,pre_rope,21,0.06215091422200203
17,pre_rope,22,0.06148413568735123
17,pre_rope,23,0.05661702901124954
17,pre_rope,24,0.05515039712190628
17,pre_rope,25,0.054696086794137955
17,pre_rope,26,0.052242461591959
17,pre_rope,27,0.05108287185430527
17,pre_rope,28,0.049696896225214005
17,pre_rope,29,0.04901420697569847
17,pre_rope,30,0.04768750071525574
17,pre_rope,31,0.04635836184024811
17,pre_rope,32,0.04545144736766815
17,pre_rope,33,0.04385411739349365
17,pre_rope,34,0.042180247604846954
17,pre_rope,35,0.04182145744562149
17,pre_rope,36,0.04091774672269821
17,pre_rope,37,0.03961355239152908
17,pre_rope,38,0.03905731439590454
17,pre_rope,39,0.03846224397420883
17,pre_rope,40,0.0375041738152504
17,pre_rope,41,0.036498937755823135
17,pre_rope,42,0.03471283242106438
17,pre_rope,43,0.03402039408683777
17,pre_rope,44,0.03313271328806877
17,pre_rope,45,0.032852038741111755
17,pre_rope,46,0.031439222395420074
17,pre_rope,47,0.030714958906173706
17,pre_rope,48,0.030602095648646355
17,pre_rope,49,0.030044514685869217
17,pre_rope,50,0.029516711831092834
17,pre_rope,51,0.028338052332401276
17,pre_rope,52,0.028152277693152428
17,pre_rope,53,0.027645371854305267
17,pre_rope,54,0.0271892286837101
17,pre_rope,55,0.026605704799294472
17,pre_rope,56,0.02591516450047493
17,pre_rope,57,0.025190269574522972
17,pre_rope,58,0.024849098175764084
17,pre_rope,59,0.02449684403836727
17,pre_rope,60,0.023353714495897293
17,pre_rope,61,0.02316206321120262
17,pre_rope,62,0.022849898785352707
17,pre_rope,63,0.022502029314637184
17,pre_rope,64,0.02174464240670204
17,pre_rope,65,0.021432915702462196
17,pre_rope,66,0.02108379453420639
17,pre_rope,67,0.020552068948745728
17,pre_rope,68,0.020220132544636726
17,pre_rope,69,0.020023198798298836
17,pre_rope,70,0.01951642520725727
17,pre_rope,71,0.019350429996848106
17,pre_rope,72,0.018956441432237625
17,pre_rope,73,0.018448179587721825
17,pre_rope,74,0.017969580367207527
17,pre_rope,75,0.01708447001874447
17,pre_rope,76,0.016871333122253418
17,pre_rope,77,0.016545632854104042
17,pre_rope,78,0.0163276270031929
17,pre_rope,79,0.016190005466341972
17,pre_rope,80,0.015857525169849396
17,pre_rope,81,0.0156555138528347
17,pre_rope,82,0.015057960525155067
17,pre_rope,83,0.014650206081569195
17,pre_rope,84,0.014417549595236778
17,pre_rope,85,0.014303041622042656
17,pre_rope,86,0.014026819728314877
17,pre_rope,87,0.013440803624689579
17,pre_rope,88,0.01323552057147026
17,pre_rope,89,0.012722420506179333
17,pre_rope,90,0.012502754107117653
17,pre_rope,91,0.012337581254541874
17,pre_rope,92,0.011816545389592648
17,pre_rope,93,0.011724970303475857
17,pre_rope,94,0.011461744084954262
17,pre_rope,95,0.011338440701365471
17,pre_rope,96,0.010679803788661957
17,pre_rope,97,0.010456537827849388
17,pre_rope,98,0.010140536352992058
17,pre_rope,99,0.010063430294394493
17,pre_rope,100,0.009764643386006355
17,pre_rope,101,0.009531020186841488
17,pre_rope,102,0.009406431578099728
17,pre_rope,103,0.009207780472934246
17,pre_rope,104,0.009131893515586853
17,pre_rope,105,0.008854894898831844
17,pre_rope,106,0.008559662848711014
17,pre_rope,107,0.008442978374660015
17,pre_rope,108,0.008024274371564388
17,pre_rope,109,0.007768542505800724
17,pre_rope,110,0.007638162933290005
17,pre_rope,111,0.007461718283593655
17,pre_rope,112,0.007417397107928991
17,pre_rope,113,0.007032392546534538
17,pre_rope,114,0.006776181980967522
17,pre_rope,115,0.006465810816735029
17,pre_rope,116,0.006351742893457413
17,pre_rope,117,0.006189345847815275
17,pre_rope,118,0.005837413482367992
17,pre_rope,119,0.005574516020715237
17,pre_rope,120,0.005404316820204258
17,pre_rope,121,0.005136981140822172
17,pre_rope,122,0.004961457569152117
17,pre_rope,123,0.004911561496555805
17,pre_rope,124,0.004631279036402702
17,pre_rope,125,0.004383240360766649
17,pre_rope,126,0.004125543870031834
17,pre_rope,127,0.0035606534220278263
17,pre_rope,128,0.0034078171011060476
17,post_rope,1,1.0
17,post_rope,2,0.3097086548805237
17,post_rope,3,0.24362923204898834
17,post_rope,4,0.22096171975135803
17,post_rope,5,0.1913004368543625
17,post_rope,6,0.18500424921512604
17,post_rope,7,0.18256661295890808
17,post_rope,8,0.1765013188123703
17,post_rope,9,0.1652560830116272
17,post_rope,10,0.1617364138364792
17,post_rope,11,0.15946418046951294
17,post_rope,12,0.15557678043842316
17,post_rope,13,0.15181967616081238
17,post_rope,14,0.1487676054239273
17,post_rope,15,0.14234855771064758
17,post_rope,16,0.14089396595954895
17,post_rope,17,0.13670191168785095
17,post_rope,18,0.12731045484542847
17,post_rope,19,0.1256357580423355
17,post_rope,20,0.12222490459680557
17,post_rope,21,0.12047436088323593
17,post_rope,22,0.1183953508734703
17,post_rope,23,0.11437691003084183
17,post_rope,24,0.11367073655128479
17,post_rope,25,0.1111718937754631
17,post_rope,26,0.10903535783290863
17,post_rope,27,0.10779519379138947
17,post_rope,28,0.10675137490034103
17,post_rope,29,0.1055401861667633
17,post_rope,30,0.10225004702806473
17,post_rope,31,0.1009926050901413
17,post_rope,32,0.0986311137676239
17,post_rope,33,0.09724239259958267
17,post_rope,34,0.09642170369625092
17,post_rope,35,0.09536184370517731
17,post_rope,36,0.09473637491464615
17,post_rope,37,0.0933472141623497
17,post_rope,38,0.08688417822122574
17,post_rope,39,0.08411529660224915
17,post_rope,40,0.08033740520477295
17,post_rope,41,0.0790269523859024
17,post_rope,42,0.07785425335168839
17,post_rope,43,0.07658405601978302
17,post_rope,44,0.0760684385895729
17,post_rope,45,0.07359165698289871
17,post_rope,46,0.072732113301754
17,post_rope,47,0.07230153679847717
17,post_rope,48,0.07154297083616257
17,post_rope,49,0.07137751579284668
17,post_rope,50,0.07026214152574539
17,post_rope,51,0.06946002691984177
17,post_rope,52,0.06734541803598404
17,post_rope,53,0.06343560665845871
17,post_rope,54,0.06302958726882935
17,post_rope,55,0.06160096824169159
17,post_rope,56,0.059800636023283005
17,post_rope,57,0.057717978954315186
17,post_rope,58,0.05714842304587364
17,post_rope,59,0.05623025447130203
17,post_rope,60,0.05493761599063873
17,post_rope,61,0.05372237041592598
17,post_rope,62,0.05333447456359863
17,post_rope,63,0.05269559100270271
17,post_rope,64,0.05041659250855446
17,post_rope,65,0.04985449090600014
17,post_rope,66,0.04839148372411728
17,post_rope,67,0.048055823892354965
17,post_rope,68,0.046460751444101334
17,post_rope,69,0.0457744225859642
17,post_rope,70,0.043874677270650864
17,post_rope,71,0.043056096881628036
17,post_rope,72,0.04246317222714424
17,post_rope,73,0.04171329736709595
17,post_rope,74,0.040940333157777786
17,post_rope,75,0.04056622087955475
17,post_rope,76,0.039858002215623856
17,post_rope,77,0.03944925218820572
17,post_rope,78,0.03886222839355469
17,post_rope,79,0.038757115602493286
17,post_rope,80,0.03844623640179634
17,post_rope,81,0.03798254579305649
17,post_rope,82,0.03740469366312027
17,post_rope,83,0.03707471117377281
17,post_rope,84,0.03641917556524277
17,post_rope,85,0.03603735566139221
17,post_rope,86,0.03509097546339035
17,post_rope,87,0.034960076212882996
17,post_rope,88,0.034129537642002106
17,post_rope,89,0.03363916650414467
17,post_rope,90,0.03346654400229454
17,post_rope,91,0.033032651990652084
17,post_rope,92,0.03253035619854927
17,post_rope,93,0.032235924154520035
17,post_rope,94,0.03192097693681717
17,post_rope,95,0.03153850510716438
17,post_rope,96,0.03131614252924919
17,post_rope,97,0.030691979452967644
17,post_rope,98,0.03068082220852375
17,post_rope,99,0.02975068986415863
17,post_rope,100,0.029241176322102547
17,post_rope,101,0.028646765276789665
17,post_rope,102,0.028129838407039642
17,post_rope,103,0.027578534558415413
17,post_rope,104,0.027101168408989906
17,post_rope,105,0.026822946965694427
17,post_rope,106,0.026557400822639465
17,post_rope,107,0.02620970457792282
17,post_rope,108,0.025905253365635872
17,post_rope,109,0.025407586246728897
17,post_rope,110,0.025162506848573685
17,post_rope,111,0.024914519861340523
17,post_rope,112,0.0239531472325325
17,post_rope,113,0.023760810494422913
17,post_rope,114,0.023223504424095154
17,post_rope,115,0.022862356156110764
17,post_rope,116,0.022527826949954033
17,post_rope,117,0.022252585738897324
17,post_rope,118,0.021210545673966408
17,post_rope,119,0.021117301657795906
17,post_rope,120,0.021038202568888664
17,post_rope,121,0.020424535498023033
17,post_rope,122,0.019318200647830963
17,post_rope,123,0.018655376508831978
17,post_rope,124,0.018568050116300583
17,post_rope,125,0.018531115725636482
17,post_rope,126,0.01747739501297474
17,post_rope,127,0.016178302466869354
17,post_rope,128,0.009644630365073681
18,pre_rope,1,1.0
18,pre_rope,2,0.1968298852443695
18,pre_rope,3,0.18178553879261017
18,pre_rope,4,0.15926691889762878
18,pre_rope,5,0.14853139221668243
18,pre_rope,6,0.14078281819820404
18,pre_rope,7,0.13062812387943268
18,pre_rope,8,0.1218189001083374
18,pre_rope,9,0.11633609235286713
18,pre_rope,10,0.10594233125448227
18,pre_rope,11,0.09918303787708282
18,pre_rope,12,0.0910206064581871
18,pre_rope,13,0.0899624228477478
18,pre_rope,14,0.08220794051885605
18,pre_rope,15,0.07952667772769928
18,pre_rope,16,0.07737050950527191
18,pre_rope,17,0.07319716364145279
18,pre_rope,18,0.07138489186763763
18,pre_rope,19,0.06837309151887894
18,pre_rope,20,0.06657589972019196
18,pre_rope,21,0.06283227354288101
18,pre_rope,22,0.06223393976688385
18,pre_rope,23,0.05918582156300545
18,pre_rope,24,0.05659607797861099
18,pre_rope,25,0.05418858304619789
18,pre_rope,26,0.053186118602752686
18,pre_rope,27,0.051337070763111115
18,pre_rope,28,0.050237543880939484
18,pre_rope,29,0.04817500337958336
18,pre_rope,30,0.04632536321878433
18,pre_rope,31,0.045557547360658646
18,pre_rope,32,0.044258128851652145
18,pre_rope,33,0.04243097081780434
18,pre_rope,34,0.04186292737722397
18,pre_rope,35,0.04086275398731232
18,pre_rope,36,0.04059411957859993
18,pre_rope,37,0.03997478634119034
18,pre_rope,38,0.03842494264245033
18,pre_rope,39,0.03828614577651024
18,pre_rope,40,0.03625229001045227
18,pre_rope,41,0.03557519242167473
18,pre_rope,42,0.034847691655159
18,pre_rope,43,0.034404318779706955
18,pre_rope,44,0.034130070358514786
18,pre_rope,45,0.033657316118478775
18,pre_rope,46,0.03355637192726135
18,pre_rope,47,0.03189965337514877
18,pre_rope,48,0.03138392046093941
18,pre_rope,49,0.03112662583589554
18,pre_rope,50,0.030599094927310944
18,pre_rope,51,0.030356939882040024
18,pre_rope,52,0.029620015993714333
18,pre_rope,53,0.02914549596607685
18,pre_rope,54,0.028909800574183464
18,pre_rope,55,0.028251035138964653
18,pre_rope,56,0.02798173576593399
18,pre_rope,57,0.027262505143880844
18,pre_rope,58,0.02696073055267334
18,pre_rope,59,0.02590204030275345
18,pre_rope,60,0.025387873873114586
18,pre_rope,61,0.02476835623383522
18,pre_rope,62,0.024362390860915184
18,pre_rope,63,0.024148602038621902
18,pre_rope,64,0.023593610152602196
18,pre_rope,65,0.023447932675480843
18,pre_rope,66,0.02334478497505188
18,pre_rope,67,0.02255467139184475
18,pre_rope,68,0.022423258051276207
18,pre_rope,69,0.02198285609483719
18,pre_rope,70,0.021557293832302094
18,pre_rope,71,0.02122250758111477
18,pre_rope,72,0.021074948832392693
18,pre_rope,73,0.02096412144601345
18,pre_rope,74,0.02087768167257309
18,pre_rope,75,0.020380252972245216
18,pre_rope,76,0.020160580053925514
18,pre_rope,77,0.019971057772636414
18,pre_rope,78,0.019184695556759834
18,pre_rope,79,0.018635343760252
18,pre_rope,80,0.01851559802889824
18,pre_rope,81,0.018140701577067375
18,pre_rope,82,0.01797659695148468
18,pre_rope,83,0.01781284809112549
18,pre_rope,84,0.017742354422807693
18,pre_rope,85,0.01740407943725586
18,pre_rope,86,0.017290206626057625
18,pre_rope,87,0.016899121925234795
18,pre_rope,88,0.016446607187390327
18,pre_rope,89,0.016320202499628067
18,pre_rope,90,0.015942009165883064
18,pre_rope,91,0.015498987399041653
18,pre_rope,92,0.0152405621483922
18,pre_rope,93,0.014926920644938946
18,pre_rope,94,0.0147039033472538
18,pre_rope,95,0.014070511795580387
18,pre_rope,96,0.013991721905767918
18,pre_rope,97,0.013623167760670185
18,pre_rope,98,0.013480909168720245
18,pre_rope,99,0.013403083197772503
18,pre_rope,100,0.012897496111690998
18,pre_rope,101,0.012860170565545559
18,pre_rope,102,0.012298913672566414
18,pre_rope,103,0.0121074253693223
18,pre_rope,104,0.011997371912002563
18,pre_rope,105,0.011447643861174583
18,pre_rope,106,0.011309964582324028
18,pre_rope,107,0.01099085807800293
18,pre_rope,108,0.010338077321648598
18,pre_rope,109,0.01024746522307396
18,pre_rope,110,0.009964740835130215
18,pre_rope,111,0.009162010625004768
18,pre_rope,112,0.009109375067055225
18,pre_rope,113,0.008819831535220146
18,pre_rope,114,0.008748909458518028
18,pre_rope,115,0.008559620007872581
18,pre_rope,116,0.007807860616594553
18,pre_rope,117,0.0076450505293905735
18,pre_rope,118,0.007354210130870342
18,pre_rope,119,0.007230088580399752
18,pre_rope,120,0.007073544431477785
18,pre_rope,121,0.006561093498021364
18,pre_rope,122,0.006417372263967991
18,pre_rope,123,0.00600193627178669
18,pre_rope,124,0.005855591967701912
18,pre_rope,125,0.005140720866620541
18,pre_rope,126,0.004825497977435589
18,pre_rope,127,0.0038612550124526024
18,pre_rope,128,0.0018683405360206962
18,post_rope,1,1.0
18,post_rope,2,0.3723861575126648
18,post_rope,3,0.31862959265708923
18,post_rope,4,0.24428732693195343
18,post_rope,5,0.22945016622543335
18,post_rope,6,0.21431945264339447
18,post_rope,7,0.21065400540828705
18,post_rope,8,0.20515121519565582
18,post_rope,9,0.2039935439825058
18,post_rope,10,0.19557422399520874
18,post_rope,11,0.18869639933109283
18,post_rope,12,0.18845714628696442
18,post_rope,13,0.18384602665901184
18,post_rope,14,0.17724882066249847
18,post_rope,15,0.17616456747055054
18,post_rope,16,0.17364734411239624
18,post_rope,17,0.17112302780151367
18,post_rope,18,0.16930250823497772
18,post_rope,19,0.16620369255542755
18,post_rope,20,0.16592201590538025
18,post_rope,21,0.1614060401916504
18,post_rope,22,0.15691408514976501
18,post_rope,23,0.15591202676296234
18,post_rope,24,0.154734268784523
18,post_rope,25,0.15358960628509521
18,post_rope,26,0.15055212378501892
18,post_rope,27,0.1459418386220932
18,post_rope,28,0.14134302735328674
18,post_rope,29,0.1370956152677536
18,post_rope,30,0.13670672476291656
18,post_rope,31,0.13272058963775635
18,post_rope,32,0.13198994100093842
18,post_rope,33,0.12601085007190704
18,post_rope,34,0.12356976419687271
18,post_rope,35,0.11935393512248993
18,post_rope,36,0.11470474302768707
18,post_rope,37,0.10947901010513306
18,post_rope,38,0.10794329643249512
18,post_rope,39,0.10755351930856705
18,post_rope,40,0.10725902020931244
18,post_rope,41,0.10562227666378021
18,post_rope,42,0.10444847494363785
18,post_rope,43,0.1031995415687561
18,post_rope,44,0.09808465838432312
18,post_rope,45,0.09601731598377228
18,post_rope,46,0.09419918805360794
18,post_rope,47,0.0878777876496315
18,post_rope,48,0.0853293165564537
18,post_rope,49,0.08407959342002869
18,post_rope,50,0.08074351400136948
18,post_rope,51,0.0779852643609047
18,post_rope,52,0.07686799019575119
18,post_rope,53,0.0761994868516922
18,post_rope,54,0.07367435842752457
18,post_rope,55,0.07238267362117767
18,post_rope,56,0.07044988125562668
18,post_rope,57,0.06867632269859314
18,post_rope,58,0.06792828440666199
18,post_rope,59,0.06737928092479706
18,post_rope,60,0.06711897253990173
18,post_rope,61,0.06558908522129059
18,post_rope,62,0.06441988795995712
18,post_rope,63,0.06310926377773285
18,post_rope,64,0.061557795852422714
18,post_rope,65,0.05969828739762306
18,post_rope,66,0.05859862267971039
18,post_rope,67,0.058348946273326874
18,post_rope,68,0.05774100497364998
18,post_rope,69,0.05764399841427803
18,post_rope,70,0.05725640803575516
18,post_rope,71,0.056648463010787964
18,post_rope,72,0.05617521330714226
18,post_rope,73,0.055618446320295334
18,post_rope,74,0.05506639927625656
18,post_rope,75,0.054472196847200394
18,post_rope,76,0.053514860570430756
18,post_rope,77,0.053030289709568024
18,post_rope,78,0.052765101194381714
18,post_rope,79,0.05241703242063522
18,post_rope,80,0.05193454399704933
18,post_rope,81,0.05137619748711586
18,post_rope,82,0.05079079046845436
18,post_rope,83,0.048036862164735794
18,post_rope,84,0.04728426784276962
18,post_rope,85,0.046944938600063324
18,post_rope,86,0.04637928679585457
18,post_rope,87,0.045735374093055725
18,post_rope,88,0.044601090252399445
18,post_rope,89,0.044154711067676544
18,post_rope,90,0.0439956933259964
18,post_rope,91,0.043594468384981155
18,post_rope,92,0.04300854355096817
18,post_rope,93,0.042063869535923004
18,post_rope,94,0.04177490621805191
18,post_rope,95,0.040924809873104095
18,post_rope,96,0.04030204191803932
18,post_rope,97,0.040161553770303726
18,post_rope,98,0.039408355951309204
18,post_rope,99,0.03874818980693817
18,post_rope,100,0.03845363110303879
18,post_rope,101,0.0383337140083313
18,post_rope,102,0.037579458206892014
18,post_rope,103,0.0369887501001358
18,post_rope,104,0.03681258484721184
18,post_rope,105,0.036295972764492035
18,post_rope,106,0.034253302961587906
18,post_rope,107,0.03344365209341049
18,post_rope,108,0.0309920571744442
18,post_rope,109,0.0298807080835104
18,post_rope,110,0.029774494469165802
18,post_rope,111,0.029394041746854782
18,post_rope,112,0.029023529961705208
18,post_rope,113,0.028192460536956787
18,post_rope,114,0.026931889355182648
18,post_rope,115,0.026407981291413307
18,post_rope,116,0.024810045957565308
18,post_rope,117,0.02350027486681938
18,post_rope,118,0.023169223219156265
18,post_rope,119,0.022402530536055565
18,post_rope,120,0.019743239507079124
18,post_rope,121,0.017651671543717384
18,post_rope,122,0.015741633251309395
18,post_rope,123,0.014374188147485256
18,post_rope,124,0.013407405465841293
18,post_rope,125,0.01221142802387476
18,post_rope,126,0.011777940206229687
18,post_rope,127,0.010204443708062172
18,post_rope,128,0.006629474461078644
19,pre_rope,1,1.0
19,pre_rope,2,0.17733848094940186
19,pre_rope,3,0.15357758104801178
19,pre_rope,4,0.14521145820617676
19,pre_rope,5,0.12629228830337524
19,pre_rope,6,0.12326406687498093
19,pre_rope,7,0.10904261469841003
19,pre_rope,8,0.10275162011384964
19,pre_rope,9,0.1006024107336998
19,pre_rope,10,0.09428570419549942
19,pre_rope,11,0.08734570443630219
19,pre_rope,12,0.07955809682607651
19,pre_rope,13,0.07892253994941711
19,pre_rope,14,0.07423202693462372
19,pre_rope,15,0.07227232307195663
19,pre_rope,16,0.0689522922039032
19,pre_rope,17,0.06718020886182785
19,pre_rope,18,0.06455682218074799
19,pre_rope,19,0.062322959303855896
19,pre_rope,20,0.05820673331618309
19,pre_rope,21,0.05558164045214653
19,pre_rope,22,0.05434166267514229
19,pre_rope,23,0.05235191434621811
19,pre_rope,24,0.04982917010784149
19,pre_rope,25,0.04879969730973244
19,pre_rope,26,0.04702776297926903
19,pre_rope,27,0.046068254858255386
19,pre_rope,28,0.04514959454536438
19,pre_rope,29,0.044073618948459625
19,pre_rope,30,0.040802448987960815
19,pre_rope,31,0.0398738719522953
19,pre_rope,32,0.039255447685718536
19,pre_rope,33,0.03856217488646507
19,pre_rope,34,0.03806525468826294
19,pre_rope,35,0.03606010600924492
19,pre_rope,36,0.03574156016111374
19,pre_rope,37,0.034588415175676346
19,pre_rope,38,0.03392498195171356
19,pre_rope,39,0.033098142594099045
19,pre_rope,40,0.03220856189727783
19,pre_rope,41,0.031999003142118454
19,pre_rope,42,0.030959682539105415
19,pre_rope,43,0.03057093545794487
19,pre_rope,44,0.029973570257425308
19,pre_rope,45,0.029595209285616875
19,pre_rope,46,0.028729617595672607
19,pre_rope,47,0.028311798349022865
19,pre_rope,48,0.028150316327810287
19,pre_rope,49,0.027490291744470596
19,pre_rope,50,0.027293402701616287
19,pre_rope,51,0.0265795961022377
19,pre_rope,52,0.025273026898503304
19,pre_rope,53,0.025122735649347305
19,pre_rope,54,0.02498682029545307
19,pre_rope,55,0.02411145158112049
19,pre_rope,56,0.024043267592787743
19,pre_rope,57,0.02331930585205555
19,pre_rope,58,0.023067746311426163
19,pre_rope,59,0.02211029641330242
19,pre_rope,60,0.021658839657902718
19,pre_rope,61,0.02134973369538784
19,pre_rope,62,0.020871996879577637
19,pre_rope,63,0.020228760316967964
19,pre_rope,64,0.02015138603746891
19,pre_rope,65,0.019807400181889534
19,pre_rope,66,0.01939125917851925
19,pre_rope,67,0.018878810107707977
19,pre_rope,68,0.01863577961921692
19,pre_rope,69,0.018316028639674187
19,pre_rope,70,0.0181562602519989
19,pre_rope,71,0.01752611994743347
19,pre_rope,72,0.017362937331199646
19,pre_rope,73,0.016941627487540245
19,pre_rope,74,0.01653897948563099
19,pre_rope,75,0.016214583069086075
19,pre_rope,76,0.0160396508872509
19,pre_rope,77,0.015781495720148087
19,pre_rope,78,0.015430409461259842
19,pre_rope,79,0.015055906027555466
19,pre_rope,80,0.014835990965366364
19,pre_rope,81,0.014582717791199684
19,pre_rope,82,0.013960872776806355
19,pre_rope,83,0.01373037789016962
19,pre_rope,84,0.013583634048700333
19,pre_rope,85,0.013502281159162521
19,pre_rope,86,0.013215434737503529
19,pre_rope,87,0.012877929024398327
19,pre_rope,88,0.012605891562998295
19,pre_rope,89,0.012328601442277431
19,pre_rope,90,0.012180994264781475
19,pre_rope,91,0.01181055884808302
19,pre_rope,92,0.011519165709614754
19,pre_rope,93,0.011496176943182945
19,pre_rope,94,0.011202890425920486
19,pre_rope,95,0.010981707833707333
19,pre_rope,96,0.010800370946526527
19,pre_rope,97,0.010630379430949688
19,pre_rope,98,0.010349207557737827
19,pre_rope,99,0.010092375800013542
19,pre_rope,100,0.00976711418479681
19,pre_rope,101,0.009520959109067917
19,pre_rope,102,0.009453706443309784
19,pre_rope,103,0.00911838747560978
19,pre_rope,104,0.009092338383197784
19,pre_rope,105,0.008740094490349293
19,pre_rope,106,0.008564991876482964
19,pre_rope,107,0.008137896656990051
19,pre_rope,108,0.008042543195188046
19,pre_rope,109,0.007788800168782473
19,pre_rope,110,0.007634858135133982
19,pre_rope,111,0.0074709211476147175
19,pre_rope,112,0.007109584286808968
19,pre_rope,113,0.006828094366937876
19,pre_rope,114,0.006747954525053501
19,pre_rope,115,0.006582523230463266
19,pre_rope,116,0.006337788421660662
19,pre_rope,117,0.006171891465783119
19,pre_rope,118,0.005962851457297802
19,pre_rope,119,0.005687767639756203
19,pre_rope,120,0.005429303273558617
19,pre_rope,121,0.005167524795979261
19,pre_rope,122,0.005002734716981649
19,pre_rope,123,0.0044818660244345665
19,pre_rope,124,0.004020904656499624
19,pre_rope,125,0.0035775823052972555
19,pre_rope,126,0.0033602199982851744
19,pre_rope,127,0.0023067810107022524
19,pre_rope,128,0.001178090926259756
19,post_rope,1,1.0
19,post_rope,2,0.2629983723163605
19,post_rope,3,0.2241503894329071
19,post_rope,4,0.2051682025194168
19,post_rope,5,0.1833871454000473
19,post_rope,6,0.17385125160217285
19,post_rope,7,0.16537758708000183
19,post_rope,8,0.16420920193195343
19,post_rope,9,0.1617237627506256
19,post_rope,10,0.1585814654827118
19,post_rope,11,0.1564435511827469
19,post_rope,12,0.15355060994625092
19,post_rope,13,0.15020358562469482
19,post_rope,14,0.14937135577201843
19,post_rope,15,0.14803162217140198
19,post_rope,16,0.14704130589962006
19,post_rope,17,0.14622175693511963
19,post_rope,18,0.14377452433109283
19,post_rope,19,0.1408587545156479
19,post_rope,20,0.13723121583461761
19,post_rope,21,0.1335299015045166
19,post_rope,22,0.13243794441223145
19,post_rope,23,0.13116315007209778
19,post_rope,24,0.1298828274011612
19,post_rope,25,0.12827038764953613
19,post_rope,26,0.1273982673883438
19,post_rope,27,0.12701573967933655
19,post_rope,28,0.1233568862080574
19,post_rope,29,0.12162564694881439
19,post_rope,30,0.11672867834568024
19,post_rope,31,0.11354945600032806
19,post_rope,32,0.10909276455640793
19,post_rope,33,0.10626455396413803
19,post_rope,34,0.1051369160413742
19,post_rope,35,0.10319266468286514
19,post_rope,36,0.1014271229505539
19,post_rope,37,0.10094775259494781
19,post_rope,38,0.10044710338115692
19,post_rope,39,0.09757281094789505
19,post_rope,40,0.09304001182317734
19,post_rope,41,0.0918627679347992
19,post_rope,42,0.08691675961017609
19,post_rope,43,0.08505003154277802
19,post_rope,44,0.08386553823947906
19,post_rope,45,0.07926861196756363
19,post_rope,46,0.07577328383922577
19,post_rope,47,0.07110913842916489
19,post_rope,48,0.06988003849983215
19,post_rope,49,0.06734837591648102
19,post_rope,50,0.06529325991868973
19,post_rope,51,0.06464401632547379
19,post_rope,52,0.06309384107589722
19,post_rope,53,0.06158280372619629
19,post_rope,54,0.05991404503583908
19,post_rope,55,0.05796300619840622
19,post_rope,56,0.05735795199871063
19,post_rope,57,0.05681361258029938
19,post_rope,58,0.05563502758741379
19,post_rope,59,0.05523962154984474
19,post_rope,60,0.05467608943581581
19,post_rope,61,0.05360424146056175
19,post_rope,62,0.05303186923265457
19,post_rope,63,0.05237741395831108
19,post_rope,64,0.05175330117344856
19,post_rope,65,0.05129639431834221
19,post_rope,66,0.0507170595228672
19,post_rope,67,0.0502568855881691
19,post_rope,68,0.04967012628912926
19,post_rope,69,0.04959280416369438
19,post_rope,70,0.04907695949077606
19,post_rope,71,0.048568565398454666
19,post_rope,72,0.04828938469290733
19,post_rope,73,0.04774045571684837
19,post_rope,74,0.04716074839234352
19,post_rope,75,0.046803008764982224
19,post_rope,76,0.04622017219662666
19,post_rope,77,0.04586648941040039
19,post_rope,78,0.045599114149808884
19,post_rope,79,0.04535552114248276
19,post_rope,80,0.04512077942490578
19,post_rope,81,0.044181954115629196
19,post_rope,82,0.044050075113773346
19,post_rope,83,0.043313805013895035
19,post_rope,84,0.04262031242251396
19,post_rope,85,0.04232290759682655
19,post_rope,86,0.042173199355602264
19,post_rope,87,0.041664257645606995
19,post_rope,88,0.04131348058581352
19,post_rope,89,0.04105876013636589
19,post_rope,90,0.04060856252908707
19,post_rope,91,0.04015464335680008
19,post_rope,92,0.03966235741972923
19,post_rope,93,0.03870154544711113
19,post_rope,94,0.03831857442855835
19,post_rope,95,0.03813799470663071
19,post_rope,96,0.03766144812107086
19,post_rope,97,0.03681356832385063
19,post_rope,98,0.035794127732515335
19,post_rope,99,0.035233210772275925
19,post_rope,100,0.03479856625199318
19,post_rope,101,0.0339292474091053
19,post_rope,102,0.033039242029190063
19,post_rope,103,0.03215377777814865
19,post_rope,104,0.03192795813083649
19,post_rope,105,0.03170199319720268
19,post_rope,106,0.03108893893659115
19,post_rope,107,0.03089124895632267
19,post_rope,108,0.030049776658415794
19,post_rope,109,0.029854852706193924
19,post_rope,110,0.028751783072948456
19,post_rope,111,0.028422793373465538
19,post_rope,112,0.027262238785624504
19,post_rope,113,0.02592622861266136
19,post_rope,114,0.025889048352837563
19,post_rope,115,0.025513293221592903
19,post_rope,116,0.025365684181451797
19,post_rope,117,0.024572981521487236
19,post_rope,118,0.02325677126646042
19,post_rope,119,0.023132966831326485
19,post_rope,120,0.02170671708881855
19,post_rope,121,0.02091551199555397
19,post_rope,122,0.0198572538793087
19,post_rope,123,0.019059276208281517
19,post_rope,124,0.01812046580016613
19,post_rope,125,0.018097946420311928
19,post_rope,126,0.016497056931257248
19,post_rope,127,0.013831532560288906
19,post_rope,128,0.006852015387266874
20,pre_rope,1,1.0
20,pre_rope,2,0.1801387220621109
20,pre_rope,3,0.16773365437984467
20,pre_rope,4,0.15250855684280396
20,pre_rope,5,0.14369073510169983
20,pre_rope,6,0.12987570464611053
20,pre_rope,7,0.11943472176790237
20,pre_rope,8,0.11723047494888306
20,pre_rope,9,0.11346789449453354
20,pre_rope,10,0.10042619705200195
20,pre_rope,11,0.09561611711978912
20,pre_rope,12,0.0873325988650322
20,pre_rope,13,0.08310645818710327
20,pre_rope,14,0.07930418848991394
20,pre_rope,15,0.0757257416844368
20,pre_rope,16,0.06978372484445572
20,pre_rope,17,0.06877443939447403
20,pre_rope,18,0.06571536511182785
20,pre_rope,19,0.062320858240127563
20,pre_rope,20,0.061671700328588486
20,pre_rope,21,0.05609307810664177
20,pre_rope,22,0.05269632861018181
20,pre_rope,23,0.051094282418489456
20,pre_rope,24,0.04874718189239502
20,pre_rope,25,0.046640362590551376
20,pre_rope,26,0.04493006691336632
20,pre_rope,27,0.042435187846422195
20,pre_rope,28,0.04132235795259476
20,pre_rope,29,0.03794434666633606
20,pre_rope,30,0.03726096823811531
20,pre_rope,31,0.03521270677447319
20,pre_rope,32,0.03439415246248245
20,pre_rope,33,0.03305257856845856
20,pre_rope,34,0.03227558732032776
20,pre_rope,35,0.031360939145088196
20,pre_rope,36,0.030356228351593018
20,pre_rope,37,0.029771672561764717
20,pre_rope,38,0.027646556496620178
20,pre_rope,39,0.0270644873380661
20,pre_rope,40,0.026166407391428947
20,pre_rope,41,0.025336235761642456
20,pre_rope,42,0.024573953822255135
20,pre_rope,43,0.024481775239109993
20,pre_rope,44,0.022892143577337265
20,pre_rope,45,0.022285671904683113
20,pre_rope,46,0.02182897925376892
20,pre_rope,47,0.021236615255475044
20,pre_rope,48,0.020947426557540894
20,pre_rope,49,0.02072078175842762
20,pre_rope,50,0.019939323887228966
20,pre_rope,51,0.019462259486317635
20,pre_rope,52,0.019024424254894257
20,pre_rope,53,0.018435858190059662
20,pre_rope,54,0.01783406361937523
20,pre_rope,55,0.01730729267001152
20,pre_rope,56,0.016808204352855682
20,pre_rope,57,0.016553521156311035
20,pre_rope,58,0.01608339510858059
20,pre_rope,59,0.015521906316280365
20,pre_rope,60,0.015336382202804089
20,pre_rope,61,0.01500623393803835
20,pre_rope,62,0.01443333551287651
20,pre_rope,63,0.014403225854039192
20,pre_rope,64,0.013983970507979393
20,pre_rope,65,0.01375433150678873
20,pre_rope,66,0.01340286061167717
20,pre_rope,67,0.013287097215652466
20,pre_rope,68,0.013094755820930004
20,pre_rope,69,0.012644259259104729
20,pre_rope,70,0.012396343052387238
20,pre_rope,71,0.012260540388524532
20,pre_rope,72,0.012066077440977097
20,pre_rope,73,0.011756889522075653
20,pre_rope,74,0.011633023619651794
20,pre_rope,75,0.011416153982281685
20,pre_rope,76,0.011352389119565487
20,pre_rope,77,0.011143075302243233
20,pre_rope,78,0.011013713665306568
20,pre_rope,79,0.010850096121430397
20,pre_rope,80,0.010445836931467056
20,pre_rope,81,0.010144982486963272
20,pre_rope,82,0.010037204250693321
20,pre_rope,83,0.009884940460324287
20,pre_rope,84,0.009385447949171066
20,pre_rope,85,0.009203738532960415
20,pre_rope,86,0.009042639285326004
20,pre_rope,87,0.008820905350148678
20,pre_rope,88,0.00875362753868103
20,pre_rope,89,0.008502927608788013
20,pre_rope,90,0.008378044702112675
20,pre_rope,91,0.008223803713917732
20,pre_rope,92,0.008121690712869167
20,pre_rope,93,0.00796673633158207
20,pre_rope,94,0.007873047143220901
20,pre_rope,95,0.007645857986062765
20,pre_rope,96,0.007599866017699242
20,pre_rope,97,0.007512825541198254
20,pre_rope,98,0.007283523678779602
20,pre_rope,99,0.007152969017624855
20,pre_rope,100,0.007036562543362379
20,pre_rope,101,0.0069223265163600445
20,pre_rope,102,0.006681995000690222
20,pre_rope,103,0.0065781292505562305
20,pre_rope,104,0.006422253791242838
20,pre_rope,105,0.006252618506550789
20,pre_rope,106,0.0059805060736835
20,pre_rope,107,0.0058132559061050415
20,pre_rope,108,0.005738654173910618
20,pre_rope,109,0.005649178754538298
20,pre_rope,110,0.005530252121388912
20,pre_rope,111,0.0054397364147007465
20,pre_rope,112,0.005178122781217098
20,pre_rope,113,0.00514824315905571
20,pre_rope,114,0.004920123144984245
20,pre_rope,115,0.004887877032160759
20,pre_rope,116,0.004765722434967756
20,pre_rope,117,0.004663274623453617
20,pre_rope,118,0.004545863252133131
20,pre_rope,119,0.0042045582085847855
20,pre_rope,120,0.004156384151428938
20,pre_rope,121,0.003989212680608034
20,pre_rope,122,0.0038666154723614454
20,pre_rope,123,0.003675654297694564
20,pre_rope,124,0.0035407710820436478
20,pre_rope,125,0.0032272690441459417
20,pre_rope,126,0.0027590410318225622
20,pre_rope,127,0.002538700820878148
20,pre_rope,128,0.0021299757063388824
20,post_rope,1,1.0
20,post_rope,2,0.3129308521747589
20,post_rope,3,0.21833303570747375
20,post_rope,4,0.19157452881336212
20,post_rope,5,0.17473407089710236
20,post_rope,6,0.16400288045406342
20,post_rope,7,0.15342190861701965
20,post_rope,8,0.15198084712028503
20,post_rope,9,0.14446188509464264
20,post_rope,10,0.14120522141456604
20,post_rope,11,0.1365347057580948
20,post_rope,12,0.13362303376197815
20,post_rope,13,0.1231686994433403
20,post_rope,14,0.12188880890607834
20,post_rope,15,0.11688368022441864
20,post_rope,16,0.11480561643838882
20,post_rope,17,0.1138516217470169
20,post_rope,18,0.10968440771102905
20,post_rope,19,0.10576562583446503
20,post_rope,20,0.1029631644487381
20,post_rope,21,0.1006942018866539
20,post_rope,22,0.09633900970220566
20,post_rope,23,0.0936887115240097
20,post_rope,24,0.0933096706867218
20,post_rope,25,0.08953140676021576
20,post_rope,26,0.08898869156837463
20,post_rope,27,0.08842733502388
20,post_rope,28,0.08527089655399323
20,post_rope,29,0.08252358436584473
20,post_rope,30,0.0804709792137146
20,post_rope,31,0.07767950743436813
20,post_rope,32,0.07379467040300369
20,post_rope,33,0.07207726687192917
20,post_rope,34,0.0707717165350914
20,post_rope,35,0.07039142400026321
20,post_rope,36,0.07001450657844543
20,post_rope,37,0.06591124832630157
20,post_rope,38,0.06410832703113556
20,post_rope,39,0.0631181001663208
20,post_rope,40,0.061946406960487366
20,post_rope,41,0.06008407101035118
20,post_rope,42,0.057784128934144974
20,post_rope,43,0.0569293349981308
20,post_rope,44,0.05524466931819916
20,post_rope,45,0.05416770279407501
20,post_rope,46,0.05251444876194
20,post_rope,47,0.05148933455348015
20,post_rope,48,0.04951240494847298
20,post_rope,49,0.048669975250959396
20,post_rope,50,0.04773496091365814
20,post_rope,51,0.04696816951036453
20,post_rope,52,0.0466553270816803
20,post_rope,53,0.04569251462817192
20,post_rope,54,0.04382991045713425
20,post_rope,55,0.043511319905519485
20,post_rope,56,0.043144069612026215
20,post_rope,57,0.04205925762653351
20,post_rope,58,0.04162561893463135
20,post_rope,59,0.04099049046635628
20,post_rope,60,0.040303897112607956
20,post_rope,61,0.03896751627326012
20,post_rope,62,0.03837684169411659
20,post_rope,63,0.0379045195877552
20,post_rope,64,0.0378466472029686
20,post_rope,65,0.037331756204366684
20,post_rope,66,0.036896660923957825
20,post_rope,67,0.03642241284251213
20,post_rope,68,0.03563820943236351
20,post_rope,69,0.035433344542980194
20,post_rope,70,0.03526085987687111
20,post_rope,71,0.03478624299168587
20,post_rope,72,0.034253012388944626
20,post_rope,73,0.034185800701379776
20,post_rope,74,0.03368789330124855
20,post_rope,75,0.03352566435933113
20,post_rope,76,0.03329453989863396
20,post_rope,77,0.03243593871593475
20,post_rope,78,0.03171869367361069
20,post_rope,79,0.031493257731199265
20,post_rope,80,0.031111519783735275
20,post_rope,81,0.029690127819776535
20,post_rope,82,0.029337817803025246
20,post_rope,83,0.028796499595046043
20,post_rope,84,0.027908531948924065
20,post_rope,85,0.02765207178890705
20,post_rope,86,0.027389058843255043
20,post_rope,87,0.027164367958903313
20,post_rope,88,0.026679305359721184
20,post_rope,89,0.026405828073620796
20,post_rope,90,0.026027992367744446
20,post_rope,91,0.025923866778612137
20,post_rope,92,0.025487884879112244
20,post_rope,93,0.024983283132314682
20,post_rope,94,0.024040736258029938
20,post_rope,95,0.02386835403740406
20,post_rope,96,0.023036235943436623
20,post_rope,97,0.022781750187277794
20,post_rope,98,0.02265516109764576
20,post_rope,99,0.022151943296194077
20,post_rope,100,0.021957919001579285
20,post_rope,101,0.02171994186937809
20,post_rope,102,0.02155141346156597
20,post_rope,103,0.02125428430736065
20,post_rope,104,0.020973922684788704
20,post_rope,105,0.02052311785519123
20,post_rope,106,0.01993301883339882
20,post_rope,107,0.018691126257181168
20,post_rope,108,0.01783464103937149
20,post_rope,109,0.017191287130117416
20,post_rope,110,0.017034610733389854
20,post_rope,111,0.01673920266330242
20,post_rope,112,0.016603784635663033
20,post_rope,113,0.01617279462516308
20,post_rope,114,0.015448708087205887
20,post_rope,115,0.015145019628107548
20,post_rope,116,0.014689305797219276
20,post_rope,117,0.014344442635774612
20,post_rope,118,0.01422807015478611
20,post_rope,119,0.014147039502859116
20,post_rope,120,0.01399296335875988
20,post_rope,121,0.013840966857969761
20,post_rope,122,0.013129048980772495
20,post_rope,123,0.012242958880960941
20,post_rope,124,0.011194074526429176
20,post_rope,125,0.010893939062952995
20,post_rope,126,0.009671581909060478
20,post_rope,127,0.009005007334053516
20,post_rope,128,0.0071504791267216206
21,pre_rope,1,1.0
21,pre_rope,2,0.2101343721151352
21,pre_rope,3,0.19228987395763397
21,pre_rope,4,0.1599086970090866
21,pre_rope,5,0.15396438539028168
21,pre_rope,6,0.13528968393802643
21,pre_rope,7,0.13031134009361267
21,pre_rope,8,0.11765331774950027
21,pre_rope,9,0.10975513607263565
21,pre_rope,10,0.10882962495088577
21,pre_rope,11,0.10137499868869781
21,pre_rope,12,0.10008533298969269
21,pre_rope,13,0.09485070407390594
21,pre_rope,14,0.08250758796930313
21,pre_rope,15,0.08022154867649078
21,pre_rope,16,0.07424543797969818
21,pre_rope,17,0.07081272453069687
21,pre_rope,18,0.06476286053657532
21,pre_rope,19,0.06291967630386353
21,pre_rope,20,0.059493862092494965
21,pre_rope,21,0.05551888793706894
21,pre_rope,22,0.0545482411980629
21,pre_rope,23,0.051599081605672836
21,pre_rope,24,0.050669264048337936
21,pre_rope,25,0.04818454757332802
21,pre_rope,26,0.046100083738565445
21,pre_rope,27,0.04218723624944687
21,pre_rope,28,0.03925388306379318
21,pre_rope,29,0.03823685273528099
21,pre_rope,30,0.03571035712957382
21,pre_rope,31,0.0333639420568943
21,pre_rope,32,0.03221871703863144
21,pre_rope,33,0.030345646664500237
21,pre_rope,34,0.029045946896076202
21,pre_rope,35,0.026453640311956406
21,pre_rope,36,0.025315692648291588
21,pre_rope,37,0.02429036982357502
21,pre_rope,38,0.023822039365768433
21,pre_rope,39,0.02335934154689312
21,pre_rope,40,0.02220052294433117
21,pre_rope,41,0.021258264780044556
21,pre_rope,42,0.020659971982240677
21,pre_rope,43,0.019637705758213997
21,pre_rope,44,0.01919279433786869
21,pre_rope,45,0.018898136913776398
21,pre_rope,46,0.017942218109965324
21,pre_rope,47,0.017531903460621834
21,pre_rope,48,0.017301585525274277
21,pre_rope,49,0.01667335070669651
21,pre_rope,50,0.015897732228040695
21,pre_rope,51,0.015239152126014233
21,pre_rope,52,0.015035283751785755
21,pre_rope,53,0.014581950381398201
21,pre_rope,54,0.01436490099877119
21,pre_rope,55,0.013850604183971882
21,pre_rope,56,0.01354118250310421
21,pre_rope,57,0.01313710119575262
21,pre_rope,58,0.012878620065748692
21,pre_rope,59,0.012413492426276207
21,pre_rope,60,0.012169654481112957
21,pre_rope,61,0.012027418240904808
21,pre_rope,62,0.01162885781377554
21,pre_rope,63,0.011422202922403812
21,pre_rope,64,0.011074565351009369
21,pre_rope,65,0.010794785805046558
21,pre_rope,66,0.010709700174629688
21,pre_rope,67,0.01057344675064087
21,pre_rope,68,0.01019038911908865
21,pre_rope,69,0.009984692558646202
21,pre_rope,70,0.009946906939148903
21,pre_rope,71,0.009608476422727108
21,pre_rope,72,0.009223440662026405
21,pre_rope,73,0.009043051861226559
21,pre_rope,74,0.008936121128499508
21,pre_rope,75,0.008534117601811886
21,pre_rope,76,0.008439121767878532
21,pre_rope,77,0.008273220621049404
21,pre_rope,78,0.00795289222151041
21,pre_rope,79,0.007696592248976231
21,pre_rope,80,0.007638010196387768
21,pre_rope,81,0.007502131164073944
21,pre_rope,82,0.0073317005299031734
21,pre_rope,83,0.007165748625993729
21,pre_rope,84,0.007035384885966778
21,pre_rope,85,0.006961687933653593
21,pre_rope,86,0.00668714102357626
21,pre_rope,87,0.0064084273763000965
21,pre_rope,88,0.006284893956035376
21,pre_rope,89,0.006054408382624388
21,pre_rope,90,0.005925008561462164
21,pre_rope,91,0.005855482071638107
21,pre_rope,92,0.005617037415504456
21,pre_rope,93,0.005452598445117474
21,pre_rope,94,0.00533177237957716
21,pre_rope,95,0.005249809008091688
21,pre_rope,96,0.00517603475600481
21,pre_rope,97,0.005051969550549984
21,pre_rope,98,0.004953359253704548
21,pre_rope,99,0.0048363120295107365
21,pre_rope,100,0.004679481033235788
21,pre_rope,101,0.004520902410149574
21,pre_rope,102,0.004443851765245199
21,pre_rope,103,0.004349424038082361
21,pre_rope,104,0.004276664927601814
21,pre_rope,105,0.004191381391137838
21,pre_rope,106,0.004120121244341135
21,pre_rope,107,0.004006635397672653
21,pre_rope,108,0.003889862447977066
21,pre_rope,109,0.0037491510156542063
21,pre_rope,110,0.0037159782368689775
21,pre_rope,111,0.0035481269005686045
21,pre_rope,112,0.003472856478765607
21,pre_rope,113,0.0034154385793954134
21,pre_rope,114,0.003293936373665929
21,pre_rope,115,0.003247285494580865
21,pre_rope,116,0.003169301198795438
21,pre_rope,117,0.0030731167644262314
21,pre_rope,118,0.0030163032934069633
21,pre_rope,119,0.002910297131165862
21,pre_rope,120,0.0028490815311670303
21,pre_rope,121,0.002771808532997966
21,pre_rope,122,0.0026554916985332966
21,pre_rope,123,0.0025722619611769915
21,pre_rope,124,0.0025166068226099014
21,pre_rope,125,0.002388173481449485
21,pre_rope,126,0.00226286007091403
21,pre_rope,127,0.0020512687042355537
21,pre_rope,128,0.0017310406547039747
21,post_rope,1,1.0
21,post_rope,2,0.2875162661075592
21,post_rope,3,0.22237837314605713
21,post_rope,4,0.20931462943553925
21,post_rope,5,0.18829551339149475
21,post_rope,6,0.17582155764102936
21,post_rope,7,0.1597559005022049
21,post_rope,8,0.15198414027690887
21,post_rope,9,0.14277637004852295
21,post_rope,10,0.13946127891540527
21,post_rope,11,0.1290307641029358
21,post_rope,12,0.1252632439136505
21,post_rope,13,0.12119924277067184
21,post_rope,14,0.11628648638725281
21,post_rope,15,0.11332575231790543
21,post_rope,16,0.11047153919935226
21,post_rope,17,0.10756883770227432
21,post_rope,18,0.10290218889713287
21,post_rope,19,0.09938012808561325
21,post_rope,20,0.09676884114742279
21,post_rope,21,0.09257558733224869
21,post_rope,22,0.09081871807575226
21,post_rope,23,0.0856928825378418
21,post_rope,24,0.08487936854362488
21,post_rope,25,0.08347149193286896
21,post_rope,26,0.0834086462855339
21,post_rope,27,0.07882121950387955
21,post_rope,28,0.07707322388887405
21,post_rope,29,0.07620321959257126
21,post_rope,30,0.07428908348083496
21,post_rope,31,0.07274419069290161
21,post_rope,32,0.07224741578102112
21,post_rope,33,0.06981514394283295
21,post_rope,34,0.06940871477127075
21,post_rope,35,0.06886119395494461
21,post_rope,36,0.06651467084884644
21,post_rope,37,0.0651250034570694
21,post_rope,38,0.06427642703056335
21,post_rope,39,0.06315740197896957
21,post_rope,40,0.06252944469451904
21,post_rope,41,0.06195203959941864
21,post_rope,42,0.06115792319178581
21,post_rope,43,0.06037112697958946
21,post_rope,44,0.05899029225111008
21,post_rope,45,0.056974511593580246
21,post_rope,46,0.056753162294626236
21,post_rope,47,0.054562173783779144
21,post_rope,48,0.054215360432863235
21,post_rope,49,0.053509391844272614
21,post_rope,50,0.05192302539944649
21,post_rope,51,0.05095469951629639
21,post_rope,52,0.04995034635066986
21,post_rope,53,0.0494440421462059
21,post_rope,54,0.04852820932865143
21,post_rope,55,0.048157092183828354
21,post_rope,56,0.04766638204455376
21,post_rope,57,0.04697032272815704
21,post_rope,58,0.04506601020693779
21,post_rope,59,0.04212361201643944
21,post_rope,60,0.04125102236866951
21,post_rope,61,0.03954892233014107
21,post_rope,62,0.03826095163822174
21,post_rope,63,0.03797091171145439
21,post_rope,64,0.03648439794778824
21,post_rope,65,0.03400806710124016
21,post_rope,66,0.03229277580976486
21,post_rope,67,0.03170143440365791
21,post_rope,68,0.031323645263910294
21,post_rope,69,0.030925193801522255
21,post_rope,70,0.030777065083384514
21,post_rope,71,0.029775595292448997
21,post_rope,72,0.029716432094573975
21,post_rope,73,0.029197933152318
21,post_rope,74,0.028612883761525154
21,post_rope,75,0.02769622392952442
21,post_rope,76,0.026283811777830124
21,post_rope,77,0.025709539651870728
21,post_rope,78,0.025037214159965515
21,post_rope,79,0.02458346262574196
21,post_rope,80,0.02398267202079296
21,post_rope,81,0.023483989760279655
21,post_rope,82,0.023212332278490067
21,post_rope,83,0.0230700820684433
21,post_rope,84,0.022627390921115875
21,post_rope,85,0.022502869367599487
21,post_rope,86,0.022409746423363686
21,post_rope,87,0.022214217111468315
21,post_rope,88,0.021972427144646645
21,post_rope,89,0.021677739918231964
21,post_rope,90,0.021217910572886467
21,post_rope,91,0.020568866282701492
21,post_rope,92,0.01919626258313656
21,post_rope,93,0.018924688920378685
21,post_rope,94,0.018456649035215378
21,post_rope,95,0.01838897168636322
21,post_rope,96,0.016860265284776688
21,post_rope,97,0.016610827296972275
21,post_rope,98,0.016418609768152237
21,post_rope,99,0.01550915464758873
21,post_rope,100,0.015183293260633945
21,post_rope,101,0.014822680503129959
21,post_rope,102,0.014309790916740894
21,post_rope,103,0.013568726368248463
21,post_rope,104,0.012931650504469872
21,post_rope,105,0.012815969996154308
21,post_rope,106,0.012462416663765907
21,post_rope,107,0.01232967060059309
21,post_rope,108,0.011898403987288475
21,post_rope,109,0.011346261017024517
21,post_rope,110,0.01085803471505642
21,post_rope,111,0.00914863683283329
21,post_rope,112,0.00835054088383913
21,post_rope,113,0.007623147219419479
21,post_rope,114,0.007207391783595085
21,post_rope,115,0.006875496823340654
21,post_rope,116,0.00593606848269701
21,post_rope,117,0.005893278401345015
21,post_rope,118,0.005505290813744068
21,post_rope,119,0.005368491169065237
21,post_rope,120,0.005058316048234701
21,post_rope,121,0.004559794440865517
21,post_rope,122,0.004442628938704729
21,post_rope,123,0.004203862510621548
21,post_rope,124,0.004013202153146267
21,post_rope,125,0.0038017143961042166
21,post_rope,126,0.003481794148683548
21,post_rope,127,0.0032927801366895437
21,post_rope,128,0.0029514594934880733
22,pre_rope,1,1.0
22,pre_rope,2,0.24439415335655212
22,pre_rope,3,0.2253408432006836
22,pre_rope,4,0.19522638618946075
22,pre_rope,5,0.1906595528125763
22,pre_rope,6,0.1711140125989914
22,pre_rope,7,0.15963715314865112
22,pre_rope,8,0.14524045586585999
22,pre_rope,9,0.13885393738746643
22,pre_rope,10,0.1304025650024414
22,pre_rope,11,0.12670665979385376
22,pre_rope,12,0.12251285463571548
22,pre_rope,13,0.11250105500221252
22,pre_rope,14,0.10512024909257889
22,pre_rope,15,0.09709734469652176
22,pre_rope,16,0.09401535242795944
22,pre_rope,17,0.08930733799934387
22,pre_rope,18,0.07770433276891708
22,pre_rope,19,0.07526995241641998
22,pre_rope,20,0.07269204407930374
22,pre_rope,21,0.07099559903144836
22,pre_rope,22,0.06665840744972229
22,pre_rope,23,0.06225505471229553
22,pre_rope,24,0.056976981461048126
22,pre_rope,25,0.05355876311659813
22,pre_rope,26,0.05000583082437515
22,pre_rope,27,0.04914659261703491
22,pre_rope,28,0.04445905610918999
22,pre_rope,29,0.04308507591485977
22,pre_rope,30,0.04004897177219391
22,pre_rope,31,0.03966860845685005
22,pre_rope,32,0.03806396946310997
22,pre_rope,33,0.03691240772604942
22,pre_rope,34,0.036578934639692307
22,pre_rope,35,0.036099616438150406
22,pre_rope,36,0.03420520946383476
22,pre_rope,37,0.03300424665212631
22,pre_rope,38,0.03211550787091255
22,pre_rope,39,0.03092517890036106
22,pre_rope,40,0.029746759682893753
22,pre_rope,41,0.028490012511610985
22,pre_rope,42,0.027950536459684372
22,pre_rope,43,0.026140335947275162
22,pre_rope,44,0.026086749508976936
22,pre_rope,45,0.025006648153066635
22,pre_rope,46,0.024161215871572495
22,pre_rope,47,0.024038836359977722
22,pre_rope,48,0.023654043674468994
22,pre_rope,49,0.02260672301054001
22,pre_rope,50,0.0223905798047781
22,pre_rope,51,0.022097373381257057
22,pre_rope,52,0.021221444010734558
22,pre_rope,53,0.020698683336377144
22,pre_rope,54,0.020206782966852188
22,pre_rope,55,0.01975061185657978
22,pre_rope,56,0.019302967935800552
22,pre_rope,57,0.017980745062232018
22,pre_rope,58,0.01759422942996025
22,pre_rope,59,0.01684584654867649
22,pre_rope,60,0.0164516381919384
22,pre_rope,61,0.015567286871373653
22,pre_rope,62,0.015098508447408676
22,pre_rope,63,0.014906909316778183
22,pre_rope,64,0.014814436435699463
22,pre_rope,65,0.013958897441625595
22,pre_rope,66,0.013547739945352077
22,pre_rope,67,0.01345878466963768
22,pre_rope,68,0.012883114628493786
22,pre_rope,69,0.012488486245274544
22,pre_rope,70,0.012366648763418198
22,pre_rope,71,0.012042170390486717
22,pre_rope,72,0.011487599462270737
22,pre_rope,73,0.011454523541033268
22,pre_rope,74,0.011035427451133728
22,pre_rope,75,0.010905561968684196
22,pre_rope,76,0.01029855664819479
22,pre_rope,77,0.009925291873514652
22,pre_rope,78,0.009585767984390259
22,pre_rope,79,0.009319604374468327
22,pre_rope,80,0.00914123747497797
22,pre_rope,81,0.008747570216655731
22,pre_rope,82,0.008665543049573898
22,pre_rope,83,0.008556111715734005
22,pre_rope,84,0.008130849339067936
22,pre_rope,85,0.007810438051819801
22,pre_rope,86,0.0075635905377566814
22,pre_rope,87,0.007485102396458387
22,pre_rope,88,0.007225498091429472
22,pre_rope,89,0.007075479254126549
22,pre_rope,90,0.006982890423387289
22,pre_rope,91,0.006718795746564865
22,pre_rope,92,0.0065880208276212215
22,pre_rope,93,0.006527496036142111
22,pre_rope,94,0.006369945593178272
22,pre_rope,95,0.006169406231492758
22,pre_rope,96,0.00599887128919363
22,pre_rope,97,0.005744073539972305
22,pre_rope,98,0.005635465029627085
22,pre_rope,99,0.005497490521520376
22,pre_rope,100,0.005404794123023748
22,pre_rope,101,0.005368439015001059
22,pre_rope,102,0.00508639682084322
22,pre_rope,103,0.004791506100445986
22,pre_rope,104,0.004703578073531389
22,pre_rope,105,0.00452069379389286
22,pre_rope,106,0.0044763172045350075
22,pre_rope,107,0.004343756940215826
22,pre_rope,108,0.004310835152864456
22,pre_rope,109,0.004209829960018396
22,pre_rope,110,0.0040076496079564095
22,pre_rope,111,0.003976046573370695
22,pre_rope,112,0.0039231483824551105
22,pre_rope,113,0.003788991831243038
22,pre_rope,114,0.0036680663470178843
22,pre_rope,115,0.0035281674936413765
22,pre_rope,116,0.003455227008089423
22,pre_rope,117,0.003320653224363923
22,pre_rope,118,0.0033108422067016363
22,pre_rope,119,0.0031976031605154276
22,pre_rope,120,0.0031262636184692383
22,pre_rope,121,0.0030439733527600765
22,pre_rope,122,0.002946218242868781
22,pre_rope,123,0.0028312918730080128
22,pre_rope,124,0.002766115590929985
22,pre_rope,125,0.002660764381289482
22,pre_rope,126,0.002513209590688348
22,pre_rope,127,0.0022707018069922924
22,pre_rope,128,0.002181476913392544
22,post_rope,1,1.0
22,post_rope,2,0.3488970696926117
22,post_rope,3,0.25894662737846375
22,post_rope,4,0.24227312207221985
22,post_rope,5,0.23025356233119965
22,post_rope,6,0.2180217057466507
22,post_rope,7,0.2066136598587036
22,post_rope,8,0.1837783008813858
22,post_rope,9,0.18117156624794006
22,post_rope,10,0.17143785953521729
22,post_rope,11,0.16142171621322632
22,post_rope,12,0.15664927661418915
22,post_rope,13,0.15288923680782318
22,post_rope,14,0.1500736027956009
22,post_rope,15,0.14654381573200226
22,post_rope,16,0.14388012886047363
22,post_rope,17,0.13951200246810913
22,post_rope,18,0.12889042496681213
22,post_rope,19,0.12124279141426086
22,post_rope,20,0.12097350507974625
22,post_rope,21,0.1132422462105751
22,post_rope,22,0.10882510244846344
22,post_rope,23,0.10354777425527573
22,post_rope,24,0.10026449710130692
22,post_rope,25,0.09692718833684921
22,post_rope,26,0.09324722737073898
22,post_rope,27,0.09101729094982147
22,post_rope,28,0.08898177742958069
22,post_rope,29,0.08414164930582047
22,post_rope,30,0.08402308821678162
22,post_rope,31,0.08238048851490021
22,post_rope,32,0.07972210645675659
22,post_rope,33,0.0786680206656456
22,post_rope,34,0.07705747336149216
22,post_rope,35,0.07357630133628845
22,post_rope,36,0.07266520708799362
22,post_rope,37,0.07116090506315231
22,post_rope,38,0.07011863589286804
22,post_rope,39,0.06894552707672119
22,post_rope,40,0.06526844203472137
22,post_rope,41,0.06384563446044922
22,post_rope,42,0.0627899095416069
22,post_rope,43,0.06103530526161194
22,post_rope,44,0.05982804298400879
22,post_rope,45,0.059715934097766876
22,post_rope,46,0.05834152176976204
22,post_rope,47,0.05762900784611702
22,post_rope,48,0.053484123200178146
22,post_rope,49,0.05103345960378647
22,post_rope,50,0.05048513785004616
22,post_rope,51,0.04887237399816513
22,post_rope,52,0.04807262867689133
22,post_rope,53,0.04679621383547783
22,post_rope,54,0.045837774872779846
22,post_rope,55,0.04440015181899071
22,post_rope,56,0.04362402483820915
22,post_rope,57,0.042903680354356766
22,post_rope,58,0.041589684784412384
22,post_rope,59,0.04131229966878891
22,post_rope,60,0.0396953783929348
22,post_rope,61,0.0384751632809639
22,post_rope,62,0.03784416615962982
22,post_rope,63,0.03723793104290962
22,post_rope,64,0.036430202424526215
22,post_rope,65,0.0360659696161747
22,post_rope,66,0.03585430607199669
22,post_rope,67,0.03494798764586449
22,post_rope,68,0.034654997289180756
22,post_rope,69,0.03402465954422951
22,post_rope,70,0.03339315205812454
22,post_rope,71,0.032551925629377365
22,post_rope,72,0.032017916440963745
22,post_rope,73,0.030890027061104774
22,post_rope,74,0.030363252386450768
22,post_rope,75,0.03012484684586525
22,post_rope,76,0.029346248134970665
22,post_rope,77,0.02896740846335888
22,post_rope,78,0.027201149612665176
22,post_rope,79,0.02699245885014534
22,post_rope,80,0.026136349886655807
22,post_rope,81,0.025566285476088524
22,post_rope,82,0.025332080200314522
22,post_rope,83,0.02482498250901699
22,post_rope,84,0.024519655853509903
22,post_rope,85,0.024282699450850487
22,post_rope,86,0.024022093042731285
22,post_rope,87,0.023402566090226173
22,post_rope,88,0.023179370909929276
22,post_rope,89,0.02293853834271431
22,post_rope,90,0.022082244977355003
22,post_rope,91,0.02142276056110859
22,post_rope,92,0.021221783012151718
22,post_rope,93,0.020608557388186455
22,post_rope,94,0.02030167356133461
22,post_rope,95,0.020124275237321854
22,post_rope,96,0.019806280732154846
22,post_rope,97,0.01945319026708603
22,post_rope,98,0.019321182742714882
22,post_rope,99,0.018838457763195038
22,post_rope,100,0.01837841421365738
22,post_rope,101,0.01832311414182186
22,post_rope,102,0.018077651038765907
22,post_rope,103,0.0179782435297966
22,post_rope,104,0.017592767253518105
22,post_rope,105,0.016928832978010178
22,post_rope,106,0.016580866649746895
22,post_rope,107,0.015402022749185562
22,post_rope,108,0.01500624418258667
22,post_rope,109,0.014895737171173096
22,post_rope,110,0.014805703423917294
22,post_rope,111,0.01405065692961216
22,post_rope,112,0.013830159790813923
22,post_rope,113,0.013725494034588337
22,post_rope,114,0.012175219133496284
22,post_rope,115,0.010303688235580921
22,post_rope,116,0.010217074304819107
22,post_rope,117,0.0077440254390239716
22,post_rope,118,0.007358002010732889
22,post_rope,119,0.006980083417147398
22,post_rope,120,0.006102125160396099
22,post_rope,121,0.0059102303348481655
22,post_rope,122,0.005607485305517912
22,post_rope,123,0.005064595490694046
22,post_rope,124,0.00472188089042902
22,post_rope,125,0.00465370062738657
22,post_rope,126,0.004321047570556402
22,post_rope,127,0.0038686401676386595
22,post_rope,128,0.0032864175736904144
23,pre_rope,1,1.0
23,pre_rope,2,0.1913154423236847
23,pre_rope,3,0.1788211166858673
23,pre_rope,4,0.15598160028457642
23,pre_rope,5,0.14567436277866364
23,pre_rope,6,0.13192813098430634
23,pre_rope,7,0.1205282136797905
23,pre_rope,8,0.1153206080198288
23,pre_rope,9,0.1128491535782814
23,pre_rope,10,0.10546796023845673
23,pre_rope,11,0.10090886801481247
23,pre_rope,12,0.0967589020729065
23,pre_rope,13,0.08682970702648163
23,pre_rope,14,0.07492145895957947
23,pre_rope,15,0.07250230759382248
23,pre_rope,16,0.06452380120754242
23,pre_rope,17,0.061231400817632675
23,pre_rope,18,0.05858511105179787
23,pre_rope,19,0.056009478867053986
23,pre_rope,20,0.05278860405087471
23,pre_rope,21,0.05135534331202507
23,pre_rope,22,0.04963642358779907
23,pre_rope,23,0.04793214797973633
23,pre_rope,24,0.04655274376273155
23,pre_rope,25,0.04535525664687157
23,pre_rope,26,0.04462131857872009
23,pre_rope,27,0.04350169003009796
23,pre_rope,28,0.04317978769540787
23,pre_rope,29,0.04252428561449051
23,pre_rope,30,0.04111971706151962
23,pre_rope,31,0.04101673513650894
23,pre_rope,32,0.03992898389697075
23,pre_rope,33,0.03925498574972153
23,pre_rope,34,0.03888380900025368
23,pre_rope,35,0.03743422031402588
23,pre_rope,36,0.036944419145584106
23,pre_rope,37,0.03627839311957359
23,pre_rope,38,0.0359976552426815
23,pre_rope,39,0.03596935421228409
23,pre_rope,40,0.034524183720350266
23,pre_rope,41,0.03420979529619217
23,pre_rope,42,0.03292224928736687
23,pre_rope,43,0.03261396288871765
23,pre_rope,44,0.03176245093345642
23,pre_rope,45,0.03022606670856476
23,pre_rope,46,0.02976030297577381
23,pre_rope,47,0.02865479700267315
23,pre_rope,48,0.027745936065912247
23,pre_rope,49,0.02732670307159424
23,pre_rope,50,0.02564346045255661
23,pre_rope,51,0.02537858858704567
23,pre_rope,52,0.02505633421242237
23,pre_rope,53,0.02429276332259178
23,pre_rope,54,0.023000478744506836
23,pre_rope,55,0.02291478030383587
23,pre_rope,56,0.022243250161409378
23,pre_rope,57,0.021264715120196342
23,pre_rope,58,0.020841481164097786
23,pre_rope,59,0.020581506192684174
23,pre_rope,60,0.020168235525488853
23,pre_rope,61,0.01962747611105442
23,pre_rope,62,0.018624620512127876
23,pre_rope,63,0.018146613612771034
23,pre_rope,64,0.017830373719334602
23,pre_rope,65,0.017680063843727112
23,pre_rope,66,0.0171042587608099
23,pre_rope,67,0.016502225771546364
23,pre_rope,68,0.015587285161018372
23,pre_rope,69,0.015181189402937889
23,pre_rope,70,0.014603773131966591
23,pre_rope,71,0.014388040639460087
23,pre_rope,72,0.014323905110359192
23,pre_rope,73,0.013569445349276066
23,pre_rope,74,0.013388372026383877
23,pre_rope,75,0.012724129483103752
23,pre_rope,76,0.012565924786031246
23,pre_rope,77,0.012299426831305027
23,pre_rope,78,0.012044759467244148
23,pre_rope,79,0.011325288563966751
23,pre_rope,80,0.01104052271693945
23,pre_rope,81,0.010400017723441124
23,pre_rope,82,0.010246063582599163
23,pre_rope,83,0.009999653324484825
23,pre_rope,84,0.009684929624199867
23,pre_rope,85,0.009400015696883202
23,pre_rope,86,0.009103069081902504
23,pre_rope,87,0.008649620227515697
23,pre_rope,88,0.00852429773658514
23,pre_rope,89,0.008357083424925804
23,pre_rope,90,0.007971207611262798
23,pre_rope,91,0.007551416754722595
23,pre_rope,92,0.007184522692114115
23,pre_rope,93,0.006942979525774717
23,pre_rope,94,0.006348919123411179
23,pre_rope,95,0.006192040164023638
23,pre_rope,96,0.00597409438341856
23,pre_rope,97,0.005928344093263149
23,pre_rope,98,0.00548594631254673
23,pre_rope,99,0.005425936076790094
23,pre_rope,100,0.0053003691136837006
23,pre_rope,101,0.004915772937238216
23,pre_rope,102,0.004681879188865423
23,pre_rope,103,0.00445143086835742
23,pre_rope,104,0.004358927719295025
23,pre_rope,105,0.004249044694006443
23,pre_rope,106,0.004051174968481064
23,pre_rope,107,0.003804767969995737
23,pre_rope,108,0.0036660979967564344
23,pre_rope,109,0.003475218079984188
23,pre_rope,110,0.0033686612732708454
23,pre_rope,111,0.0031874265987426043
23,pre_rope,112,0.0028532580472528934
23,pre_rope,113,0.0027430637273937464
23,pre_rope,114,0.002582491608336568
23,pre_rope,115,0.0023423265665769577
23,pre_rope,116,0.0022806618362665176
23,pre_rope,117,0.0022355099208652973
23,pre_rope,118,0.002206062665209174
23,pre_rope,119,0.002066855551674962
23,pre_rope,120,0.002018051454797387
23,pre_rope,121,0.0019633513875305653
23,pre_rope,122,0.0019174374174326658
23,pre_rope,123,0.0018644133815541863
23,pre_rope,124,0.0017869024304673076
23,pre_rope,125,0.0017356127500534058
23,pre_rope,126,0.0016746106557548046
23,pre_rope,127,0.0015445280587300658
23,pre_rope,128,0.001461475039832294
23,post_rope,1,1.0
23,post_rope,2,0.26173797249794006
23,post_rope,3,0.19777031242847443
23,post_rope,4,0.1871238499879837
23,post_rope,5,0.17385342717170715
23,post_rope,6,0.15908415615558624
23,post_rope,7,0.15498816967010498
23,post_rope,8,0.14425311982631683
23,post_rope,9,0.1388130784034729
23,post_rope,10,0.1273096203804016
23,post_rope,11,0.12386006861925125
23,post_rope,12,0.12065719068050385
23,post_rope,13,0.11758068948984146
23,post_rope,14,0.11298196017742157
23,post_rope,15,0.10580026358366013
23,post_rope,16,0.10505597293376923
23,post_rope,17,0.10164009034633636
23,post_rope,18,0.09697678685188293
23,post_rope,19,0.09271064400672913
23,post_rope,20,0.08887526392936707
23,post_rope,21,0.08733907341957092
23,post_rope,22,0.08666376769542694
23,post_rope,23,0.08501673489809036
23,post_rope,24,0.08048897981643677
23,post_rope,25,0.07991611957550049
23,post_rope,26,0.07968927919864655
23,post_rope,27,0.07889249175786972
23,post_rope,28,0.07800445705652237
23,post_rope,29,0.07706011831760406
23,post_rope,30,0.0754951685667038
23,post_rope,31,0.07277510315179825
23,post_rope,32,0.07213633507490158
23,post_rope,33,0.07142291963100433
23,post_rope,34,0.06969616562128067
23,post_rope,35,0.06705725938081741
23,post_rope,36,0.06676311045885086
23,post_rope,37,0.06414927542209625
23,post_rope,38,0.06341331452131271
23,post_rope,39,0.06260907649993896
23,post_rope,40,0.061866603791713715
23,post_rope,41,0.061796125024557114
23,post_rope,42,0.060649070888757706
23,post_rope,43,0.05986767262220383
23,post_rope,44,0.05915886163711548
23,post_rope,45,0.05848672240972519
23,post_rope,46,0.056521300226449966
23,post_rope,47,0.05476761236786842
23,post_rope,48,0.053886931389570236
23,post_rope,49,0.053864266723394394
23,post_rope,50,0.05281440541148186
23,post_rope,51,0.052262719720602036
23,post_rope,52,0.051909372210502625
23,post_rope,53,0.05058975890278816
23,post_rope,54,0.05005152150988579
23,post_rope,55,0.04840642958879471
23,post_rope,56,0.047152046114206314
23,post_rope,57,0.046658746898174286
23,post_rope,58,0.04604830592870712
23,post_rope,59,0.04578724876046181
23,post_rope,60,0.044898584485054016
23,post_rope,61,0.04435044527053833
23,post_rope,62,0.043437082320451736
23,post_rope,63,0.04257652908563614
23,post_rope,64,0.04212445765733719
23,post_rope,65,0.041294313967227936
23,post_rope,66,0.0412035770714283
23,post_rope,67,0.04001210629940033
23,post_rope,68,0.03876471519470215
23,post_rope,69,0.03863503038883209
23,post_rope,70,0.03671436756849289
23,post_rope,71,0.035828471183776855
23,post_rope,72,0.0351833775639534
23,post_rope,73,0.03462440147995949
23,post_rope,74,0.03387608006596565
23,post_rope,75,0.03304227441549301
23,post_rope,76,0.03221696615219116
23,post_rope,77,0.03182527422904968
23,post_rope,78,0.02892354503273964
23,post_rope,79,0.028543289750814438
23,post_rope,80,0.028416583314538002
23,post_rope,81,0.028029540553689003
23,post_rope,82,0.02770352177321911
23,post_rope,83,0.025407442823052406
23,post_rope,84,0.025026442483067513
23,post_rope,85,0.024462852627038956
23,post_rope,86,0.023879054933786392
23,post_rope,87,0.0234872754663229
23,post_rope,88,0.022747408598661423
23,post_rope,89,0.022610172629356384
23,post_rope,90,0.02213505655527115
23,post_rope,91,0.02173040620982647
23,post_rope,92,0.020650090649724007
23,post_rope,93,0.02043679542839527
23,post_rope,94,0.020296527072787285
23,post_rope,95,0.02003457397222519
23,post_rope,96,0.019808325916528702
23,post_rope,97,0.01957092620432377
23,post_rope,98,0.019401147961616516
23,post_rope,99,0.018838247284293175
23,post_rope,100,0.017841432243585587
23,post_rope,101,0.01762724667787552
23,post_rope,102,0.017512822523713112
23,post_rope,103,0.016749409958720207
23,post_rope,104,0.015115007758140564
23,post_rope,105,0.014281254261732101
23,post_rope,106,0.014143128879368305
23,post_rope,107,0.013737088069319725
23,post_rope,108,0.013130204752087593
23,post_rope,109,0.01258578896522522
23,post_rope,110,0.01226251944899559
23,post_rope,111,0.011956660076975822
23,post_rope,112,0.011780047789216042
23,post_rope,113,0.010562657378613949
23,post_rope,114,0.01040501520037651
23,post_rope,115,0.009635115042328835
23,post_rope,116,0.009479035623371601
23,post_rope,117,0.009123746305704117
23,post_rope,118,0.007993606850504875
23,post_rope,119,0.007794273551553488
23,post_rope,120,0.007511171977967024
23,post_rope,121,0.007228891830891371
23,post_rope,122,0.0071570961736142635
23,post_rope,123,0.007051184307783842
23,post_rope,124,0.0067405859008431435
23,post_rope,125,0.006586691364645958
23,post_rope,126,0.006405165884643793
23,post_rope,127,0.005591589491814375
23,post_rope,128,0.004867732059210539
