prompt,layer,kind,tokens,dim,rank_90,rank_99,rank_99_centered,relerr_r4,relerr_c_r4,relerr_r8,relerr_c_r8,relerr_r16,relerr_c_r16,relerr_r32,relerr_c_r32,relerr_r64,relerr_c_r64,relerr_r96,relerr_c_r96,relerr_r128,relerr_c_r128,relerr_r160,relerr_c_r160,relerr_r192,relerr_c_r192,relerr_r256,relerr_c_r256
0,0,pre_rope,1024,256,3,11,17,0.2410817900958897,0.389733097373007,0.13119781910083875,0.22841361613731848,0.05670478081302513,0.10394887408462833,0.02232919285478413,0.04165299509185468,0.00773197637798492,0.014433233646345169,0.003400485419234404,0.006366408598830712,0.0016377451007078539,0.0030784961457320536,0.0007720404443770458,0.0015049838874435977,0.000244140625,0.0006459353786778786,0.0,0.0
0,0,pre_rope,2048,256,3,11,17,0.23918019806955193,0.3840602081950555,0.13209474379935224,0.22722843562208764,0.059111280531070794,0.10637389420720167,0.024341934469391667,0.044836876106441395,0.008819527279388888,0.01628255078177057,0.0041215681191733725,0.00761937819058947,0.002142325289890655,0.003959295590875697,0.001145121035113142,0.0021143198334581024,0.0005459150335692846,0.0010358009490037316,0.0,0.0
0,0,pre_rope,4096,256,3,11,18,0.2385666185902477,0.3829262233672001,0.1321745867542887,0.22561658510699473,0.060929596217195056,0.10981417088114018,0.025545090545953768,0.04725934451913888,0.009331794362117379,0.017303009296269455,0.004461832734984635,0.00826119351351984,0.0024168688810087074,0.0044283098503947885,0.001337213275159097,0.002429168547623584,0.0007720404443770458,0.0012448778109357384,0.0004228639666916204,0.0
0,0,post_rope,1024,256,40,116,128,0.6605211863155612,0.7936060369403762,0.5869904784156561,0.7076336101971089,0.4865110122398774,0.590043596176413,0.3611315218137512,0.43980339502079796,0.21748092918535677,0.2658581551908612,0.1347704900333366,0.16505260524825732,0.08043423995945523,0.09865275266415698,0.04229485310293705,0.05194116899405043,0.013478685294767832,0.0165187791250364,0.0,0.00034526698300124393
0,0,post_rope,2048,256,48,133,140,0.7073372026110544,0.7852140566673876,0.6413028201532687,0.7124285101578965,0.5383052759663509,0.6009137507291955,0.4080969567471218,0.45745771025016935,0.25523848582572034,0.2872516513109675,0.16962239851956112,0.19074196275849767,0.10764636078745854,0.12088462245318134,0.06246374986339733,0.0701716389589453,0.026635954774730238,0.0299368575311901,0.000244140625,0.0
0,0,post_rope,4096,256,57,151,153,0.7530616219156347,0.7645140781965043,0.6839196436483223,0.699976164548243,0.5876418186029461,0.6038193416857387,0.4567724293848018,0.46932668180701326,0.2884851825022846,0.2976114274366414,0.20431069788658776,0.21058031145752293,0.13728780846198588,0.141424660511631,0.08640439905870984,0.08878968600697404,0.046564344331198146,0.047669980932047454,0.000244140625,0.0004228639666916204
0,1,pre_rope,1024,256,2,16,54,0.22435327940130248,0.6108677992610028,0.15535057598948937,0.436325813635678,0.09627006916028205,0.2787763105899251,0.05672685045138492,0.16448085668886228,0.02783417275204218,0.08073786206740813,0.015972096908004028,0.04634944020152378,0.009229032310271387,0.026773222780771978,0.005015292623089389,0.01455454937577039,0.002404506299266627,0.007020900314720901,0.0,0.0
0,1,pre_rope,2048,256,2,17,60,0.22742220124745793,0.6295033812822183,0.16117294274187716,0.4557821697112054,0.10096771968881409,0.29490166399083023,0.06161443852729796,0.18060219195018962,0.03177300534354267,0.09326587288277627,0.019025745917596693,0.05588634346806444,0.011464215704954976,0.033669284800588714,0.006564614091674195,0.019246892405763917,0.003311684562072885,0.009652049512095116,0.00034526698300124393,0.0
0,1,pre_rope,4096,256,2,19,66,0.23178320576651543,0.6514366375960361,0.16679915486906088,0.47750798223724045,0.10794218804847973,0.3122467922537654,0.06625798447196098,0.19379122510832525,0.034938562148434216,0.10238985377276955,0.021349396211542193,0.06260291209897095,0.01306779657331312,0.038345625330200465,0.007572296103159582,0.02225834242195602,0.003813598474563796,0.011249029329597923,0.0,0.000244140625
0,1,post_rope,1024,256,29,116,134,0.6358388425889158,0.7880642496785876,0.5381703388462538,0.6742726946452987,0.42853690331902117,0.5421936760366511,0.29697426591993265,0.378615120014235,0.19268310656690799,0.24735457762335433,0.12929084510226663,0.16617603406198447,0.08429819072442553,0.10841218328527553,0.04972563809406878,0.06393268737877685,0.02218323572578232,0.028508057308635593,0.0,0.0
0,1,post_rope,2048,256,34,131,144,0.6868043327599228,0.7795266216704203,0.5771302092847729,0.6695345990910667,0.4653257547697774,0.5424460770137345,0.32434162431243263,0.38038840884951614,0.21372179637243233,0.25256332906328766,0.15017962826511994,0.1776073966380501,0.10335802280640088,0.12233296937567874,0.06501204012352596,0.07703671635234279,0.0323225960223347,0.03824835161634012,0.0,0.0
0,1,post_rope,4096,256,37,144,149,0.7303413035140534,0.7448060272183941,0.6157994657279383,0.6324766704342906,0.49214668710220066,0.5159640497946945,0.3435507109966535,0.36253477127105227,0.22960604825875813,0.2442853574901579,0.16726323489067688,0.1781766649241489,0.12041653185422187,0.12833787864628457,0.08007663632381497,0.08545933254878509,0.043255628583391166,0.04619938013395811,0.0,0.0
0,2,pre_rope,1024,256,12,82,136,0.4008408411053835,0.8186443624706932,0.35179393356215166,0.7250538411372721,0.2875773450223734,0.5951335247465241,0.20783552458137453,0.43257785041336017,0.12601298907101527,0.2629658606966059,0.08192364128692635,0.17099711158053016,0.053454532697306885,0.11158562043979649,0.0336285433125416,0.07017291306564732,0.019368831513963576,0.04039328590349568,0.000244140625,0.0
0,2,pre_rope,2048,256,14,92,151,0.41059125810989583,0.8359373039174073,0.36394325562841984,0.7452717591992649,0.3024833376685535,0.6243133587809832,0.22432046636644498,0.4647078114978687,0.14137449803756524,0.2939962045203984,0.09492487647566195,0.19746207851001013,0.06436660045157447,0.13394334348319908,0.04222221359174763,0.08786247650376279,0.02564406453366714,0.053366929241410496,0.0,0.00034526698300124393
0,2,pre_rope,4096,256,13,95,160,0.395746531087549,0.8519186622474112,0.3550357906674716,0.76824578520478,0.2979357991155012,0.6467747799550245,0.22345336644318536,0.4864863862056887,0.14455454870540088,0.31487184687872244,0.09876295511758622,0.21517405694591124,0.06838509212125383,0.148965398803173,0.04565560242117265,0.09942490194467875,0.028368678392856516,0.06177385019415625,0.000244140625,0.00034526698300124393
0,2,post_rope,1024,256,56,172,196,0.6516013117878298,0.8840978262225747,0.6107195179937418,0.8314466795888804,0.5440086998980143,0.7403994051678441,0.4260833088763955,0.5811390022204097,0.2879598050479836,0.39482521209856025,0.209458855305493,0.28759693087371385,0.15553865634237288,0.21366252425409066,0.11323493800096343,0.1555566663740248,0.0764335636550798,0.10500374469437415,0.0,0.0
0,2,post_rope,2048,256,66,187,203,0.6691038514658829,0.8247001471494708,0.6303170533363294,0.7798162273792713,0.5666352433954049,0.7007572148686885,0.4554553780792979,0.5638494728617003,0.31952374736306655,0.3976420521777799,0.23913172299335875,0.29810610041501123,0.18062232282825877,0.22526666415744107,0.13454430139127124,0.16789030860526696,0.09296373626268585,0.11599737466932508,0.0,0.0
0,2,post_rope,4096,256,66,191,198,0.6767910155150892,0.7280964399638701,0.628781703202783,0.6819819167080582,0.5631889786189156,0.6120637605245709,0.4522407717588295,0.4926728171948437,0.32168925212637156,0.35239955011960433,0.2445226503267686,0.2679120507047822,0.1856881657771113,0.20360347440599252,0.13968791270355088,0.15314896843612932,0.0980096145896001,0.10751089395725684,0.0,0.0
0,3,pre_rope,1024,256,3,48,120,0.2895954477168415,0.7075820800428111,0.23189452795997217,0.5833246082834135,0.17933055420084695,0.4562474237656691,0.12790266144632687,0.3257476423387556,0.07926114785521449,0.2020635011779732,0.05298864030558178,0.13505589281803104,0.03521046167445302,0.08967740789647094,0.022895913408282287,0.05829800035243725,0.013732774521899641,0.03496243777332626,0.0004228639666916204,0.000244140625
0,3,pre_rope,2048,256,3,55,134,0.2960624617902116,0.7274108568942,0.24266472835430383,0.6061713787105834,0.18900994445231625,0.4785936564446338,0.13848219242676557,0.35178232737702636,0.08857528198007807,0.22535951819537967,0.06100634085421093,0.1552409971885628,0.04204112904674015,0.10697232594420773,0.02824233270082833,0.07185411564475003,0.017547580884830476,0.044644369372232005,0.0,0.0
0,3,pre_rope,4096,256,3,52,143,0.2736826206703572,0.7445376681104225,0.2232334619186887,0.6161465618766633,0.1730548934284332,0.48245282402069956,0.12998969477376077,0.36285802327232697,0.08550709535481875,0.23899496782663407,0.060030302501947644,0.16782213066213295,0.04221586051218404,0.11800960818467862,0.028894329190498547,0.08077993129930364,0.018248593106322125,0.051023638389471125,0.000244140625,0.000244140625
0,3,post_rope,1024,256,37,149,176,0.5966219460476938,0.8099740819552058,0.5386427198546405,0.7390151236513243,0.46343189897194303,0.6382629765447649,0.34276065639566106,0.472247238369203,0.2266996560446238,0.31504850710424465,0.1680992861231635,0.233848106685247,0.12369186654269519,0.17208433408038243,0.08727711491771824,0.12142873391372964,0.05668953723884802,0.07886120105108393,0.000244140625,0.0
0,3,post_rope,2048,256,43,167,184,0.6376353961550995,0.767487265763896,0.5688634256297337,0.6900597947928548,0.48999242397212567,0.5978395766783106,0.3740717206820776,0.4551995897071679,0.2530683336289791,0.31057508808310685,0.19293783457596972,0.2369210867221788,0.1472291450952097,0.18097655617647843,0.10747346506205077,0.13218270367517418,0.07206492003242483,0.08862573708898928,0.0,0.00034526698300124393
0,3,post_rope,4096,256,40,168,175,0.6464863572565673,0.6797590985350386,0.5717911559797608,0.6024218774537542,0.4856993505642032,0.5195365274491119,0.3670746650206361,0.39154539395145127,0.24009303455377762,0.2592317070461865,0.18583303770831533,0.20080414281576128,0.14427926030892918,0.15601044410810094,0.10798138645271908,0.11680387648198266,0.07450650298135882,0.08058933740896566,0.0,0.0
0,4,pre_rope,1024,256,6,79,145,0.3405065102928112,0.7550770459115596,0.290566321571247,0.647470143340474,0.2338697710049045,0.528377903533459,0.17802790622339834,0.40443911791415793,0.11849701686918947,0.26944609692865373,0.08106865819923333,0.184296905013046,0.05459150335692846,0.12408998160979472,0.0352400734093342,0.08007254232159731,0.02113332920535716,0.047994594508025026,0.0004228639666916204,0.0
0,4,pre_rope,2048,256,7,92,159,0.35214058713366464,0.7757008313988325,0.3058089135491968,0.6735144728285786,0.25083295817891027,0.5596967890408959,0.19583882939627728,0.4387200238239037,0.1354025564422887,0.30385475801173434,0.09528086403042597,0.21391567568914158,0.0658944547181146,0.14797016662757392,0.043893741441345904,0.09854696333497012,0.027178674778241416,0.06100634085421093,0.000244140625,0.00034526698300124393
0,4,pre_rope,4096,256,3,82,165,0.2975356130361209,0.765222307297958,0.25992665283288147,0.6728716267333426,0.21405522689158266,0.5588738866089763,0.16932415244728008,0.4425600214838821,0.11931284979263913,0.312017258668052,0.08556632600287266,0.2238424725952084,0.06024834655139105,0.1576505831256684,0.040794137840244965,0.1067464226831314,0.025631277664493347,0.0670769425027344,0.0,0.0
0,4,post_rope,1024,256,47,172,197,0.614558499583439,0.8490134418286145,0.565305020782103,0.7888704009438082,0.4933859750760695,0.6887538054096308,0.3753158510743011,0.5252066931975723,0.2684195993692171,0.3773237392893034,0.20291846118527762,0.2856564250328296,0.15403628979434814,0.21681983070153688,0.11297909131341571,0.15907031086927828,0.07640236437069932,0.10758321956408863,0.0004228639666916204,0.0
0,4,post_rope,2048,256,58,188,205,0.6497125154920581,0.8068653744951534,0.5922004658026958,0.7405220418904004,0.5210532359969463,0.6523114499073325,0.40321197163013023,0.5073980547546281,0.2993298476220835,0.37747164626091656,0.23248226118610604,0.29331776492752093,0.17962263843998846,0.22679941352687677,0.13549342791958366,0.17105130579276331,0.09492770204593945,0.11979246830326488,0.000244140625,0.0
0,4,post_rope,4096,256,42,181,188,0.6402544019637888,0.676069606052804,0.5727944388198212,0.6074874695321545,0.4931016334828459,0.527896619545081,0.3636714521460938,0.39053046036144645,0.26183123093053773,0.2837470782965588,0.20692513103381868,0.22431528492216737,0.16175380455860866,0.17545219988744232,0.12308731625534418,0.13345093706358682,0.08734299333548311,0.09461449354896091,0.0,0.00034526698300124393
0,5,pre_rope,1024,256,5,71,142,0.32911134246874135,0.7419815380018019,0.27521384767662477,0.6233798485585147,0.21792692924924262,0.4998450038997929,0.1625241408389481,0.37420450713064757,0.107419378078225,0.24760120634546195,0.0749201508483753,0.17269373007935732,0.051410589991509985,0.11847739803272392,0.03425807139386923,0.07893636902929971,0.02112204455406244,0.04866917487870555,0.0,0.0
0,5,pre_rope,2048,256,6,83,158,0.3432338480806216,0.7580773785345263,0.2912279417010064,0.6459772247073001,0.234744353132002,0.5263917595218344,0.17843389664467274,0.40251630027414936,0.12202342849654234,0.2756894701859413,0.0874531347926688,0.1975701125553979,0.062325711425197404,0.14082872680413583,0.042865281808136604,0.09686231222436033,0.027230163073434933,0.06154668459604973,0.0,0.0
0,5,pre_rope,4096,256,3,69,162,0.28197576341570496,0.7439203812479486,0.24157884470925753,0.6405448863480973,0.19542370491394145,0.520052655378424,0.15068441651590023,0.402085304584843,0.10493674143823181,0.2806737081825359,0.07609515116378736,0.20352983480037914,0.05493598073132356,0.14695623058909021,0.038200792112676,0.10219173644263936,0.02462796916585643,0.0659148038881445,0.0,0.0
0,5,post_rope,1024,256,43,166,192,0.6135820756524849,0.8490942961208198,0.5690760338235471,0.7889244789802384,0.49445318054787174,0.6860857636054878,0.3742532447414363,0.5193354875979388,0.2557097718342008,0.357600433273821,0.19445076621844584,0.27222697833397985,0.14696738401569412,0.2057682595754558,0.10693387244898042,0.1496920524016408,0.0714231301687472,0.09995523881488418,0.0,0.0
0,5,post_rope,2048,256,53,185,200,0.6451457013565628,0.7831422206571439,0.6012121394047928,0.7316510429394182,0.5278618986729268,0.6436973957679342,0.4108169320774383,0.5020758927718608,0.2888108266201218,0.35486417227011774,0.2267540746572986,0.27880859375,0.1758653227767518,0.21628654832637761,0.13102438472609892,0.16116277242779664,0.0901702256502169,0.11092208970185193,0.0,0.000244140625
0,5,post_rope,4096,256,41,173,180,0.6337554405475463,0.6647986427004072,0.5807786814930719,0.6164676476131911,0.502802327149771,0.5334983260031038,0.3730321751439505,0.3956372461337017,0.2445661574728032,0.2624512854287545,0.19343488355601884,0.20768619800748425,0.1518760740768066,0.16315371994982394,0.11409362995242739,0.12258777043143654,0.07941590944498232,0.08534591970405987,0.000244140625,0.0
0,6,pre_rope,1024,256,7,86,151,0.35829156846610977,0.7598567211778359,0.304508058576012,0.6611131583466162,0.2520374482274221,0.5504962373097343,0.19364568917233368,0.4242157460030826,0.12760266153914093,0.2798394754616874,0.08849819836695422,0.1941590390596788,0.06073608367769649,0.13323346908259562,0.03994442058651535,0.08760839288037577,0.024341934469391667,0.05338033016132744,0.0,0.0
0,6,pre_rope,2048,256,9,101,168,0.37131148525960433,0.7817092308732099,0.3217176923322221,0.6868623030151113,0.2698390143442233,0.5810694588458577,0.2130059446123172,0.46021123016859444,0.14559565203378774,0.3151075294672489,0.10423432378205837,0.22568235772527712,0.07430824104597963,0.16088496711876443,0.0506460885287715,0.10966453377022589,0.03191899423769101,0.06909999192233666,0.000244140625,0.000244140625
0,6,pre_rope,4096,256,4,83,169,0.30346247577122676,0.7549456808305581,0.26274772036186894,0.6646845428587537,0.21889205135066173,0.5572145949454765,0.17382623907202013,0.44361500365645457,0.12067019312712804,0.30810633929774994,0.0872921382068896,0.22290146024182028,0.06304172348285475,0.16098570610946714,0.043563198746231456,0.11130188749894422,0.027709692058855182,0.07079867655815661,0.000244140625,0.0
0,6,post_rope,1024,256,50,177,201,0.6257662367716427,0.856704690036201,0.5793043942519736,0.7948033387379914,0.5081931228298477,0.6986162370864896,0.3839556693972846,0.5283032765347717,0.2771395078998829,0.38437660030869225,0.21374117827476108,0.29649358642100143,0.16361466092869853,0.22706377545982123,0.12059583123500159,0.167352121181169,0.08215141577589004,0.11402386572804137,0.0,0.0
0,6,post_rope,2048,256,62,194,209,0.6507459248529863,0.8031642347615504,0.6058854176810335,0.7484239071306511,0.537815642272884,0.6657464610574069,0.41851884525577643,0.5180552460729488,0.31058660289072776,0.3877451982280785,0.2459772227682648,0.30724212548863505,0.1936258348874242,0.24188003712221862,0.1465567854883583,0.1831640531279988,0.1022704466170517,0.1278346050519158,0.000244140625,0.0
0,6,post_rope,4096,256,42,182,191,0.6390115377163587,0.6934097056859116,0.5791258525418075,0.6356055234402584,0.5067224981996874,0.557681479146542,0.3699455567849056,0.4060305222609217,0.25796284771087247,0.2867215190202844,0.2058580373181307,0.2289833433765091,0.16356492656675914,0.18196159634620937,0.12505601581500275,0.13913338386931975,0.08835968314335499,0.09833958918397413,0.0,0.000244140625
0,7,pre_rope,1024,256,5,68,138,0.3259818614348467,0.7291520639501388,0.2718128440224967,0.6246458480711632,0.21624603400149217,0.5009105854573853,0.16100125577685676,0.37471362941520964,0.10402482229894648,0.24212879576930155,0.07085295760631662,0.16489200699255177,0.04827321402329321,0.11233413973517901,0.031828297827602076,0.07403662571646041,0.01929637831075731,0.04489267478270267,0.0,0.00034526698300124393
0,7,pre_rope,2048,256,6,81,154,0.3378230562069331,0.7523596123184819,0.28646113076433555,0.6459046037377882,0.23316746220192794,0.5322655899717498,0.17907061626687662,0.4111559356203477,0.12001243924200083,0.27573940835015087,0.08390698082745911,0.19283956921956424,0.058857641426969386,0.1352713122684224,0.0399906517072241,0.09188870645643599,0.024996709607074688,0.057433271250337925,0.000244140625,0.0
0,7,pre_rope,4096,256,3,69,153,0.2911337798233167,0.7373368616220906,0.24821406459504458,0.6272588917119872,0.1995199581765817,0.505932717916262,0.15393526220147105,0.3921881109590065,0.1047408807649815,0.2672087633026469,0.07408773000548555,0.18898723775170645,0.05232760052149028,0.13350519290211088,0.03587953619904927,0.09152929387423175,0.022651198251451565,0.05774893488046235,0.0,0.0
0,7,post_rope,1024,256,42,161,186,0.6345306900724577,0.8463368145068665,0.5743759355340257,0.770867383479791,0.49664744318598997,0.6699182716028044,0.36623648999394964,0.4957212115656338,0.2465207467546593,0.33661981532045276,0.18498562705422356,0.2526998174940687,0.13797833730148962,0.18848952807168887,0.10006787857382421,0.13670458039016872,0.06712180185779767,0.09168285024719434,0.0,0.0
0,7,post_rope,2048,256,50,180,196,0.6654656340326149,0.7981709432858418,0.6069714019612185,0.7277972077023916,0.5288286002787177,0.6373427440189279,0.4014151514357487,0.4847270547552451,0.27773922944152174,0.3379503318646152,0.21590411600285975,0.26278038490925115,0.16560996365219868,0.20156939590841247,0.12342292603034234,0.15024450560566655,0.08607368083012791,0.10480857793558987,0.000244140625,0.0
0,7,post_rope,4096,256,40,172,177,0.6620193465249636,0.6784011682791592,0.59318384986006,0.6170816451450345,0.5095489743123303,0.5321502910873791,0.37325357033516016,0.3887368152749883,0.24475033729070192,0.25857903937133686,0.19179153590336342,0.20277830026579596,0.14907159389690616,0.15771616648777748,0.1122107071104276,0.11882728270383285,0.0791038230290424,0.08380462573082871,0.0,0.00034526698300124393
0,8,pre_rope,1024,256,14,90,142,0.42119380915748167,0.7986029608398146,0.36618912695467776,0.7056500764754724,0.29595221606747846,0.5712346499361083,0.2112046422173647,0.41015966504809676,0.13606344943400892,0.2651615587825882,0.09288516093514745,0.18105689976399253,0.06213606734679889,0.12108612036511229,0.03885902817544137,0.07571627003776267,0.021364745954257015,0.04160717850150915,0.0,0.0
0,8,pre_rope,2048,256,17,108,158,0.4339361127907866,0.8178024399823374,0.3822195950098703,0.7271413855527076,0.31627727752774937,0.605055982111912,0.23541853968682583,0.4524700429916218,0.15967394149761505,0.3081582775291045,0.11352171533029257,0.2193069180647653,0.07817876872855782,0.1510323050217627,0.04999580365691486,0.09654797145346226,0.028014538328474527,0.054113922359871176,0.00034526698300124393,0.0
0,8,pre_rope,4096,256,9,93,162,0.3601512817569725,0.817897966996705,0.3171445920889394,0.7261414897567896,0.2626024954375841,0.6055383949832741,0.19552067153211297,0.45221935399921764,0.1340672184040459,0.3107694392120057,0.09666119022860795,0.22418371584793018,0.06747209466627507,0.1565021387874231,0.04384414896712129,0.10166192689905527,0.024919092866114118,0.05781753105748297,0.000244140625,0.0
0,8,post_rope,1024,256,52,171,194,0.6599648553709959,0.8783829720752732,0.6161813381237916,0.8236972189333567,0.5452002357850436,0.7295318551877032,0.42824318639765235,0.5732313736735559,0.27621995218763934,0.37200150141361743,0.20812368971037018,0.28076967974447004,0.15596382637484146,0.2104588482063182,0.11328467002178441,0.152878044441208,0.07608810121848023,0.1026569959825326,0.000244140625,0.0
0,8,post_rope,2048,256,63,189,203,0.6920875597722737,0.8539737545599237,0.6495406636906493,0.8033654917879476,0.5796717495076645,0.718341109856231,0.4690394461581106,0.5819436333781407,0.3108067414889229,0.3873613971046391,0.2409063106788661,0.30048365547554623,0.18686887699162305,0.23308526260383114,0.13947546857395152,0.1741193410771296,0.09507765055955733,0.11866866890328957,0.000244140625,0.00034526698300124393
0,8,post_rope,4096,256,53,179,189,0.676024244423911,0.7622455438125186,0.634361302646031,0.7147939487473843,0.5591029267383403,0.6310515214468125,0.43884744230500566,0.4956935559995744,0.2668711657996877,0.30347092150756894,0.20615315909249293,0.2348225453156994,0.16124559559092813,0.18366970357905352,0.12143045191550918,0.1383043172960962,0.08342682045015477,0.09504535947385032,0.000244140625,0.0
0,9,pre_rope,1024,256,4,61,140,0.31005772868358655,0.7455780883638119,0.2573848993028926,0.6306224177206532,0.2017031570660312,0.49889926149256664,0.14758598633845585,0.36738207916884213,0.09653377117941107,0.24049586509433363,0.06743719145781153,0.16799145922068107,0.046399566477361716,0.11555565481507693,0.03058391228178967,0.07615152723016988,0.018623625531780808,0.04637386746321784,0.0,0.0
0,9,pre_rope,2048,256,5,73,155,0.3205928970832757,0.7625713955957762,0.27080533298611065,0.6523221863249238,0.21605893575229493,0.5253164813397436,0.16231716580858474,0.3978507265242276,0.10952176737312969,0.26884871599381355,0.07912228159882684,0.19427918798841273,0.05628063639169167,0.1381704371359291,0.03799584320823445,0.09327993165175615,0.02378461022516939,0.0583817780376372,0.000244140625,0.00034526698300124393
0,9,pre_rope,4096,256,2,56,156,0.2678039043743017,0.7556976618510651,0.22563283193420494,0.6402090164199132,0.17884646420416395,0.5123518892591586,0.13476805753862134,0.3876354257755509,0.09136014900642977,0.26374634997838853,0.06650715062410179,0.19209601232866777,0.0477867466002318,0.13802239279195902,0.032646449320389494,0.09431478132821888,0.020641075574070557,0.05962531880227517,0.0,0.00034526698300124393
0,9,post_rope,1024,256,36,157,183,0.6395064101624909,0.8435815360408656,0.5806122449740657,0.7732171794858603,0.4964272286866427,0.6614139021321099,0.34064380698823943,0.4545038225875599,0.23670223669486895,0.3198983841726761,0.17750618507462237,0.24012518161208807,0.13295087898196242,0.17988128164429013,0.09667105588046479,0.13082657588022004,0.06518646125295016,0.0881858107244854,0.0,0.0
0,9,post_rope,2048,256,44,177,193,0.6724564897011771,0.802962760271995,0.6134092355319578,0.7341443166206622,0.5296877160536064,0.6345658677574505,0.375909814235297,0.4482667205679084,0.26707980121373764,0.3232729802058009,0.20643082408175625,0.25010071156403213,0.15870060820676313,0.19235229250099778,0.11835835774302435,0.1435602926600235,0.08276079110952518,0.10037950981146618,0.0,0.0
0,9,post_rope,4096,256,36,164,169,0.6800936658245971,0.6963937474721105,0.6084737225973371,0.6320581060298497,0.5220467039422376,0.5430498680061902,0.358743610524555,0.3689134494154929,0.2305922096739675,0.24292887762228826,0.17821847571081478,0.18785427320796802,0.13762495258825944,0.14521811917067212,0.10348654284504005,0.10925313427442437,0.07250812156174873,0.07661699185366354,0.0,0.000244140625
0,10,pre_rope,1024,256,18,76,120,0.480880065026616,0.8328926033588354,0.4159349533450195,0.7257184899730518,0.32669482310910447,0.5710783219243059,0.20715040700523984,0.3652697867295804,0.1180598532449184,0.2093696251933725,0.07643083422612702,0.13565455839749646,0.049939739153222404,0.08860387673604496,0.03116500740598324,0.05530256710198966,0.017718286148270167,0.03142877937842597,0.0,0.0
0,10,pre_rope,2048,256,20,88,133,0.49623730602411953,0.8514945326812711,0.4340374712391394,0.7486970431557688,0.34889437910249804,0.6046108443689292,0.22869670247017915,0.3983243893905439,0.13547385059860964,0.2373507733589786,0.08990111799977041,0.15774601961848309,0.0601305027146786,0.10555602806944801,0.03844420335825137,0.06746767753678076,0.02215231456159358,0.03888969344866017,0.0,0.0
0,10,pre_rope,4096,256,16,80,132,0.4448883981812098,0.8347254370805383,0.39103257850379225,0.7366080928152325,0.3139274420641184,0.5952718205207528,0.20564902631926563,0.39297510828292986,0.12170428521879949,0.23395169496389004,0.08105211368748645,0.15602152332355898,0.05464715832078207,0.10515689662604169,0.035215539740245036,0.06778937160715584,0.02039560775969795,0.0392596040383347,0.0,0.0
0,10,post_rope,1024,256,50,158,180,0.658319525231846,0.862266444635896,0.6022191117862472,0.7940918621773227,0.5235575637903451,0.6930482408073417,0.41149111106143527,0.5456355627202031,0.25855356693673365,0.3442633004261334,0.18718343077552824,0.24963996711678174,0.13757427117031445,0.18358693211659138,0.09682661509448483,0.12923920143218393,0.061653121629129296,0.08235793684585067,0.000244140625,0.0
0,10,post_rope,2048,256,60,176,191,0.6946413036641469,0.849894771653968,0.640436423854644,0.78902055609992,0.5655008379983132,0.6990254310735098,0.4578430920687879,0.5669635530258954,0.30021822859908526,0.37289689329494585,0.22107199841585895,0.2752506630912922,0.1674777995528007,0.20854311553522906,0.12085626757226546,0.15058094219229662,0.07831740528523383,0.09761809557385134,0.000244140625,0.0
0,10,post_rope,4096,256,58,172,183,0.6994644670984634,0.7930757610106114,0.6360567548128214,0.7279843804457544,0.5651216343115215,0.6485972380079098,0.45602011702734835,0.5238430103573729,0.28804196814218647,0.33178935495813844,0.2047385174019903,0.23685856080193682,0.1566894074770111,0.1812932784928627,0.11431492087427156,0.132365878258263,0.0755361782576339,0.08751990228194198,0.00048828125,0.00034526698300124393
0,11,pre_rope,1024,256,8,81,141,0.37451689118515,0.7523900533749275,0.3079976952825742,0.6296343646100008,0.24166308816913096,0.4984676005204508,0.1817906898066018,0.3773507506548455,0.12066130175879285,0.2508216706497453,0.08297764847158555,0.17263780728396286,0.05646566796138336,0.11751054107782968,0.03678349407548673,0.07654305035858593,0.02225566440444985,0.04630762685653659,0.0,0.000244140625
0,11,pre_rope,2048,256,9,95,155,0.39315396867767416,0.772566063596112,0.3267687971841894,0.6530968436418811,0.26198029615842555,0.528370063399498,0.20218941830605025,0.409723762286609,0.138380792856648,0.2815539518999962,0.09782212475110276,0.19907568488179872,0.06785308818606194,0.13813592203033098,0.04532410045642205,0.09228870849231473,0.02776770939084557,0.056542673587852234,0.0,0.000244140625
0,11,pre_rope,4096,256,6,81,157,0.3373963373425213,0.7802053333491331,0.2826364042738904,0.6597450826822301,0.22521201846777428,0.5281916265952774,0.17357677332068275,0.40967313379025727,0.11911760952131002,0.2824429537134109,0.08508852444117919,0.2018015368222563,0.059522265459651474,0.14119372335483268,0.0400256622964936,0.09498827460357571,0.024765536431476092,0.05877048541099806,0.0,0.00034526698300124393
0,11,post_rope,1024,256,41,165,191,0.6103108384851516,0.8158537350293179,0.5473408486008687,0.7384243377403613,0.4662648764683827,0.6341959113280059,0.3628324792636065,0.49501310379331726,0.24507572385701884,0.33542496372804703,0.1872450366616564,0.2564710919336127,0.14296888341011535,0.19585800286060792,0.104941285383736,0.14373145605806437,0.07108727729592101,0.09741883983640957,0.0,0.0
0,11,post_rope,2048,256,52,186,201,0.6608674772067823,0.7914005426199178,0.5942508693041961,0.7165385308230804,0.5094839318935952,0.618349550690869,0.40667665525322205,0.4953768498831127,0.2826170019058219,0.345254380526365,0.21982663736660907,0.26888717876324875,0.17259050040818075,0.2110914445662239,0.13094156445588445,0.16015959945525732,0.09149347040193735,0.11189314029179961,0.000244140625,0.00034526698300124393
0,11,post_rope,4096,256,45,177,184,0.6544653376732719,0.6873761845849197,0.5867066484973484,0.622318906831724,0.5026260792858923,0.5359517887979958,0.38479242376732536,0.4112413131816755,0.24890361221745305,0.2678074654425319,0.19470501840802107,0.20967799794801154,0.15409296782957874,0.16598510461643481,0.11753995662411247,0.1266449930236687,0.08348288626809748,0.08996043713223852,0.0,0.000244140625
0,12,pre_rope,1024,256,6,76,152,0.34140061432750207,0.7412051676851044,0.28374613301335144,0.6286238990208179,0.22358989720254016,0.5007676549723534,0.1662066986942055,0.37323488620581396,0.11332780604815283,0.2552680250672509,0.08175430778795957,0.18418642519199427,0.0584440225643182,0.1316579111222173,0.03999884842168628,0.09010376829084997,0.025058629904859926,0.05643663174625634,0.0,0.0
0,12,pre_rope,2048,256,8,93,167,0.3646972296690888,0.7639713724474966,0.3057104690960337,0.6560640071514705,0.24576037396473296,0.5338643204878669,0.18937650094523345,0.41231224526580623,0.13093587432798987,0.2857036822769701,0.09642812965937747,0.2106364892831325,0.07104953606686945,0.15516169143769712,0.049951076414253844,0.10915761871309769,0.031787071872577725,0.06943515609507205,0.00034526698300124393,0.000244140625
0,12,pre_rope,4096,256,5,80,167,0.32465985177686185,0.7518776595654464,0.2696014534011174,0.6359498699962796,0.2174566727815013,0.5134588459799336,0.16663076093463217,0.3967249098393831,0.1156711383215389,0.2761804603634261,0.08596870549380038,0.2054843331001105,0.06373894090656532,0.15240711948255478,0.04521811290152432,0.10817055332467974,0.02909783461074765,0.0695976369018151,0.000244140625,0.0
0,12,post_rope,1024,256,40,163,192,0.615362196465791,0.8475027692518874,0.561090557925334,0.7768701807303802,0.4849728002491545,0.6740260179150249,0.3662910068717056,0.5097199050453359,0.2423622977207384,0.3398427853625408,0.18290141624999426,0.25664254801826625,0.13891172486233744,0.19496734639179356,0.10255243123416712,0.1439632906614563,0.07050509038092784,0.09898269085855167,0.00034526698300124393,0.000244140625
0,12,post_rope,2048,256,51,185,201,0.6494129152216135,0.7866003885036394,0.5965195860896711,0.7267946877231877,0.5279344993877255,0.645027062417592,0.41556707566545287,0.5071459577262243,0.28012878725895324,0.3444559477778896,0.21867151214689437,0.26906578673372283,0.16922062838454954,0.2083117632825696,0.12810800951441562,0.15778644459983496,0.09132980671452742,0.11248923356142279,0.000244140625,0.0004228639666916204
0,12,post_rope,4096,256,45,176,181,0.6486370744711634,0.6717058013072588,0.596202303500174,0.6203739145466588,0.524885707857743,0.5473564208772241,0.4066494665000021,0.42313549913371273,0.253613112034262,0.2662816626119489,0.1985318177519969,0.20872952617819018,0.15358812789484388,0.1615128168860389,0.11651366737320312,0.12260114075657384,0.0835510430024916,0.08791401869656583,0.0,0.0
0,13,pre_rope,1024,256,9,79,140,0.3828616986481516,0.7668404176682305,0.3186574839049681,0.653190565696839,0.24900488690862319,0.5140319838350781,0.18386496133066504,0.38217585036706636,0.11901298314282847,0.2480588895035676,0.08153821737186433,0.16987468897417016,0.05536019892541062,0.11537446380854338,0.03607916070600529,0.0751695464936583,0.02140655294607712,0.04460429842467835,0.0,0.0
0,13,pre_rope,2048,256,11,94,153,0.40417058326684957,0.7941889277684244,0.3432923651915519,0.6869366244856383,0.27691057790360274,0.556539640133876,0.2101344611348629,0.42533900540604774,0.13931490676053665,0.28272327680643655,0.09731385287775869,0.19766662932272822,0.06720832679340152,0.136557784009987,0.04441078355104395,0.0902614008077043,0.02672196932131275,0.054293713374678275,0.000244140625,0.0
0,13,pre_rope,4096,256,7,84,153,0.35738043206093734,0.7825299268855841,0.30398507946818065,0.6715342078766205,0.24594596179331044,0.5436639520369598,0.18713088260391733,0.41546314788059924,0.12474367563732933,0.2780754216613563,0.08754237375120605,0.19548926937186265,0.06098093294540389,0.1361698576383259,0.04054792869536464,0.09062781493978148,0.024446999267043835,0.05462970404371425,0.0,0.0
0,13,post_rope,1024,256,42,165,190,0.6232940279286052,0.8230235215518839,0.5658049449999867,0.7549973138230898,0.48663945172043355,0.6505357276874917,0.3727318996842178,0.49944172925403174,0.24795206014981575,0.3345044643007257,0.18892288727931209,0.2551398023080116,0.14376338398864538,0.1942067699466294,0.1054286174006109,0.14236894704864622,0.07139600283763375,0.09637217310459159,0.0,0.0
0,13,post_rope,2048,256,53,185,199,0.6592818569548157,0.7867513178246743,0.606692793470432,0.7272596808504205,0.5312546561541991,0.6392865037875161,0.4227709968762204,0.509516863580359,0.28453518893570223,0.3448106700965515,0.2225946709323155,0.26987159360049495,0.17381818078560898,0.21084239369803257,0.13098411877295482,0.15897248244735965,0.09094623327104541,0.11039665448675923,0.0,0.0
0,13,post_rope,4096,256,48,179,186,0.6584198365741311,0.6813577321813693,0.5967913084623222,0.6352490740862767,0.5253236862707179,0.5606408123563461,0.41177528181438705,0.4395843309990769,0.259639508601893,0.27933752657748123,0.2037095681544041,0.2195102559433031,0.1598565623946008,0.17224151373389845,0.12129711179699106,0.13071490611480785,0.08507416294705084,0.09169520165172727,0.000244140625,0.0
0,14,pre_rope,1024,256,13,80,132,0.4360648868075016,0.7988629694942906,0.3654043036920991,0.6823908221773609,0.2857020132801018,0.5384808041720633,0.20152754961148833,0.3817133011430984,0.12274981774901245,0.23297118341107614,0.08124675744262158,0.15442758166622492,0.05491753291062874,0.10442885146067163,0.03646450898681366,0.06933808659191414,0.02243571316290556,0.0426757533162809,0.0,0.0
0,14,pre_rope,2048,256,15,93,147,0.4491141155950809,0.8162241645977196,0.3800826539948881,0.7002000369626831,0.3047283829868267,0.5655917394985821,0.2207576718061116,0.41181349415209706,0.1412848778933683,0.2639541810112303,0.09612477119726127,0.17984632024577213,0.06650446192751513,0.12446192325352289,0.04481493618992207,0.08391301871903294,0.028119658916678416,0.05265462991729497,0.000244140625,0.0
0,14,pre_rope,4096,256,11,84,146,0.4057443112381766,0.8059036545970362,0.34591220201518,0.6927059049253036,0.2770032269740893,0.5621071609336825,0.19957252953687252,0.4060515872897523,0.12720171724755738,0.2593738785685,0.08678847250796683,0.17723701390741134,0.06043996909619797,0.12347796778737552,0.0408379475588016,0.08346574912323546,0.025825878010952912,0.05281117815699701,0.0,0.0
0,14,post_rope,1024,256,42,162,186,0.6404174840752724,0.8200908724802651,0.5668951095328392,0.7299112854901599,0.4676001114165579,0.6080425072417166,0.3624415383387766,0.4739754921738006,0.2423873814867639,0.3183842748722067,0.18102628120861405,0.23808029956729562,0.13706968771008574,0.18024937230396365,0.1010627187185097,0.1329159053593341,0.06988991800927558,0.09191010978555209,0.0,0.0
0,14,post_rope,2048,256,53,183,198,0.6988735945415744,0.8197979721221077,0.6245220264004709,0.7365980184906453,0.5232127831752262,0.6217459846738118,0.40954580747600516,0.4895428647569881,0.2806884670066782,0.33710030093749677,0.21383039602203296,0.2570976983070093,0.1661738819454866,0.19987931782804355,0.12557208754609767,0.15105677123564806,0.088859473931204,0.10690265364676393,0.0,0.0
0,14,post_rope,4096,256,50,179,188,0.7170057070503657,0.7755245794475216,0.6420682606133703,0.6981710757877251,0.5397994491131951,0.589495221171208,0.4066919710280817,0.447174062893544,0.26608931407266184,0.2941980637679189,0.20146528161685937,0.22333543487053512,0.157192818947929,0.17434991252733972,0.11966726505551424,0.1327833255812988,0.08516484488413152,0.09449472273366231,0.0,0.0
0,15,pre_rope,1024,256,12,83,137,0.4236306991981708,0.7629384570305997,0.3474633185148007,0.6384397312298967,0.27697923373111194,0.5131595507941249,0.19946797059779567,0.3710961592746626,0.12497973277773518,0.2331882951324656,0.08575176628673702,0.16009632012774316,0.05936032163985273,0.11081806254531618,0.040124569281527196,0.07492253753719212,0.0252883023114476,0.04722212373810515,0.000244140625,0.0
0,15,pre_rope,2048,256,14,98,153,0.4441781570828221,0.7886495170428293,0.36844856743856963,0.6666590471627003,0.2991832542779598,0.5474243674446768,0.2236906418303919,0.41051300518887246,0.14522222360356227,0.2671992829161861,0.10179083173120274,0.18736373400268125,0.07208311385927985,0.13271507729123125,0.04943772303630996,0.09105234346846122,0.03167342381578916,0.058339393391768996,0.000244140625,0.0
0,15,pre_rope,4096,256,9,86,154,0.3864962004885636,0.7907628161669861,0.3233002670985498,0.6705257707830552,0.2580413958215814,0.542590331893935,0.19419986427412386,0.4090071066120059,0.12663769783905995,0.2674347430695752,0.08912403590896724,0.18837470430124384,0.06329083782136342,0.1337924037989472,0.043765909844329216,0.09251447976680308,0.02810481724835578,0.05941903338683227,0.0004228639666916204,0.0
0,15,post_rope,1024,256,44,165,191,0.6278709751997305,0.8213385205339865,0.5492738698808739,0.7256252437331573,0.4555937502260716,0.6089258739665789,0.3619513832608627,0.4859748384414311,0.25232521201619657,0.3396848109611754,0.18782587343355842,0.25313639203091376,0.1420371885495513,0.19156780042674018,0.1050224752440947,0.14166742305927676,0.07247605487415033,0.09776117410232568,0.00034526698300124393,0.0
0,15,post_rope,2048,256,56,187,203,0.6840096652563866,0.8296991897018133,0.6111170980372156,0.7457593398089577,0.5142743309025174,0.6324229984379498,0.40730208101478516,0.5046536720678221,0.2919616683269352,0.3625816253315606,0.2227158048522546,0.27674220222163176,0.17306419268683004,0.21502428272537047,0.13161014011472696,0.1635286637824666,0.09309604168927081,0.11570385486442127,0.0,0.00034526698300124393
0,15,post_rope,4096,256,50,180,192,0.6833461203968184,0.7674093667608715,0.6186866419557224,0.6967413718569104,0.5220103950525097,0.5900422324405136,0.39537094950643886,0.4493430587600877,0.2661632245995142,0.304391374715447,0.20217910018051988,0.2318976123405606,0.158675442406179,0.18203299198217587,0.1217187319793492,0.13961258007740254,0.08656153819517277,0.09931783459441798,0.0,0.0
0,16,pre_rope,1024,256,7,66,128,0.37030314502086165,0.7121681210072806,0.29288176198814353,0.5821738356472764,0.2233235582186215,0.44802485497532296,0.15905569665295344,0.32117931033514535,0.10171731739822579,0.20580316170579846,0.07042050014497003,0.14260466864167562,0.04904128277978678,0.09935203670800395,0.03334106514586832,0.06754802408328575,0.02107684553036783,0.042691114102317816,0.00034526698300124393,0.000244140625
0,16,pre_rope,2048,256,9,80,144,0.3981290633205341,0.7515579770719402,0.3194919403444606,0.6202061867113502,0.24757376178569335,0.48490071224239795,0.1798350516170307,0.3551246738452481,0.11857043292141337,0.23471553223636063,0.08372386182875384,0.1658687165945235,0.05955780398258713,0.11805657155715471,0.04136436791397112,0.08200508790397502,0.0265114686728481,0.052554353098502225,0.000244140625,0.0
0,16,pre_rope,4096,256,5,63,142,0.3318913782248681,0.7458719453105,0.2681446621316783,0.6114168437894942,0.20420374890359916,0.47026199627287535,0.14821507704846915,0.34337378635476695,0.09839079218016208,0.2286268436363806,0.06992317070639562,0.16247278865982798,0.04989794806961121,0.11600508208487696,0.03475296990307073,0.08080243303299421,0.022479505742025594,0.05227004598442932,0.0,0.0
0,16,post_rope,1024,256,38,154,181,0.6026152279782955,0.7953446409854408,0.5250805929177329,0.6993459660398543,0.4385790460864925,0.5915055265966539,0.3429228628131045,0.46322684008722687,0.2288584949036078,0.31051376454163526,0.17150127353695827,0.2327629599891437,0.12830234442432387,0.17412670081540949,0.09352020074011907,0.12693387399112202,0.06320460823497152,0.08577817539618161,0.0,0.0
0,16,post_rope,2048,256,49,177,192,0.6620604460425195,0.776767114281922,0.5881023342617485,0.6930845333769479,0.49233334514890814,0.5857990355601239,0.38922455564722597,0.4650169498676856,0.26641962459697266,0.3196939217527475,0.20518999227543402,0.24635410160980548,0.15818654668152216,0.18993936650374893,0.11828606982470588,0.14198451382183258,0.08283529867479786,0.09947584589396966,0.000244140625,0.000244140625
0,16,post_rope,4096,256,41,164,169,0.641734488317239,0.6482996966536491,0.5634972950312791,0.5798795212382126,0.47825291487049276,0.49401926352127457,0.3633251368767613,0.37699344399618023,0.2318994115436255,0.242242991335237,0.17886862546597274,0.1870047067468062,0.13800295827984282,0.14434988653894026,0.10359304160311736,0.1083632403442706,0.07327676592611784,0.07663371608130254,0.000244140625,0.000244140625
0,17,pre_rope,1024,256,7,77,144,0.36222859120734163,0.7398595137563272,0.29688262929649983,0.6218525312188924,0.235001806698611,0.49676996236468696,0.17482991809012385,0.37166511318640505,0.11493579523462044,0.2446537576261715,0.0803115049070466,0.17092459342253155,0.05628434298423707,0.11983201826184857,0.03820313248897549,0.08132595033697221,0.024189642365277122,0.051491682955053054,0.000244140625,0.0
0,17,pre_rope,2048,256,9,92,160,0.3860683945064869,0.7727498359433176,0.3224376797158912,0.6570018820713903,0.2601620510244988,0.5349432528338323,0.1978775956254128,0.40958582858272763,0.1340678852840324,0.2780853886203035,0.09597583762715303,0.19917506318635395,0.06900417851497731,0.1432620848772588,0.04786713016058923,0.09937813040163325,0.030851686702969953,0.06405656368384638,0.0,0.00034526698300124393
0,17,pre_rope,4096,256,4,69,157,0.30310400270709353,0.7422434534765157,0.2543379415000458,0.6259069061801523,0.2029548812955858,0.506127952651863,0.15376867351488993,0.38643982972354846,0.10469506079856505,0.26343757674644863,0.07528680956791682,0.1895685532506137,0.054288224004511006,0.13675776333714038,0.037905534779970676,0.0954989376508333,0.024617075850543187,0.062007393273109966,0.0,0.0
0,17,post_rope,1024,256,42,166,192,0.6009885353480139,0.8035209125202031,0.5383560970186119,0.7262423025107395,0.46389378521607416,0.6311597551857708,0.36685279038121793,0.4993709541128258,0.24895209992291745,0.34067372664758594,0.1894299994443426,0.25940512976239677,0.1436742168192097,0.19687440054665992,0.10588950541279991,0.14517706845956235,0.07245713709815743,0.09934183730989779,0.000244140625,0.0
0,17,post_rope,2048,256,54,188,202,0.6527989792142629,0.7674101046250125,0.5841404632898739,0.6921967550997988,0.4998057107143505,0.5978584196936819,0.4082121049541194,0.4886678157305424,0.2863022234391653,0.3440002917355032,0.22476734742799745,0.2703374332990391,0.17554763528941877,0.21118460416092583,0.1334641123193466,0.16053076893008678,0.09445087389160536,0.11359467391906868,0.0,0.00034526698300124393
0,17,post_rope,4096,256,40,170,174,0.6337105301222744,0.6339604832160124,0.5538215863044588,0.563231257787592,0.4610624628882738,0.47373907725844805,0.3589760597768602,0.36998760602142683,0.23316260517755852,0.24216904108397855,0.18250193503412157,0.1896950661471588,0.14257415347904015,0.14823478107270113,0.1090311367114138,0.11342348837161545,0.07804103153565703,0.0811718932106798,0.0,0.0
0,18,pre_rope,1024,256,9,74,135,0.3982791960144357,0.7598392480320322,0.32726902803102836,0.6335025839357737,0.24975943912390586,0.4853816493205438,0.1758766763006711,0.3443720131690903,0.11203182076663902,0.2199484827671328,0.07790611120793862,0.15315986547773525,0.05482085181954008,0.1077918876072571,0.03782289094257802,0.07437358566349885,0.024361515716977967,0.047887671723402664,0.000244140625,0.0
0,18,pre_rope,2048,256,11,89,154,0.4170934478239641,0.7924559490103069,0.3458561100793825,0.6640595828721543,0.26786332350366704,0.518063817570553,0.19423930003425005,0.3772445895930083,0.12904673925785934,0.25128570397847205,0.09240037295526317,0.18011473575231354,0.06703516524113481,0.13077189239969297,0.04762807544780512,0.09292590011312625,0.03160560459460903,0.06166520512197779,0.000244140625,0.0
0,18,pre_rope,4096,256,5,65,148,0.32408736910620023,0.7447120895199949,0.2711602341096652,0.6223982062088386,0.2082658340461066,0.4812212997399692,0.14995561578861583,0.34960911926601157,0.10021935484953143,0.23441314386875284,0.07200782775713194,0.16851239607630702,0.05234126754112169,0.12257439864787402,0.03746425196331696,0.08774299939262009,0.025013395535338167,0.058572383799721975,0.0,0.0
0,18,post_rope,1024,256,41,158,186,0.6078298002394359,0.8203508640582594,0.5375116679677256,0.7331331995044538,0.4574769284210261,0.6285951212034315,0.35981855800366647,0.49601510693632256,0.23505924796887823,0.3248745822999213,0.17647753671448735,0.24419835743175952,0.13371887593576554,0.18506503534303437,0.09786446309281062,0.13547649040240048,0.06580303203008983,0.09107165269797392,0.00034526698300124393,0.0
0,18,post_rope,2048,256,51,180,198,0.6597952222311733,0.8149721792363872,0.5929603847471483,0.7354888990408592,0.5053584147903788,0.6325922924300651,0.40225841024555503,0.5050958593431046,0.2702402933514269,0.34071973830570185,0.20722045889448787,0.2613983470499653,0.16162404406295092,0.20386122283133173,0.12221353902220003,0.15414189148202304,0.0854907125816227,0.10782423093801442,0.0,0.0
0,18,post_rope,4096,256,42,162,172,0.6597013994466624,0.7066102012381618,0.5859581498639889,0.6312463004881972,0.4967290460000056,0.5394352715898915,0.37847080969279556,0.411114762514813,0.22207928239325803,0.24356952245787078,0.17115650854949618,0.18797813487228635,0.13441266263960644,0.14763020280654188,0.1018882808336672,0.11192110315781277,0.07196601412596412,0.07907669241556725,0.000244140625,0.0004228639666916204
0,19,pre_rope,1024,256,6,83,161,0.3390745028994963,0.7625608435572866,0.2898385224809189,0.6598397122439563,0.2350772509522193,0.5375651697084315,0.17855811750663886,0.4107931369412496,0.1214633346932509,0.2800290840234588,0.08728428544647014,0.20128517293697715,0.06291490169180046,0.14506042109507344,0.04387608479519984,0.10114083421468349,0.028513283829407095,0.06572327294705095,0.0,0.000244140625
0,19,pre_rope,2048,256,8,100,179,0.3571910008269768,0.7916743796792667,0.3084253745125699,0.6872166569913689,0.25452137309113937,0.5718249293852845,0.19959507721160594,0.45023655237071514,0.1403940211221247,0.31751771847402843,0.10366608822733765,0.23451178056289265,0.07652007504018324,0.17313942942065821,0.054957676121751814,0.12435340540525043,0.036592599591709116,0.08277663407897533,0.0,0.0
0,19,pre_rope,4096,256,2,68,168,0.27071992015618757,0.6893260287531772,0.22848301842357296,0.5916242693991858,0.1864344199703384,0.4881133134055917,0.1462251531246986,0.3848779194972932,0.1034320998150756,0.27294354100199375,0.07678833953830681,0.20272567818570916,0.05708820164472523,0.15071408055471663,0.041171549555091246,0.10867494251082088,0.0275706009151153,0.07277233735183089,0.00034526698300124393,0.000244140625
0,19,post_rope,1024,256,42,170,198,0.5939012635946762,0.832806579683313,0.543720740046242,0.7663849153961427,0.47934784435560646,0.6776947097824014,0.3683976057486336,0.5211135746103026,0.25280181126579443,0.36011660806609475,0.19419433955930904,0.27684911757623587,0.14899640519330848,0.2124524287662487,0.11063503887941804,0.15775848824082345,0.0761460480554339,0.10859401346078652,0.0,0.0
0,19,post_rope,2048,256,52,191,207,0.6320399525424024,0.7750816594448812,0.5790253922028582,0.7134645007283762,0.5137652178178854,0.6366407662594085,0.40656686309889356,0.5040496503844069,0.28679790599516103,0.35713718103257913,0.2276912065948264,0.28373310879077607,0.17954331293573755,0.22382529691337527,0.13768145985283214,0.17164110394612,0.09821829230322958,0.12244108729732445,0.0,0.00034526698300124393
0,19,post_rope,4096,256,35,166,171,0.6198846335903858,0.6337093544139416,0.5562327178670644,0.5739626151015768,0.47599877957980996,0.49316974296697563,0.33619617882281144,0.3481527490702618,0.21510687234453063,0.22556479879314026,0.1710141907096375,0.17953883116064684,0.1356758669202559,0.14254488622885192,0.10517985018170936,0.11052993267159779,0.07588572428546485,0.07975779406210759,0.0,0.0
0,20,pre_rope,1024,256,9,71,126,0.3909763282137171,0.7694232884305303,0.3190706883798589,0.6406638436055117,0.24350894844171828,0.49272919167797896,0.1739153696635415,0.3538184791845437,0.10907868710602418,0.22291991032412245,0.07213518897799881,0.1474714464901841,0.04727699836529782,0.09668554423153644,0.029212321017838817,0.05974715202918165,0.01564025134574899,0.0319936019342584,0.0,0.00034526698300124393
0,20,pre_rope,2048,256,10,82,139,0.40197025481295817,0.7943573430377755,0.32900456207382134,0.6604036398083194,0.2566852780402208,0.5185866983594571,0.18975145898793325,0.3861619427989819,0.12371065843777729,0.25258857967357207,0.08422497728075155,0.1721871748850223,0.0564566947258163,0.11547645099237838,0.035686311665272946,0.07303518925996741,0.019514458113664614,0.03993397389398626,0.0,0.0
0,20,pre_rope,4096,256,4,60,131,0.3036913114137015,0.7115632960432757,0.25260438951829867,0.5945531031518537,0.19503887082531138,0.4643484730800261,0.14483692733349868,0.34777624224024856,0.09443067765097482,0.22730934433297645,0.06429201276895746,0.15497065358609155,0.04308718917287471,0.10403026551238886,0.027211550893778136,0.06572508672836926,0.01499031389942261,0.03618556115947052,0.000244140625,0.0
0,20,post_rope,1024,256,39,150,174,0.6085155490684683,0.7980879359948219,0.5405636217853481,0.7175341148772829,0.4587692081057749,0.6130043425133929,0.34986348214498014,0.4689874047863504,0.22920137200402582,0.30844334667349727,0.16954366752748223,0.2285011482543809,0.12541606324178486,0.16907897248464224,0.08826856944068334,0.11901899288781512,0.05496038744338731,0.07411668686462955,0.000244140625,0.000244140625
0,20,post_rope,2048,256,49,169,184,0.6654626334868324,0.7877573228675474,0.5922783130272435,0.7100152332055248,0.5064976616228357,0.6107331814786596,0.39416721280781264,0.47775675486485825,0.26267704669739195,0.3198261755963513,0.19937890291130841,0.2429070397416565,0.15182327959683609,0.18495485321962274,0.11093740328932294,0.13521005077868098,0.07206616066652997,0.08787672144803102,0.0,0.0
0,20,post_rope,4096,256,39,150,160,0.6612873206757031,0.7067467554461203,0.5756607115827207,0.625285131264451,0.4891695411225086,0.5336243359581039,0.35677533483333834,0.3896041500765443,0.2062676219925871,0.22756905419461687,0.15674873863820005,0.1729063819982651,0.12115944341741394,0.13364619959926988,0.09011435184721685,0.09943209561395955,0.06026417352631102,0.06645380449160673,0.0,0.000244140625
0,21,pre_rope,1024,256,9,91,157,0.3840169060432687,0.7649471240375996,0.3215406180926518,0.6504622411390799,0.2575466056423796,0.5229139983981727,0.19232455693169972,0.3938278878091508,0.13099549459033433,0.2686404559418295,0.094446140785192,0.19378861073351142,0.06766924585710546,0.13887353123421223,0.046766154756868863,0.09594478070096416,0.029746108177216627,0.06103564452929689,0.000244140625,0.0
0,21,pre_rope,2048,256,10,107,174,0.39517831145727356,0.7883874630708797,0.3361423666181952,0.6794177429875059,0.27336904486304053,0.5543295013955157,0.211589230267309,0.43208373097640856,0.14984905277292665,0.30672312798973106,0.11085140487269322,0.22702058981056544,0.08143105507889609,0.16681809301565328,0.057644595076930254,0.11811739417723563,0.037737697036496654,0.07733132619006958,0.000244140625,0.0
0,21,pre_rope,4096,256,2,72,161,0.2812704502724053,0.6531651972762031,0.23752586826189456,0.5593473779262425,0.19285641384996152,0.45974687588300783,0.1498888239526164,0.35955880481844277,0.10695449415825496,0.25741940209180664,0.07957448986775613,0.19164588096804117,0.058887508254191326,0.14186377090179267,0.041961658824572395,0.10111814272421336,0.027668792122084354,0.0666843649101348,0.0,0.0
0,21,post_rope,1024,256,49,176,197,0.63356994697083,0.8213573159830936,0.582797269647731,0.7622291810985746,0.5063616052690804,0.6634424343994751,0.3901714743934895,0.5126496794237991,0.27282526412415564,0.3606943707047214,0.2115248520681434,0.2797068541239685,0.16205623629021668,0.21433238815447261,0.119225643653596,0.1576520954412642,0.0809236869660708,0.10698736920184405,0.0,0.000244140625
0,21,post_rope,2048,256,59,195,207,0.6791467817785075,0.791848881146984,0.614965713212014,0.7256983263093431,0.5409519970657517,0.640424185191463,0.4275888691937029,0.5076466216080974,0.3022668982326404,0.3606036371947898,0.24169724588841293,0.2885446807667178,0.19222101679125686,0.22942607820242336,0.14657488252107068,0.17496112664211003,0.10300825041532105,0.12290777185013384,0.0,0.0
0,21,post_rope,4096,256,37,169,177,0.6578735975583606,0.6895296308306975,0.581796227438515,0.6148825472038758,0.49018409744749103,0.5203642512981491,0.34770930881870055,0.36968864653563527,0.21863253027901317,0.23565224082783032,0.17543028657038381,0.18933195978436546,0.1402997387900609,0.15139573351040175,0.10844763936506964,0.11701927826667478,0.07772265782058851,0.0838458671174568,0.0,0.0
1,0,pre_rope,1024,256,3,10,17,0.23481886477420252,0.3624264083351822,0.1271904707428128,0.21159979374628526,0.05652369564395527,0.10096211136316535,0.02307742405616613,0.04187919140236436,0.00830078125,0.015170152717681625,0.003852474081557495,0.007029384789496078,0.0019983771415704225,0.0035964159820938073,0.001118792894276328,0.0018752797236007343,0.0005980199567341743,0.0008457279333832408,0.000244140625,0.0
1,0,pre_rope,2048,256,3,11,18,0.24136384758256743,0.3809066351887756,0.13405988250524672,0.2268455315990408,0.05987968780069247,0.107353604904078,0.024993132601698685,0.0456895335275871,0.00916747234156181,0.01694976070088846,0.004360490991086853,0.00808617927816367,0.0023032180498185066,0.004298539272865969,0.001220703125,0.0023544069240705456,0.0005980199567341743,0.0011960399134683486,0.0,0.000244140625
1,0,pre_rope,4096,256,3,11,18,0.24390222735512085,0.38814697092867695,0.13844215815782238,0.23649792836836453,0.061995376476046485,0.11036587512616616,0.02660908820848368,0.04841869358321912,0.009704397907398335,0.017837309040632646,0.004670685173268797,0.008600544411039324,0.002501696964345605,0.004638671875,0.001337213275159097,0.00254890295627699,0.0006459353786778786,0.0013147375017418222,0.0,0.0
1,0,post_rope,1024,256,40,114,126,0.6637418533802275,0.792948755472598,0.5906110913288999,0.7052812362996099,0.48963666855340565,0.5898478425749214,0.36205248010231345,0.43775755249514603,0.2191486812749443,0.2658552406117357,0.1342236220660135,0.16309416059218307,0.07847668645382819,0.0951757106080117,0.04091523008809337,0.04963685723769734,0.01278187511006682,0.01540989632622998,0.0,0.0
1,0,post_rope,2048,256,48,133,140,0.7061785197586328,0.7836983463538596,0.6418839621359305,0.7130376167820625,0.5402752047850407,0.6030449868528595,0.40919316162648794,0.4581641477379373,0.25635602664905693,0.28825719882945156,0.17030554241002765,0.19138709770450862,0.10662770175529533,0.11960448969576058,0.06258862887081185,0.07017715992092192,0.026363796439925532,0.02950871490803491,0.0004228639666916204,0.00034526698300124393
1,0,post_rope,4096,256,57,152,154,0.7535968402543715,0.7646764796390088,0.684086954124975,0.699729647540437,0.5893192106280163,0.6050278565795493,0.45981376869075374,0.47219523496117993,0.2926002728339049,0.30176383694557646,0.2069719337565242,0.21319544257290352,0.13943187220427458,0.14345936627237257,0.08770630901353442,0.09012691820619109,0.04743998500662916,0.04859747771166013,0.0,0.0
1,1,pre_rope,1024,256,2,17,59,0.22136622377357165,0.6225438493964797,0.16141960746096357,0.45874257312968225,0.10269792149343163,0.29683444097427564,0.06208136544746365,0.18081328956281292,0.031046202838074122,0.09066661011002217,0.01818315056773968,0.0531268175599581,0.010786485368346935,0.031520625370715386,0.006010026184126548,0.017554373058835497,0.00291949725173374,0.008544921875,0.0,0.0
1,1,pre_rope,2048,256,2,18,65,0.22209015206562233,0.6314891588755936,0.1606680902059233,0.46508218756755987,0.10491941584064896,0.3095528871463539,0.06521891336461706,0.19332083886430035,0.033680789767540104,0.10005685858754979,0.02023129001503877,0.06015082000401791,0.012258193565071476,0.03644488858776776,0.007003900531143092,0.020797858234323306,0.003504077171486163,0.010415395023291769,0.000244140625,0.0
1,1,pre_rope,4096,256,2,19,69,0.2292679360631417,0.6496009959163924,0.16812818190956438,0.48317249296600523,0.11033994900518154,0.3209853200378158,0.06927874718301984,0.2024433730269572,0.036800504533792064,0.10768151550136247,0.022414449598680036,0.06560572386519131,0.013750124844071019,0.040243973559241315,0.00794864286918931,0.02326776715748361,0.004019061922156819,0.011769502727728467,0.0,0.0
1,1,post_rope,1024,256,30,115,134,0.6390127503073701,0.7913639196615273,0.5451963000293044,0.6842446851987359,0.43561556834624277,0.5503079700879239,0.29604303333272153,0.37753109279692765,0.18804946498252104,0.24103431567360875,0.1269096887080816,0.16297515944314955,0.08376976804728714,0.1076017780660471,0.050269853038796886,0.06454969165707673,0.02288940426432465,0.029361906989009586,0.000244140625,0.0
1,1,post_rope,2048,256,34,130,143,0.6902956906746303,0.7828689394951848,0.5810643812380735,0.6751029077428016,0.4705905383944252,0.5486104947769416,0.3248036635171115,0.3808071785396455,0.20921412878082243,0.24729083325942725,0.14737562528547146,0.17439452058644903,0.1024995273486149,0.12154108913120075,0.06445497452365276,0.07636061540114863,0.03283214889042354,0.0388889271115312,0.0,0.0
1,1,post_rope,4096,256,37,144,149,0.7311725795549662,0.7469200431935812,0.6180211485049598,0.6358297495743067,0.49536692323340287,0.5196789983167531,0.3455053075998267,0.36454111490583213,0.2281833417310354,0.24300320985031987,0.16632464203204714,0.17744103002849493,0.11984669071255058,0.12801887955608982,0.07970322098583192,0.08516274523680839,0.04319219578610181,0.04616517820380278,0.000244140625,0.0
1,2,pre_rope,1024,256,14,90,147,0.4079713300187264,0.8334942165682123,0.3640599262981553,0.7486857979940864,0.302212566925848,0.6242459516840856,0.22312970602591703,0.4632000110538923,0.1383463302313092,0.2876519506527906,0.09200247607838184,0.19131701199215453,0.061641519247513696,0.12813289897109395,0.04007031221439974,0.08330992528853216,0.02412302109898631,0.050146983588983,0.0,0.0
1,2,pre_rope,2048,256,15,96,156,0.4113513066931451,0.8392261452101336,0.3683199362814092,0.7561644300805116,0.30874514185986845,0.6373909520399078,0.23200592519329885,0.4811178025826997,0.14745447005684872,0.30631330964565784,0.0998988713083285,0.20761874351743756,0.06851222796484426,0.14236748171976213,0.04542262408646319,0.09436564165414542,0.02800070530139354,0.058173644517189683,0.0,0.0
1,2,pre_rope,4096,256,14,99,163,0.3977779839128591,0.8527430479313731,0.35989052657738535,0.7724076167052597,0.3034413604019328,0.6529236916766843,0.2302763831133829,0.49641726300610006,0.14941226733756144,0.32225461998846866,0.10263434932743148,0.2213725512480611,0.07137512864403564,0.1538932446247053,0.04780358225116295,0.1030747724805824,0.02986709081428079,0.06441334739644371,0.0,0.00034526698300124393
1,2,post_rope,1024,256,57,172,196,0.6496289808258879,0.8840348212883906,0.6113941778506615,0.833370331101866,0.5448414185990736,0.7431246011410502,0.43025786951328,0.5877867445304852,0.29196738453525034,0.4017196555555858,0.21285296465740391,0.293105843574842,0.15802123362876702,0.21771595286005282,0.11415525871324732,0.15729042793779827,0.07664965903946004,0.1056172773257972,0.0,0.0
1,2,post_rope,2048,256,67,186,202,0.6697038568233844,0.8279340991824841,0.6330245333884569,0.7850247173305537,0.569531363028056,0.7063335959998245,0.45843193409667204,0.5694439165634976,0.3225995732145567,0.4027960004009416,0.241162499881049,0.3015616066084362,0.18168967620417642,0.22736807362060976,0.13451572412803348,0.16843102295830628,0.09196392038090237,0.11510887424054046,0.0,0.0
1,2,post_rope,4096,256,68,192,198,0.6783034164648611,0.7290360992334464,0.6316989944844942,0.6850230506165074,0.5665759128470457,0.6160712952939476,0.4552176593142362,0.49566307296852574,0.3251561779955189,0.35587329690711283,0.24733975762080923,0.27079707905618206,0.18803916341630006,0.20608809503138645,0.14147522650830488,0.1550185312452981,0.09892667297383141,0.10840531061050833,0.000244140625,0.0
1,3,pre_rope,1024,256,3,54,131,0.29009988577313495,0.7207113125964038,0.24216461073476814,0.6128485544230456,0.1892459956240586,0.48408671998813607,0.13903888973442483,0.3563092533827505,0.08697987325841985,0.2229713753089246,0.059084048906664126,0.15137407840917577,0.040482461734674256,0.10360915079611756,0.026856578457186274,0.06873284906253112,0.01648265666954907,0.04219467667183762,0.0,0.0
1,3,pre_rope,2048,256,3,58,140,0.2898225843408031,0.7221072818206161,0.24442256669437573,0.6177511900454598,0.19353946814573264,0.4967943186003553,0.14365637674382087,0.3700488185895151,0.09213810259992394,0.23748696943977057,0.06367485179846433,0.16409156178613835,0.04450530249903944,0.11464527652158608,0.03016989443741874,0.07768353664019938,0.01895512592166179,0.04881896886809464,0.0,0.0
1,3,pre_rope,4096,256,3,56,146,0.2739753882220818,0.7245911341425126,0.22663746612987884,0.6122077731348442,0.1803959687351374,0.487758387045262,0.13648574592587456,0.3692139244975014,0.08988553609621627,0.24323844538000683,0.0636266255049294,0.17209662973361137,0.04509205303845568,0.12195257994427965,0.03088065270944697,0.0835121540886336,0.019634735608284277,0.05311503597390092,0.000244140625,0.000244140625
1,3,post_rope,1024,256,37,150,177,0.5913880197998338,0.8081910978282462,0.5333841875785575,0.733486165210709,0.46092301685402987,0.6374943695567697,0.34205852847631407,0.4724662335758549,0.22819104740892932,0.3184087048090665,0.1690715692876299,0.23620110242910977,0.12448849929023921,0.17395083778664247,0.08818986602139767,0.12319622361538539,0.05765079875700385,0.08051053045831306,0.0,0.000244140625
1,3,post_rope,2048,256,42,166,183,0.6356788521668734,0.7661954545151841,0.5660850403358123,0.6892290048262261,0.48857858378724806,0.5989017349260074,0.373408117694607,0.4563137845955367,0.2529255634693348,0.31189019787286487,0.19166640682479272,0.23660149014859025,0.14576115411441792,0.17999423839036974,0.10643159270455677,0.1315344860850685,0.07139391569291832,0.08821216682197103,0.0,0.0
1,3,post_rope,4096,256,41,170,177,0.64934269792624,0.6823630453342395,0.571835717691676,0.604292138542842,0.4882020199391273,0.5234697246595956,0.3708525827676636,0.3967284405048006,0.2466161118929634,0.26699241520970307,0.1914152804988658,0.20723095744485365,0.1478063315138753,0.16010432448303877,0.11030375027199285,0.11951849376952418,0.0758908295560911,0.08221995130043379,0.0,0.0
1,4,pre_rope,1024,256,7,88,154,0.34824937951004603,0.7556635482206588,0.3014523833838181,0.6625038704669102,0.24890624636011308,0.5529308172205653,0.1945549578946472,0.43361588155264813,0.13109055780063802,0.29225549977579623,0.09078388098681169,0.20244263695997408,0.06197566388487458,0.13814757184253204,0.04108386947147885,0.09153352663094304,0.02522576436150291,0.056231368476053444,0.0,0.0
1,4,pre_rope,2048,256,7,95,163,0.351221045933162,0.7611468393366057,0.3065195026633713,0.6751613530056858,0.2560625507186158,0.5679375830157322,0.20308743643056185,0.4522665376270158,0.1401418226422477,0.3122109984144943,0.09890196683989558,0.22045614551224516,0.06881041906330378,0.15334830059034013,0.04642653513205219,0.10341942113445446,0.029021944030699336,0.0646350489464279,0.0,0.00034526698300124393
1,4,pre_rope,4096,256,4,87,167,0.30358727197415886,0.7463473343431085,0.2646607118132042,0.6586914967394767,0.2222137068732921,0.554598035447926,0.1782932089590091,0.44537199191850324,0.12648581548180382,0.3159602282882853,0.09079799583004533,0.22679928212296105,0.06411050997907139,0.16009278319210424,0.0436902591996418,0.10905600760736461,0.02753815345075437,0.06878226130156728,0.0,0.0
1,4,post_rope,1024,256,49,173,198,0.6151602079706469,0.8504592152919055,0.5668933746825519,0.7860198703928383,0.4929722781289345,0.6851468128002436,0.3793981446397266,0.5297373947904968,0.2744904001290956,0.3847670966570444,0.20789230076495424,0.2917471275155494,0.1575454416267515,0.22109491462535577,0.11544341184867986,0.16198063529801288,0.07795850178061357,0.10938807818016193,0.0,0.0
1,4,post_rope,2048,256,59,189,205,0.6483958127513153,0.8078170953321074,0.5970082478808142,0.7472588195331361,0.5227584989742557,0.6554459232543135,0.40797987678399933,0.5132418380772117,0.3027607567889875,0.38262693617641486,0.23422783363852143,0.2961144996156544,0.1806000467243324,0.2284934530342802,0.13606279233481422,0.17218129003164917,0.09500615652112501,0.12023820440924983,0.0,0.0
1,4,post_rope,4096,256,45,184,191,0.6426032157103939,0.6780684030004968,0.5786631888583194,0.6159723125124634,0.49788342954187986,0.5341449286887432,0.37294012809276195,0.401518410366284,0.27194295888834213,0.2954292228157397,0.21452307611217808,0.23311965445354774,0.16782657017319222,0.18252773439966113,0.1282726088853212,0.1394594420810767,0.09041348470781611,0.09826167313436876,0.000244140625,0.0
1,5,pre_rope,1024,256,6,80,152,0.3367861297528577,0.7419299431680227,0.2855512417773788,0.6367010102404367,0.2299991284229516,0.5172659454321664,0.17509683246067717,0.39508388075314227,0.11858601541137749,0.26768012782634776,0.08352821133927492,0.18858421295248562,0.05884599432005435,0.13284750084527355,0.039880204820709586,0.08996673128036925,0.025012204052472065,0.056435047523043895,0.0,0.00034526698300124393
1,5,pre_rope,2048,256,6,88,162,0.3389080803462507,0.7463954894576085,0.29090408133262796,0.6486284824997562,0.23616627597260537,0.531171568522454,0.18344889668766845,0.4142498096518577,0.12709366282189716,0.2874346078228255,0.09143612365312583,0.20674617501794804,0.06548614343737005,0.14809901142292695,0.04528660527608181,0.10237908372198122,0.028927315948800176,0.06544198447294054,0.0,0.0
1,5,pre_rope,4096,256,3,74,164,0.28419290098952044,0.7287319976781604,0.24291452373085062,0.6233124839471356,0.1982844265442121,0.512592181777718,0.15500353501503436,0.4013390449997237,0.10981417088114018,0.28445347971109614,0.08020047401135937,0.20769767744100073,0.05793853630447722,0.1500557477989756,0.04037336028463085,0.1045092987595921,0.026064798889496584,0.06753831694209661,0.0,0.000244140625
1,5,post_rope,1024,256,45,170,195,0.6128152911615297,0.8434628245172521,0.5702771737641108,0.7884199339927928,0.4979149138713721,0.6892136976653174,0.38042201826350075,0.5269035480046053,0.26337082241892995,0.3672319750533536,0.20182176815239403,0.281548024270102,0.15282793618465407,0.21323360148409978,0.11139235400493931,0.1554090759155417,0.07459045489815747,0.10403914593347141,0.0,0.0
1,5,post_rope,2048,256,55,186,201,0.6451784987711865,0.7864543944169662,0.6041341531708547,0.7375242196971518,0.532407341448769,0.6505628478076514,0.415391121936305,0.5086820932942981,0.29287117922769884,0.36099202788682944,0.230281559847011,0.284052240167536,0.1789167709255522,0.22071406244503866,0.13323861373720755,0.16431951826624844,0.09156965989380776,0.1129038872237982,0.0,0.000244140625
1,5,post_rope,4096,256,43,177,183,0.6363472351988887,0.6682750601902148,0.5861535246309245,0.6226426490437377,0.5091781446450362,0.5406697954792096,0.38192030030820057,0.40515252573204535,0.251806408651059,0.2702528650730084,0.20037714446235674,0.2152941058403191,0.15801444399277384,0.16985696890310015,0.11928686953132867,0.12817196799245473,0.08261662476260033,0.08872891242719419,0.0,0.00034526698300124393
1,6,pre_rope,1024,256,9,95,160,0.3686494334529164,0.7742046443451053,0.32256594449432485,0.6852099685749952,0.2691049937011346,0.5786835317981368,0.20868625946910074,0.4491639477017028,0.14001140241510296,0.30141263805717355,0.09846921137511293,0.21208725281736568,0.06862132428440455,0.14776176436783042,0.04611996697152536,0.09926620910270928,0.028452597163340913,0.06117854251308933,0.000244140625,0.0
1,6,pre_rope,2048,256,10,104,170,0.3723195760405749,0.779237118679099,0.3276463605255105,0.6949841441946106,0.2760630305438204,0.5914563499203335,0.2182583051239625,0.4683503672645899,0.15066345040649745,0.32371445007738503,0.10801505259413645,0.23220173644501682,0.07694381425173322,0.16537801933271504,0.052740591177319524,0.11330071643761075,0.03319863681752231,0.07131623050918569,0.000244140625,0.0
1,6,pre_rope,4096,256,4,86,169,0.3044708655564885,0.7377587139425524,0.2649156410971013,0.6510785105134533,0.22361948564957979,0.552470814982677,0.17735215893945883,0.43895207981651496,0.12432799903294663,0.3077302270916249,0.09027427682853673,0.22347830553180206,0.06498911546393119,0.1608342033652589,0.04509007022935953,0.11158268251768191,0.028622820308937834,0.07082056229595184,0.0,0.0
1,6,post_rope,1024,256,54,181,204,0.6281483508272331,0.8544497582937021,0.5839109342702095,0.7975294380375172,0.5135441610444665,0.701984837430786,0.395341400175685,0.5414086301897141,0.28971130141631507,0.39991054130601317,0.22455735640842112,0.3101484513923817,0.17151517482829504,0.2369546702932297,0.12639318372720973,0.17462899526669104,0.0858743609053417,0.11864254757978658,0.0,0.0
1,6,post_rope,2048,256,66,196,210,0.6534685955922155,0.8055122001169199,0.6087690911246615,0.7528250061174503,0.5404569860911201,0.6685296988156527,0.42436823731372647,0.5247869036393865,0.31914120023902026,0.3981542889707144,0.2540020101873196,0.3170962874330843,0.199500837883588,0.24912179238742196,0.15068204314051492,0.18824461267875817,0.10505169958076999,0.1312425611295252,0.0,0.0
1,6,post_rope,4096,256,43,185,194,0.6402104594969851,0.6905080704932128,0.5783835683418385,0.6329555114401271,0.5071953177422487,0.5555764181140529,0.3739375322059134,0.40821728841494703,0.26429900012626406,0.2926022080414403,0.2116575314460328,0.23446462824820005,0.1683740383763596,0.1865183245372518,0.12926156751862414,0.14319175462799813,0.09176830090518942,0.10165752953498933,0.000244140625,0.0
1,7,pre_rope,1024,256,7,79,147,0.34355045075268326,0.7585739557451461,0.2965929799952634,0.6640042896563066,0.244268643193841,0.550731900216001,0.18505456764048855,0.4187286456911941,0.12049347778333885,0.2727710777201401,0.08134573651415015,0.18411651207445554,0.05566352710131771,0.12595787205402903,0.03707161035868528,0.08383946892169741,0.022589275418262514,0.05108901442300835,0.0,0.0
1,7,pre_rope,2048,256,7,86,157,0.3443178341975662,0.7605134279707124,0.2998090613229406,0.6710801857053763,0.24860049964474026,0.5613470447301097,0.1924899814525284,0.43611812336191585,0.12916054352223905,0.2928434994307437,0.0889087621672482,0.20160768579069388,0.06203478286637522,0.1406381388990059,0.042202445314619474,0.09563552648911054,0.02636492684174575,0.059752638658813,0.0,0.0
1,7,pre_rope,4096,256,4,75,155,0.29975955387317454,0.7297994638023383,0.25784498067915124,0.628162726412782,0.21247922010359055,0.5190421648997185,0.16526174476427308,0.40470600159523623,0.112727422784051,0.2761450639846159,0.07873412138694984,0.1928717118265413,0.05551824376387459,0.13596112276224773,0.03809376171634485,0.09326076007769707,0.024028944919392715,0.05878518937745138,0.0,0.0
1,7,post_rope,1024,256,45,167,191,0.6463060392361729,0.8571017108561018,0.5895027033620102,0.782243211738097,0.5137365032195935,0.6859800269080303,0.3846029334620477,0.5140660155387722,0.26180709941846153,0.35378588046293663,0.19838975947854412,0.2680656280228344,0.14821145765721921,0.20034665225730433,0.10745627112676008,0.14528357105038023,0.07234146674818874,0.09779134942160271,0.0,0.0
1,7,post_rope,2048,256,54,183,198,0.6717416497901594,0.8047949709928537,0.6165277358944992,0.7364034437113549,0.5413005092567009,0.6513261910824264,0.4153600550995659,0.49929545355021315,0.28890574560951776,0.35067934794818195,0.22527870295102442,0.273622395809323,0.1726887253818947,0.20981752687670246,0.12797976380066642,0.15549208882805052,0.08893993041416445,0.10803326105172073,0.0,0.00034526698300124393
1,7,post_rope,4096,256,43,176,181,0.6730268053637,0.6868288492208964,0.605724551401134,0.6273642644699029,0.5215924326065428,0.5434612537915755,0.38757691389131854,0.40237330355942835,0.25715298538092035,0.2709513309384828,0.20310181705520383,0.21423211165256356,0.1574833827865081,0.16623162074782943,0.11760155327153915,0.12417785163187106,0.08254589133802076,0.08716914431501305,0.00034526698300124393,0.0
1,8,pre_rope,1024,256,19,107,154,0.44439676727763805,0.8204893738932036,0.39415859336461895,0.7351472122334113,0.3315908765379843,0.6211812659450805,0.24907285910473795,0.4690907193716807,0.16401453679485029,0.30962980162093384,0.11290679076714859,0.21321948488062148,0.07574145658552535,0.1429749284253489,0.04741296423662897,0.08947778886497361,0.026189132238973095,0.04942626802383688,0.0,0.0
1,8,pre_rope,2048,256,20,115,162,0.4467227756549686,0.8244102219467521,0.3978412879662115,0.7424219664595992,0.33643756286631843,0.6313042268028742,0.2573447174072611,0.48491183649596464,0.17526117318052928,0.33106233931169,0.12379663109024096,0.23400404501948197,0.08474528688361858,0.1601839739366396,0.05414915779987525,0.10232259517167269,0.030118484172293097,0.056916191359732644,0.0,0.0
1,8,pre_rope,4096,256,10,100,164,0.36825940746714037,0.8156400854535302,0.3279587460719123,0.7325338252658474,0.2772467000161234,0.6232917806558662,0.21079065368352642,0.4744164973668026,0.1449835633136875,0.3267210032724245,0.10378589974187001,0.23391258399353165,0.07205499419058457,0.16236875075368867,0.046656416834579585,0.10508914024730957,0.026251645717803414,0.05912640379192879,0.00034526698300124393,0.0
1,8,post_rope,1024,256,59,181,201,0.6770694339988369,0.8875665099112027,0.6302757279691638,0.8298398023571425,0.5604660029007668,0.7393631652181529,0.4473694260264113,0.5910766549881589,0.3007802591679094,0.39957639198254086,0.22914467330358296,0.3046651978766876,0.1733733668618269,0.2305988009491952,0.12675719180197606,0.16863208465737212,0.08522046668880352,0.11335199711962327,0.000244140625,0.0
1,8,post_rope,2048,256,69,193,207,0.7036796077939944,0.8667052362797262,0.662781635736665,0.817263723286782,0.5951637703041626,0.7359120739150713,0.4852598168835917,0.6005726386357891,0.3293664245647303,0.40934091091183444,0.2577512263686034,0.32076445537887016,0.20031496519574385,0.24937515851544,0.14968568135791332,0.18641827399843128,0.1013709977156013,0.12625894760302336,0.0,0.0
1,8,post_rope,4096,256,55,184,193,0.6823869789079758,0.7672823076266904,0.6388687623580979,0.7187043051084762,0.5655722430162792,0.637682600610283,0.44554118926547326,0.502981831338121,0.2809464618072419,0.3191265387910769,0.21942850878620956,0.24957310468276356,0.17198316465090369,0.19565826328218439,0.12999657259604483,0.14792343267448907,0.08916849889090882,0.10146885002091356,0.000244140625,0.0
1,9,pre_rope,1024,256,5,70,149,0.3194208528035537,0.7530649264107612,0.27102743431527326,0.6512795636720956,0.21841254772604277,0.5302982219151903,0.1625362429182901,0.3956325758077603,0.10693220024420222,0.26038956819051456,0.07531372259263579,0.18338114014001416,0.05275980018589454,0.12843421282123488,0.035307664118110316,0.08592917662107202,0.021772361835563032,0.052984703159694106,0.0,0.0
1,9,pre_rope,2048,256,5,77,159,0.32210828234598016,0.75854627733751,0.2754281742117674,0.661629562042208,0.2243215292120165,0.5442702249283258,0.16916461448489528,0.4120783500382931,0.11414820965078468,0.2781293247186696,0.08238073108516321,0.2007517455275718,0.05892140646307929,0.14355883949140213,0.04016020521582646,0.09785045387112123,0.025139372477320645,0.06125108289734486,0.0,0.0
1,9,pre_rope,4096,256,2,59,157,0.26965307164040425,0.7398286175413913,0.22807935493222808,0.6342012214352946,0.18464570297046656,0.5168932143741786,0.13942845230465967,0.3921807398726393,0.09459685264013251,0.26615583447044,0.06895189983248491,0.1940260673883857,0.049781345058429426,0.14006418085345088,0.034144792455170096,0.09605219492988376,0.021604721086745923,0.060768950720776,0.000244140625,0.000244140625
1,9,post_rope,1024,256,40,162,187,0.6498000295854481,0.8512128234509078,0.5919622309853966,0.7809217907995922,0.5077771101137294,0.6702135079654153,0.35434646343534937,0.468833725127757,0.25059450511007525,0.3353893332075526,0.18783301344570394,0.2515922149736463,0.14035941582145892,0.1881077770574352,0.1016642720821187,0.13625431193956852,0.06875799306007745,0.0921342210852016,0.0,0.000244140625
1,9,post_rope,2048,256,48,179,195,0.6788987592804084,0.8107186009140357,0.6223758923090729,0.7437278423695223,0.5371468270855875,0.6430033288605517,0.38458084859214103,0.4593119649392143,0.27706303964360524,0.3349872723339387,0.2139982753666342,0.2590567877384734,0.16428886419439667,0.19906849898516843,0.12221378287646441,0.14813200986347078,0.0851053348182496,0.10314182953347162,0.0,0.0
1,9,post_rope,4096,256,37,167,172,0.6879422326038233,0.7032923605210126,0.617170888942801,0.6402765582503562,0.5278359835579943,0.5492735443347353,0.3652585271509676,0.37597212355334136,0.24062272603335272,0.2534197327657174,0.1855274391033515,0.19560281158486026,0.14280202347206025,0.15079750408262343,0.10693080672024449,0.11298304803675974,0.07461242669540182,0.07878974396047327,0.0,0.0
1,10,pre_rope,1024,256,20,89,132,0.48362871330218005,0.8395321645044812,0.42589945421024916,0.7429475807359014,0.34636620330928847,0.6084298359956901,0.23477050471510638,0.41521380168084754,0.13870711617562664,0.2463779322402782,0.0904375439520507,0.16074857270362067,0.059099683410261304,0.10503893266686147,0.037003214722241,0.06573551499974344,0.020919304528136635,0.03714148487448558,0.000244140625,0.0
1,10,pre_rope,2048,256,21,95,140,0.4830596044579234,0.8444845040200011,0.42993524518470505,0.7547273068562329,0.353571344694868,0.6243851498379304,0.2432363624788066,0.43200116182100395,0.14757487966463745,0.2635618757458088,0.09826167313436876,0.175611965469545,0.06542194377566654,0.11690640114389789,0.04176731668764625,0.0746319961207705,0.02405249846044983,0.042956263722029445,0.0,0.0
1,10,pre_rope,4096,256,17,86,140,0.4328940304421016,0.8315451549740969,0.38583457902634455,0.7474339416748395,0.3165681213000314,0.6170374530974054,0.21686271148958053,0.4236806445908541,0.13144314496320683,0.25810629548291497,0.08794791156052352,0.17274687447045964,0.05887839794679789,0.11561186432327024,0.03783864654225436,0.07427855641861945,0.021969943408919224,0.04309410536566278,0.0,0.0
1,10,post_rope,1024,256,54,167,187,0.6566305873450856,0.853089267555304,0.6026222505441458,0.7889414779464885,0.5308516074448107,0.6973268711749202,0.42269323613765797,0.5566372519943036,0.2816487770117671,0.372755486092981,0.20804305516803465,0.2756815786960319,0.15328104281630206,0.20323061031556808,0.10774985442184916,0.142924893015484,0.06882167894226092,0.09131675316568107,0.0,0.000244140625
1,10,post_rope,2048,256,64,181,195,0.6927230278884948,0.8445173588826893,0.6388544410826473,0.7854222089199212,0.5705762279512494,0.7036554243185674,0.4673432540253227,0.5770963332253229,0.3148748756338785,0.39021172596192705,0.23764465845494864,0.2951560196236983,0.18094411228464244,0.22486279330751097,0.13017389477838828,0.161784570540154,0.08408013141182631,0.10453952180667306,0.0,0.0
1,10,post_rope,4096,256,60,177,188,0.7000194206268572,0.7899074751354758,0.6328543190030471,0.7219144158109365,0.5645000609844705,0.6457359845615388,0.45816928644265065,0.5248002489737758,0.29720739528676077,0.34136735358486814,0.21863075821078226,0.2521697303533756,0.16779726722956328,0.1936330688548743,0.12258898597579826,0.1414798608204052,0.08022833900813903,0.09260527779964205,0.0,0.0
1,11,pre_rope,1024,256,10,91,149,0.38879124327578535,0.7675760477829022,0.3318798842133569,0.6661970053775835,0.26769760694178724,0.541750467371508,0.20187226379240877,0.4108112010578355,0.13463818702823505,0.27431630195352236,0.09337381546515203,0.1902408543918696,0.06393967926994976,0.1302574319458123,0.042280758107010284,0.08610968246778854,0.025756546669732292,0.052464678553552,0.0,0.0
1,11,pre_rope,2048,256,11,100,159,0.3921468462903673,0.7785838601106059,0.33850033825698245,0.6799726655318682,0.2754379123643974,0.5580085943988987,0.21211704078717855,0.43285533816974403,0.146119948705293,0.29850642022619844,0.10364970035463661,0.21177000431837345,0.07185701891675259,0.14682151145122774,0.04802811419166504,0.09811750201109493,0.029586378845194737,0.06044440674001478,0.0,0.0
1,11,pre_rope,4096,256,6,87,160,0.33932675027426096,0.7735274484137445,0.29203005133760945,0.6667839831204906,0.23650233885755806,0.5441745569475916,0.1823315349759827,0.42241535196546875,0.126605688190885,0.29390353796284113,0.09053338780642609,0.2101755863639354,0.06329366303192428,0.1468830025298705,0.042581372618404195,0.09878437747608375,0.02639091272010954,0.06120971133154856,0.000244140625,0.0
1,11,post_rope,1024,256,46,169,193,0.6101419561961097,0.8090752352128107,0.5452940842106638,0.7314708384400396,0.47026351724328397,0.6356823683574618,0.37529417261610026,0.5095190277552182,0.26225192291311183,0.357393607600831,0.2000788652375815,0.2728769278290014,0.15076034480038528,0.2056655463502976,0.10996387538745746,0.15005852828991967,0.07427655027268132,0.10135041614479029,0.0,0.000244140625
1,11,post_rope,2048,256,57,188,203,0.6649666857441556,0.7990082628613023,0.5973380744059769,0.7234955115571218,0.5162173827537887,0.629086344267505,0.41515932023848107,0.5080768777317148,0.2952698934185665,0.36229243090685886,0.2308307972113408,0.28348374768587065,0.180284916769539,0.2214487359977887,0.13565433870457294,0.1666749316391462,0.09423100734962069,0.11575767534485615,0.0,0.00034526698300124393
1,11,post_rope,4096,256,47,181,187,0.6631865165285413,0.6977038035146521,0.5924738672183267,0.6293156872618513,0.5071869151264233,0.5416738864221904,0.391652700838039,0.4196034488319871,0.26249795186288266,0.2827365583602705,0.20592838411893039,0.22203700638677373,0.1629212055728513,0.17575327332705518,0.12369186654269519,0.13345897635738604,0.08695520006087591,0.09387326084766019,0.000244140625,0.0
1,12,pre_rope,1024,256,9,89,159,0.3785232495936553,0.7704493472662283,0.3229139799601038,0.6688005053976878,0.26221078198696574,0.5489975202883114,0.1955481061847135,0.4104876677906081,0.12881165703984002,0.27096122998570293,0.09278853444187407,0.1951819937519008,0.0673606946829632,0.141669316360527,0.04692011887004393,0.0986639294781635,0.029573281062291797,0.062159085323668865,0.0,0.0
1,12,pre_rope,2048,256,10,98,171,0.3791724773981782,0.7799681447016563,0.32808230894389223,0.6805746931079771,0.26874127928313296,0.5650852452170646,0.20487297332673618,0.4322393761074429,0.13793707651437137,0.2916818455878986,0.10161471858456342,0.21489798121473752,0.07526582656652803,0.15915646998047395,0.053500787390503034,0.11312460757024151,0.03427720463825048,0.07246700785830605,0.000244140625,0.0
1,12,pre_rope,4096,256,6,85,169,0.33593483857276063,0.7566619673098475,0.28628046698203435,0.6535507274806623,0.2325123843104428,0.533423577313006,0.17782908839933562,0.4095642904367348,0.12119412107908065,0.28003993924578763,0.08993658162616372,0.20787495413187315,0.06701649038725979,0.1548727371383024,0.04798341607663828,0.11087559866931741,0.030932723167858108,0.07145775471296424,0.000244140625,0.00034526698300124393
1,12,post_rope,1024,256,47,169,196,0.6274458235648251,0.8586352892781335,0.5740801585580294,0.7870191612322494,0.5011582073152753,0.6907632715232198,0.39249620484382136,0.5414872300217631,0.2655288297801719,0.36927679870407065,0.20083130090194246,0.2794537937069923,0.1507538212154288,0.20982548092346454,0.11007926902420177,0.15322659294755567,0.07567020420874174,0.10532227694352628,0.000244140625,0.000244140625
1,12,post_rope,2048,256,57,187,204,0.6554782962217586,0.7990110789415354,0.6078351935928339,0.7428393663451387,0.5408219083608858,0.6631006792589947,0.43488634597876513,0.5326844092188442,0.29805131061498097,0.3675683663802837,0.23240392279014369,0.2868895435178862,0.1784776509502882,0.2204019297364732,0.13278624331161448,0.1640443337691749,0.09373283229041,0.11585006460386409,0.0,0.0
1,12,post_rope,4096,256,48,179,184,0.65287197450203,0.6764381611593555,0.6044738963969606,0.6283949200864971,0.5324206636992996,0.5552398725167436,0.4165044071243691,0.43357381688943997,0.26697533644301275,0.28035211289590845,0.20899307375478243,0.2197345647414356,0.16121805421664662,0.16950815632418637,0.1206173292498074,0.12692753460532158,0.0857048353026274,0.09020657462034753,0.0,0.0
1,13,pre_rope,1024,256,13,92,146,0.4139392597403567,0.7975792484311033,0.357095871968206,0.6987578508621857,0.28827818582038317,0.5696869123312492,0.21551505893391493,0.427486818344611,0.13840469626137905,0.2751659802736917,0.09435711419596113,0.1875929602015854,0.06366549032765623,0.1265032500049319,0.04116793011001958,0.08183883625441113,0.024492062898407135,0.04867897141159034,0.0,0.000244140625
1,13,pre_rope,2048,256,13,100,156,0.4130194139235721,0.8067948053162964,0.36031302062474246,0.7055261937070189,0.29552766338671704,0.5869339163622777,0.22562702019545233,0.4491810658446436,0.14851658370798698,0.29656645150159855,0.10354613808098695,0.20685944536168865,0.07133879298710609,0.1424959546903662,0.0470621822189403,0.09400492024226519,0.028325573662708638,0.05657534290164291,0.0,0.0
1,13,pre_rope,4096,256,8,89,156,0.3668493783767464,0.7852619916017881,0.315641444316069,0.6850038208820118,0.25793881645264155,0.5626164951491034,0.1977863049752447,0.4320206846080043,0.1313174755491935,0.28763703107476934,0.0925476539137221,0.2028598522047565,0.06434529850760629,0.1410535005970081,0.042730189367758964,0.09366031171298407,0.0258489471339188,0.05665377760140986,0.0004228639666916204,0.0
1,13,post_rope,1024,256,48,171,193,0.638770372920611,0.8324275080590049,0.5828800029372226,0.7677600635265261,0.5096167569910182,0.672423161296782,0.39793461497839583,0.5263157750430858,0.2683989472065842,0.3572498178394833,0.2032512859102043,0.27072476387235556,0.15357997797617484,0.20466091769631983,0.11212541950534351,0.1494354033345006,0.07563238564989365,0.10077774869765825,0.000244140625,0.000244140625
1,13,post_rope,2048,256,58,188,202,0.6696645615102979,0.8007695453067509,0.6169595901171769,0.7393128791567535,0.5461140379186422,0.6571500600470416,0.4375602135774932,0.5277013061011371,0.2982582192899182,0.3614552042419842,0.2323844302491912,0.2817171244222634,0.18012284325626143,0.21851117857526994,0.1354230243461993,0.16430355709634445,0.09414684227638234,0.11420354614096655,0.0,0.0
1,13,post_rope,4096,256,50,182,188,0.6658096218621653,0.6904918421457449,0.6041343998239876,0.6427304165682203,0.5344537732695167,0.5697502604706166,0.42010784910243215,0.44867049222158856,0.26956939427355253,0.2898400648350634,0.21178041805775455,0.22792407031357637,0.16530285581786094,0.1779654541246303,0.12453301939431209,0.1340645508509272,0.08744086583430417,0.09412341455185652,0.0,0.0
1,14,pre_rope,1024,256,15,93,145,0.43485502710225143,0.8104691249831101,0.37680485630935245,0.7128804245310467,0.3072808258385797,0.5861845894214668,0.22623907220910552,0.43449020504638536,0.14326062868375763,0.27549719946488455,0.09553232327033982,0.18376638534047382,0.06445589926557753,0.12397897479021577,0.04253935842700098,0.0818056911027696,0.026268669029181842,0.0505158752944933,0.0,0.0
1,14,pre_rope,2048,256,16,100,155,0.43686705171397455,0.8232121218873658,0.3821202461164096,0.7262456264462646,0.3118727110203471,0.6002821239151502,0.23440576987146805,0.4535912055648203,0.15186096377718647,0.2941940117320566,0.10385594118082359,0.20132514522125186,0.07145692058386377,0.13850349627051475,0.048003907879061024,0.09302558764318483,0.03032949855864095,0.058793300336511374,0.0,0.0
1,14,pre_rope,4096,256,11,90,154,0.39011257894262724,0.8094025772875639,0.3431539569858372,0.714209061154026,0.27919228469441226,0.5847522700943739,0.2097710749026524,0.44107792889784153,0.13529422310607975,0.28494610293538664,0.09300796579270626,0.19604355370981183,0.06428274117512632,0.1355431284098115,0.04340693983679192,0.0915234328109994,0.027566276793238784,0.05813008275932906,0.0,0.0
1,14,post_rope,1024,256,48,170,192,0.6398903425716863,0.8135572304175115,0.5661887968220941,0.7261697876865867,0.48012518035241725,0.6203845791773722,0.3793236704357109,0.4934739149788537,0.26506713178815783,0.34626775634076634,0.19942149896607922,0.26078915976567707,0.15107906360908693,0.19757493951355623,0.11065416285720747,0.1447084732179472,0.07567532401896114,0.09896823766567935,0.0,0.00034526698300124393
1,14,post_rope,2048,256,58,187,201,0.6962403953204808,0.8158252967059374,0.6253102962792497,0.7370683303831426,0.5303491359232886,0.6287403717213876,0.4189364914754628,0.4998869172011417,0.2964250266442613,0.35543479338048556,0.22759197094772074,0.2732270657197663,0.1767638821903306,0.21226732193679562,0.1331654514946397,0.15991117753783846,0.09375858267598192,0.11260653855292696,0.000244140625,0.0
1,14,post_rope,4096,256,53,184,192,0.7127147300795182,0.766579169657023,0.641356399587594,0.6945543334695032,0.5458913949365436,0.5929207783670624,0.4142867866394183,0.4525159491578706,0.2788264440911766,0.30662760129836764,0.21362974319861844,0.23529229268600474,0.16716217847499507,0.18419241188730548,0.12737731491246423,0.1403812839667492,0.09020591386071523,0.09941650867263079,0.0,0.0
1,15,pre_rope,1024,256,15,96,147,0.4423149006233868,0.7850527908712427,0.37756503549149756,0.6802972711094835,0.30630786115600955,0.5579338176883968,0.2276893741384983,0.41689869460178086,0.14448959162624092,0.26512514092613837,0.09900948390424333,0.18167655343383315,0.06831009314538376,0.1253668646716463,0.04589713886128258,0.08423488427009813,0.028711186622005933,0.05267896213340423,0.0,0.0
1,15,pre_rope,2048,256,16,103,157,0.4484824075044677,0.7994426424876424,0.38549433604333344,0.6939096765362721,0.31348027022120967,0.5731060119778176,0.23911439918195784,0.438340741640057,0.15492833972856548,0.2847773503740093,0.10780432849821217,0.1981444470220681,0.0757992752503545,0.1393416442643546,0.05217131495053784,0.09590252714118983,0.03330708105733029,0.061244757291668096,0.0,0.0
1,15,pre_rope,4096,256,10,92,158,0.388868272704177,0.7909723529047119,0.33572185603479227,0.6882749438132245,0.2713744675162357,0.561156363545705,0.20743779985176888,0.43000331023516775,0.13595147773525995,0.2824163623656968,0.09509206827903662,0.19755789379046787,0.06729695475520218,0.13979710488275446,0.04659569497913277,0.09677951167475936,0.029841135919135786,0.061995376476046485,0.0,0.0
1,15,post_rope,1024,256,49,173,196,0.6340192426775777,0.8204066086329026,0.5547896277743195,0.7300228042829222,0.47574257278458104,0.6314936422630544,0.3810229610372792,0.508986539096872,0.27085606161753095,0.3628345327069831,0.20340401486698234,0.272692182299161,0.15479343524536904,0.2075562926997932,0.11390959013972247,0.15272454817981862,0.07840791972797209,0.10514329215442515,0.0,0.0
1,15,post_rope,2048,256,61,190,205,0.6854924020019201,0.8361652456193811,0.6184515743957558,0.7574023287032969,0.5274846771690457,0.650890124167794,0.42372298804416597,0.5258633213691397,0.3066352795177489,0.38235212397164403,0.23531306414897513,0.2935247612862136,0.1831538022145746,0.2284934530342802,0.137776668674011,0.17186927785884948,0.09619202589426054,0.12003280032427188,0.0,0.0
1,15,post_rope,4096,256,53,185,197,0.6797888669248495,0.7676663141815739,0.6170210795024381,0.6999478933831704,0.5273591215930956,0.6005033110559865,0.40870095883306673,0.46755543130284544,0.27890264257667924,0.3210585674678482,0.2138382008038949,0.24665574586595174,0.16858524474290634,0.1944854008213982,0.12915015986805944,0.14898060274274402,0.09170332666850375,0.10577968399038154,0.0,0.0
1,16,pre_rope,1024,256,10,78,135,0.40191205021527515,0.7356820953108392,0.330148723207784,0.6175292795011907,0.2563733478569165,0.4850166132136416,0.1829929667408489,0.34950075646620105,0.11736309882492792,0.2244413327745248,0.08117226036061076,0.15528591273833184,0.05613695016581929,0.10741688109840868,0.037903962295069045,0.07252866967380624,0.02377458404273415,0.045491463667391076,0.0,0.0
1,16,pre_rope,2048,256,10,85,145,0.40528939457008084,0.7582032484224466,0.3395374715685319,0.637179903936454,0.2655913387736268,0.505644940618467,0.19133492522734935,0.36824856301912356,0.12501001317926724,0.24087191707140704,0.08859815852316044,0.17076899394655362,0.06281344968163254,0.12110728526610258,0.043181154483275974,0.08326662890716177,0.02751650055115634,0.053060020649456974,0.0,0.0
1,16,pre_rope,4096,256,6,68,145,0.33354854590148036,0.7346310270697343,0.2793320853706955,0.6193010381118597,0.21784978648681544,0.48889810888791135,0.15742376056611526,0.3552926434258584,0.10419485982198917,0.23529824567076774,0.07417577201870927,0.16759271447044766,0.05294644136366647,0.11963837255275898,0.03667070207642046,0.0828694705413075,0.023554193545297534,0.05322713570598992,0.000244140625,0.0
1,16,post_rope,1024,256,43,163,187,0.611116659134428,0.7903792093464429,0.5353441117501291,0.7059052917373991,0.45841997223613284,0.6100765982203431,0.36431287088602704,0.4862806917521602,0.25174533052479847,0.3373630351728952,0.18890237884719943,0.2533126935791059,0.14129078402853354,0.18949307679184108,0.10253470275329848,0.13752552142409333,0.0688177815003409,0.09230065594044352,0.0,0.0
1,16,post_rope,2048,256,53,182,196,0.6653680421822682,0.7878476034209927,0.5936619542745383,0.7057230105723967,0.5087471796468404,0.6081215119531382,0.4071658155474288,0.4889338290566673,0.28352905460274186,0.3418795240475988,0.2194101726016708,0.2647262402572348,0.16874409418014816,0.203612842147683,0.12619685347997814,0.15230520690062355,0.08711716142417471,0.10515547957570325,0.0,0.0
1,16,post_rope,4096,256,44,170,175,0.6380275544312098,0.6508242333036889,0.56240812187055,0.5824467244977899,0.48404011378477413,0.5031478852937329,0.3733316502930533,0.38962258465886873,0.24600133220187828,0.2578601215192017,0.19011611552550542,0.19951114514418278,0.14691749120442316,0.15426249060609518,0.11027375575582839,0.11581147081357344,0.07720404443770458,0.08108887468504399,0.0,0.0
1,17,pre_rope,1024,256,10,89,150,0.39514309114181895,0.7692595065003361,0.3322598736101761,0.6604962799348686,0.26953976382754774,0.5401194617798146,0.20110016072331802,0.4047508455282973,0.13322071843009542,0.26878663190428204,0.09228612505691872,0.186210009486753,0.06439483781347637,0.1299408517674035,0.04353377177868144,0.08782617537148764,0.02743406367235553,0.05533542998298077,0.0,0.0
1,17,pre_rope,2048,256,11,97,161,0.3965369880231646,0.780656818263705,0.33783708269447266,0.6750160250704184,0.2766217787839917,0.5570373727427188,0.21086246427440392,0.4271272853782363,0.1423741802429767,0.2889713452926926,0.10062118949546452,0.2043003410205805,0.07162729786220996,0.14548200340005446,0.04949194759801515,0.10051865781231807,0.031617860493285306,0.06420759192287676,0.0,0.0
1,17,pre_rope,4096,256,4,75,158,0.3096519386668154,0.7296573804238581,0.2635045403626815,0.6300110205942842,0.21497756951894018,0.5199574608092262,0.16474192579567645,0.3990125806828049,0.1121899889826614,0.2722458075558749,0.07994142354801456,0.19402760337810224,0.057294556515954144,0.13908839466873094,0.03983908233229151,0.09670650225911966,0.025596371918127258,0.06212695370831565,0.0,0.000244140625
1,17,post_rope,1024,256,48,174,197,0.6151199961107799,0.8091687539863052,0.5525614329745119,0.7354226654247541,0.478068613953606,0.6409435875657946,0.38476059034122795,0.5172847276094953,0.27179902867809597,0.36683776107593175,0.2072135554482209,0.27978302586994336,0.1568986779083703,0.21199238116591312,0.11621888718541812,0.15702835763573444,0.07925437953652918,0.10709595221199582,0.000244140625,0.0
1,17,post_rope,2048,256,59,192,205,0.6638682361761723,0.7790119348145517,0.5968294595651081,0.7053662923802348,0.5115634012651281,0.6100485576001348,0.4194982476635458,0.5011200875859592,0.30290030577358606,0.36324712121273023,0.2378065038819885,0.28533188101214685,0.18542122853128568,0.22250427949197388,0.1407857611777005,0.16888091342830794,0.09977260006604012,0.1196690083454364,0.0,0.0
1,17,post_rope,4096,256,42,176,179,0.6383111150658013,0.6364983019060736,0.5566155143561765,0.5651000648267631,0.4638588994942149,0.4756599384363094,0.36237394179959126,0.372780829824722,0.2473732519719305,0.2561182939685705,0.19318729025694545,0.20030975792208658,0.15090813708552314,0.15658381090536302,0.11538427915279599,0.11973100314842935,0.08282486445412683,0.08594478229532193,0.0,0.0
1,18,pre_rope,1024,256,12,88,150,0.41291672146845254,0.7965177782508795,0.35207507595935544,0.6836924454422719,0.2790839176993879,0.5470989858514377,0.20070720450181734,0.39503975004266284,0.1302702438672214,0.256990799431184,0.0910863773247969,0.1797244821721151,0.06453029751940646,0.1273440870034843,0.04477768021681522,0.08837856903854867,0.02906093962387503,0.05734966694503164,0.0,0.000244140625
1,18,pre_rope,2048,256,12,94,161,0.4145317297917252,0.8049625186013302,0.35607506321764065,0.6965329464050526,0.28196223463318343,0.5574810443101785,0.20638072177249486,0.4094393322897383,0.1369509224243965,0.2721068566529159,0.09792687112648421,0.19471175310606686,0.07098071156007256,0.14118464688157734,0.05042789470815994,0.10031892464762596,0.03347576625593683,0.0665904463723227,0.0,0.000244140625
1,18,pre_rope,4096,256,5,73,158,0.32390597780016567,0.7495657140312543,0.2783535050793829,0.6477738166738501,0.22069934402873043,0.5191698466530651,0.1630948915136458,0.3857505314564335,0.10953210718796293,0.2592602165585459,0.0787908787061755,0.18663524851474111,0.057483064396510124,0.13615081536717466,0.04107153578560619,0.09727096849340768,0.02741776394798136,0.06492029291421805,0.000244140625,0.0
1,18,post_rope,1024,256,46,167,192,0.6210061737312661,0.8362725736083069,0.5596352318191993,0.7601017343354034,0.48201966604104174,0.6592666681617884,0.37817571946145834,0.5190478492428414,0.25433219980743044,0.35065130192911903,0.19208468656690747,0.2648817772135539,0.14618907409316304,0.20164567281146012,0.10700658806457287,0.14761243705040727,0.07167221986709697,0.09887032192270029,0.000244140625,0.0
1,18,post_rope,2048,256,54,184,202,0.6655594950219548,0.8264877220610335,0.6030700421371191,0.751572034303459,0.5200183277384841,0.6536410104844693,0.4149431903286325,0.5229417531453859,0.2845258668896218,0.36010816671003476,0.21931833279784618,0.27774341423680327,0.17123014683049756,0.21687081940329084,0.12946453000501312,0.16396655955959005,0.09008755981053759,0.11409154025852764,0.0,0.00034526698300124393
1,18,post_rope,4096,256,44,169,179,0.6683633096334999,0.7159299883537904,0.5935330747565173,0.6407938013752082,0.5032063436205357,0.5471013826742186,0.38145665993246186,0.41559525863817665,0.2341261496283987,0.25724440898695466,0.18334587083197498,0.20177111217169005,0.1442829783408206,0.15879334916713475,0.10919337860685321,0.12021019289020764,0.07714727859592378,0.08493567781830601,0.0,0.0
1,19,pre_rope,1024,256,7,94,170,0.35065478655655336,0.7777903821658058,0.30350538945951067,0.67960019482671,0.2521746940150314,0.569290499567083,0.19365338408421073,0.4385716392561849,0.13419009061461631,0.3042606395845255,0.09719464879866811,0.22041220606981868,0.07058789046287457,0.16007993787387784,0.04947809586286485,0.11221150388510304,0.032116325721323336,0.07282923952144812,0.0,0.000244140625
1,19,pre_rope,2048,256,8,102,180,0.35492513820954236,0.7861154495122539,0.3089475896763221,0.6888768973340836,0.2566636816899836,0.5785228803490065,0.2000197222045428,0.4530888904784781,0.1421460437075166,0.3223045556800137,0.10537121819602822,0.23894159089302555,0.07799557455664483,0.1769238108760065,0.05583032239320361,0.12663816850881335,0.037093309639274805,0.08412973997641104,0.00034526698300124393,0.0
1,19,pre_rope,4096,256,2,75,174,0.27414241934770955,0.6970304632193138,0.23490299515615226,0.6120838211071477,0.19504024603813305,0.5114095787641638,0.1534120321794599,0.40400360822954773,0.1102413200715732,0.2905909364488015,0.08251194665125434,0.21754244883431445,0.06141920190941671,0.16192322119565783,0.044209681143725005,0.11654742595983736,0.02965982050249108,0.07817953113956927,0.00034526698300124393,0.0
1,19,post_rope,1024,256,46,176,202,0.6040680465009441,0.8429774880508762,0.5575555610340409,0.7790673666081713,0.4909663719657224,0.6887850888516825,0.3808139871793326,0.5347653931644403,0.2672606206412582,0.37790319068936573,0.20678653289102053,0.2925736878979195,0.15877833406398226,0.22469600167988962,0.11761878441696032,0.16648887051796482,0.08098185380723961,0.11459899564106536,0.000244140625,0.000244140625
1,19,post_rope,2048,256,54,193,208,0.6380850986630496,0.7834275987058028,0.5883613298885382,0.7251931278556467,0.5215498636679462,0.645504303661511,0.41307973293397393,0.5116789707709131,0.2930846938541937,0.36483375486614145,0.23391309362476934,0.29130550003071437,0.18433021389400986,0.2296518622537359,0.14054465647839526,0.1751434623685135,0.10003243158864705,0.12468393421093747,0.0,0.0
1,19,post_rope,4096,256,37,173,178,0.6264682213684034,0.6408019403011554,0.5635385462685699,0.5805185104132896,0.4804436901969608,0.49749270256479605,0.3467676185526885,0.35832824851280004,0.22536851057123838,0.23622520034043554,0.18078164063512855,0.18961508209102007,0.1439022087664613,0.15100842691111296,0.11152551117954969,0.11707402139108478,0.08096161059782891,0.08500231907990748,0.0,0.00034526698300124393
1,20,pre_rope,1024,256,10,81,137,0.3908849232886765,0.7870459897855631,0.3277766785809752,0.6709707074060618,0.259333200418721,0.5359291565359622,0.18964902836464984,0.3937481955835081,0.12206616203881596,0.25410875901067403,0.08195055671209539,0.17065534468562443,0.054075357308444004,0.11257186289835595,0.03348822765463969,0.0697323922249993,0.018174953682065186,0.037833132828728716,0.0,0.0
1,20,pre_rope,2048,256,10,85,144,0.39045391150738085,0.7926283984458077,0.33147878123824737,0.6811415804761176,0.2620831131037124,0.546650159119433,0.19438715120953567,0.4068122054717416,0.1277102853066816,0.26827911109493807,0.08737301467582814,0.18371805081961992,0.05869183278365185,0.12345069138745447,0.037137472658458646,0.07812957750261616,0.02037221494023281,0.04284094095516377,0.0,0.0
1,20,pre_rope,4096,256,3,65,137,0.29877885399823156,0.7033629120878987,0.2539839405629888,0.6065331731719882,0.20258023497412786,0.4893615369053208,0.15221849819061495,0.3690315367963815,0.100049709839331,0.24338151025905855,0.0683920645890207,0.1665266362669806,0.04602617385751458,0.1121222299257019,0.029299926598883336,0.07137846892523571,0.016141000660220308,0.0393263489023207,0.0,0.0
1,20,post_rope,1024,256,41,153,176,0.6054121421685155,0.8042548414587992,0.5492165707888176,0.7352296847273999,0.47172903114782666,0.6349401146141821,0.36168195566186545,0.48834344086369036,0.23962498731220114,0.32516919280308776,0.1769207788002386,0.24021179589331476,0.1302082316080332,0.176871921525996,0.09108703169740917,0.12375545836461768,0.056536875447533115,0.07683955297996367,0.0,0.0
1,20,post_rope,2048,256,50,170,185,0.6624911847517745,0.7912953765115559,0.5949176550231466,0.71919723776917,0.5151918499267895,0.6250442966022459,0.40290371343757597,0.49124521549214806,0.2694580420988047,0.3301368977064884,0.20391910556300738,0.249908311242679,0.15461967599718626,0.1895817585415113,0.11196982174700316,0.13730300316245525,0.07233116683117943,0.0887245458716505,0.0,0.0
1,20,post_rope,4096,256,39,153,163,0.6600370581655666,0.706999087787671,0.5755317882571158,0.6269967607660899,0.49417156378950056,0.5396045778822642,0.35806275324413833,0.39113720690903475,0.2141477930037631,0.23641978606446487,0.16250140116160872,0.17950430114183327,0.1255849028406786,0.13876833717213655,0.09282032634990901,0.10255562784718888,0.06151810880321238,0.06798341088739067,0.0,0.00034526698300124393
1,21,pre_rope,1024,256,9,100,166,0.38173328785766675,0.7615871413560371,0.3242244490157067,0.6589887328306238,0.2657920087983658,0.5445993213986957,0.20464737477020245,0.42070884594441044,0.14205628093729383,0.29262451293070463,0.10324695196571161,0.2127113637481038,0.07476285955243439,0.1540035888823418,0.05217645585387332,0.10742797834223952,0.03378945058257987,0.06952694654541472,0.000244140625,0.0
1,21,pre_rope,2048,256,10,108,177,0.3853187264761545,0.7706262185674161,0.32984211627188775,0.6687798734035525,0.27166445680511286,0.557281927813942,0.21241174435914112,0.43815645287295935,0.1514610737688665,0.31307006338787996,0.11208155482888935,0.2317196793129228,0.0825877612941668,0.17079255229828597,0.05911581791556239,0.12220524768768502,0.03885749427652529,0.08032003938784146,0.0004228639666916204,0.0
1,21,pre_rope,4096,256,2,75,164,0.27618866131605924,0.6335102049736496,0.23508663224217166,0.5485297644406039,0.19384919365338077,0.4583253715285993,0.15276454617779836,0.3632601660075809,0.10997932239735099,0.2620557067776667,0.08217499264310009,0.19586561085801832,0.06105956543163965,0.14558255113123336,0.04384550841238671,0.10458455504252233,0.029057862927066462,0.06928433929562192,0.0,0.000244140625
1,21,post_rope,1024,256,49,178,199,0.6370401331956095,0.8291852749281208,0.5853116062236913,0.768418218767136,0.50611022856438,0.6651618832902321,0.3919086726565255,0.5176709361804017,0.2750744458781049,0.3653781220403527,0.21497257878403664,0.285689912761213,0.16474916176011087,0.21903292207301453,0.12110384006916664,0.16100532806062634,0.08252242043758733,0.10965937022794853,0.000244140625,0.0
1,21,post_rope,2048,256,58,195,207,0.6785930284131328,0.8000947382084646,0.6176471205986483,0.7359342052604643,0.5433774548833383,0.6478396497705897,0.4277485884303709,0.5115103843395566,0.301417384043346,0.36231645014914177,0.24189309715366422,0.2910648790704189,0.1925145971039963,0.23161419207848202,0.146815015840309,0.17664616045910495,0.10304180604210814,0.12400565432915964,0.0,0.0
1,21,post_rope,4096,256,36,172,179,0.6625579394789987,0.697329691874051,0.5883688264988518,0.623965456183721,0.4938645628316517,0.5262646407131795,0.3462860881851962,0.36933191580678254,0.22145183129034662,0.23971153367565823,0.17871127102513276,0.19355625186599779,0.14324773032369276,0.15517379154492544,0.11072981830930312,0.11994661454976319,0.0797148115440562,0.08634574330611186,0.0,0.0
