prompt,layer,method,chunk,outlier_frac,budget,tokens_used,mass,recall
0,0,oracle_token,1,0.0,64,64.0,0.7211073040962219,1.0
0,0,oracle_token,1,0.0,128,128.0,0.8008716702461243,1.0
0,0,oracle_token,1,0.0,256,256.0,0.8700318932533264,1.0
0,0,oracle_token,1,0.0,512,512.0,0.924728512763977,1.0
0,0,oracle_chunk,4,0.0,64,64.0,0.6510204672813416,0.6006905436515808
0,0,oracle_chunk,4,0.0,128,128.0,0.7394742965698242,0.8686000108718872
0,0,oracle_chunk,4,0.0,256,256.0,0.8162513375282288,0.9818289875984192
0,0,oracle_chunk,4,0.0,512,512.0,0.8826659917831421,0.9997035264968872
0,0,landmark,4,0.0,64,64.0,0.48521652817726135,0.3035016655921936
0,0,landmark,4,0.0,128,128.0,0.6026701331138611,0.4977155327796936
0,0,landmark,4,0.0,256,256.0,0.7098771929740906,0.68603515625
0,0,landmark,4,0.0,512,512.0,0.7963372468948364,0.8056465983390808
0,0,landmark,4,0.005,64,84.0,0.486553817987442,0.3053501546382904
0,0,landmark,4,0.005,128,148.0,0.6040096282958984,0.4995989203453064
0,0,landmark,4,0.005,256,276.0,0.7113199234008789,0.6879359483718872
0,0,landmark,4,0.005,512,532.0,0.7975588440895081,0.8067626953125
0,0,landmark,4,0.01,64,104.0,0.488284170627594,0.3074776828289032
0,0,landmark,4,0.01,128,168.0,0.605803906917572,0.5018135905265808
0,0,landmark,4,0.01,256,296.0,0.7128082513809204,0.6898368000984192
0,0,landmark,4,0.01,512,552.0,0.7988898158073425,0.8082798719406128
0,0,landmark,4,0.02,64,144.0,0.49001556634902954,0.3090471625328064
0,0,landmark,4,0.02,128,208.0,0.6075353622436523,0.5033831000328064
0,0,landmark,4,0.02,256,336.0,0.7145376205444336,0.69140625
0,0,landmark,4,0.02,512,592.0,0.8005861639976501,0.8097098469734192
0,0,landmark,4,0.05,64,264.0,0.5084853768348694,0.3391636312007904
0,0,landmark,4,0.05,128,328.0,0.6208411455154419,0.5245535969734192
0,0,landmark,4,0.05,256,456.0,0.7239941954612732,0.7037528157234192
0,0,landmark,4,0.05,512,712.0,0.8083829879760742,0.8181326985359192
0,0,oracle_chunk,8,0.0,64,64.0,0.6183497309684753,0.4949253499507904
0,0,oracle_chunk,8,0.0,128,128.0,0.7136141061782837,0.7564871907234192
0,0,oracle_chunk,8,0.0,256,256.0,0.7967081665992737,0.9321114420890808
0,0,oracle_chunk,8,0.0,512,512.0,0.8678475022315979,0.9893973469734192
0,0,landmark,8,0.0,64,64.0,0.4014011025428772,0.2730015218257904
0,0,landmark,8,0.0,128,128.0,0.5389254093170166,0.4677908718585968
0,0,landmark,8,0.0,256,256.0,0.6808696985244751,0.6625279188156128
0,0,landmark,8,0.0,512,512.0,0.7774242758750916,0.7870570421218872
0,0,landmark,8,0.005,64,88.0,0.4045287072658539,0.2754603922367096
0,0,landmark,8,0.005,128,152.0,0.5420841574668884,0.4702846109867096
0,0,landmark,8,0.005,256,280.0,0.6827656030654907,0.6645159125328064
0,0,landmark,8,0.005,512,536.0,0.778908371925354,0.7886614203453064
0,0,landmark,8,0.01,64,104.0,0.40523138642311096,0.2758091390132904
0,0,landmark,8,0.01,128,168.0,0.5427868366241455,0.4706333577632904
0,0,landmark,8,0.01,256,296.0,0.6834682822227478,0.6648646593093872
0,0,landmark,8,0.01,512,552.0,0.779593288898468,0.7888532280921936
0,0,landmark,8,0.02,64,144.0,0.4084163010120392,0.279541015625
0,0,landmark,8,0.02,128,208.0,0.5459718108177185,0.474365234375
0,0,landmark,8,0.02,256,336.0,0.6866996884346008,0.6687186360359192
0,0,landmark,8,0.02,512,592.0,0.7837714552879333,0.7928292155265808
0,0,landmark,8,0.05,64,264.0,0.41506263613700867,0.2840576171875
0,0,landmark,8,0.05,128,328.0,0.55247563123703,0.4787074625492096
0,0,landmark,8,0.05,256,456.0,0.6925936937332153,0.6729212999343872
0,0,landmark,8,0.05,512,712.0,0.7896031141281128,0.7967180609703064
0,0,oracle_chunk,16,0.0,64,64.0,0.5833412408828735,0.4214390218257904
0,0,oracle_chunk,16,0.0,128,128.0,0.6929251551628113,0.6602608561515808
0,0,oracle_chunk,16,0.0,256,256.0,0.7812070250511169,0.8645368218421936
0,0,oracle_chunk,16,0.0,512,512.0,0.8573302030563354,0.9728829264640808
0,0,landmark,16,0.0,64,64.0,0.3425883650779724,0.2497384250164032
0,0,landmark,16,0.0,128,128.0,0.5027434229850769,0.4363664984703064
0,0,landmark,16,0.0,256,256.0,0.652938723564148,0.6390206217765808
0,0,landmark,16,0.0,512,512.0,0.7602792382240295,0.7729666829109192
0,0,landmark,16,0.005,64,80.0,0.34938669204711914,0.2585100531578064
0,0,landmark,16,0.005,128,144.0,0.5093965530395508,0.4451206624507904
0,0,landmark,16,0.005,256,272.0,0.6590039134025574,0.6471993327140808
0,0,landmark,16,0.005,512,528.0,0.7648786306381226,0.777099609375
0,0,landmark,16,0.01,64,112.0,0.3514084219932556,0.2589983344078064
0,0,landmark,16,0.01,128,176.0,0.5114182829856873,0.4456089437007904
0,0,landmark,16,0.01,256,304.0,0.6610256433486938,0.6476876139640808
0,0,landmark,16,0.01,512,560.0,0.766771137714386,0.7777448296546936
0,0,landmark,16,0.02,64,144.0,0.35251468420028687,0.2595912516117096
0,0,landmark,16,0.02,128,208.0,0.5125245451927185,0.4462018609046936
0,0,landmark,16,0.02,256,336.0,0.6621319651603699,0.6482805609703064
0,0,landmark,16,0.02,512,592.0,0.7680598497390747,0.7786167860031128
0,0,landmark,16,0.05,64,272.0,0.39094242453575134,0.3025600016117096
0,0,landmark,16,0.05,128,336.0,0.5424715876579285,0.4846365749835968
0,0,landmark,16,0.05,256,464.0,0.6811913847923279,0.6709856390953064
0,0,landmark,16,0.05,512,720.0,0.7813793420791626,0.7928990125656128
0,0,oracle_chunk,32,0.0,64,64.0,0.5197163820266724,0.3598458468914032
0,0,oracle_chunk,32,0.0,128,128.0,0.6655300855636597,0.5814208984375
0,0,oracle_chunk,32,0.0,256,256.0,0.7686165571212769,0.7858189344406128
0,0,oracle_chunk,32,0.0,512,512.0,0.848507285118103,0.9390694499015808
0,0,landmark,32,0.0,64,64.0,0.3154357075691223,0.2413853257894516
0,0,landmark,32,0.0,128,128.0,0.4761848747730255,0.4205322265625
0,0,landmark,32,0.0,256,256.0,0.6290732622146606,0.6263776421546936
0,0,landmark,32,0.0,512,512.0,0.7443297505378723,0.7577776312828064
0,0,landmark,32,0.005,64,96.0,0.3231174945831299,0.2507672905921936
0,0,landmark,32,0.005,128,160.0,0.4838666617870331,0.4299142062664032
0,0,landmark,32,0.005,256,288.0,0.636755108833313,0.6357596516609192
0,0,landmark,32,0.005,512,544.0,0.7518660426139832,0.7667410969734192
0,0,landmark,32,0.01,64,96.0,0.3231174945831299,0.2507672905921936
0,0,landmark,32,0.01,128,160.0,0.4838666617870331,0.4299142062664032
0,0,landmark,32,0.01,256,288.0,0.636755108833313,0.6357596516609192
0,0,landmark,32,0.01,512,544.0,0.7518660426139832,0.7667410969734192
0,0,landmark,32,0.02,64,160.0,0.3392876982688904,0.2719552218914032
0,0,landmark,32,0.02,128,224.0,0.5009055733680725,0.4531947672367096
0,0,landmark,32,0.02,256,352.0,0.6511777639389038,0.6548723578453064
0,0,landmark,32,0.02,512,608.0,0.7602986097335815,0.7759835124015808
0,0,landmark,32,0.05,64,256.0,0.3492388129234314,0.2865513265132904
0,0,landmark,32,0.05,128,320.0,0.5113496780395508,0.4684884250164032
0,0,landmark,32,0.05,256,448.0,0.6634488701820374,0.6693812608718872
0,0,landmark,32,0.05,512,704.0,0.7696251273155212,0.7875801920890808
0,1,oracle_token,1,0.0,64,64.0,0.5470377802848816,1.0
0,1,oracle_token,1,0.0,128,128.0,0.662553608417511,1.0
0,1,oracle_token,1,0.0,256,256.0,0.7736873626708984,1.0
0,1,oracle_token,1,0.0,512,512.0,0.8694921135902405,1.0
0,1,oracle_chunk,4,0.0,64,64.0,0.43644240498542786,0.4937918484210968
0,1,oracle_chunk,4,0.0,128,128.0,0.5544314980506897,0.7564522624015808
0,1,oracle_chunk,4,0.0,256,256.0,0.6732588410377502,0.9743303656578064
0,1,oracle_chunk,4,0.0,512,512.0,0.7877426743507385,1.0
0,1,landmark,4,0.0,64,64.0,0.3124530017375946,0.3199811577796936
0,1,landmark,4,0.0,128,128.0,0.42948079109191895,0.5029645562171936
0,1,landmark,4,0.0,256,256.0,0.5544049143791199,0.6829833984375
0,1,landmark,4,0.0,512,512.0,0.6813395619392395,0.8281947374343872
0,1,landmark,4,0.005,64,84.0,0.3150765597820282,0.3219866156578064
0,1,landmark,4,0.005,128,148.0,0.43237727880477905,0.5050572156906128
0,1,landmark,4,0.005,256,276.0,0.5569032430648804,0.6848319172859192
0,1,landmark,4,0.005,512,532.0,0.6835223436355591,0.8296421766281128
0,1,landmark,4,0.01,64,104.0,0.3164820969104767,0.3226667046546936
0,1,landmark,4,0.01,128,168.0,0.43378281593322754,0.5057373046875
0,1,landmark,4,0.01,256,296.0,0.5583356022834778,0.6855294108390808
0,1,landmark,4,0.01,512,552.0,0.684974730014801,0.8304268717765808
0,1,landmark,4,0.02,64,144.0,0.3263043761253357,0.3353097140789032
0,1,landmark,4,0.02,128,208.0,0.441213995218277,0.5139683485031128
0,1,landmark,4,0.02,256,336.0,0.5641016960144043,0.6904645562171936
0,1,landmark,4,0.02,512,592.0,0.6894955039024353,0.8336006999015808
0,1,landmark,4,0.05,64,264.0,0.3529098331928253,0.3679722249507904
0,1,landmark,4,0.05,128,328.0,0.4631200432777405,0.5383126139640808
0,1,landmark,4,0.05,256,456.0,0.5813002586364746,0.7059500813484192
0,1,landmark,4,0.05,512,712.0,0.7022787928581238,0.842041015625
0,1,oracle_chunk,8,0.0,64,64.0,0.3932194709777832,0.4207240641117096
0,1,oracle_chunk,8,0.0,128,128.0,0.5134624242782593,0.6377999186515808
0,1,oracle_chunk,8,0.0,256,256.0,0.634437084197998,0.8481793999671936
0,1,oracle_chunk,8,0.0,512,512.0,0.7524145245552063,0.9846888780593872
0,1,landmark,8,0.0,64,64.0,0.2924371361732483,0.3010428249835968
0,1,landmark,8,0.0,128,128.0,0.40813571214675903,0.4725864827632904
0,1,landmark,8,0.0,256,256.0,0.5361952185630798,0.652587890625
0,1,landmark,8,0.0,512,512.0,0.6610914468765259,0.7940150499343872
0,1,landmark,8,0.005,64,88.0,0.2973008155822754,0.3049665093421936
0,1,landmark,8,0.005,128,152.0,0.4124161899089813,0.4757428765296936
0,1,landmark,8,0.005,256,280.0,0.5402211546897888,0.6551688313484192
0,1,landmark,8,0.005,512,536.0,0.6643552184104919,0.7960205078125
0,1,landmark,8,0.01,64,104.0,0.29831138253211975,0.3052804172039032
0,1,landmark,8,0.01,128,168.0,0.4134266972541809,0.4760567843914032
0,1,landmark,8,0.01,256,296.0,0.5412316918373108,0.6554827094078064
0,1,landmark,8,0.01,512,552.0,0.6653751730918884,0.7963343858718872
0,1,landmark,8,0.02,64,144.0,0.3010530471801758,0.3065534234046936
0,1,landmark,8,0.02,128,208.0,0.4161684215068817,0.4773297905921936
0,1,landmark,8,0.02,256,336.0,0.5439491271972656,0.6567557454109192
0,1,landmark,8,0.02,512,592.0,0.6682586073875427,0.7977120280265808
0,1,landmark,8,0.05,64,264.0,0.3281249403953552,0.3381521999835968
0,1,landmark,8,0.05,128,328.0,0.43891623616218567,0.5012904405593872
0,1,landmark,8,0.05,256,456.0,0.5621925592422485,0.6735665202140808
0,1,landmark,8,0.05,512,712.0,0.6840091347694397,0.81005859375
0,1,oracle_chunk,16,0.0,64,64.0,0.3528328239917755,0.369384765625
0,1,oracle_chunk,16,0.0,128,128.0,0.4765574336051941,0.5646449327468872
0,1,oracle_chunk,16,0.0,256,256.0,0.6010755896568298,0.7594168782234192
0,1,oracle_chunk,16,0.0,512,512.0,0.7237905859947205,0.9179862141609192
0,1,landmark,16,0.0,64,64.0,0.2718551754951477,0.2877545952796936
0,1,landmark,16,0.0,128,128.0,0.384422242641449,0.4496023952960968
0,1,landmark,16,0.0,256,256.0,0.5159958600997925,0.6234828233718872
0,1,landmark,16,0.0,512,512.0,0.6480951905250549,0.7758614420890808
0,1,landmark,16,0.005,64,80.0,0.2744491994380951,0.2896030843257904
0,1,landmark,16,0.005,128,144.0,0.38701629638671875,0.4514508843421936
0,1,landmark,16,0.005,256,272.0,0.5185899138450623,0.6253313422203064
0,1,landmark,16,0.005,512,528.0,0.6506891846656799,0.7777099609375
0,1,landmark,16,0.01,64,112.0,0.2851237952709198,0.3000836968421936
0,1,landmark,16,0.01,128,176.0,0.3978497087955475,0.4633266031742096
0,1,landmark,16,0.01,256,304.0,0.5271467566490173,0.634521484375
0,1,landmark,16,0.01,512,560.0,0.6562432050704956,0.7820172905921936
0,1,landmark,16,0.02,64,144.0,0.28653931617736816,0.3006940484046936
0,1,landmark,16,0.02,128,208.0,0.39926522970199585,0.4639369547367096
0,1,landmark,16,0.02,256,336.0,0.5284839272499084,0.6350795030593872
0,1,landmark,16,0.02,512,592.0,0.6575631499290466,0.7825404405593872
0,1,landmark,16,0.05,64,272.0,0.31415215134620667,0.3278459906578064
0,1,landmark,16,0.05,128,336.0,0.42511865496635437,0.4892229437828064
0,1,landmark,16,0.05,256,464.0,0.5512290000915527,0.6557791829109192
0,1,landmark,16,0.05,512,720.0,0.6759966611862183,0.7971366047859192
0,1,oracle_chunk,32,0.0,64,64.0,0.3140706419944763,0.3304617702960968
0,1,oracle_chunk,32,0.0,128,128.0,0.44453689455986023,0.5218680500984192
0,1,oracle_chunk,32,0.0,256,256.0,0.5740658044815063,0.7035958170890808
0,1,oracle_chunk,32,0.0,512,512.0,0.699151873588562,0.8631940484046936
0,1,landmark,32,0.0,64,64.0,0.2588442265987396,0.2953055202960968
0,1,landmark,32,0.0,128,128.0,0.37855392694473267,0.44921875
0,1,landmark,32,0.0,256,256.0,0.5081478357315063,0.6168736219406128
0,1,landmark,32,0.0,512,512.0,0.6331864595413208,0.75732421875
0,1,landmark,32,0.005,64,96.0,0.2633517384529114,0.2984967827796936
0,1,landmark,32,0.005,128,160.0,0.38306137919425964,0.4524100124835968
0,1,landmark,32,0.005,256,288.0,0.5126553177833557,0.6200648546218872
0,1,landmark,32,0.005,512,544.0,0.6377686858177185,0.7606898546218872
0,1,landmark,32,0.01,64,96.0,0.2633517384529114,0.2984967827796936
0,1,landmark,32,0.01,128,160.0,0.38306137919425964,0.4524100124835968
0,1,landmark,32,0.01,256,288.0,0.5126553177833557,0.6200648546218872
0,1,landmark,32,0.01,512,544.0,0.6377686858177185,0.7606898546218872
0,1,landmark,32,0.02,64,160.0,0.2826460301876068,0.3184814453125
0,1,landmark,32,0.02,128,224.0,0.40262889862060547,0.4727957546710968
0,1,landmark,32,0.02,256,352.0,0.5310169458389282,0.6393170952796936
0,1,landmark,32,0.02,512,608.0,0.6510379910469055,0.7737862467765808
0,1,landmark,32,0.05,64,256.0,0.3577220141887665,0.4158237874507904
0,1,landmark,32,0.05,128,320.0,0.4600604474544525,0.5434918999671936
0,1,landmark,32,0.05,256,448.0,0.5674828886985779,0.6809779405593872
0,1,landmark,32,0.05,512,704.0,0.6737822890281677,0.7945207953453064
0,2,oracle_token,1,0.0,64,64.0,0.6262162327766418,1.0
0,2,oracle_token,1,0.0,128,128.0,0.7378339767456055,1.0
0,2,oracle_token,1,0.0,256,256.0,0.8382129669189453,1.0
0,2,oracle_token,1,0.0,512,512.0,0.9190760850906372,1.0
0,2,oracle_chunk,4,0.0,64,64.0,0.5078477263450623,0.5208042860031128
0,2,oracle_chunk,4,0.0,128,128.0,0.634480357170105,0.8026123046875
0,2,oracle_chunk,4,0.0,256,256.0,0.7481833696365356,0.9948207139968872
0,2,oracle_chunk,4,0.0,512,512.0,0.8474849462509155,1.0
0,2,landmark,4,0.0,64,64.0,0.380900114774704,0.3684779703617096
0,2,landmark,4,0.0,128,128.0,0.5067726373672485,0.5505196452140808
0,2,landmark,4,0.0,256,256.0,0.6411267518997192,0.7446114420890808
0,2,landmark,4,0.0,512,512.0,0.7714862823486328,0.8999720811843872
0,2,landmark,4,0.005,64,84.0,0.3854527473449707,0.3755405843257904
0,2,landmark,4,0.005,128,148.0,0.5110527276992798,0.5573033094406128
0,2,landmark,4,0.005,256,276.0,0.6444899439811707,0.7499825358390808
0,2,landmark,4,0.005,512,532.0,0.7734914422035217,0.9020821452140808
0,2,landmark,4,0.01,64,104.0,0.390809029340744,0.3822195827960968
0,2,landmark,4,0.01,128,168.0,0.5159753561019897,0.5628138780593872
0,2,landmark,4,0.01,256,296.0,0.6480847001075745,0.7539759874343872
0,2,landmark,4,0.01,512,552.0,0.7756422758102417,0.9033726453781128
0,2,landmark,4,0.02,64,144.0,0.4048283100128174,0.4025530219078064
0,2,landmark,4,0.02,128,208.0,0.5253818035125732,0.5755266547203064
0,2,landmark,4,0.02,256,336.0,0.6544164419174194,0.7607421875
0,2,landmark,4,0.02,512,592.0,0.779141366481781,0.9049944281578064
0,2,landmark,4,0.05,64,264.0,0.4251687228679657,0.4240548312664032
0,2,landmark,4,0.05,128,328.0,0.5441804528236389,0.5945696234703064
0,2,landmark,4,0.05,256,456.0,0.6711816191673279,0.7758963704109192
0,2,landmark,4,0.05,512,712.0,0.7921385169029236,0.9134346842765808
0,2,oracle_chunk,8,0.0,64,64.0,0.44781428575515747,0.41455078125
0,2,oracle_chunk,8,0.0,128,128.0,0.5803894400596619,0.6534249186515808
0,2,oracle_chunk,8,0.0,256,256.0,0.7058286666870117,0.8947230577468872
0,2,oracle_chunk,8,0.0,512,512.0,0.8147090673446655,0.9960762858390808
0,2,landmark,8,0.0,64,64.0,0.32537156343460083,0.3052280843257904
0,2,landmark,8,0.0,128,128.0,0.4540124535560608,0.474365234375
0,2,landmark,8,0.0,256,256.0,0.6003789305686951,0.6775599718093872
0,2,landmark,8,0.0,512,512.0,0.7354675531387329,0.8472725749015808
0,2,landmark,8,0.005,64,88.0,0.32701537013053894,0.3056814968585968
0,2,landmark,8,0.005,128,152.0,0.4556562304496765,0.4748186469078064
0,2,landmark,8,0.005,256,280.0,0.602021336555481,0.6780133843421936
0,2,landmark,8,0.005,512,536.0,0.7372126579284668,0.8479875922203064
0,2,landmark,8,0.01,64,104.0,0.3314111530780792,0.3130057156085968
0,2,landmark,8,0.01,128,168.0,0.4599265158176422,0.4818812906742096
0,2,landmark,8,0.01,256,296.0,0.6061283349990845,0.6846400499343872
0,2,landmark,8,0.01,512,552.0,0.7406790852546692,0.8526611328125
0,2,landmark,8,0.02,64,144.0,0.3366078734397888,0.3162318766117096
0,2,landmark,8,0.02,128,208.0,0.4648938477039337,0.4850899875164032
0,2,landmark,8,0.02,256,336.0,0.6110727190971375,0.6885462999343872
0,2,landmark,8,0.02,512,592.0,0.7445142865180969,0.8554862141609192
0,2,landmark,8,0.05,64,264.0,0.3506207764148712,0.3263113796710968
0,2,landmark,8,0.05,128,328.0,0.47816330194473267,0.4943324625492096
0,2,landmark,8,0.05,256,456.0,0.6236642003059387,0.6970738172531128
0,2,landmark,8,0.05,512,712.0,0.7557838559150696,0.8615897297859192
0,2,oracle_chunk,16,0.0,64,64.0,0.3973546624183655,0.3559744656085968
0,2,oracle_chunk,16,0.0,128,128.0,0.5344457626342773,0.5654296875
0,2,oracle_chunk,16,0.0,256,256.0,0.6703376173973083,0.8012869954109192
0,2,oracle_chunk,16,0.0,512,512.0,0.7898628115653992,0.9639892578125
0,2,landmark,16,0.0,64,64.0,0.3003726303577423,0.2790701687335968
0,2,landmark,16,0.0,128,128.0,0.4248397648334503,0.4437430202960968
0,2,landmark,16,0.0,256,256.0,0.5750172734260559,0.6447579264640808
0,2,landmark,16,0.0,512,512.0,0.7120741605758667,0.8166852593421936
0,2,landmark,16,0.005,64,80.0,0.3019380569458008,0.2798200249671936
0,2,landmark,16,0.005,128,144.0,0.4264052212238312,0.4444928765296936
0,2,landmark,16,0.005,256,272.0,0.5766277313232422,0.6457694172859192
0,2,landmark,16,0.005,512,528.0,0.713560938835144,0.8173479437828064
0,2,landmark,16,0.01,64,112.0,0.30537086725234985,0.2819649875164032
0,2,landmark,16,0.01,128,176.0,0.42983803153038025,0.4466378390789032
0,2,landmark,16,0.01,256,304.0,0.5800762176513672,0.6478968858718872
0,2,landmark,16,0.01,512,560.0,0.7169026136398315,0.8197021484375
0,2,landmark,16,0.02,64,144.0,0.31256037950515747,0.2930036187171936
0,2,landmark,16,0.02,128,208.0,0.43732038140296936,0.4580252468585968
0,2,landmark,16,0.02,256,336.0,0.587069034576416,0.658203125
0,2,landmark,16,0.02,512,592.0,0.7216008901596069,0.8242536187171936
0,2,landmark,16,0.05,64,272.0,0.33043140172958374,0.3097621500492096
0,2,landmark,16,0.05,128,336.0,0.456908643245697,0.4763357937335968
0,2,landmark,16,0.05,256,464.0,0.604187548160553,0.6737409234046936
0,2,landmark,16,0.05,512,720.0,0.7365583181381226,0.8356584906578064
0,2,oracle_chunk,32,0.0,64,64.0,0.3552565574645996,0.3187953531742096
0,2,oracle_chunk,32,0.0,128,128.0,0.496794730424881,0.5161307454109192
0,2,oracle_chunk,32,0.0,256,256.0,0.6394844651222229,0.7391880750656128
0,2,oracle_chunk,32,0.0,512,512.0,0.7679966688156128,0.9190673828125
0,2,landmark,32,0.0,64,64.0,0.28184810280799866,0.2728620171546936
0,2,landmark,32,0.0,128,128.0,0.4071080684661865,0.4315185546875
0,2,landmark,32,0.0,256,256.0,0.5587501525878906,0.6273368000984192
0,2,landmark,32,0.0,512,512.0,0.6941013932228088,0.7934918999671936
0,2,landmark,32,0.005,64,96.0,0.2884536683559418,0.27734375
0,2,landmark,32,0.005,128,160.0,0.413713663816452,0.4360002875328064
0,2,landmark,32,0.005,256,288.0,0.5653557181358337,0.6318184733390808
0,2,landmark,32,0.005,512,544.0,0.7004548907279968,0.7981654405593872
0,2,landmark,32,0.01,64,96.0,0.2884536683559418,0.27734375
0,2,landmark,32,0.01,128,160.0,0.413713663816452,0.4360002875328064
0,2,landmark,32,0.01,256,288.0,0.5653557181358337,0.6318184733390808
0,2,landmark,32,0.01,512,544.0,0.7004548907279968,0.7981654405593872
0,2,landmark,32,0.02,64,160.0,0.2931857705116272,0.2797502875328064
0,2,landmark,32,0.02,128,224.0,0.41844573616981506,0.4384067952632904
0,2,landmark,32,0.02,256,352.0,0.5702687501907349,0.6346260905265808
0,2,landmark,32,0.02,512,608.0,0.7052053809165955,0.8008509874343872
0,2,landmark,32,0.05,64,256.0,0.29859039187431335,0.2826625406742096
0,2,landmark,32,0.05,128,320.0,0.4238189160823822,0.4412841796875
0,2,landmark,32,0.05,256,448.0,0.5758314728736877,0.6376778483390808
0,2,landmark,32,0.05,512,704.0,0.7106289863586426,0.8038155436515808
0,3,oracle_token,1,0.0,64,64.0,0.8138273358345032,1.0
0,3,oracle_token,1,0.0,128,128.0,0.8706488013267517,1.0
0,3,oracle_token,1,0.0,256,256.0,0.9193137288093567,1.0
0,3,oracle_token,1,0.0,512,512.0,0.9561622738838196,1.0
0,3,oracle_chunk,4,0.0,64,64.0,0.7527613639831543,0.4727260172367096
0,3,oracle_chunk,4,0.0,128,128.0,0.8135510683059692,0.7382289171218872
0,3,oracle_chunk,4,0.0,256,256.0,0.8705464601516724,0.9831019639968872
0,3,oracle_chunk,4,0.0,512,512.0,0.9215535521507263,0.9999651312828064
0,3,landmark,4,0.0,64,64.0,0.20787553489208221,0.2849993109703064
0,3,landmark,4,0.0,128,128.0,0.2667214572429657,0.4452252984046936
0,3,landmark,4,0.0,256,256.0,0.39193102717399597,0.6207100749015808
0,3,landmark,4,0.0,512,512.0,0.5577983260154724,0.7822440266609192
0,3,landmark,4,0.005,64,84.0,0.4602987468242645,0.2998395562171936
0,3,landmark,4,0.005,128,148.0,0.5146146416664124,0.4596121609210968
0,3,landmark,4,0.005,256,276.0,0.5964330434799194,0.6325160264968872
0,3,landmark,4,0.005,512,532.0,0.7409659624099731,0.7907191514968872
0,3,landmark,4,0.01,64,104.0,0.46365198493003845,0.3075997531414032
0,3,landmark,4,0.01,128,168.0,0.5178888440132141,0.4668317437171936
0,3,landmark,4,0.01,256,296.0,0.5987333059310913,0.6370849609375
0,3,landmark,4,0.01,512,552.0,0.7427824139595032,0.7939801812171936
0,3,landmark,4,0.02,64,144.0,0.4667365550994873,0.3122907280921936
0,3,landmark,4,0.02,128,208.0,0.5210080146789551,0.4717145562171936
0,3,landmark,4,0.02,256,336.0,0.6016923189163208,0.6415318250656128
0,3,landmark,4,0.02,512,592.0,0.7469648122787476,0.7981829047203064
0,3,landmark,4,0.05,64,264.0,0.48395103216171265,0.3551199734210968
0,3,landmark,4,0.05,128,328.0,0.5401037931442261,0.5114222764968872
0,3,landmark,4,0.05,256,456.0,0.6187969446182251,0.6723109483718872
0,3,landmark,4,0.05,512,712.0,0.7607529759407043,0.8167027235031128
0,3,oracle_chunk,8,0.0,64,64.0,0.7219384908676147,0.3671002984046936
0,3,oracle_chunk,8,0.0,128,128.0,0.7847604751586914,0.5819615125656128
0,3,oracle_chunk,8,0.0,256,256.0,0.843931257724762,0.8024553656578064
0,3,oracle_chunk,8,0.0,512,512.0,0.8986395597457886,0.9847063422203064
0,3,landmark,8,0.0,64,64.0,0.16634459793567657,0.2567836344242096
0,3,landmark,8,0.0,128,128.0,0.244594544172287,0.398681640625
0,3,landmark,8,0.0,256,256.0,0.3304702937602997,0.5507463812828064
0,3,landmark,8,0.0,512,512.0,0.456098735332489,0.7026541829109192
0,3,landmark,8,0.005,64,88.0,0.4391636848449707,0.2714320719242096
0,3,landmark,8,0.005,128,152.0,0.4924197494983673,0.412841796875
0,3,landmark,8,0.005,256,280.0,0.5537627339363098,0.564208984375
0,3,landmark,8,0.005,512,536.0,0.631546676158905,0.7128557562828064
0,3,landmark,8,0.01,64,104.0,0.4430101811885834,0.2811802327632904
0,3,landmark,8,0.01,128,168.0,0.49629974365234375,0.4226248562335968
0,3,landmark,8,0.01,256,296.0,0.5569461584091187,0.5723179578781128
0,3,landmark,8,0.01,512,552.0,0.6333274245262146,0.7173548936843872
0,3,landmark,8,0.02,64,144.0,0.4468974471092224,0.2894984781742096
0,3,landmark,8,0.02,128,208.0,0.4997413158416748,0.4303676187992096
0,3,landmark,8,0.02,256,336.0,0.5606096386909485,0.5792933702468872
0,3,landmark,8,0.02,512,592.0,0.636302649974823,0.7227608561515808
0,3,landmark,8,0.05,64,264.0,0.46183425188064575,0.3212018609046936
0,3,landmark,8,0.05,128,328.0,0.5142852663993835,0.461669921875
0,3,landmark,8,0.05,256,456.0,0.5735549926757812,0.605712890625
0,3,landmark,8,0.05,512,712.0,0.6458181738853455,0.7408795952796936
0,3,oracle_chunk,16,0.0,64,64.0,0.690346896648407,0.2925502359867096
0,3,oracle_chunk,16,0.0,128,128.0,0.7562004923820496,0.4820033609867096
0,3,oracle_chunk,16,0.0,256,256.0,0.8187616467475891,0.6734619140625
0,3,oracle_chunk,16,0.0,512,512.0,0.8771895170211792,0.8612409234046936
0,3,landmark,16,0.0,64,64.0,0.13912667334079742,0.2491978257894516
0,3,landmark,16,0.0,128,128.0,0.19986672699451447,0.3755929172039032
0,3,landmark,16,0.0,256,256.0,0.26975885033607483,0.5038539171218872
0,3,landmark,16,0.0,512,512.0,0.3474179804325104,0.6449323296546936
0,3,landmark,16,0.005,64,80.0,0.43047910928726196,0.2577252984046936
0,3,landmark,16,0.005,128,144.0,0.4812764525413513,0.3843645453453064
0,3,landmark,16,0.005,256,272.0,0.5316713452339172,0.5118582844734192
0,3,landmark,16,0.005,512,528.0,0.5945351719856262,0.6525181531906128
0,3,landmark,16,0.01,64,112.0,0.43429747223854065,0.2659912109375
0,3,landmark,16,0.01,128,176.0,0.4851152300834656,0.3927001953125
0,3,landmark,16,0.01,256,304.0,0.5355415940284729,0.5199846625328064
0,3,landmark,16,0.01,512,560.0,0.6018288731575012,0.6592320203781128
0,3,landmark,16,0.02,64,144.0,0.44195932149887085,0.2816685140132904
0,3,landmark,16,0.02,128,208.0,0.49214091897010803,0.4057965874671936
0,3,landmark,16,0.02,256,336.0,0.538736879825592,0.5260707139968872
0,3,landmark,16,0.02,512,592.0,0.6038296818733215,0.6629289984703064
0,3,landmark,16,0.05,64,272.0,0.44955459237098694,0.3010951578617096
0,3,landmark,16,0.05,128,336.0,0.499869167804718,0.4246826171875
0,3,landmark,16,0.05,256,464.0,0.5466951727867126,0.5447474718093872
0,3,landmark,16,0.05,512,720.0,0.6118361353874207,0.6806640625
0,3,oracle_chunk,32,0.0,64,64.0,0.6521592140197754,0.2035435289144516
0,3,oracle_chunk,32,0.0,128,128.0,0.7269676923751831,0.4018903374671936
0,3,oracle_chunk,32,0.0,256,256.0,0.7951236963272095,0.5848563313484192
0,3,oracle_chunk,32,0.0,512,512.0,0.8573575019836426,0.7638114094734192
0,3,landmark,32,0.0,64,64.0,0.12853014469146729,0.2420828640460968
0,3,landmark,32,0.0,128,128.0,0.18314114212989807,0.3628104031085968
0,3,landmark,32,0.0,256,256.0,0.24890010058879852,0.4869210422039032
0,3,landmark,32,0.0,512,512.0,0.3502439856529236,0.61767578125
0,3,landmark,32,0.005,64,96.0,0.4295822083950043,0.260009765625
0,3,landmark,32,0.005,128,160.0,0.47957563400268555,0.3804408609867096
0,3,landmark,32,0.005,256,288.0,0.5309982895851135,0.5042724609375
0,3,landmark,32,0.005,512,544.0,0.5889931917190552,0.6337890625
0,3,landmark,32,0.01,64,96.0,0.4295822083950043,0.260009765625
0,3,landmark,32,0.01,128,160.0,0.47957563400268555,0.3804408609867096
0,3,landmark,32,0.01,256,288.0,0.5309982895851135,0.5042724609375
0,3,landmark,32,0.01,512,544.0,0.5889931917190552,0.6337890625
0,3,landmark,32,0.02,64,160.0,0.43248313665390015,0.2650320827960968
0,3,landmark,32,0.02,128,224.0,0.48247653245925903,0.3854631781578064
0,3,landmark,32,0.02,256,352.0,0.5346954464912415,0.5108293890953064
0,3,landmark,32,0.02,512,608.0,0.5925124287605286,0.6397530436515808
0,3,landmark,32,0.05,64,256.0,0.4396757483482361,0.2782680094242096
0,3,landmark,32,0.05,128,320.0,0.48965123295783997,0.3984898030757904
0,3,landmark,32,0.05,256,448.0,0.541732132434845,0.5235944390296936
0,3,landmark,32,0.05,512,704.0,0.5991272926330566,0.6508091688156128
0,4,oracle_token,1,0.0,64,64.0,0.8032952547073364,1.0
0,4,oracle_token,1,0.0,128,128.0,0.8565887808799744,1.0
0,4,oracle_token,1,0.0,256,256.0,0.9033514261245728,1.0
0,4,oracle_token,1,0.0,512,512.0,0.9437981247901917,1.0
0,4,oracle_chunk,4,0.0,64,64.0,0.7562593221664429,0.5627790093421936
0,4,oracle_chunk,4,0.0,128,128.0,0.8199452757835388,0.8477783203125
0,4,oracle_chunk,4,0.0,256,256.0,0.872039794921875,0.99365234375
0,4,oracle_chunk,4,0.0,512,512.0,0.9168973565101624,1.0
0,4,landmark,4,0.0,64,64.0,0.19885925948619843,0.4126150906085968
0,4,landmark,4,0.0,128,128.0,0.28704944252967834,0.6139788031578064
0,4,landmark,4,0.0,256,256.0,0.42861810326576233,0.8063616156578064
0,4,landmark,4,0.0,512,512.0,0.556115448474884,0.9221366047859192
0,4,landmark,4,0.005,64,84.0,0.5778776407241821,0.4212472140789032
0,4,landmark,4,0.005,128,148.0,0.6590375900268555,0.6225411295890808
0,4,landmark,4,0.005,256,276.0,0.7843037843704224,0.8146100640296936
0,4,landmark,4,0.005,512,532.0,0.8824530839920044,0.9294608235359192
0,4,landmark,4,0.01,64,104.0,0.5787505507469177,0.4228515625
0,4,landmark,4,0.01,128,168.0,0.659862220287323,0.6238490343093872
0,4,landmark,4,0.01,256,296.0,0.7868725657463074,0.8158656358718872
0,4,landmark,4,0.01,512,552.0,0.8831209540367126,0.9301234483718872
0,4,landmark,4,0.02,64,144.0,0.5834497213363647,0.4351108968257904
0,4,landmark,4,0.02,128,208.0,0.664000928401947,0.6331089735031128
0,4,landmark,4,0.02,256,336.0,0.7904414534568787,0.8221086859703064
0,4,landmark,4,0.02,512,592.0,0.8856686353683472,0.9327741265296936
0,4,landmark,4,0.05,64,264.0,0.5914644002914429,0.4505266547203064
0,4,landmark,4,0.05,128,328.0,0.6750812530517578,0.6476178765296936
0,4,landmark,4,0.05,256,456.0,0.797266960144043,0.8328508734703064
0,4,landmark,4,0.05,512,712.0,0.8912879228591919,0.9393135905265808
0,4,oracle_chunk,8,0.0,64,64.0,0.7347502112388611,0.4767543375492096
0,4,oracle_chunk,8,0.0,128,128.0,0.8030167818069458,0.7383161187171936
0,4,oracle_chunk,8,0.0,256,256.0,0.8594862818717957,0.9340994954109192
0,4,oracle_chunk,8,0.0,512,512.0,0.9058576226234436,0.9965296983718872
0,4,landmark,8,0.0,64,64.0,0.17976096272468567,0.3963971734046936
0,4,landmark,8,0.0,128,128.0,0.24487540125846863,0.5821009874343872
0,4,landmark,8,0.0,256,256.0,0.33262762427330017,0.7699149250984192
0,4,landmark,8,0.0,512,512.0,0.4199877083301544,0.8953682780265808
0,4,landmark,8,0.005,64,88.0,0.558428168296814,0.4042794406414032
0,4,landmark,8,0.005,128,152.0,0.6235426664352417,0.5899832844734192
0,4,landmark,8,0.005,256,280.0,0.7112947702407837,0.7777971625328064
0,4,landmark,8,0.005,512,536.0,0.7986549139022827,0.9032505750656128
0,4,landmark,8,0.01,64,104.0,0.5600077509880066,0.4071044921875
0,4,landmark,8,0.01,128,168.0,0.62542325258255,0.593505859375
0,4,landmark,8,0.01,256,296.0,0.7129820585250854,0.7807268500328064
0,4,landmark,8,0.01,512,552.0,0.8000292778015137,0.9049246907234192
0,4,landmark,8,0.02,64,144.0,0.708918035030365,0.4274030327796936
0,4,landmark,8,0.02,128,208.0,0.7686169743537903,0.6108747124671936
0,4,landmark,8,0.02,256,336.0,0.8308734893798828,0.7947998046875
0,4,landmark,8,0.02,512,592.0,0.8805364966392517,0.9120919108390808
0,4,landmark,8,0.05,64,264.0,0.7278502583503723,0.4634835422039032
0,4,landmark,8,0.05,128,328.0,0.7871125936508179,0.6461356282234192
0,4,landmark,8,0.05,256,456.0,0.8410670161247253,0.8113664984703064
0,4,landmark,8,0.05,512,712.0,0.886814534664154,0.9193115234375
0,4,oracle_chunk,16,0.0,64,64.0,0.7077471613883972,0.3881661593914032
0,4,oracle_chunk,16,0.0,128,128.0,0.7844687104225159,0.6470423936843872
0,4,oracle_chunk,16,0.0,256,256.0,0.8474303483963013,0.8597063422203064
0,4,oracle_chunk,16,0.0,512,512.0,0.8961644172668457,0.9711216688156128
0,4,landmark,16,0.0,64,64.0,0.17164012789726257,0.3692452609539032
0,4,landmark,16,0.0,128,128.0,0.23432455956935883,0.5535888671875
0,4,landmark,16,0.0,256,256.0,0.3095397353172302,0.7390311360359192
0,4,landmark,16,0.0,512,512.0,0.3743022084236145,0.8666120171546936
0,4,landmark,16,0.005,64,80.0,0.5503485798835754,0.3774065375328064
0,4,landmark,16,0.005,128,144.0,0.6130329966545105,0.5617501139640808
0,4,landmark,16,0.005,256,272.0,0.6882481575012207,0.7471923828125
0,4,landmark,16,0.005,512,528.0,0.7530106902122498,0.8747733235359192
0,4,landmark,16,0.01,64,112.0,0.5512128472328186,0.3801443874835968
0,4,landmark,16,0.01,128,176.0,0.6138858795166016,0.5641566514968872
0,4,landmark,16,0.01,256,304.0,0.6890839338302612,0.7496686577796936
0,4,landmark,16,0.01,512,560.0,0.7538037896156311,0.8761509656906128
0,4,landmark,16,0.02,64,144.0,0.5529538989067078,0.3860909640789032
0,4,landmark,16,0.02,128,208.0,0.6155970692634583,0.5697718858718872
0,4,landmark,16,0.02,256,336.0,0.6906437873840332,0.75390625
0,4,landmark,16,0.02,512,592.0,0.755099892616272,0.8785575032234192
0,4,landmark,16,0.05,64,272.0,0.7036148309707642,0.4049769937992096
0,4,landmark,16,0.05,128,336.0,0.7664698362350464,0.5878208875656128
0,4,landmark,16,0.05,256,464.0,0.8282631635665894,0.7681536078453064
0,4,landmark,16,0.05,512,720.0,0.8773525357246399,0.8898228406906128
0,4,oracle_chunk,32,0.0,64,64.0,0.6662979125976562,0.2700020968914032
0,4,oracle_chunk,32,0.0,128,128.0,0.7589173913002014,0.5407540202140808
0,4,oracle_chunk,32,0.0,256,256.0,0.834629476070404,0.7845284342765808
0,4,oracle_chunk,32,0.0,512,512.0,0.8864287734031677,0.9270368218421936
0,4,landmark,32,0.0,64,64.0,0.1657267063856125,0.3402622640132904
0,4,landmark,32,0.0,128,128.0,0.23270095884799957,0.5264717936515808
0,4,landmark,32,0.0,256,256.0,0.30055561661720276,0.7098388671875
0,4,landmark,32,0.0,512,512.0,0.3640972673892975,0.8409423828125
0,4,landmark,32,0.005,64,96.0,0.6907221078872681,0.3568812906742096
0,4,landmark,32,0.005,128,160.0,0.7576963305473328,0.5430908203125
0,4,landmark,32,0.005,256,288.0,0.8213261961936951,0.7266322374343872
0,4,landmark,32,0.005,512,544.0,0.8679096102714539,0.8568463921546936
0,4,landmark,32,0.01,64,96.0,0.6907221078872681,0.3568812906742096
0,4,landmark,32,0.01,128,160.0,0.7576963305473328,0.5430908203125
0,4,landmark,32,0.01,256,288.0,0.8213261961936951,0.7266322374343872
0,4,landmark,32,0.01,512,544.0,0.8679096102714539,0.8568463921546936
0,4,landmark,32,0.02,64,160.0,0.6940000653266907,0.3702566921710968
0,4,landmark,32,0.02,128,224.0,0.7608972191810608,0.5554024577140808
0,4,landmark,32,0.02,256,352.0,0.824407160282135,0.7383684515953064
0,4,landmark,32,0.02,512,608.0,0.8704678416252136,0.864501953125
0,4,landmark,32,0.05,64,256.0,0.697102427482605,0.3726457953453064
0,4,landmark,32,0.05,128,320.0,0.7639995813369751,0.5577915906906128
0,4,landmark,32,0.05,256,448.0,0.8275094628334045,0.7407575249671936
0,4,landmark,32,0.05,512,704.0,0.8736727833747864,0.8667689561843872
0,5,oracle_token,1,0.0,64,64.0,0.8002322912216187,1.0
0,5,oracle_token,1,0.0,128,128.0,0.8552060127258301,1.0
0,5,oracle_token,1,0.0,256,256.0,0.904691219329834,1.0
0,5,oracle_token,1,0.0,512,512.0,0.9459145665168762,1.0
0,5,oracle_chunk,4,0.0,64,64.0,0.7425140738487244,0.5284423828125
0,5,oracle_chunk,4,0.0,128,128.0,0.8044789433479309,0.8075648546218872
0,5,oracle_chunk,4,0.0,256,256.0,0.8622995018959045,0.9897984266281128
0,5,oracle_chunk,4,0.0,512,512.0,0.9137387871742249,1.0
0,5,landmark,4,0.0,64,64.0,0.45740368962287903,0.3800048828125
0,5,landmark,4,0.0,128,128.0,0.5884547829627991,0.5693534016609192
0,5,landmark,4,0.0,256,256.0,0.7056339979171753,0.7550920844078064
0,5,landmark,4,0.0,512,512.0,0.8030409812927246,0.8847307562828064
0,5,landmark,4,0.005,64,84.0,0.6864612698554993,0.3978794515132904
0,5,landmark,4,0.005,128,148.0,0.7455631494522095,0.5825892686843872
0,5,landmark,4,0.005,256,276.0,0.8084601163864136,0.7628697156906128
0,5,landmark,4,0.005,512,532.0,0.8680599927902222,0.8890032172203064
0,5,landmark,4,0.01,64,104.0,0.6927313208580017,0.4127197265625
0,5,landmark,4,0.01,128,168.0,0.7514809966087341,0.5966971516609192
0,5,landmark,4,0.01,256,296.0,0.8123902082443237,0.7709263563156128
0,5,landmark,4,0.01,512,552.0,0.8701428174972534,0.8921421766281128
0,5,landmark,4,0.02,64,144.0,0.7033873796463013,0.4340471625328064
0,5,landmark,4,0.02,128,208.0,0.7598719000816345,0.6134381890296936
0,5,landmark,4,0.02,256,336.0,0.8180835843086243,0.7807268500328064
0,5,landmark,4,0.02,512,592.0,0.874451220035553,0.8981584906578064
0,5,landmark,4,0.05,64,264.0,0.7290619611740112,0.4918038547039032
0,5,landmark,4,0.05,128,328.0,0.7818135023117065,0.6600167155265808
0,5,landmark,4,0.05,256,456.0,0.8352141976356506,0.8111397624015808
0,5,landmark,4,0.05,512,712.0,0.8860450983047485,0.9133824110031128
0,5,oracle_chunk,8,0.0,64,64.0,0.715278685092926,0.4374651312828064
0,5,oracle_chunk,8,0.0,128,128.0,0.780186653137207,0.6825648546218872
0,5,oracle_chunk,8,0.0,256,256.0,0.8410735130310059,0.892822265625
0,5,oracle_chunk,8,0.0,512,512.0,0.8952507972717285,0.9937220811843872
0,5,landmark,8,0.0,64,64.0,0.2039404958486557,0.3637346625328064
0,5,landmark,8,0.0,128,128.0,0.39949822425842285,0.5345633625984192
0,5,landmark,8,0.0,256,256.0,0.5575239062309265,0.7032645344734192
0,5,landmark,8,0.0,512,512.0,0.6637293696403503,0.8316475749015808
0,5,landmark,8,0.005,64,88.0,0.678386390209198,0.3841552734375
0,5,landmark,8,0.005,128,152.0,0.7350682020187378,0.5537981390953064
0,5,landmark,8,0.005,256,280.0,0.7939762473106384,0.7163260579109192
0,5,landmark,8,0.005,512,536.0,0.8502466082572937,0.8404715657234192
0,5,landmark,8,0.01,64,104.0,0.6796365976333618,0.3863002359867096
0,5,landmark,8,0.01,128,168.0,0.7363182902336121,0.5559430718421936
0,5,landmark,8,0.01,256,296.0,0.7951510548591614,0.7182965874671936
0,5,landmark,8,0.01,512,552.0,0.8512536287307739,0.8419538140296936
0,5,landmark,8,0.02,64,144.0,0.6845365166664124,0.3941824734210968
0,5,landmark,8,0.02,128,208.0,0.7408352494239807,0.5633544921875
0,5,landmark,8,0.02,256,336.0,0.7994425892829895,0.7250104546546936
0,5,landmark,8,0.02,512,592.0,0.8544403910636902,0.8467145562171936
0,5,landmark,8,0.05,64,264.0,0.7064651250839233,0.4420340359210968
0,5,landmark,8,0.05,128,328.0,0.7595367431640625,0.6030622124671936
0,5,landmark,8,0.05,256,456.0,0.8146347999572754,0.7537841796875
0,5,landmark,8,0.05,512,712.0,0.8662853837013245,0.8658795952796936
0,5,oracle_chunk,16,0.0,64,64.0,0.6849087476730347,0.3547014594078064
0,5,oracle_chunk,16,0.0,128,128.0,0.7562271356582642,0.5918492078781128
0,5,oracle_chunk,16,0.0,256,256.0,0.8214675188064575,0.8026820421218872
0,5,oracle_chunk,16,0.0,512,512.0,0.8780636191368103,0.942138671875
0,5,landmark,16,0.0,64,64.0,0.15047870576381683,0.3448311984539032
0,5,landmark,16,0.0,128,128.0,0.24554908275604248,0.5038713812828064
0,5,landmark,16,0.0,256,256.0,0.43419358134269714,0.6725376844406128
0,5,landmark,16,0.0,512,512.0,0.5999442338943481,0.8031005859375
0,5,landmark,16,0.005,64,80.0,0.6696087718009949,0.3662109375
0,5,landmark,16,0.005,128,144.0,0.7252213358879089,0.5268903374671936
0,5,landmark,16,0.005,256,272.0,0.7847784161567688,0.6897670030593872
0,5,landmark,16,0.005,512,528.0,0.8388957977294922,0.8124302625656128
0,5,landmark,16,0.01,64,112.0,0.6714343428611755,0.3683210015296936
0,5,landmark,16,0.01,128,176.0,0.7270469665527344,0.5290004014968872
0,5,landmark,16,0.01,256,304.0,0.7866038680076599,0.6918770670890808
0,5,landmark,16,0.01,512,560.0,0.8406838178634644,0.814453125
0,5,landmark,16,0.02,64,144.0,0.6738149523735046,0.3714599609375
0,5,landmark,16,0.02,128,208.0,0.7294192910194397,0.5321219563484192
0,5,landmark,16,0.02,256,336.0,0.7890748381614685,0.6949462890625
0,5,landmark,16,0.02,512,592.0,0.8430180549621582,0.8173130750656128
0,5,landmark,16,0.05,64,272.0,0.6861559152603149,0.39404296875
0,5,landmark,16,0.05,128,336.0,0.7418461441993713,0.5547747015953064
0,5,landmark,16,0.05,256,464.0,0.7982657551765442,0.7099958062171936
0,5,landmark,16,0.05,512,720.0,0.850057065486908,0.8261370062828064
0,5,oracle_chunk,32,0.0,64,64.0,0.6437820792198181,0.2451869398355484
0,5,oracle_chunk,32,0.0,128,128.0,0.7273818254470825,0.5013253092765808
0,5,oracle_chunk,32,0.0,256,256.0,0.8021950125694275,0.7320556640625
0,5,oracle_chunk,32,0.0,512,512.0,0.8623259663581848,0.8857247233390808
0,5,landmark,32,0.0,64,64.0,0.14498566091060638,0.3328508734703064
0,5,landmark,32,0.0,128,128.0,0.20626887679100037,0.4887869656085968
0,5,landmark,32,0.0,256,256.0,0.33458736538887024,0.6545235514640808
0,5,landmark,32,0.0,512,512.0,0.5014296174049377,0.7823835015296936
0,5,landmark,32,0.005,64,96.0,0.6655124425888062,0.3557303249835968
0,5,landmark,32,0.005,128,160.0,0.7210584878921509,0.5122942328453064
0,5,landmark,32,0.005,256,288.0,0.7803794741630554,0.6752232313156128
0,5,landmark,32,0.005,512,544.0,0.8325170278549194,0.7958984375
0,5,landmark,32,0.01,64,96.0,0.6655124425888062,0.3557303249835968
0,5,landmark,32,0.01,128,160.0,0.7210584878921509,0.5122942328453064
0,5,landmark,32,0.01,256,288.0,0.7803794741630554,0.6752232313156128
0,5,landmark,32,0.01,512,544.0,0.8325170278549194,0.7958984375
0,5,landmark,32,0.02,64,160.0,0.6679114699363708,0.3579624593257904
0,5,landmark,32,0.02,128,224.0,0.7234575152397156,0.5145263671875
0,5,landmark,32,0.02,256,352.0,0.7827783823013306,0.6774553656578064
0,5,landmark,32,0.02,512,608.0,0.8349141478538513,0.7981480360031128
0,5,landmark,32,0.05,64,256.0,0.6721439361572266,0.3656180202960968
0,5,landmark,32,0.05,128,320.0,0.7277886271476746,0.5223388671875
0,5,landmark,32,0.05,256,448.0,0.7873047590255737,0.6852852702140808
0,5,landmark,32,0.05,512,704.0,0.8392178416252136,0.8059430718421936
0,6,oracle_token,1,0.0,64,64.0,0.8115363717079163,1.0
0,6,oracle_token,1,0.0,128,128.0,0.8664129972457886,1.0
0,6,oracle_token,1,0.0,256,256.0,0.9117497205734253,1.0
0,6,oracle_token,1,0.0,512,512.0,0.9476866126060486,1.0
0,6,oracle_chunk,4,0.0,64,64.0,0.7659321427345276,0.5692836046218872
0,6,oracle_chunk,4,0.0,128,128.0,0.8331912159919739,0.8521031141281128
0,6,oracle_chunk,4,0.0,256,256.0,0.8884908556938171,0.9968785047531128
0,6,oracle_chunk,4,0.0,512,512.0,0.9300632476806641,1.0
0,6,landmark,4,0.0,64,64.0,0.24895477294921875,0.392333984375
0,6,landmark,4,0.0,128,128.0,0.3863287568092346,0.6011265516281128
0,6,landmark,4,0.0,256,256.0,0.6005370020866394,0.800048828125
0,6,landmark,4,0.0,512,512.0,0.8323559165000916,0.9288330078125
0,6,landmark,4,0.005,64,84.0,0.7055481672286987,0.4099295437335968
0,6,landmark,4,0.005,128,148.0,0.7760456800460815,0.616943359375
0,6,landmark,4,0.005,256,276.0,0.8433889746665955,0.8113839030265808
0,6,landmark,4,0.005,512,532.0,0.8971184492111206,0.9327392578125
0,6,landmark,4,0.01,64,104.0,0.7074044346809387,0.4122488796710968
0,6,landmark,4,0.01,128,168.0,0.7778515815734863,0.6192278265953064
0,6,landmark,4,0.01,256,296.0,0.8451585173606873,0.8134068250656128
0,6,landmark,4,0.01,512,552.0,0.8988210558891296,0.9345528483390808
0,6,landmark,4,0.02,64,144.0,0.7122984528541565,0.4236188530921936
0,6,landmark,4,0.02,128,208.0,0.7826966047286987,0.6299176812171936
0,6,landmark,4,0.02,256,336.0,0.8484848737716675,0.8201032280921936
0,6,landmark,4,0.02,512,592.0,0.9010004997253418,0.9376569390296936
0,6,landmark,4,0.05,64,264.0,0.7247524261474609,0.4535435140132904
0,6,landmark,4,0.05,128,328.0,0.7951269149780273,0.6591622233390808
0,6,landmark,4,0.05,256,456.0,0.8586773872375488,0.8410469889640808
0,6,landmark,4,0.05,512,712.0,0.9070656895637512,0.9442836046218872
0,6,oracle_chunk,8,0.0,64,64.0,0.7405838966369629,0.4744698703289032
0,6,oracle_chunk,8,0.0,128,128.0,0.8158372044563293,0.7402692437171936
0,6,oracle_chunk,8,0.0,256,256.0,0.8770909905433655,0.9348841905593872
0,6,oracle_chunk,8,0.0,512,512.0,0.9211149215698242,0.9990931749343872
0,6,landmark,8,0.0,64,64.0,0.20374180376529694,0.3695417046546936
0,6,landmark,8,0.0,128,128.0,0.286686509847641,0.56201171875
0,6,landmark,8,0.0,256,256.0,0.4208338260650635,0.7556326985359192
0,6,landmark,8,0.0,512,512.0,0.654752790927887,0.8928745985031128
0,6,landmark,8,0.005,64,88.0,0.6922412514686584,0.3863176703453064
0,6,landmark,8,0.005,128,152.0,0.7641611695289612,0.5786830186843872
0,6,landmark,8,0.005,256,280.0,0.8363224864006042,0.7708914875984192
0,6,landmark,8,0.005,512,536.0,0.889704704284668,0.9024134874343872
0,6,landmark,8,0.01,64,104.0,0.6930833458900452,0.3869977593421936
0,6,landmark,8,0.01,128,168.0,0.7650032639503479,0.5793631672859192
0,6,landmark,8,0.01,256,296.0,0.8371644616127014,0.7715715765953064
0,6,landmark,8,0.01,512,552.0,0.8905467987060547,0.9030936360359192
0,6,landmark,8,0.02,64,144.0,0.6951408982276917,0.3896658718585968
0,6,landmark,8,0.02,128,208.0,0.7670687437057495,0.5820661187171936
0,6,landmark,8,0.02,256,336.0,0.8391760587692261,0.774169921875
0,6,landmark,8,0.02,512,592.0,0.8922318816184998,0.9052385687828064
0,6,landmark,8,0.05,64,264.0,0.7036463618278503,0.4059012234210968
0,6,landmark,8,0.05,128,328.0,0.7756761908531189,0.5977434515953064
0,6,landmark,8,0.05,256,456.0,0.8465897440910339,0.7866036295890808
0,6,landmark,8,0.05,512,712.0,0.8978720903396606,0.9123186469078064
0,6,oracle_chunk,16,0.0,64,64.0,0.7089567184448242,0.3866664469242096
0,6,oracle_chunk,16,0.0,128,128.0,0.7935379147529602,0.6446881890296936
0,6,oracle_chunk,16,0.0,256,256.0,0.8630732893943787,0.8558174967765808
0,6,oracle_chunk,16,0.0,512,512.0,0.9113278985023499,0.9685930609703064
0,6,landmark,16,0.0,64,64.0,0.19457091391086578,0.3528704047203064
0,6,landmark,16,0.0,128,128.0,0.26419469714164734,0.5336042046546936
0,6,landmark,16,0.0,256,256.0,0.3443906307220459,0.7188372015953064
0,6,landmark,16,0.0,512,512.0,0.4756406247615814,0.8589913249015808
0,6,landmark,16,0.005,64,80.0,0.6882478594779968,0.3688616156578064
0,6,landmark,16,0.005,128,144.0,0.7578716278076172,0.5495954155921936
0,6,landmark,16,0.005,256,272.0,0.8273579478263855,0.7346714735031128
0,6,landmark,16,0.005,512,528.0,0.8820886015892029,0.8726283311843872
0,6,landmark,16,0.01,64,112.0,0.6892595887184143,0.3702043890953064
0,6,landmark,16,0.01,128,176.0,0.7588834166526794,0.5509381890296936
0,6,landmark,16,0.01,256,304.0,0.8283697962760925,0.7360142469406128
0,6,landmark,16,0.01,512,560.0,0.8832598328590393,0.8743024468421936
0,6,landmark,16,0.02,64,144.0,0.6908864974975586,0.3735874593257904
0,6,landmark,16,0.02,128,208.0,0.7605798840522766,0.5547398328781128
0,6,landmark,16,0.02,256,336.0,0.8298988342285156,0.7386823296546936
0,6,landmark,16,0.02,512,592.0,0.8844143748283386,0.8760462999343872
0,6,landmark,16,0.05,64,272.0,0.6978266835212708,0.3838064968585968
0,6,landmark,16,0.05,128,336.0,0.767562985420227,0.5649937391281128
0,6,landmark,16,0.05,256,464.0,0.8369084000587463,0.7493373155593872
0,6,landmark,16,0.05,512,720.0,0.8908950090408325,0.8845912218093872
0,6,oracle_chunk,32,0.0,64,64.0,0.663576602935791,0.2799944281578064
0,6,oracle_chunk,32,0.0,128,128.0,0.7653102874755859,0.5491943359375
0,6,oracle_chunk,32,0.0,256,256.0,0.8474121689796448,0.7845110297203064
0,6,oracle_chunk,32,0.0,512,512.0,0.9003233313560486,0.9184046983718872
0,6,landmark,32,0.0,64,64.0,0.2014811486005783,0.3625836968421936
0,6,landmark,32,0.0,128,128.0,0.2662300765514374,0.5286341905593872
0,6,landmark,32,0.0,256,256.0,0.33472657203674316,0.6992362141609192
0,6,landmark,32,0.0,512,512.0,0.4240266978740692,0.8349609375
0,6,landmark,32,0.005,64,96.0,0.6956318616867065,0.3790457546710968
0,6,landmark,32,0.005,128,160.0,0.760380744934082,0.5450962781906128
0,6,landmark,32,0.005,256,288.0,0.8259720802307129,0.7155936360359192
0,6,landmark,32,0.005,512,544.0,0.8787879347801208,0.8508126139640808
0,6,landmark,32,0.01,64,96.0,0.6956318616867065,0.3790457546710968
0,6,landmark,32,0.01,128,160.0,0.760380744934082,0.5450962781906128
0,6,landmark,32,0.01,256,288.0,0.8259720802307129,0.7155936360359192
0,6,landmark,32,0.01,512,544.0,0.8787879347801208,0.8508126139640808
0,6,landmark,32,0.02,64,160.0,0.6964761018753052,0.3799525797367096
0,6,landmark,32,0.02,128,224.0,0.7612250447273254,0.5460030436515808
0,6,landmark,32,0.02,256,352.0,0.8268163800239563,0.7165004014968872
0,6,landmark,32,0.02,512,608.0,0.879632294178009,0.8517194390296936
0,6,landmark,32,0.05,64,256.0,0.7000666260719299,0.3835972249507904
0,6,landmark,32,0.05,128,320.0,0.7648155093193054,0.5496477484703064
0,6,landmark,32,0.05,256,448.0,0.8304069638252258,0.7201451063156128
0,6,landmark,32,0.05,512,704.0,0.8833199739456177,0.8557652235031128
0,7,oracle_token,1,0.0,64,64.0,0.9565544724464417,1.0
0,7,oracle_token,1,0.0,128,128.0,0.9708895087242126,1.0
0,7,oracle_token,1,0.0,256,256.0,0.9820749163627625,1.0
0,7,oracle_token,1,0.0,512,512.0,0.990477442741394,1.0
0,7,oracle_chunk,4,0.0,64,64.0,0.9396696090698242,0.5535888671875
0,7,oracle_chunk,4,0.0,128,128.0,0.9578458070755005,0.8433663249015808
0,7,oracle_chunk,4,0.0,256,256.0,0.9725024104118347,0.995849609375
0,7,oracle_chunk,4,0.0,512,512.0,0.9842506051063538,1.0
0,7,landmark,4,0.0,64,64.0,0.1550096571445465,0.3890555202960968
0,7,landmark,4,0.0,128,128.0,0.19536209106445312,0.5704869031906128
0,7,landmark,4,0.0,256,256.0,0.29487866163253784,0.7501220703125
0,7,landmark,4,0.0,512,512.0,0.467647522687912,0.8844866156578064
0,7,landmark,4,0.005,64,84.0,0.9132724404335022,0.4119175374507904
0,7,landmark,4,0.005,128,148.0,0.9330381155014038,0.5914655327796936
0,7,landmark,4,0.005,256,276.0,0.9534747004508972,0.7675257921218872
0,7,landmark,4,0.005,512,532.0,0.9707738757133484,0.8962576985359192
0,7,landmark,4,0.01,64,104.0,0.9135965704917908,0.4147600531578064
0,7,landmark,4,0.01,128,168.0,0.9333465695381165,0.5943080186843872
0,7,landmark,4,0.01,256,296.0,0.9537966847419739,0.7703508734703064
0,7,landmark,4,0.01,512,552.0,0.9710158109664917,0.8983154296875
0,7,landmark,4,0.02,64,144.0,0.9144909977912903,0.4206368625164032
0,7,landmark,4,0.02,128,208.0,0.9342293739318848,0.5997489094734192
0,7,landmark,4,0.02,256,336.0,0.9545745849609375,0.7747802734375
0,7,landmark,4,0.02,512,592.0,0.9717090725898743,0.9018903374671936
0,7,landmark,4,0.05,64,264.0,0.9187639951705933,0.4507707953453064
0,7,landmark,4,0.05,128,328.0,0.9377017617225647,0.6222272515296936
0,7,landmark,4,0.05,256,456.0,0.9575067162513733,0.7897774577140808
0,7,landmark,4,0.05,512,712.0,0.9732666015625,0.908447265625
0,7,oracle_chunk,8,0.0,64,64.0,0.9292047619819641,0.4518694281578064
0,7,oracle_chunk,8,0.0,128,128.0,0.9502248167991638,0.7130824327468872
0,7,oracle_chunk,8,0.0,256,256.0,0.9669139981269836,0.9255894422531128
0,7,oracle_chunk,8,0.0,512,512.0,0.9799796342849731,0.9975934624671936
0,7,landmark,8,0.0,64,64.0,0.1372915506362915,0.3565150797367096
0,7,landmark,8,0.0,128,128.0,0.16246643662452698,0.5277099609375
0,7,landmark,8,0.0,256,256.0,0.2164755016565323,0.7036481499671936
0,7,landmark,8,0.0,512,512.0,0.2715875804424286,0.8425990343093872
0,7,landmark,8,0.005,64,88.0,0.9095274806022644,0.3890729546546936
0,7,landmark,8,0.005,128,152.0,0.9296199083328247,0.5562744140625
0,7,landmark,8,0.005,256,280.0,0.9483388066291809,0.7274867296218872
0,7,landmark,8,0.005,512,536.0,0.9648032784461975,0.8602120280265808
0,7,landmark,8,0.01,64,104.0,0.9097711443901062,0.3906947672367096
0,7,landmark,8,0.01,128,168.0,0.9298446774482727,0.5580008625984192
0,7,landmark,8,0.01,256,296.0,0.9485841393470764,0.7289167046546936
0,7,landmark,8,0.01,512,552.0,0.965038001537323,0.8613106608390808
0,7,landmark,8,0.02,64,144.0,0.9104404449462891,0.3997977077960968
0,7,landmark,8,0.02,128,208.0,0.9304794073104858,0.5657610297203064
0,7,landmark,8,0.02,256,336.0,0.9491395950317383,0.7347935438156128
0,7,landmark,8,0.02,512,592.0,0.9654742479324341,0.8644322156906128
0,7,landmark,8,0.05,64,264.0,0.9165340065956116,0.4413190484046936
0,7,landmark,8,0.05,128,328.0,0.9352688193321228,0.6004289984703064
0,7,landmark,8,0.05,256,456.0,0.9526826739311218,0.7587018609046936
0,7,landmark,8,0.05,512,712.0,0.9678294062614441,0.8784528374671936
0,7,oracle_chunk,16,0.0,64,64.0,0.9146186113357544,0.3483189046382904
0,7,oracle_chunk,16,0.0,128,128.0,0.9403541684150696,0.5901576280593872
0,7,oracle_chunk,16,0.0,256,256.0,0.9600238800048828,0.8198939561843872
0,7,oracle_chunk,16,0.0,512,512.0,0.9752305150032043,0.9613560438156128
0,7,landmark,16,0.0,64,64.0,0.12372221052646637,0.3241838812828064
0,7,landmark,16,0.0,128,128.0,0.15192759037017822,0.4783237874507904
0,7,landmark,16,0.0,256,256.0,0.18052296340465546,0.6438511610031128
0,7,landmark,16,0.0,512,512.0,0.21099574863910675,0.796142578125
0,7,landmark,16,0.005,64,80.0,0.9004783630371094,0.3407156765460968
0,7,landmark,16,0.005,128,144.0,0.9213942289352417,0.4948556125164032
0,7,landmark,16,0.005,256,272.0,0.9396266341209412,0.6595284342765808
0,7,landmark,16,0.005,512,528.0,0.9583996534347534,0.8115409016609192
0,7,landmark,16,0.01,64,112.0,0.902123749256134,0.3583635687828064
0,7,landmark,16,0.01,128,176.0,0.9228363037109375,0.5099051594734192
0,7,landmark,16,0.01,256,304.0,0.9407274127006531,0.6697300672531128
0,7,landmark,16,0.01,512,560.0,0.9590476751327515,0.816162109375
0,7,landmark,16,0.02,64,144.0,0.9025121331214905,0.3634556233882904
0,7,landmark,16,0.02,128,208.0,0.9232357740402222,0.5154157280921936
0,7,landmark,16,0.02,256,336.0,0.9410619139671326,0.6739501953125
0,7,landmark,16,0.02,512,592.0,0.9592915773391724,0.8181326985359192
0,7,landmark,16,0.05,64,272.0,0.9065464735031128,0.3925606906414032
0,7,landmark,16,0.05,128,336.0,0.9271681904792786,0.5409807562828064
0,7,landmark,16,0.05,256,464.0,0.94402676820755,0.6936383843421936
0,7,landmark,16,0.05,512,720.0,0.9615317583084106,0.8313336968421936
0,7,oracle_chunk,32,0.0,64,64.0,0.8913992643356323,0.2203369140625
0,7,oracle_chunk,32,0.0,128,128.0,0.9266935586929321,0.4602922797203064
0,7,oracle_chunk,32,0.0,256,256.0,0.9515077471733093,0.7049735188484192
0,7,oracle_chunk,32,0.0,512,512.0,0.9694485068321228,0.8892822265625
0,7,landmark,32,0.0,64,64.0,0.11237882822751999,0.2879987359046936
0,7,landmark,32,0.0,128,128.0,0.14129921793937683,0.4368547797203064
0,7,landmark,32,0.0,256,256.0,0.1696692556142807,0.5935930609703064
0,7,landmark,32,0.0,512,512.0,0.21274814009666443,0.7496163249015808
0,7,landmark,32,0.005,64,96.0,0.8946351408958435,0.3048444390296936
0,7,landmark,32,0.005,128,160.0,0.9181875586509705,0.453857421875
0,7,landmark,32,0.005,256,288.0,0.9369862675666809,0.6103166937828064
0,7,landmark,32,0.005,512,544.0,0.9548611640930176,0.7655203938484192
0,7,landmark,32,0.01,64,96.0,0.8946351408958435,0.3048444390296936
0,7,landmark,32,0.01,128,160.0,0.9181875586509705,0.453857421875
0,7,landmark,32,0.01,256,288.0,0.9369862675666809,0.6103166937828064
0,7,landmark,32,0.01,512,544.0,0.9548611640930176,0.7655203938484192
0,7,landmark,32,0.02,64,160.0,0.8958635926246643,0.3146798312664032
0,7,landmark,32,0.02,128,224.0,0.919417679309845,0.4638497531414032
0,7,landmark,32,0.02,256,352.0,0.9382091760635376,0.6201695203781128
0,7,landmark,32,0.02,512,608.0,0.9562752842903137,0.7757393717765808
0,7,landmark,32,0.05,64,256.0,0.8969526290893555,0.3209577202796936
0,7,landmark,32,0.05,128,320.0,0.920506477355957,0.4701276421546936
0,7,landmark,32,0.05,256,448.0,0.9392642378807068,0.6264997124671936
0,7,landmark,32,0.05,512,704.0,0.957523763179779,0.7816685438156128
0,8,oracle_token,1,0.0,64,64.0,0.8966534733772278,1.0
0,8,oracle_token,1,0.0,128,128.0,0.9323391318321228,1.0
0,8,oracle_token,1,0.0,256,256.0,0.9597357511520386,1.0
0,8,oracle_token,1,0.0,512,512.0,0.9789485931396484,1.0
0,8,oracle_chunk,4,0.0,64,64.0,0.8607348203659058,0.5189557671546936
0,8,oracle_chunk,4,0.0,128,128.0,0.9054829478263855,0.8062918782234192
0,8,oracle_chunk,4,0.0,256,256.0,0.9415968060493469,0.9973667860031128
0,8,oracle_chunk,4,0.0,512,512.0,0.967790424823761,1.0
0,8,landmark,4,0.0,64,64.0,0.29630181193351746,0.3496268093585968
0,8,landmark,4,0.0,128,128.0,0.3769344985485077,0.5264369249343872
0,8,landmark,4,0.0,256,256.0,0.4964512884616852,0.7174769639968872
0,8,landmark,4,0.0,512,512.0,0.6347430348396301,0.8661237359046936
0,8,landmark,4,0.005,64,84.0,0.6404949426651001,0.3654262125492096
0,8,landmark,4,0.005,128,148.0,0.6974725723266602,0.5392543077468872
0,8,landmark,4,0.005,256,276.0,0.7732276320457458,0.7274344563484192
0,8,landmark,4,0.005,512,532.0,0.8543044328689575,0.8726981282234192
0,8,landmark,4,0.01,64,104.0,0.6456743478775024,0.3772844672203064
0,8,landmark,4,0.01,128,168.0,0.7027313113212585,0.5511474609375
0,8,landmark,4,0.01,256,296.0,0.7801640629768372,0.7383509874343872
0,8,landmark,4,0.01,512,552.0,0.8574181199073792,0.8786272406578064
0,8,landmark,4,0.02,64,144.0,0.7759451270103455,0.4036516547203064
0,8,landmark,4,0.02,128,208.0,0.8327409625053406,0.5771135687828064
0,8,landmark,4,0.02,256,336.0,0.9002179503440857,0.7596610188484192
0,8,landmark,4,0.02,512,592.0,0.9444512724876404,0.8920723795890808
0,8,landmark,4,0.05,64,264.0,0.7893165349960327,0.4720633327960968
0,8,landmark,4,0.05,128,328.0,0.844405472278595,0.6377825140953064
0,8,landmark,4,0.05,256,456.0,0.9089545607566833,0.8072335124015808
0,8,landmark,4,0.05,512,712.0,0.9500985741615295,0.9207240343093872
0,8,oracle_chunk,8,0.0,64,64.0,0.8378795981407166,0.405029296875
0,8,oracle_chunk,8,0.0,128,128.0,0.889189600944519,0.6407296061515808
0,8,oracle_chunk,8,0.0,256,256.0,0.9304215312004089,0.8790806531906128
0,8,oracle_chunk,8,0.0,512,512.0,0.9602724313735962,0.9988316297531128
0,8,landmark,8,0.0,64,64.0,0.23255984485149384,0.2944161593914032
0,8,landmark,8,0.0,128,128.0,0.3106062710285187,0.4569963812828064
0,8,landmark,8,0.0,256,256.0,0.3961367607116699,0.6500244140625
0,8,landmark,8,0.0,512,512.0,0.5337101221084595,0.8081926703453064
0,8,landmark,8,0.005,64,88.0,0.6305955052375793,0.3182721734046936
0,8,landmark,8,0.005,128,152.0,0.6900402903556824,0.4800327718257904
0,8,landmark,8,0.005,256,280.0,0.7489061951637268,0.6669921875
0,8,landmark,8,0.005,512,536.0,0.8145529627799988,0.8198067545890808
0,8,landmark,8,0.01,64,104.0,0.6342736482620239,0.3318917453289032
0,8,landmark,8,0.01,128,168.0,0.69336998462677,0.4907400906085968
0,8,landmark,8,0.01,256,296.0,0.7517565488815308,0.6744908094406128
0,8,landmark,8,0.01,512,552.0,0.8155058026313782,0.8240443468093872
0,8,landmark,8,0.02,64,144.0,0.7578368186950684,0.3506557047367096
0,8,landmark,8,0.02,128,208.0,0.8170209527015686,0.50927734375
0,8,landmark,8,0.02,256,336.0,0.8752413392066956,0.6922258734703064
0,8,landmark,8,0.02,512,592.0,0.9291155934333801,0.8397216796875
0,8,landmark,8,0.05,64,264.0,0.7695741057395935,0.3890206515789032
0,8,landmark,8,0.05,128,328.0,0.8269492387771606,0.5446951985359192
0,8,landmark,8,0.05,256,456.0,0.8843315839767456,0.7197962999343872
0,8,landmark,8,0.05,512,712.0,0.9336619973182678,0.8587995171546936
0,8,oracle_chunk,16,0.0,64,64.0,0.804094672203064,0.3081752359867096
0,8,oracle_chunk,16,0.0,128,128.0,0.8669397234916687,0.5180838704109192
0,8,oracle_chunk,16,0.0,256,256.0,0.9166586995124817,0.7400948405265808
0,8,oracle_chunk,16,0.0,512,512.0,0.951198160648346,0.9248744249343872
0,8,landmark,16,0.0,64,64.0,0.20741447806358337,0.2513602077960968
0,8,landmark,16,0.0,128,128.0,0.2670007050037384,0.3993268609046936
0,8,landmark,16,0.0,256,256.0,0.3533231317996979,0.5720040202140808
0,8,landmark,16,0.0,512,512.0,0.47282499074935913,0.7480294108390808
0,8,landmark,16,0.005,64,80.0,0.5961446166038513,0.2611083984375
0,8,landmark,16,0.005,128,144.0,0.6557618379592896,0.4091796875
0,8,landmark,16,0.005,256,272.0,0.7298884391784668,0.5821881890296936
0,8,landmark,16,0.005,512,528.0,0.7933391332626343,0.7560686469078064
0,8,landmark,16,0.01,64,112.0,0.7215501070022583,0.2861502468585968
0,8,landmark,16,0.01,128,176.0,0.7807105183601379,0.4322335422039032
0,8,landmark,16,0.01,256,304.0,0.8543723225593567,0.6021903157234192
0,8,landmark,16,0.01,512,560.0,0.9151726365089417,0.7719551920890808
0,8,landmark,16,0.02,64,144.0,0.727070689201355,0.3018450140953064
0,8,landmark,16,0.02,128,208.0,0.7862983345985413,0.4479806125164032
0,8,landmark,16,0.02,256,336.0,0.8586009740829468,0.6150076985359192
0,8,landmark,16,0.02,512,592.0,0.9176785349845886,0.7804303765296936
0,8,landmark,16,0.05,64,272.0,0.7611936926841736,0.35302734375
0,8,landmark,16,0.05,128,336.0,0.8142018914222717,0.4977853000164032
0,8,landmark,16,0.05,256,464.0,0.8781859278678894,0.6562848687171936
0,8,landmark,16,0.05,512,720.0,0.9278228878974915,0.8040771484375
0,8,oracle_chunk,32,0.0,64,64.0,0.7578147053718567,0.2193254679441452
0,8,oracle_chunk,32,0.0,128,128.0,0.8406352996826172,0.4167306125164032
0,8,oracle_chunk,32,0.0,256,256.0,0.9000531435012817,0.6293596625328064
0,8,oracle_chunk,32,0.0,512,512.0,0.9406022429466248,0.8185163140296936
0,8,landmark,32,0.0,64,64.0,0.19278104603290558,0.2173025906085968
0,8,landmark,32,0.0,128,128.0,0.2592094838619232,0.3621477484703064
0,8,landmark,32,0.0,256,256.0,0.33275356888771057,0.5337611436843872
0,8,landmark,32,0.0,512,512.0,0.3967225253582001,0.7070835828781128
0,8,landmark,32,0.005,64,96.0,0.5817456841468811,0.2275041788816452
0,8,landmark,32,0.005,128,160.0,0.6481742858886719,0.3723493218421936
0,8,landmark,32,0.005,256,288.0,0.7220069766044617,0.5444859266281128
0,8,landmark,32,0.005,512,544.0,0.7859157919883728,0.7175467610359192
0,8,landmark,32,0.01,64,96.0,0.5817456841468811,0.2275041788816452
0,8,landmark,32,0.01,128,160.0,0.6481742858886719,0.3723493218421936
0,8,landmark,32,0.01,256,288.0,0.7220069766044617,0.5444859266281128
0,8,landmark,32,0.01,512,544.0,0.7859157919883728,0.7175467610359192
0,8,landmark,32,0.02,64,160.0,0.7140258550643921,0.26318359375
0,8,landmark,32,0.02,128,224.0,0.7810705304145813,0.4091099202632904
0,8,landmark,32,0.02,256,352.0,0.8536337614059448,0.5776192545890808
0,8,landmark,32,0.02,512,608.0,0.9131368398666382,0.7418212890625
0,8,landmark,32,0.05,64,256.0,0.7165793776512146,0.2765415608882904
0,8,landmark,32,0.05,128,320.0,0.7835124731063843,0.4215436577796936
0,8,landmark,32,0.05,256,448.0,0.856026291847229,0.5892333984375
0,8,landmark,32,0.05,512,704.0,0.9159771203994751,0.7523368000984192
0,9,oracle_token,1,0.0,64,64.0,0.9499579071998596,1.0
0,9,oracle_token,1,0.0,128,128.0,0.9677867889404297,1.0
0,9,oracle_token,1,0.0,256,256.0,0.9809654355049133,1.0
0,9,oracle_token,1,0.0,512,512.0,0.9903517365455627,1.0
0,9,oracle_chunk,4,0.0,64,64.0,0.9276753664016724,0.4982735812664032
0,9,oracle_chunk,4,0.0,128,128.0,0.9529868960380554,0.7815464735031128
0,9,oracle_chunk,4,0.0,256,256.0,0.970921516418457,0.9969831109046936
0,9,oracle_chunk,4,0.0,512,512.0,0.9841060638427734,1.0
0,9,landmark,4,0.0,64,64.0,0.47844550013542175,0.3598458468914032
0,9,landmark,4,0.0,128,128.0,0.5645641088485718,0.5266985297203064
0,9,landmark,4,0.0,256,256.0,0.694665253162384,0.6924700140953064
0,9,landmark,4,0.0,512,512.0,0.8431668281555176,0.8214285969734192
0,9,landmark,4,0.005,64,84.0,0.8863168954849243,0.3860211968421936
0,9,landmark,4,0.005,128,148.0,0.9139146208763123,0.5492815375328064
0,9,landmark,4,0.005,256,276.0,0.9420651197433472,0.7057059407234192
0,9,landmark,4,0.005,512,532.0,0.9626979231834412,0.8267822265625
0,9,landmark,4,0.01,64,104.0,0.887986958026886,0.3935198187828064
0,9,landmark,4,0.01,128,168.0,0.9154754281044006,0.5556640625
0,9,landmark,4,0.01,256,296.0,0.9429665207862854,0.7101527452468872
0,9,landmark,4,0.01,512,552.0,0.963221549987793,0.8289969563484192
0,9,landmark,4,0.02,64,144.0,0.8918114304542542,0.4110979437828064
0,9,landmark,4,0.02,128,208.0,0.9174140691757202,0.5675920844078064
0,9,landmark,4,0.02,256,336.0,0.9444414973258972,0.7179827094078064
0,9,landmark,4,0.02,512,592.0,0.9640101194381714,0.8327811360359192
0,9,landmark,4,0.05,64,264.0,0.9028211236000061,0.4569789469242096
0,9,landmark,4,0.05,128,328.0,0.9260697960853577,0.6047014594078064
0,9,landmark,4,0.05,256,456.0,0.9486815333366394,0.7394496202468872
0,9,landmark,4,0.05,512,712.0,0.9669942855834961,0.8450579047203064
0,9,oracle_chunk,8,0.0,64,64.0,0.909929633140564,0.3890380859375
0,9,oracle_chunk,8,0.0,128,128.0,0.9423237442970276,0.6228724718093872
0,9,oracle_chunk,8,0.0,256,256.0,0.9639965295791626,0.8487200140953064
0,9,oracle_chunk,8,0.0,512,512.0,0.979509711265564,0.9982386827468872
0,9,landmark,8,0.0,64,64.0,0.21163403987884521,0.3113664984703064
0,9,landmark,8,0.0,128,128.0,0.27909010648727417,0.4585135281085968
0,9,landmark,8,0.0,256,256.0,0.38993334770202637,0.61083984375
0,9,landmark,8,0.0,512,512.0,0.500216007232666,0.7461809515953064
0,9,landmark,8,0.005,64,88.0,0.8624505400657654,0.3310198187828064
0,9,landmark,8,0.005,128,152.0,0.8965549468994141,0.4771030843257904
0,9,landmark,8,0.005,256,280.0,0.9271849393844604,0.6280517578125
0,9,landmark,8,0.005,512,536.0,0.9502077698707581,0.7600969672203064
0,9,landmark,8,0.01,64,104.0,0.8637993931770325,0.3362862765789032
0,9,landmark,8,0.01,128,168.0,0.8978509902954102,0.4819858968257904
0,9,landmark,8,0.01,256,296.0,0.9284091591835022,0.6325160264968872
0,9,landmark,8,0.01,512,552.0,0.951306164264679,0.7625209093093872
0,9,landmark,8,0.02,64,144.0,0.8713688254356384,0.3598284125328064
0,9,landmark,8,0.02,128,208.0,0.9041825532913208,0.50341796875
0,9,landmark,8,0.02,256,336.0,0.9313334822654724,0.6460658311843872
0,9,landmark,8,0.02,512,592.0,0.952062726020813,0.7678920030593872
0,9,landmark,8,0.05,64,264.0,0.8830513954162598,0.3986642062664032
0,9,landmark,8,0.05,128,328.0,0.9110351800918579,0.5333251953125
0,9,landmark,8,0.05,256,456.0,0.9348874092102051,0.6660330891609192
0,9,landmark,8,0.05,512,712.0,0.9546841979026794,0.7820870280265808
0,9,oracle_chunk,16,0.0,64,64.0,0.8847182393074036,0.3052280843257904
0,9,oracle_chunk,16,0.0,128,128.0,0.9269903898239136,0.5138288140296936
0,9,oracle_chunk,16,0.0,256,256.0,0.9552637338638306,0.7151402235031128
0,9,oracle_chunk,16,0.0,512,512.0,0.9739527106285095,0.8943743109703064
0,9,landmark,16,0.0,64,64.0,0.1753596067428589,0.2820870578289032
0,9,landmark,16,0.0,128,128.0,0.2228032350540161,0.4182651937007904
0,9,landmark,16,0.0,256,256.0,0.2522720694541931,0.5540946125984192
0,9,landmark,16,0.0,512,512.0,0.3351263999938965,0.6942487359046936
0,9,landmark,16,0.005,64,80.0,0.8546134233474731,0.3004848062992096
0,9,landmark,16,0.005,128,144.0,0.8866017460823059,0.4361049234867096
0,9,landmark,16,0.005,256,272.0,0.9111071825027466,0.5714111328125
0,9,landmark,16,0.005,512,528.0,0.9410184025764465,0.7095423936843872
0,9,landmark,16,0.01,64,112.0,0.8554867506027222,0.3052455484867096
0,9,landmark,16,0.01,128,176.0,0.887484073638916,0.441162109375
0,9,landmark,16,0.01,256,304.0,0.9120756983757019,0.5762939453125
0,9,landmark,16,0.01,512,560.0,0.9417813420295715,0.7136055827140808
0,9,landmark,16,0.02,64,144.0,0.8558688759803772,0.3083670437335968
0,9,landmark,16,0.02,128,208.0,0.8878663182258606,0.4442836344242096
0,9,landmark,16,0.02,256,336.0,0.9124580025672913,0.5794154405593872
0,9,landmark,16,0.02,512,592.0,0.9422553777694702,0.7166050672531128
0,9,landmark,16,0.05,64,272.0,0.8578978776931763,0.3194754421710968
0,9,landmark,16,0.05,128,336.0,0.8898263573646545,0.4552350640296936
0,9,landmark,16,0.05,256,464.0,0.9147835969924927,0.590576171875
0,9,landmark,16,0.05,512,720.0,0.9441866874694824,0.7273821234703064
0,9,oracle_chunk,32,0.0,64,64.0,0.8465703129768372,0.2062290757894516
0,9,oracle_chunk,32,0.0,128,128.0,0.9058238863945007,0.4209856390953064
0,9,oracle_chunk,32,0.0,256,256.0,0.9437734484672546,0.6234305500984192
0,9,oracle_chunk,32,0.0,512,512.0,0.9671292304992676,0.7925676703453064
0,9,landmark,32,0.0,64,64.0,0.16353179514408112,0.2597830593585968
0,9,landmark,32,0.0,128,128.0,0.21862731873989105,0.3850446343421936
0,9,landmark,32,0.0,256,256.0,0.270304411649704,0.5251116156578064
0,9,landmark,32,0.0,512,512.0,0.3542690873146057,0.6585344672203064
0,9,landmark,32,0.005,64,96.0,0.8443470001220703,0.2797328531742096
0,9,landmark,32,0.005,128,160.0,0.875751793384552,0.4051164984703064
0,9,landmark,32,0.005,256,288.0,0.9070419669151306,0.5446254014968872
0,9,landmark,32,0.005,512,544.0,0.9329279661178589,0.6761474609375
0,9,landmark,32,0.01,64,96.0,0.8443470001220703,0.2797328531742096
0,9,landmark,32,0.01,128,160.0,0.875751793384552,0.4051164984703064
0,9,landmark,32,0.01,256,288.0,0.9070419669151306,0.5446254014968872
0,9,landmark,32,0.01,512,544.0,0.9329279661178589,0.6761474609375
0,9,landmark,32,0.02,64,160.0,0.8467003703117371,0.2932477593421936
0,9,landmark,32,0.02,128,224.0,0.8782476782798767,0.4190673828125
0,9,landmark,32,0.02,256,352.0,0.9097414016723633,0.5572161078453064
0,9,landmark,32,0.02,512,608.0,0.9349517226219177,0.6852852702140808
0,9,landmark,32,0.05,64,256.0,0.8555377125740051,0.3203648030757904
0,9,landmark,32,0.05,128,320.0,0.8856356739997864,0.4448939859867096
0,9,landmark,32,0.05,256,448.0,0.9130077362060547,0.5747418999671936
0,9,landmark,32,0.05,512,704.0,0.93720942735672,0.6980677843093872
0,10,oracle_token,1,0.0,64,64.0,0.8683193325996399,1.0
0,10,oracle_token,1,0.0,128,128.0,0.9162766337394714,1.0
0,10,oracle_token,1,0.0,256,256.0,0.9479239583015442,1.0
0,10,oracle_token,1,0.0,512,512.0,0.9703150391578674,1.0
0,10,oracle_chunk,4,0.0,64,64.0,0.817669689655304,0.5875941514968872
0,10,oracle_chunk,4,0.0,128,128.0,0.887362539768219,0.8749825358390808
0,10,oracle_chunk,4,0.0,256,256.0,0.9287932515144348,0.9958844780921936
0,10,oracle_chunk,4,0.0,512,512.0,0.9569414258003235,0.9999127984046936
0,10,landmark,4,0.0,64,64.0,0.309126615524292,0.4497767984867096
0,10,landmark,4,0.0,128,128.0,0.43119093775749207,0.6600341796875
0,10,landmark,4,0.0,256,256.0,0.6224856972694397,0.8266426920890808
0,10,landmark,4,0.0,512,512.0,0.8373345136642456,0.9373081922531128
0,10,landmark,4,0.005,64,84.0,0.7620329260826111,0.4665353000164032
0,10,landmark,4,0.005,128,148.0,0.8412245512008667,0.6758161187171936
0,10,landmark,4,0.005,256,276.0,0.8943940997123718,0.8374720811843872
0,10,landmark,4,0.005,512,532.0,0.9356208443641663,0.9413539171218872
0,10,landmark,4,0.01,64,104.0,0.7688677906990051,0.4825962483882904
0,10,landmark,4,0.01,128,168.0,0.8479648232460022,0.6916329264640808
0,10,landmark,4,0.01,256,296.0,0.8989068865776062,0.8476737141609192
0,10,landmark,4,0.01,512,552.0,0.9368333220481873,0.9433245062828064
0,10,landmark,4,0.02,64,144.0,0.7787717580795288,0.5006626844406128
0,10,landmark,4,0.02,128,208.0,0.8558887243270874,0.7065604329109192
0,10,landmark,4,0.02,256,336.0,0.90351802110672,0.8570207953453064
0,10,landmark,4,0.02,512,592.0,0.938829779624939,0.9469168782234192
0,10,landmark,4,0.05,64,264.0,0.7970913648605347,0.5399867296218872
0,10,landmark,4,0.05,128,328.0,0.8677228093147278,0.7363106608390808
0,10,landmark,4,0.05,256,456.0,0.9116851091384888,0.8758544921875
0,10,landmark,4,0.05,512,712.0,0.9437804222106934,0.9552699327468872
0,10,oracle_chunk,8,0.0,64,64.0,0.7864828109741211,0.4980643093585968
0,10,oracle_chunk,8,0.0,128,128.0,0.8715376257896423,0.7719377875328064
0,10,oracle_chunk,8,0.0,256,256.0,0.9194878339767456,0.9434291124343872
0,10,oracle_chunk,8,0.0,512,512.0,0.9497970342636108,0.9972621202468872
0,10,landmark,8,0.0,64,64.0,0.27275392413139343,0.4222935140132904
0,10,landmark,8,0.0,128,128.0,0.37725380063056946,0.6193498969078064
0,10,landmark,8,0.0,256,256.0,0.5041133165359497,0.7892891764640808
0,10,landmark,8,0.0,512,512.0,0.6755532622337341,0.9056919813156128
0,10,landmark,8,0.005,64,88.0,0.7422731518745422,0.4390869140625
0,10,landmark,8,0.005,128,152.0,0.8258433938026428,0.6354108452796936
0,10,landmark,8,0.005,256,280.0,0.8884930610656738,0.8028913140296936
0,10,landmark,8,0.005,512,536.0,0.9296451807022095,0.9138706922531128
0,10,landmark,8,0.01,64,104.0,0.7427862882614136,0.4400460422039032
0,10,landmark,8,0.01,128,168.0,0.8263565897941589,0.6363700032234192
0,10,landmark,8,0.01,256,296.0,0.8890061974525452,0.8038504719734192
0,10,landmark,8,0.01,512,552.0,0.9301338195800781,0.9148123860359192
0,10,landmark,8,0.02,64,144.0,0.75282222032547,0.4655238687992096
0,10,landmark,8,0.02,128,208.0,0.835888683795929,0.6610804796218872
0,10,landmark,8,0.02,256,336.0,0.8946158289909363,0.8191092610359192
0,10,landmark,8,0.02,512,592.0,0.9322491884231567,0.9194510579109192
0,10,landmark,8,0.05,64,264.0,0.7686240077018738,0.5024762749671936
0,10,landmark,8,0.05,128,328.0,0.8487594723701477,0.6913887858390808
0,10,landmark,8,0.05,256,456.0,0.9029266238212585,0.8370884656906128
0,10,landmark,8,0.05,512,712.0,0.9368842840194702,0.9282923936843872
0,10,oracle_chunk,16,0.0,64,64.0,0.7397536635398865,0.4062151312828064
0,10,oracle_chunk,16,0.0,128,128.0,0.8522518277168274,0.6864188313484192
0,10,oracle_chunk,16,0.0,256,256.0,0.9092572331428528,0.8743373155593872
0,10,oracle_chunk,16,0.0,512,512.0,0.9423270225524902,0.970703125
0,10,landmark,16,0.0,64,64.0,0.2521950602531433,0.3958740234375
0,10,landmark,16,0.0,128,128.0,0.36492329835891724,0.6072474718093872
0,10,landmark,16,0.0,256,256.0,0.4520857632160187,0.7599400281906128
0,10,landmark,16,0.0,512,512.0,0.5592288374900818,0.8769705891609192
0,10,landmark,16,0.005,64,80.0,0.729662299156189,0.4120396077632904
0,10,landmark,16,0.005,128,144.0,0.8292919993400574,0.6234828233718872
0,10,landmark,16,0.005,256,272.0,0.882727324962616,0.7755475640296936
0,10,landmark,16,0.005,512,528.0,0.9241095185279846,0.8892822265625
0,10,landmark,16,0.01,64,112.0,0.730400562286377,0.4134870171546936
0,10,landmark,16,0.01,128,176.0,0.8300304412841797,0.6249302625656128
0,10,landmark,16,0.01,256,304.0,0.8834656476974487,0.7769950032234192
0,10,landmark,16,0.01,512,560.0,0.9248263239860535,0.8907470703125
0,10,landmark,16,0.02,64,144.0,0.7319103479385376,0.4162423312664032
0,10,landmark,16,0.02,128,208.0,0.8315570950508118,0.6277204155921936
0,10,landmark,16,0.02,256,336.0,0.8849138617515564,0.779541015625
0,10,landmark,16,0.02,512,592.0,0.9260584712028503,0.8927699327468872
0,10,landmark,16,0.05,64,272.0,0.7492765188217163,0.4625767171382904
0,10,landmark,16,0.05,128,336.0,0.8457298278808594,0.6651087999343872
0,10,landmark,16,0.05,256,464.0,0.8935351967811584,0.8028389811515808
0,10,landmark,16,0.05,512,720.0,0.9309166669845581,0.9037737250328064
0,10,oracle_chunk,32,0.0,64,64.0,0.6793368458747864,0.2958286702632904
0,10,oracle_chunk,32,0.0,128,128.0,0.8169450759887695,0.5920235514640808
0,10,oracle_chunk,32,0.0,256,256.0,0.8983932137489319,0.8168596625328064
0,10,oracle_chunk,32,0.0,512,512.0,0.9344892501831055,0.9257289171218872
0,10,landmark,32,0.0,64,64.0,0.24186290800571442,0.3743198812007904
0,10,landmark,32,0.0,128,128.0,0.3518540859222412,0.5972203016281128
0,10,landmark,32,0.0,256,256.0,0.43359869718551636,0.7472272515296936
0,10,landmark,32,0.0,512,512.0,0.48888275027275085,0.854736328125
0,10,landmark,32,0.005,64,96.0,0.7197742462158203,0.3911307156085968
0,10,landmark,32,0.005,128,160.0,0.8275347948074341,0.6140485405921936
0,10,landmark,32,0.005,256,288.0,0.8844445943832397,0.7635149359703064
0,10,landmark,32,0.005,512,544.0,0.9198273420333862,0.8698207139968872
0,10,landmark,32,0.01,64,96.0,0.7197742462158203,0.3911307156085968
0,10,landmark,32,0.01,128,160.0,0.8275347948074341,0.6140485405921936
0,10,landmark,32,0.01,256,288.0,0.8844445943832397,0.7635149359703064
0,10,landmark,32,0.01,512,544.0,0.9198273420333862,0.8698207139968872
0,10,landmark,32,0.02,64,160.0,0.7224172949790955,0.3970249593257904
0,10,landmark,32,0.02,128,224.0,0.8301778435707092,0.6199427843093872
0,10,landmark,32,0.02,256,352.0,0.8871785402297974,0.7695487141609192
0,10,landmark,32,0.02,512,608.0,0.9224147796630859,0.8758370280265808
0,10,landmark,32,0.05,64,256.0,0.742983877658844,0.4480154812335968
0,10,landmark,32,0.05,128,320.0,0.8419092297554016,0.6504778265953064
0,10,landmark,32,0.05,256,448.0,0.8932145833969116,0.7881731390953064
0,10,landmark,32,0.05,512,704.0,0.9263983964920044,0.8843994140625
0,11,oracle_token,1,0.0,64,64.0,0.9256992340087891,1.0
0,11,oracle_token,1,0.0,128,128.0,0.9544399380683899,1.0
0,11,oracle_token,1,0.0,256,256.0,0.9734323620796204,1.0
0,11,oracle_token,1,0.0,512,512.0,0.9862990975379944,1.0
0,11,oracle_chunk,4,0.0,64,64.0,0.8899784088134766,0.4876534640789032
0,11,oracle_chunk,4,0.0,128,128.0,0.9335575103759766,0.7779541015625
0,11,oracle_chunk,4,0.0,256,256.0,0.9593472480773926,0.9955357313156128
0,11,oracle_chunk,4,0.0,512,512.0,0.9774858355522156,1.0
0,11,landmark,4,0.0,64,64.0,0.6221196055412292,0.3447439968585968
0,11,landmark,4,0.0,128,128.0,0.7288078665733337,0.5110037922859192
0,11,landmark,4,0.0,256,256.0,0.873040497303009,0.6614466905593872
0,11,landmark,4,0.0,512,512.0,0.9547072052955627,0.7867256999015808
0,11,landmark,4,0.005,64,84.0,0.828281819820404,0.3671526312828064
0,11,landmark,4,0.005,128,148.0,0.8859052658081055,0.5298723578453064
0,11,landmark,4,0.005,256,276.0,0.9248436689376831,0.6732003092765808
0,11,landmark,4,0.005,512,532.0,0.9562398195266724,0.7912772297859192
0,11,landmark,4,0.01,64,104.0,0.8293505311012268,0.3708147406578064
0,11,landmark,4,0.01,128,168.0,0.8869739770889282,0.5335344672203064
0,11,landmark,4,0.01,256,296.0,0.9258061647415161,0.6766008734703064
0,11,landmark,4,0.01,512,552.0,0.9568479657173157,0.7933174967765808
0,11,landmark,4,0.02,64,144.0,0.8319116234779358,0.3822719156742096
0,11,landmark,4,0.02,128,208.0,0.8891119956970215,0.5440673828125
0,11,landmark,4,0.02,256,336.0,0.9277153015136719,0.6853376030921936
0,11,landmark,4,0.02,512,592.0,0.9582704305648804,0.7996477484703064
0,11,landmark,4,0.05,64,264.0,0.8452830910682678,0.4244559109210968
0,11,landmark,4,0.05,128,328.0,0.8995704650878906,0.5814034342765808
0,11,landmark,4,0.05,256,456.0,0.9347237348556519,0.7130650281906128
0,11,landmark,4,0.05,512,712.0,0.962525486946106,0.8191964030265808
0,11,oracle_chunk,8,0.0,64,64.0,0.8642615675926208,0.3842424750328064
0,11,oracle_chunk,8,0.0,128,128.0,0.9215131402015686,0.6300746202468872
0,11,oracle_chunk,8,0.0,256,256.0,0.9512822031974792,0.8410295844078064
0,11,oracle_chunk,8,0.0,512,512.0,0.9717373251914978,0.9973841905593872
0,11,landmark,8,0.0,64,64.0,0.372429221868515,0.3033970296382904
0,11,landmark,8,0.0,128,128.0,0.5033248662948608,0.4542061984539032
0,11,landmark,8,0.0,256,256.0,0.6483134627342224,0.5893031358718872
0,11,landmark,8,0.0,512,512.0,0.8044673204421997,0.7204938530921936
0,11,landmark,8,0.005,64,88.0,0.8054786324501038,0.3229457437992096
0,11,landmark,8,0.005,128,152.0,0.8711438775062561,0.4729701578617096
0,11,landmark,8,0.005,256,280.0,0.9092962145805359,0.6038469672203064
0,11,landmark,8,0.005,512,536.0,0.9409045577049255,0.7290911078453064
0,11,landmark,8,0.01,64,104.0,0.8062297105789185,0.3261021077632904
0,11,landmark,8,0.01,128,168.0,0.8718951344490051,0.4761265218257904
0,11,landmark,8,0.01,256,296.0,0.9100589752197266,0.6070381999015808
0,11,landmark,8,0.01,512,552.0,0.9415878057479858,0.7322126030921936
0,11,landmark,8,0.02,64,144.0,0.8157678842544556,0.3505336344242096
0,11,landmark,8,0.02,128,208.0,0.8811528086662292,0.4997907280921936
0,11,landmark,8,0.02,256,336.0,0.9162632822990417,0.6242152452468872
0,11,landmark,8,0.02,512,592.0,0.9442623257637024,0.7398506999015808
0,11,landmark,8,0.05,64,264.0,0.8201774954795837,0.3682512640953064
0,11,landmark,8,0.05,128,328.0,0.88532555103302,0.5174385905265808
0,11,landmark,8,0.05,256,456.0,0.9199422001838684,0.6400495171546936
0,11,landmark,8,0.05,512,712.0,0.9473171234130859,0.7528076171875
0,11,oracle_chunk,16,0.0,64,64.0,0.826238214969635,0.3023507297039032
0,11,oracle_chunk,16,0.0,128,128.0,0.9057244658470154,0.53466796875
0,11,oracle_chunk,16,0.0,256,256.0,0.9415778517723083,0.7120361328125
0,11,oracle_chunk,16,0.0,512,512.0,0.9649800658226013,0.8852713704109192
0,11,landmark,16,0.0,64,64.0,0.2535845935344696,0.2758614718914032
0,11,landmark,16,0.0,128,128.0,0.3349008858203888,0.4272983968257904
0,11,landmark,16,0.0,256,256.0,0.41390687227249146,0.5359932780265808
0,11,landmark,16,0.0,512,512.0,0.5334488153457642,0.6604352593421936
0,11,landmark,16,0.005,64,80.0,0.7940719723701477,0.2968401312828064
0,11,landmark,16,0.005,128,144.0,0.8622438311576843,0.4473004937171936
0,11,landmark,16,0.005,256,272.0,0.8945991396903992,0.5542515516281128
0,11,landmark,16,0.005,512,528.0,0.9270510077476501,0.6749442219734192
0,11,landmark,16,0.01,64,112.0,0.7989453077316284,0.3082449734210968
0,11,landmark,16,0.01,128,176.0,0.8667768239974976,0.4583042562007904
0,11,landmark,16,0.01,256,304.0,0.897616982460022,0.5618896484375
0,11,landmark,16,0.01,512,560.0,0.9288256764411926,0.6803850531578064
0,11,landmark,16,0.02,64,144.0,0.7994184494018555,0.3108258843421936
0,11,landmark,16,0.02,128,208.0,0.8672346472740173,0.4608154296875
0,11,landmark,16,0.02,256,336.0,0.8980525135993958,0.5643135905265808
0,11,landmark,16,0.02,512,592.0,0.9293056726455688,0.6832972764968872
0,11,landmark,16,0.05,64,272.0,0.8101208806037903,0.3405413031578064
0,11,landmark,16,0.05,128,336.0,0.8776642084121704,0.4900425374507904
0,11,landmark,16,0.05,256,464.0,0.9067066311836243,0.5893206000328064
0,11,landmark,16,0.05,512,720.0,0.935630738735199,0.7022356390953064
0,11,oracle_chunk,32,0.0,64,64.0,0.7700758576393127,0.2199183851480484
0,11,oracle_chunk,32,0.0,128,128.0,0.8792126774787903,0.4504220187664032
0,11,oracle_chunk,32,0.0,256,256.0,0.9302342534065247,0.6309465765953064
0,11,oracle_chunk,32,0.0,512,512.0,0.9569336771965027,0.7790178656578064
0,11,landmark,32,0.0,64,64.0,0.22629474103450775,0.2592424750328064
0,11,landmark,32,0.0,128,128.0,0.3647228181362152,0.3995186984539032
0,11,landmark,32,0.0,256,256.0,0.458977073431015,0.5139508843421936
0,11,landmark,32,0.0,512,512.0,0.6459745168685913,0.6302315592765808
0,11,landmark,32,0.005,64,96.0,0.7733774781227112,0.2834995687007904
0,11,landmark,32,0.005,128,160.0,0.8492984771728516,0.4225551187992096
0,11,landmark,32,0.005,256,288.0,0.887866199016571,0.5366385579109192
0,11,landmark,32,0.005,512,544.0,0.9210311770439148,0.6461181640625
0,11,landmark,32,0.01,64,96.0,0.7733774781227112,0.2834995687007904
0,11,landmark,32,0.01,128,160.0,0.8492984771728516,0.4225551187992096
0,11,landmark,32,0.01,256,288.0,0.887866199016571,0.5366385579109192
0,11,landmark,32,0.01,512,544.0,0.9210311770439148,0.6461181640625
0,11,landmark,32,0.02,64,160.0,0.7748135328292847,0.2912946343421936
0,11,landmark,32,0.02,128,224.0,0.8507343530654907,0.4303501546382904
0,11,landmark,32,0.02,256,352.0,0.8893021941184998,0.54443359375
0,11,landmark,32,0.02,512,608.0,0.9224570393562317,0.6538609266281128
0,11,landmark,32,0.05,64,256.0,0.7765655517578125,0.3040597140789032
0,11,landmark,32,0.05,128,320.0,0.8524696230888367,0.4428885281085968
0,11,landmark,32,0.05,256,448.0,0.8910433053970337,0.5566754937171936
0,11,landmark,32,0.05,512,704.0,0.9242759346961975,0.6657366156578064
0,12,oracle_token,1,0.0,64,64.0,0.8187894821166992,1.0
0,12,oracle_token,1,0.0,128,128.0,0.8703707456588745,1.0
0,12,oracle_token,1,0.0,256,256.0,0.9098220467567444,1.0
0,12,oracle_token,1,0.0,512,512.0,0.9443120956420898,1.0
0,12,oracle_chunk,4,0.0,64,64.0,0.7788906097412109,0.62890625
0,12,oracle_chunk,4,0.0,128,128.0,0.8440985083580017,0.8941475749015808
0,12,oracle_chunk,4,0.0,256,256.0,0.8869646787643433,0.9926409125328064
0,12,oracle_chunk,4,0.0,512,512.0,0.9241117835044861,0.9999825358390808
0,12,landmark,4,0.0,64,64.0,0.31081900000572205,0.4808523952960968
0,12,landmark,4,0.0,128,128.0,0.38902682065963745,0.6965855360031128
0,12,landmark,4,0.0,256,256.0,0.4735223948955536,0.8394775390625
0,12,landmark,4,0.0,512,512.0,0.6268529891967773,0.9312046766281128
0,12,landmark,4,0.005,64,84.0,0.7319613099098206,0.5037667155265808
0,12,landmark,4,0.005,128,148.0,0.8054990768432617,0.7182442545890808
0,12,landmark,4,0.005,256,276.0,0.8525647521018982,0.8579276204109192
0,12,landmark,4,0.005,512,532.0,0.8963704705238342,0.9432547688484192
0,12,landmark,4,0.01,64,104.0,0.7358282208442688,0.5148402452468872
0,12,landmark,4,0.01,128,168.0,0.8072514533996582,0.7227434515953064
0,12,landmark,4,0.01,256,296.0,0.8538808226585388,0.8597586750984192
0,12,landmark,4,0.01,512,552.0,0.8972630500793457,0.9439871907234192
0,12,landmark,4,0.02,64,144.0,0.7396025061607361,0.5228096842765808
0,12,landmark,4,0.02,128,208.0,0.810754120349884,0.729736328125
0,12,landmark,4,0.02,256,336.0,0.8567103147506714,0.8646937608718872
0,12,landmark,4,0.02,512,592.0,0.8992959856987,0.9463413953781128
0,12,landmark,4,0.05,64,264.0,0.7531113028526306,0.5500662922859192
0,12,landmark,4,0.05,128,328.0,0.8238593935966492,0.7553187608718872
0,12,landmark,4,0.05,256,456.0,0.8666142821311951,0.8812255859375
0,12,landmark,4,0.05,512,712.0,0.9062350988388062,0.9535958170890808
0,12,oracle_chunk,8,0.0,64,64.0,0.7517278790473938,0.53662109375
0,12,oracle_chunk,8,0.0,128,128.0,0.8321161270141602,0.811279296875
0,12,oracle_chunk,8,0.0,256,256.0,0.8776630163192749,0.9502999186515808
0,12,oracle_chunk,8,0.0,512,512.0,0.9152000546455383,0.9950299859046936
0,12,landmark,8,0.0,64,64.0,0.2782762944698334,0.4598563015460968
0,12,landmark,8,0.0,128,128.0,0.3548707664012909,0.6596854329109192
0,12,landmark,8,0.0,256,256.0,0.41875341534614563,0.8131626844406128
0,12,landmark,8,0.0,512,512.0,0.5035584568977356,0.9068254828453064
0,12,landmark,8,0.005,64,88.0,0.7190858125686646,0.4861711859703064
0,12,landmark,8,0.005,128,152.0,0.7940179109573364,0.6845005750656128
0,12,landmark,8,0.005,256,280.0,0.8485780358314514,0.8335484266281128
0,12,landmark,8,0.005,512,536.0,0.8901457786560059,0.9223807454109192
0,12,landmark,8,0.01,64,104.0,0.7195306420326233,0.4866594672203064
0,12,landmark,8,0.01,128,168.0,0.7944627404212952,0.6849888563156128
0,12,landmark,8,0.01,256,296.0,0.849029541015625,0.8340192437171936
0,12,landmark,8,0.01,512,552.0,0.890631377696991,0.9227992296218872
0,12,landmark,8,0.02,64,144.0,0.721825122833252,0.4894321858882904
0,12,landmark,8,0.02,128,208.0,0.7967572808265686,0.6877616047859192
0,12,landmark,8,0.02,256,336.0,0.8513240218162537,0.8366350531578064
0,12,landmark,8,0.02,512,592.0,0.8926585912704468,0.9248046875
0,12,landmark,8,0.05,64,264.0,0.7342588305473328,0.5124337077140808
0,12,landmark,8,0.05,128,328.0,0.809467613697052,0.7105364203453064
0,12,landmark,8,0.05,256,456.0,0.8598777055740356,0.8493477702140808
0,12,landmark,8,0.05,512,712.0,0.8992881774902344,0.9325299859046936
0,12,oracle_chunk,16,0.0,64,64.0,0.7181369662284851,0.4586181640625
0,12,oracle_chunk,16,0.0,128,128.0,0.817665159702301,0.7403913140296936
0,12,oracle_chunk,16,0.0,256,256.0,0.8677501082420349,0.8959612250328064
0,12,oracle_chunk,16,0.0,512,512.0,0.9067366719245911,0.9760044813156128
0,12,landmark,16,0.0,64,64.0,0.274867981672287,0.4542236328125
0,12,landmark,16,0.0,128,128.0,0.3556278347969055,0.6531459093093872
0,12,landmark,16,0.0,256,256.0,0.4078048765659332,0.7887660264968872
0,12,landmark,16,0.0,512,512.0,0.4546675682067871,0.8824462890625
0,12,landmark,16,0.005,64,80.0,0.7129499316215515,0.4700753390789032
0,12,landmark,16,0.005,128,144.0,0.7937097549438477,0.6689976453781128
0,12,landmark,16,0.005,256,272.0,0.8416252136230469,0.8044258952140808
0,12,landmark,16,0.005,512,528.0,0.8819514513015747,0.8977748155593872
0,12,landmark,16,0.01,64,112.0,0.7134809494018555,0.4709821343421936
0,12,landmark,16,0.01,128,176.0,0.7942407727241516,0.6699044108390808
0,12,landmark,16,0.01,256,304.0,0.8421561121940613,0.8053327202796936
0,12,landmark,16,0.01,512,560.0,0.8824999928474426,0.8986119031906128
0,12,landmark,16,0.02,64,144.0,0.7157785296440125,0.4736502468585968
0,12,landmark,16,0.02,128,208.0,0.7967591285705566,0.6730608344078064
0,12,landmark,16,0.02,256,336.0,0.8445673584938049,0.8081752061843872
0,12,landmark,16,0.02,512,592.0,0.8845271468162537,0.9007743000984192
0,12,landmark,16,0.05,64,272.0,0.7235299348831177,0.4897286593914032
0,12,landmark,16,0.05,128,336.0,0.8043492436408997,0.6885637640953064
0,12,landmark,16,0.05,256,464.0,0.8513490557670593,0.8206438422203064
0,12,landmark,16,0.05,512,720.0,0.8900501132011414,0.9075579047203064
0,12,oracle_chunk,32,0.0,64,64.0,0.6631420254707336,0.3455461859703064
0,12,oracle_chunk,32,0.0,128,128.0,0.7938262820243835,0.6624232530593872
0,12,oracle_chunk,32,0.0,256,256.0,0.8576635718345642,0.8482666015625
0,12,oracle_chunk,32,0.0,512,512.0,0.8987330794334412,0.9436209797859192
0,12,landmark,32,0.0,64,64.0,0.2603178024291992,0.4281877875328064
0,12,landmark,32,0.0,128,128.0,0.3522954285144806,0.6388114094734192
0,12,landmark,32,0.0,256,256.0,0.40323638916015625,0.7687290906906128
0,12,landmark,32,0.0,512,512.0,0.4512005150318146,0.8714599609375
0,12,landmark,32,0.005,64,96.0,0.6989078521728516,0.4444580078125
0,12,landmark,32,0.005,128,160.0,0.7908855080604553,0.6550816297531128
0,12,landmark,32,0.005,256,288.0,0.8376743197441101,0.7849644422531128
0,12,landmark,32,0.005,512,544.0,0.8798384666442871,0.8871895670890808
0,12,landmark,32,0.01,64,96.0,0.6989078521728516,0.4444580078125
0,12,landmark,32,0.01,128,160.0,0.7908855080604553,0.6550816297531128
0,12,landmark,32,0.01,256,288.0,0.8376743197441101,0.7849644422531128
0,12,landmark,32,0.01,512,544.0,0.8798384666442871,0.8871895670890808
0,12,landmark,32,0.02,64,160.0,0.7028949856758118,0.4493582546710968
0,12,landmark,32,0.02,128,224.0,0.7948725819587708,0.6599818468093872
0,12,landmark,32,0.02,256,352.0,0.8416586518287659,0.7898821234703064
0,12,landmark,32,0.02,512,608.0,0.8839041590690613,0.8920723795890808
0,12,landmark,32,0.05,64,256.0,0.7185600996017456,0.4958670437335968
0,12,landmark,32,0.05,128,320.0,0.807550311088562,0.6965506672859192
0,12,landmark,32,0.05,256,448.0,0.848757803440094,0.8086460828781128
0,12,landmark,32,0.05,512,704.0,0.8880682587623596,0.900390625
0,13,oracle_token,1,0.0,64,64.0,0.8563603162765503,1.0
0,13,oracle_token,1,0.0,128,128.0,0.9001032710075378,1.0
0,13,oracle_token,1,0.0,256,256.0,0.9366251230239868,1.0
0,13,oracle_token,1,0.0,512,512.0,0.9661859273910522,1.0
0,13,oracle_chunk,4,0.0,64,64.0,0.8148018717765808,0.576904296875
0,13,oracle_chunk,4,0.0,128,128.0,0.868632972240448,0.853515625
0,13,oracle_chunk,4,0.0,256,256.0,0.9121645092964172,0.9912632703781128
0,13,oracle_chunk,4,0.0,512,512.0,0.9495624303817749,0.9999825358390808
0,13,landmark,4,0.0,64,64.0,0.2536022961139679,0.3619210422039032
0,13,landmark,4,0.0,128,128.0,0.33899661898612976,0.5567975640296936
0,13,landmark,4,0.0,256,256.0,0.46610456705093384,0.7415771484375
0,13,landmark,4,0.0,512,512.0,0.6095632314682007,0.8786097764968872
0,13,landmark,4,0.005,64,84.0,0.751488983631134,0.3908342719078064
0,13,landmark,4,0.005,128,148.0,0.8096326589584351,0.5843505859375
0,13,landmark,4,0.005,256,276.0,0.8631599545478821,0.7639857530593872
0,13,landmark,4,0.005,512,532.0,0.9135647416114807,0.8941999077796936
0,13,landmark,4,0.01,64,104.0,0.7551240921020508,0.4009835422039032
0,13,landmark,4,0.01,128,168.0,0.8124828934669495,0.5925467610359192
0,13,landmark,4,0.01,256,296.0,0.8647597432136536,0.7686767578125
0,13,landmark,4,0.01,512,552.0,0.9145955443382263,0.8966413140296936
0,13,landmark,4,0.02,64,144.0,0.7625194191932678,0.4221365749835968
0,13,landmark,4,0.02,128,208.0,0.8194961547851562,0.6123918890953064
0,13,landmark,4,0.02,256,336.0,0.8702993988990784,0.7830287218093872
0,13,landmark,4,0.02,512,592.0,0.9181240200996399,0.9044189453125
0,13,landmark,4,0.05,64,264.0,0.7791040539741516,0.4620710015296936
0,13,landmark,4,0.05,128,328.0,0.833372950553894,0.6454032063484192
0,13,landmark,4,0.05,256,456.0,0.8817716240882874,0.8080531358718872
0,13,landmark,4,0.05,512,712.0,0.9263409376144409,0.919677734375
0,13,oracle_chunk,8,0.0,64,64.0,0.7850180864334106,0.4648088812828064
0,13,oracle_chunk,8,0.0,128,128.0,0.8485059142112732,0.7288469672203064
0,13,oracle_chunk,8,0.0,256,256.0,0.8962990045547485,0.9141148328781128
0,13,oracle_chunk,8,0.0,512,512.0,0.9379149079322815,0.9947509765625
0,13,landmark,8,0.0,64,64.0,0.21166841685771942,0.3343680202960968
0,13,landmark,8,0.0,128,128.0,0.2673706114292145,0.4980817437171936
0,13,landmark,8,0.0,256,256.0,0.3388788104057312,0.6723807454109192
0,13,landmark,8,0.0,512,512.0,0.4495565891265869,0.8173130750656128
0,13,landmark,8,0.005,64,88.0,0.7258984446525574,0.3652169406414032
0,13,landmark,8,0.005,128,152.0,0.7816089987754822,0.5290352702140808
0,13,landmark,8,0.005,256,280.0,0.8410186171531677,0.7008231282234192
0,13,landmark,8,0.005,512,536.0,0.8934411406517029,0.837890625
0,13,landmark,8,0.01,64,104.0,0.7279048562049866,0.3687569797039032
0,13,landmark,8,0.01,128,168.0,0.7836154699325562,0.5325753092765808
0,13,landmark,8,0.01,256,296.0,0.8426703214645386,0.7042585015296936
0,13,landmark,8,0.01,512,552.0,0.894718587398529,0.8407331109046936
0,13,landmark,8,0.02,64,144.0,0.7332587242126465,0.3847481906414032
0,13,landmark,8,0.02,128,208.0,0.7889006733894348,0.5477469563484192
0,13,landmark,8,0.02,256,336.0,0.846984326839447,0.7155064344406128
0,13,landmark,8,0.02,512,592.0,0.8977622985839844,0.8473772406578064
0,13,landmark,8,0.05,64,264.0,0.7490760684013367,0.4183349609375
0,13,landmark,8,0.05,128,328.0,0.8049501776695251,0.5804966688156128
0,13,landmark,8,0.05,256,456.0,0.8610261082649231,0.7423967719078064
0,13,landmark,8,0.05,512,712.0,0.9090055227279663,0.8676060438156128
0,13,oracle_chunk,16,0.0,64,64.0,0.7464297413825989,0.3646240234375
0,13,oracle_chunk,16,0.0,128,128.0,0.8243690133094788,0.6199602484703064
0,13,oracle_chunk,16,0.0,256,256.0,0.8778438568115234,0.8210274577140808
0,13,oracle_chunk,16,0.0,512,512.0,0.9243059754371643,0.9535609483718872
0,13,landmark,16,0.0,64,64.0,0.18509764969348907,0.3014264702796936
0,13,landmark,16,0.0,128,128.0,0.24807049334049225,0.4664829671382904
0,13,landmark,16,0.0,256,256.0,0.3016241490840912,0.6151820421218872
0,13,landmark,16,0.0,512,512.0,0.3616332411766052,0.7632010579109192
0,13,landmark,16,0.005,64,80.0,0.7088241577148438,0.3172084391117096
0,13,landmark,16,0.005,128,144.0,0.7717970609664917,0.4822649359703064
0,13,landmark,16,0.005,256,272.0,0.8210266828536987,0.6308768391609192
0,13,landmark,16,0.005,512,528.0,0.8746862411499023,0.7787911295890808
0,13,landmark,16,0.01,64,112.0,0.7099403738975525,0.3207135796546936
0,13,landmark,16,0.01,128,176.0,0.7729131579399109,0.4857700765132904
0,13,landmark,16,0.01,256,304.0,0.8221428990364075,0.6343819499015808
0,13,landmark,16,0.01,512,560.0,0.8757985234260559,0.7822614312171936
0,13,landmark,16,0.02,64,144.0,0.719048798084259,0.3462960422039032
0,13,landmark,16,0.02,128,208.0,0.7821208238601685,0.5116315484046936
0,13,landmark,16,0.02,256,336.0,0.8306864500045776,0.6572090983390808
0,13,landmark,16,0.02,512,592.0,0.8823259472846985,0.7979561686515808
0,13,landmark,16,0.05,64,272.0,0.7275264859199524,0.3629848062992096
0,13,landmark,16,0.05,128,336.0,0.7909519076347351,0.5288609266281128
0,13,landmark,16,0.05,256,464.0,0.8386175036430359,0.6734619140625
0,13,landmark,16,0.05,512,720.0,0.8886295557022095,0.8101981282234192
0,13,oracle_chunk,32,0.0,64,64.0,0.6917690634727478,0.2524937093257904
0,13,oracle_chunk,32,0.0,128,128.0,0.7888584733009338,0.5032610297203064
0,13,oracle_chunk,32,0.0,256,256.0,0.8531832098960876,0.7215052843093872
0,13,oracle_chunk,32,0.0,512,512.0,0.9060768485069275,0.8833356499671936
0,13,landmark,32,0.0,64,64.0,0.1724226474761963,0.2782156765460968
0,13,landmark,32,0.0,128,128.0,0.2329540252685547,0.4288678765296936
0,13,landmark,32,0.0,256,256.0,0.28366905450820923,0.5752301812171936
0,13,landmark,32,0.0,512,512.0,0.3462856709957123,0.7235979437828064
0,13,landmark,32,0.005,64,96.0,0.6963499784469604,0.2941720187664032
0,13,landmark,32,0.005,128,160.0,0.7568812966346741,0.44482421875
0,13,landmark,32,0.005,256,288.0,0.8075963258743286,0.5911865234375
0,13,landmark,32,0.005,512,544.0,0.8611038327217102,0.7393450140953064
0,13,landmark,32,0.01,64,96.0,0.6963499784469604,0.2941720187664032
0,13,landmark,32,0.01,128,160.0,0.7568812966346741,0.44482421875
0,13,landmark,32,0.01,256,288.0,0.8075963258743286,0.5911865234375
0,13,landmark,32,0.01,512,544.0,0.8611038327217102,0.7393450140953064
0,13,landmark,32,0.02,64,160.0,0.7002413868904114,0.3004150390625
0,13,landmark,32,0.02,128,224.0,0.7607727646827698,0.4510672390460968
0,13,landmark,32,0.02,256,352.0,0.8114877343177795,0.5974295735359192
0,13,landmark,32,0.02,512,608.0,0.8649629950523376,0.7454485297203064
0,13,landmark,32,0.05,64,256.0,0.7215784788131714,0.3508126437664032
0,13,landmark,32,0.05,128,320.0,0.7814236283302307,0.5001569390296936
0,13,landmark,32,0.05,256,448.0,0.8237792253494263,0.6282610297203064
0,13,landmark,32,0.05,512,704.0,0.8722849488258362,0.7618059515953064
0,14,oracle_token,1,0.0,64,64.0,0.8769869804382324,1.0
0,14,oracle_token,1,0.0,128,128.0,0.9220234751701355,1.0
0,14,oracle_token,1,0.0,256,256.0,0.953762948513031,1.0
0,14,oracle_token,1,0.0,512,512.0,0.9759820103645325,1.0
0,14,oracle_chunk,4,0.0,64,64.0,0.8314382433891296,0.6049107313156128
0,14,oracle_chunk,4,0.0,128,128.0,0.8935819268226624,0.8944789171218872
0,14,oracle_chunk,4,0.0,256,256.0,0.9325122833251953,0.9991629719734192
0,14,oracle_chunk,4,0.0,512,512.0,0.9613414406776428,1.0
0,14,landmark,4,0.0,64,64.0,0.3733622133731842,0.4986049234867096
0,14,landmark,4,0.0,128,128.0,0.520439624786377,0.7213134765625
0,14,landmark,4,0.0,256,256.0,0.6785616874694824,0.8609270453453064
0,14,landmark,4,0.0,512,512.0,0.895568311214447,0.9487130045890808
0,14,landmark,4,0.005,64,84.0,0.7873831987380981,0.5163748860359192
0,14,landmark,4,0.005,128,148.0,0.8639249801635742,0.7378278374671936
0,14,landmark,4,0.005,256,276.0,0.9067872762680054,0.8727504014968872
0,14,landmark,4,0.005,512,532.0,0.9407553672790527,0.9524797797203064
0,14,landmark,4,0.01,64,104.0,0.7903658747673035,0.5287562608718872
0,14,landmark,4,0.01,128,168.0,0.8667940497398376,0.749267578125
0,14,landmark,4,0.01,256,296.0,0.9087349772453308,0.8794119954109192
0,14,landmark,4,0.01,512,552.0,0.9415756464004517,0.9542759656906128
0,14,landmark,4,0.02,64,144.0,0.7925267815589905,0.5324358344078064
0,14,landmark,4,0.02,128,208.0,0.8690619468688965,0.7529994249343872
0,14,landmark,4,0.02,256,336.0,0.9106980562210083,0.8822196125984192
0,14,landmark,4,0.02,512,592.0,0.9431353211402893,0.9561942219734192
0,14,landmark,4,0.05,64,264.0,0.807944118976593,0.5690045952796936
0,14,landmark,4,0.05,128,328.0,0.879451334476471,0.7805524468421936
0,14,landmark,4,0.05,256,456.0,0.9182149171829224,0.8995186686515808
0,14,landmark,4,0.05,512,712.0,0.9484352469444275,0.9648088812828064
0,14,oracle_chunk,8,0.0,64,64.0,0.8024274110794067,0.5207344889640808
0,14,oracle_chunk,8,0.0,128,128.0,0.8797269463539124,0.8021065592765808
0,14,oracle_chunk,8,0.0,256,256.0,0.9227927327156067,0.9604143500328064
0,14,oracle_chunk,8,0.0,512,512.0,0.953575074672699,0.9997383952140808
0,14,landmark,8,0.0,64,64.0,0.2992159426212311,0.4771554172039032
0,14,landmark,8,0.0,128,128.0,0.41638535261154175,0.7009102702140808
0,14,landmark,8,0.0,256,256.0,0.5732274055480957,0.8312290906906128
0,14,landmark,8,0.0,512,512.0,0.733027994632721,0.9208635687828064
0,14,landmark,8,0.005,64,88.0,0.7731186151504517,0.4936872124671936
0,14,landmark,8,0.005,128,152.0,0.8574426770210266,0.7172328233718872
0,14,landmark,8,0.005,256,280.0,0.9005144834518433,0.8448137640953064
0,14,landmark,8,0.005,512,536.0,0.9331536889076233,0.9290422797203064
0,14,landmark,8,0.01,64,104.0,0.7764870524406433,0.5037667155265808
0,14,landmark,8,0.01,128,168.0,0.8607311248779297,0.7269287109375
0,14,landmark,8,0.01,256,296.0,0.9028361439704895,0.8507777452468872
0,14,landmark,8,0.01,512,552.0,0.9342032670974731,0.9312918782234192
0,14,landmark,8,0.02,64,144.0,0.7791056632995605,0.5153285264968872
0,14,landmark,8,0.02,128,208.0,0.8631319999694824,0.7359444499015808
0,14,landmark,8,0.02,256,336.0,0.904675304889679,0.8558349609375
0,14,landmark,8,0.02,512,592.0,0.9357223510742188,0.9344482421875
0,14,landmark,8,0.05,64,264.0,0.7979248762130737,0.5560826063156128
0,14,landmark,8,0.05,128,328.0,0.8771324157714844,0.7658342719078064
0,14,landmark,8,0.05,256,456.0,0.912865161895752,0.8724539875984192
0,14,landmark,8,0.05,512,712.0,0.9417585134506226,0.9448590874671936
0,14,oracle_chunk,16,0.0,64,64.0,0.7607078552246094,0.4346400797367096
0,14,oracle_chunk,16,0.0,128,128.0,0.8643271327018738,0.7363629937171936
0,14,oracle_chunk,16,0.0,256,256.0,0.9130344390869141,0.9072440266609192
0,14,oracle_chunk,16,0.0,512,512.0,0.9457160234451294,0.9859619140625
0,14,landmark,16,0.0,64,64.0,0.2710299491882324,0.4595249593257904
0,14,landmark,16,0.0,128,128.0,0.3697386682033539,0.6919293999671936
0,14,landmark,16,0.0,256,256.0,0.4257892668247223,0.80908203125
0,14,landmark,16,0.0,512,512.0,0.5384540557861328,0.8941999077796936
0,14,landmark,16,0.005,64,80.0,0.7588866949081421,0.4755685031414032
0,14,landmark,16,0.005,128,144.0,0.8575953841209412,0.7079729437828064
0,14,landmark,16,0.005,256,272.0,0.8964661955833435,0.8250209093093872
0,14,landmark,16,0.005,512,528.0,0.9272043108940125,0.9080113172531128
0,14,landmark,16,0.01,64,112.0,0.7593578100204468,0.4759347140789032
0,14,landmark,16,0.01,128,176.0,0.8580664396286011,0.7083391547203064
0,14,landmark,16,0.01,256,304.0,0.8969372510910034,0.8253871202468872
0,14,landmark,16,0.01,512,560.0,0.9276754260063171,0.9083775281906128
0,14,landmark,16,0.02,64,144.0,0.7645460367202759,0.4892926812171936
0,14,landmark,16,0.02,128,208.0,0.8631672263145447,0.7214530110359192
0,14,landmark,16,0.02,256,336.0,0.9004737734794617,0.8331298828125
0,14,landmark,16,0.02,512,592.0,0.9293524622917175,0.9112897515296936
0,14,landmark,16,0.05,64,272.0,0.7691311240196228,0.4993198812007904
0,14,landmark,16,0.05,128,336.0,0.8678334951400757,0.7316197156906128
0,14,landmark,16,0.05,256,464.0,0.9052035212516785,0.8424595594406128
0,14,landmark,16,0.05,512,720.0,0.9336147308349609,0.9183174967765808
0,14,oracle_chunk,32,0.0,64,64.0,0.7021515965461731,0.3246547281742096
0,14,oracle_chunk,32,0.0,128,128.0,0.8321681022644043,0.636962890625
0,14,oracle_chunk,32,0.0,256,256.0,0.9014773964881897,0.8525565266609192
0,14,oracle_chunk,32,0.0,512,512.0,0.9373884797096252,0.9544329047203064
0,14,landmark,32,0.0,64,64.0,0.2473205178976059,0.4219273030757904
0,14,landmark,32,0.0,128,128.0,0.3618974983692169,0.6732701063156128
0,14,landmark,32,0.0,256,256.0,0.4056324064731598,0.7870047688484192
0,14,landmark,32,0.0,512,512.0,0.4670088291168213,0.8709891438484192
0,14,landmark,32,0.005,64,96.0,0.7354689836502075,0.4380231499671936
0,14,landmark,32,0.005,128,160.0,0.8500460386276245,0.6893659234046936
0,14,landmark,32,0.005,256,288.0,0.8909907341003418,0.8030308485031128
0,14,landmark,32,0.005,512,544.0,0.9208335280418396,0.8858817219734192
0,14,landmark,32,0.01,64,96.0,0.7354689836502075,0.4380231499671936
0,14,landmark,32,0.01,128,160.0,0.8500460386276245,0.6893659234046936
0,14,landmark,32,0.01,256,288.0,0.8909907341003418,0.8030308485031128
0,14,landmark,32,0.01,512,544.0,0.9208335280418396,0.8858817219734192
0,14,landmark,32,0.02,64,160.0,0.7362011671066284,0.4381626546382904
0,14,landmark,32,0.02,128,224.0,0.8507781028747559,0.6895054578781128
0,14,landmark,32,0.02,256,352.0,0.8917227983474731,0.8031703233718872
0,14,landmark,32,0.02,512,608.0,0.9215655326843262,0.8860211968421936
0,14,landmark,32,0.05,64,256.0,0.7390445470809937,0.4465506374835968
0,14,landmark,32,0.05,128,320.0,0.8536215424537659,0.6978934407234192
0,14,landmark,32,0.05,256,448.0,0.8946464657783508,0.8123604655265808
0,14,landmark,32,0.05,512,704.0,0.9239931106567383,0.8930315375328064
0,15,oracle_token,1,0.0,64,64.0,0.8292296528816223,1.0
0,15,oracle_token,1,0.0,128,128.0,0.8828235268592834,1.0
0,15,oracle_token,1,0.0,256,256.0,0.9249528050422668,1.0
0,15,oracle_token,1,0.0,512,512.0,0.9575650095939636,1.0
0,15,oracle_chunk,4,0.0,64,64.0,0.7746612429618835,0.5574253797531128
0,15,oracle_chunk,4,0.0,128,128.0,0.8439053893089294,0.8462088704109192
0,15,oracle_chunk,4,0.0,256,256.0,0.895226776599884,0.9950125813484192
0,15,oracle_chunk,4,0.0,512,512.0,0.9364898800849915,1.0
0,15,landmark,4,0.0,64,64.0,0.2999893128871918,0.4317452609539032
0,15,landmark,4,0.0,128,128.0,0.42082157731056213,0.6244593858718872
0,15,landmark,4,0.0,256,256.0,0.5516443252563477,0.7862025499343872
0,15,landmark,4,0.0,512,512.0,0.7816974520683289,0.9056047797203064
0,15,landmark,4,0.005,64,84.0,0.7156158685684204,0.459716796875
0,15,landmark,4,0.005,128,148.0,0.7893061637878418,0.6507917046546936
0,15,landmark,4,0.005,256,276.0,0.8484176993370056,0.8043212890625
0,15,landmark,4,0.005,512,532.0,0.9006758332252502,0.9125453233718872
0,15,landmark,4,0.01,64,104.0,0.7214265465736389,0.4681570827960968
0,15,landmark,4,0.01,128,168.0,0.7930946350097656,0.6563720703125
0,15,landmark,4,0.01,256,296.0,0.8503618836402893,0.8078264594078064
0,15,landmark,4,0.01,512,552.0,0.9018873572349548,0.9144112467765808
0,15,landmark,4,0.02,64,144.0,0.7285582423210144,0.4804164469242096
0,15,landmark,4,0.02,128,208.0,0.7984517216682434,0.6678990125656128
0,15,landmark,4,0.02,256,336.0,0.8546355366706848,0.8167375922203064
0,15,landmark,4,0.02,512,592.0,0.9049264192581177,0.9198521375656128
0,15,landmark,4,0.05,64,264.0,0.7424020171165466,0.5093470811843872
0,15,landmark,4,0.05,128,328.0,0.8120056986808777,0.6941092610359192
0,15,landmark,4,0.05,256,456.0,0.8654346466064453,0.8373151421546936
0,15,landmark,4,0.05,512,712.0,0.9132530093193054,0.9342389702796936
0,15,oracle_chunk,8,0.0,64,64.0,0.7409030199050903,0.4590366780757904
0,15,oracle_chunk,8,0.0,128,128.0,0.8230835199356079,0.7281494140625
0,15,oracle_chunk,8,0.0,256,256.0,0.8799663782119751,0.9251011610031128
0,15,oracle_chunk,8,0.0,512,512.0,0.9243869185447693,0.9968785047531128
0,15,landmark,8,0.0,64,64.0,0.24291561543941498,0.39208984375
0,15,landmark,8,0.0,128,128.0,0.3283390402793884,0.5838448405265808
0,15,landmark,8,0.0,256,256.0,0.42835602164268494,0.742431640625
0,15,landmark,8,0.0,512,512.0,0.5746159553527832,0.8686174750328064
0,15,landmark,8,0.005,64,88.0,0.6976804733276367,0.4251360297203064
0,15,landmark,8,0.005,128,152.0,0.7766984105110168,0.6156180500984192
0,15,landmark,8,0.005,256,280.0,0.836628258228302,0.7662702202796936
0,15,landmark,8,0.005,512,536.0,0.8897689580917358,0.8831438422203064
0,15,landmark,8,0.01,64,104.0,0.7047234773635864,0.4365234375
0,15,landmark,8,0.01,128,168.0,0.7835931181907654,0.6258021593093872
0,15,landmark,8,0.01,256,296.0,0.8401980400085449,0.7718854546546936
0,15,landmark,8,0.01,512,552.0,0.8911991119384766,0.8854805827140808
0,15,landmark,8,0.02,64,144.0,0.7110998034477234,0.4488699734210968
0,15,landmark,8,0.02,128,208.0,0.7899807095527649,0.6374337077140808
0,15,landmark,8,0.02,256,336.0,0.8444493412971497,0.7798548936843872
0,15,landmark,8,0.02,512,592.0,0.8932145833969116,0.888916015625
0,15,landmark,8,0.05,64,264.0,0.7209118604660034,0.4691510796546936
0,15,landmark,8,0.05,128,328.0,0.8000636696815491,0.6568254828453064
0,15,landmark,8,0.05,256,456.0,0.852936863899231,0.7945731282234192
0,15,landmark,8,0.05,512,712.0,0.899948239326477,0.8989955186843872
0,15,oracle_chunk,16,0.0,64,64.0,0.6969842314720154,0.3790108859539032
0,15,oracle_chunk,16,0.0,128,128.0,0.7994860410690308,0.6385498046875
0,15,oracle_chunk,16,0.0,256,256.0,0.862813413143158,0.8412911295890808
0,15,oracle_chunk,16,0.0,512,512.0,0.9112170934677124,0.9638846516609192
0,15,landmark,16,0.0,64,64.0,0.23740829527378082,0.3765694797039032
0,15,landmark,16,0.0,128,128.0,0.315206915140152,0.5613141655921936
0,15,landmark,16,0.0,256,256.0,0.3711793124675751,0.70361328125
0,15,landmark,16,0.0,512,512.0,0.44199395179748535,0.8268868327140808
0,15,landmark,16,0.005,64,80.0,0.686097264289856,0.3926129937171936
0,15,landmark,16,0.005,128,144.0,0.7638959884643555,0.5773577094078064
0,15,landmark,16,0.005,256,272.0,0.8198683857917786,0.7196568250656128
0,15,landmark,16,0.005,512,528.0,0.873419463634491,0.8419886827468872
0,15,landmark,16,0.01,64,112.0,0.6981714963912964,0.4151960015296936
0,15,landmark,16,0.01,128,176.0,0.7752004265785217,0.5986502766609192
0,15,landmark,16,0.01,256,304.0,0.826444685459137,0.7318463921546936
0,15,landmark,16,0.01,512,560.0,0.8763121962547302,0.84716796875
0,15,landmark,16,0.02,64,144.0,0.7069198489189148,0.4384591281414032
0,15,landmark,16,0.02,128,208.0,0.7839021682739258,0.6213553547859192
0,15,landmark,16,0.02,256,336.0,0.8334406018257141,0.7493896484375
0,15,landmark,16,0.02,512,592.0,0.8801005482673645,0.8555384874343872
0,15,landmark,16,0.05,64,272.0,0.7155662775039673,0.4593331515789032
0,15,landmark,16,0.05,128,336.0,0.7925953269004822,0.6416015625
0,15,landmark,16,0.05,256,464.0,0.8417450785636902,0.7657296061515808
0,15,landmark,16,0.05,512,720.0,0.8865856528282166,0.8654261827468872
0,15,oracle_chunk,32,0.0,64,64.0,0.6386778950691223,0.2735944390296936
0,15,oracle_chunk,32,0.0,128,128.0,0.7597425580024719,0.5379289984703064
0,15,oracle_chunk,32,0.0,256,256.0,0.8423565030097961,0.7640904188156128
0,15,oracle_chunk,32,0.0,512,512.0,0.8955094218254089,0.9089878797531128
0,15,landmark,32,0.0,64,64.0,0.217530757188797,0.3373325765132904
0,15,landmark,32,0.0,128,128.0,0.3044823706150055,0.5311976671218872
0,15,landmark,32,0.0,256,256.0,0.36105093359947205,0.6791643500328064
0,15,landmark,32,0.0,512,512.0,0.4192906320095062,0.7989327311515808
0,15,landmark,32,0.005,64,96.0,0.6665931940078735,0.3536376953125
0,15,landmark,32,0.005,128,160.0,0.753544807434082,0.5475028157234192
0,15,landmark,32,0.005,256,288.0,0.8101134896278381,0.6954694390296936
0,15,landmark,32,0.005,512,544.0,0.8624863624572754,0.8152901530265808
0,15,landmark,32,0.01,64,96.0,0.6665931940078735,0.3536376953125
0,15,landmark,32,0.01,128,160.0,0.753544807434082,0.5475028157234192
0,15,landmark,32,0.01,256,288.0,0.8101134896278381,0.6954694390296936
0,15,landmark,32,0.01,512,544.0,0.8624863624572754,0.8152901530265808
0,15,landmark,32,0.02,64,160.0,0.6857208013534546,0.3983851969242096
0,15,landmark,32,0.02,128,224.0,0.7726269364356995,0.5893380045890808
0,15,landmark,32,0.02,256,352.0,0.8253617882728577,0.7239292860031128
0,15,landmark,32,0.02,512,608.0,0.8696814775466919,0.8281947374343872
0,15,landmark,32,0.05,64,256.0,0.6889612078666687,0.4025006890296936
0,15,landmark,32,0.05,128,320.0,0.7758674025535583,0.5934535264968872
0,15,landmark,32,0.05,256,448.0,0.8286022543907166,0.7280448079109192
0,15,landmark,32,0.05,512,704.0,0.872931957244873,0.8322579264640808
0,16,oracle_token,1,0.0,64,64.0,0.8973017930984497,1.0
0,16,oracle_token,1,0.0,128,128.0,0.9314880967140198,1.0
0,16,oracle_token,1,0.0,256,256.0,0.9593297243118286,1.0
0,16,oracle_token,1,0.0,512,512.0,0.9799507260322571,1.0
0,16,oracle_chunk,4,0.0,64,64.0,0.8437844514846802,0.4600655734539032
0,16,oracle_chunk,4,0.0,128,128.0,0.886628270149231,0.7408098578453064
0,16,oracle_chunk,4,0.0,256,256.0,0.9255270957946777,0.9864327311515808
0,16,oracle_chunk,4,0.0,512,512.0,0.9592112302780151,1.0
0,16,landmark,4,0.0,64,64.0,0.339582622051239,0.2838309109210968
0,16,landmark,4,0.0,128,128.0,0.43003028631210327,0.4390346109867096
0,16,landmark,4,0.0,256,256.0,0.6230636239051819,0.6208844780921936
0,16,landmark,4,0.0,512,512.0,0.8235465288162231,0.7941545844078064
0,16,landmark,4,0.005,64,84.0,0.7749666571617126,0.3065011203289032
0,16,landmark,4,0.005,128,148.0,0.8122190833091736,0.4596121609210968
0,16,landmark,4,0.005,256,276.0,0.8596753478050232,0.6364920735359192
0,16,landmark,4,0.005,512,532.0,0.9078561067581177,0.8041120171546936
0,16,landmark,4,0.01,64,104.0,0.777870237827301,0.3149239718914032
0,16,landmark,4,0.01,128,168.0,0.8151267766952515,0.4680524468421936
0,16,landmark,4,0.01,256,296.0,0.8625416159629822,0.6439732313156128
0,16,landmark,4,0.01,512,552.0,0.910094678401947,0.8092564344406128
0,16,landmark,4,0.02,64,144.0,0.7821670770645142,0.3267473578453064
0,16,landmark,4,0.02,128,208.0,0.8193998336791992,0.4795619547367096
0,16,landmark,4,0.02,256,336.0,0.8661630749702454,0.6544364094734192
0,16,landmark,4,0.02,512,592.0,0.91342693567276,0.8176094889640808
0,16,landmark,4,0.05,64,264.0,0.7931307554244995,0.3543003499507904
0,16,landmark,4,0.05,128,328.0,0.8294520378112793,0.5059465765953064
0,16,landmark,4,0.05,256,456.0,0.874346137046814,0.6773158311843872
0,16,landmark,4,0.05,512,712.0,0.9201987385749817,0.83349609375
0,16,oracle_chunk,8,0.0,64,64.0,0.8135056495666504,0.3555733859539032
0,16,oracle_chunk,8,0.0,128,128.0,0.8598764538764954,0.5795201063156128
0,16,oracle_chunk,8,0.0,256,256.0,0.9033535718917847,0.8157610297203064
0,16,oracle_chunk,8,0.0,512,512.0,0.9432401657104492,0.9921002984046936
0,16,landmark,8,0.0,64,64.0,0.10155516117811203,0.2491455078125
0,16,landmark,8,0.0,128,128.0,0.1703612059354782,0.3755405843257904
0,16,landmark,8,0.0,256,256.0,0.24592351913452148,0.5341099500656128
0,16,landmark,8,0.0,512,512.0,0.37450772523880005,0.7051129937171936
0,16,landmark,8,0.005,64,88.0,0.7491468787193298,0.2757568359375
0,16,landmark,8,0.005,128,152.0,0.7859735488891602,0.4016461968421936
0,16,landmark,8,0.005,256,280.0,0.8303948640823364,0.5567452311515808
0,16,landmark,8,0.005,512,536.0,0.8821055293083191,0.7229875922203064
0,16,landmark,8,0.01,64,104.0,0.7503010630607605,0.2791748046875
0,16,landmark,8,0.01,128,168.0,0.787124514579773,0.4049420952796936
0,16,landmark,8,0.01,256,296.0,0.8314937949180603,0.5599190592765808
0,16,landmark,8,0.01,512,552.0,0.8831599950790405,0.7257952094078064
0,16,landmark,8,0.02,64,144.0,0.7548739314079285,0.2904052734375
0,16,landmark,8,0.02,128,208.0,0.7917041182518005,0.4161028265953064
0,16,landmark,8,0.02,256,336.0,0.8359050154685974,0.570068359375
0,16,landmark,8,0.02,512,592.0,0.8874410390853882,0.7347760796546936
0,16,landmark,8,0.05,64,264.0,0.7701253890991211,0.3319440484046936
0,16,landmark,8,0.05,128,328.0,0.805151641368866,0.4549734890460968
0,16,landmark,8,0.05,256,456.0,0.8479962348937988,0.6041608452796936
0,16,landmark,8,0.05,512,712.0,0.8956928849220276,0.7597307562828064
0,16,oracle_chunk,16,0.0,64,64.0,0.7813121676445007,0.2723388671875
0,16,oracle_chunk,16,0.0,128,128.0,0.8311468362808228,0.4741733968257904
0,16,oracle_chunk,16,0.0,256,256.0,0.8783227801322937,0.6781180500984192
0,16,oracle_chunk,16,0.0,512,512.0,0.9238439202308655,0.8797258734703064
0,16,landmark,16,0.0,64,64.0,0.06826042383909225,0.2237199991941452
0,16,landmark,16,0.0,128,128.0,0.11045714467763901,0.3346993625164032
0,16,landmark,16,0.0,256,256.0,0.16974638402462006,0.4773995578289032
0,16,landmark,16,0.0,512,512.0,0.2450721561908722,0.6425257921218872
0,16,landmark,16,0.005,64,80.0,0.7330453991889954,0.2402866929769516
0,16,landmark,16,0.005,128,144.0,0.7626661658287048,0.3512834906578064
0,16,landmark,16,0.005,256,272.0,0.8078058958053589,0.4937046468257904
0,16,landmark,16,0.005,512,528.0,0.8582397699356079,0.65771484375
0,16,landmark,16,0.01,64,112.0,0.7383508682250977,0.2575857937335968
0,16,landmark,16,0.01,128,176.0,0.7681933045387268,0.3681989312171936
0,16,landmark,16,0.01,256,304.0,0.8130612969398499,0.5095389485359192
0,16,landmark,16,0.01,512,560.0,0.8625041246414185,0.6700962781906128
0,16,landmark,16,0.02,64,144.0,0.7431232333183289,0.2694963812828064
0,16,landmark,16,0.02,128,208.0,0.7728447318077087,0.3798653781414032
0,16,landmark,16,0.02,256,336.0,0.8176007270812988,0.5211006999015808
0,16,landmark,16,0.02,512,592.0,0.8659087419509888,0.6799665093421936
0,16,landmark,16,0.05,64,272.0,0.7552230954170227,0.2974330484867096
0,16,landmark,16,0.05,128,336.0,0.7848440408706665,0.4078369140625
0,16,landmark,16,0.05,256,464.0,0.8272742033004761,0.5479736328125
0,16,landmark,16,0.05,512,720.0,0.8761175274848938,0.7023228406906128
0,16,oracle_chunk,32,0.0,64,64.0,0.7403470873832703,0.1655447781085968
0,16,oracle_chunk,32,0.0,128,128.0,0.7974678874015808,0.3699776828289032
0,16,oracle_chunk,32,0.0,256,256.0,0.8495755791664124,0.5731724500656128
0,16,oracle_chunk,32,0.0,512,512.0,0.9006736874580383,0.7659214735031128
0,16,landmark,32,0.0,64,64.0,0.05746796354651451,0.2033342570066452
0,16,landmark,32,0.0,128,128.0,0.0962679386138916,0.3129534125328064
0,16,landmark,32,0.0,256,256.0,0.1552271544933319,0.4316231906414032
0,16,landmark,32,0.0,512,512.0,0.24220509827136993,0.5862165093421936
0,16,landmark,32,0.005,64,96.0,0.7225779891014099,0.2209995836019516
0,16,landmark,32,0.005,128,160.0,0.7521980404853821,0.3305315375328064
0,16,landmark,32,0.005,256,288.0,0.7884075045585632,0.4493756890296936
0,16,landmark,32,0.005,512,544.0,0.837954580783844,0.6030098795890808
0,16,landmark,32,0.01,64,96.0,0.7225779891014099,0.2209995836019516
0,16,landmark,32,0.01,128,160.0,0.7521980404853821,0.3305315375328064
0,16,landmark,32,0.01,256,288.0,0.7884075045585632,0.4493756890296936
0,16,landmark,32,0.01,512,544.0,0.837954580783844,0.6030098795890808
0,16,landmark,32,0.02,64,160.0,0.7289924621582031,0.237548828125
0,16,landmark,32,0.02,128,224.0,0.7587457895278931,0.3472202718257904
0,16,landmark,32,0.02,256,352.0,0.7956709265708923,0.4673723578453064
0,16,landmark,32,0.02,512,608.0,0.8441964387893677,0.6190882921218872
0,16,landmark,32,0.05,64,256.0,0.7443576455116272,0.2690081000328064
0,16,landmark,32,0.05,128,320.0,0.770584762096405,0.3781912624835968
0,16,landmark,32,0.05,256,448.0,0.8065976500511169,0.4972098171710968
0,16,landmark,32,0.05,512,704.0,0.8523006439208984,0.6410435438156128
0,17,oracle_token,1,0.0,64,64.0,0.7399864792823792,1.0
0,17,oracle_token,1,0.0,128,128.0,0.7992385625839233,1.0
0,17,oracle_token,1,0.0,256,256.0,0.861415445804596,1.0
0,17,oracle_token,1,0.0,512,512.0,0.9196033477783203,1.0
0,17,oracle_chunk,4,0.0,64,64.0,0.6778524518013,0.4669363796710968
0,17,oracle_chunk,4,0.0,128,128.0,0.7330451607704163,0.7352992296218872
0,17,oracle_chunk,4,0.0,256,256.0,0.7966803908348083,0.9658377766609192
0,17,oracle_chunk,4,0.0,512,512.0,0.8669131994247437,0.9999651312828064
0,17,landmark,4,0.0,64,64.0,0.28166672587394714,0.2718331515789032
0,17,landmark,4,0.0,128,128.0,0.37439411878585815,0.4165213406085968
0,17,landmark,4,0.0,256,256.0,0.48208779096603394,0.585693359375
0,17,landmark,4,0.0,512,512.0,0.6303125023841858,0.7519705891609192
0,17,landmark,4,0.005,64,84.0,0.6234164834022522,0.2920444905757904
0,17,landmark,4,0.005,128,148.0,0.66366046667099,0.4325648844242096
0,17,landmark,4,0.005,256,276.0,0.7180975079536438,0.5971505045890808
0,17,landmark,4,0.005,512,532.0,0.7871531248092651,0.7594168782234192
0,17,landmark,4,0.01,64,104.0,0.6260746717453003,0.2972412109375
0,17,landmark,4,0.01,128,168.0,0.6663669943809509,0.4377267062664032
0,17,landmark,4,0.01,256,296.0,0.7206597924232483,0.6022774577140808
0,17,landmark,4,0.01,512,552.0,0.7894503474235535,0.7633579969406128
0,17,landmark,4,0.02,64,144.0,0.6378058791160583,0.3255266547203064
0,17,landmark,4,0.02,128,208.0,0.6766303181648254,0.4617047905921936
0,17,landmark,4,0.02,256,336.0,0.728594183921814,0.6197509765625
0,17,landmark,4,0.02,512,592.0,0.7951287031173706,0.7733502984046936
0,17,landmark,4,0.05,64,264.0,0.6535905003547668,0.3587820827960968
0,17,landmark,4,0.05,128,328.0,0.6919655203819275,0.4937395453453064
0,17,landmark,4,0.05,256,456.0,0.7431725263595581,0.6480015516281128
0,17,landmark,4,0.05,512,712.0,0.8079412579536438,0.7957938313484192
0,17,oracle_chunk,8,0.0,64,64.0,0.6506346464157104,0.3622523844242096
0,17,oracle_chunk,8,0.0,128,128.0,0.7036260962486267,0.5794852375984192
0,17,oracle_chunk,8,0.0,256,256.0,0.7652410268783569,0.8105643391609192
0,17,oracle_chunk,8,0.0,512,512.0,0.8363699913024902,0.9725690484046936
0,17,landmark,8,0.0,64,64.0,0.13046279549598694,0.2479422390460968
0,17,landmark,8,0.0,128,128.0,0.21965451538562775,0.3752092719078064
0,17,landmark,8,0.0,256,256.0,0.3530139923095703,0.51806640625
0,17,landmark,8,0.0,512,512.0,0.48824945092201233,0.6723109483718872
0,17,landmark,8,0.005,64,88.0,0.6152076721191406,0.2786516547203064
0,17,landmark,8,0.005,128,152.0,0.650317370891571,0.4029192328453064
0,17,landmark,8,0.005,256,280.0,0.6971818208694458,0.5412248969078064
0,17,landmark,8,0.005,512,536.0,0.7599163055419922,0.6881626844406128
0,17,landmark,8,0.01,64,104.0,0.6160265803337097,0.2802734375
0,17,landmark,8,0.01,128,168.0,0.6511363387107849,0.404541015625
0,17,landmark,8,0.01,256,296.0,0.6980007886886597,0.5428466796875
0,17,landmark,8,0.01,512,552.0,0.7607352137565613,0.6897844672203064
0,17,landmark,8,0.02,64,144.0,0.6248373985290527,0.2996651828289032
0,17,landmark,8,0.02,128,208.0,0.6594430804252625,0.4215610921382904
0,17,landmark,8,0.02,256,336.0,0.7051726579666138,0.5567975640296936
0,17,landmark,8,0.02,512,592.0,0.7666493654251099,0.7002127766609192
0,17,landmark,8,0.05,64,264.0,0.6449618935585022,0.3434360921382904
0,17,landmark,8,0.05,128,328.0,0.6787129044532776,0.4620186984539032
0,17,landmark,8,0.05,256,456.0,0.7210745215415955,0.5880650281906128
0,17,landmark,8,0.05,512,712.0,0.7805770039558411,0.7235456109046936
0,17,oracle_chunk,16,0.0,64,64.0,0.6247426271438599,0.2782854437828064
0,17,oracle_chunk,16,0.0,128,128.0,0.6769876480102539,0.4715053141117096
0,17,oracle_chunk,16,0.0,256,256.0,0.7366083264350891,0.6789899468421936
0,17,oracle_chunk,16,0.0,512,512.0,0.8069449663162231,0.8662806749343872
0,17,landmark,16,0.0,64,64.0,0.09151221811771393,0.2260567843914032
0,17,landmark,16,0.0,128,128.0,0.12474387884140015,0.3369489312171936
0,17,landmark,16,0.0,256,256.0,0.17978808283805847,0.4670235812664032
0,17,landmark,16,0.0,512,512.0,0.2982763648033142,0.6147286295890808
0,17,landmark,16,0.005,64,80.0,0.6033646464347839,0.2438616007566452
0,17,landmark,16,0.005,128,144.0,0.6356459856033325,0.3547014594078064
0,17,landmark,16,0.005,256,272.0,0.6796103119850159,0.484130859375
0,17,landmark,16,0.005,512,528.0,0.7391029596328735,0.6294991374015808
0,17,landmark,16,0.01,64,112.0,0.6064690351486206,0.2500872015953064
0,17,landmark,16,0.01,128,176.0,0.6387509703636169,0.3605085015296936
0,17,landmark,16,0.01,256,304.0,0.6827298402786255,0.4892926812171936
0,17,landmark,16,0.01,512,560.0,0.7422052025794983,0.6342250108718872
0,17,landmark,16,0.02,64,144.0,0.610672116279602,0.2565045952796936
0,17,landmark,16,0.02,128,208.0,0.6429540514945984,0.3669259250164032
0,17,landmark,16,0.02,256,336.0,0.6868850588798523,0.4956577718257904
0,17,landmark,16,0.02,512,592.0,0.7458726763725281,0.6392473578453064
0,17,landmark,16,0.05,64,272.0,0.6279134154319763,0.2828020453453064
0,17,landmark,16,0.05,128,336.0,0.65869140625,0.3915492594242096
0,17,landmark,16,0.05,256,464.0,0.7013865113258362,0.5179792046546936
0,17,landmark,16,0.05,512,720.0,0.7592945694923401,0.6583251953125
0,17,oracle_chunk,32,0.0,64,64.0,0.5938239693641663,0.1823032945394516
0,17,oracle_chunk,32,0.0,128,128.0,0.6491087675094604,0.3726457953453064
0,17,oracle_chunk,32,0.0,256,256.0,0.7097156643867493,0.5764508843421936
0,17,oracle_chunk,32,0.0,512,512.0,0.7793187499046326,0.7659563422203064
0,17,landmark,32,0.0,64,64.0,0.08381111174821854,0.209716796875
0,17,landmark,32,0.0,128,128.0,0.1223583072423935,0.3226841390132904
0,17,landmark,32,0.0,256,256.0,0.17063738405704498,0.4447893500328064
0,17,landmark,32,0.0,512,512.0,0.2720934748649597,0.5758754014968872
0,17,landmark,32,0.005,64,96.0,0.6003832817077637,0.2297014445066452
0,17,landmark,32,0.005,128,160.0,0.6337653994560242,0.3428955078125
0,17,landmark,32,0.005,256,288.0,0.673395574092865,0.4639543890953064
0,17,landmark,32,0.005,512,544.0,0.7278943657875061,0.5931919813156128
0,17,landmark,32,0.01,64,96.0,0.6003832817077637,0.2297014445066452
0,17,landmark,32,0.01,128,160.0,0.6337653994560242,0.3428955078125
0,17,landmark,32,0.01,256,288.0,0.673395574092865,0.4639543890953064
0,17,landmark,32,0.01,512,544.0,0.7278943657875061,0.5931919813156128
0,17,landmark,32,0.02,64,160.0,0.6086262464523315,0.2437744140625
0,17,landmark,32,0.02,128,224.0,0.6420083045959473,0.3569684624671936
0,17,landmark,32,0.02,256,352.0,0.6816384196281433,0.47802734375
0,17,landmark,32,0.02,512,608.0,0.7360867857933044,0.6074742078781128
0,17,landmark,32,0.05,64,256.0,0.618687629699707,0.2615269124507904
0,17,landmark,32,0.05,128,320.0,0.652161180973053,0.3751743733882904
0,17,landmark,32,0.05,256,448.0,0.6918940544128418,0.496337890625
0,17,landmark,32,0.05,512,704.0,0.7462803721427917,0.6236397624015808
0,18,oracle_token,1,0.0,64,64.0,0.8869594931602478,1.0
0,18,oracle_token,1,0.0,128,128.0,0.9186047315597534,1.0
0,18,oracle_token,1,0.0,256,256.0,0.9459449648857117,1.0
0,18,oracle_token,1,0.0,512,512.0,0.9688002467155457,1.0
0,18,oracle_chunk,4,0.0,64,64.0,0.8576474189758301,0.5556291937828064
0,18,oracle_chunk,4,0.0,128,128.0,0.8944012522697449,0.8351004719734192
0,18,oracle_chunk,4,0.0,256,256.0,0.925115168094635,0.9901297688484192
0,18,oracle_chunk,4,0.0,512,512.0,0.9526932835578918,0.9999825358390808
0,18,landmark,4,0.0,64,64.0,0.4038393497467041,0.4320766031742096
0,18,landmark,4,0.0,128,128.0,0.6209230422973633,0.6195243000984192
0,18,landmark,4,0.0,256,256.0,0.8278022408485413,0.7721295952796936
0,18,landmark,4,0.0,512,512.0,0.9157702326774597,0.8850795030593872
0,18,landmark,4,0.005,64,84.0,0.8308762311935425,0.4510323703289032
0,18,landmark,4,0.005,128,148.0,0.8662951588630676,0.6340157389640808
0,18,landmark,4,0.005,256,276.0,0.8964723348617554,0.7792620062828064
0,18,landmark,4,0.005,512,532.0,0.9271661043167114,0.8883405327796936
0,18,landmark,4,0.01,64,104.0,0.8321838974952698,0.4559849202632904
0,18,landmark,4,0.01,128,168.0,0.8675943613052368,0.6388288140296936
0,18,landmark,4,0.01,256,296.0,0.897638201713562,0.7833775281906128
0,18,landmark,4,0.01,512,552.0,0.9280695915222168,0.8908516764640808
0,18,landmark,4,0.02,64,144.0,0.8340015411376953,0.4621059000492096
0,18,landmark,4,0.02,128,208.0,0.8693432211875916,0.6447405219078064
0,18,landmark,4,0.02,256,336.0,0.8993381857872009,0.7889229655265808
0,18,landmark,4,0.02,512,592.0,0.9295787811279297,0.8947928547859192
0,18,landmark,4,0.05,64,264.0,0.8421575427055359,0.4972272515296936
0,18,landmark,4,0.05,128,328.0,0.8767793774604797,0.6735142469406128
0,18,landmark,4,0.05,256,456.0,0.9054452180862427,0.8094133734703064
0,18,landmark,4,0.05,512,712.0,0.9343627095222473,0.9075055718421936
0,18,oracle_chunk,8,0.0,64,64.0,0.8393851518630981,0.4541364312171936
0,18,oracle_chunk,8,0.0,128,128.0,0.8822219967842102,0.7104143500328064
0,18,oracle_chunk,8,0.0,256,256.0,0.9150251746177673,0.9134346842765808
0,18,oracle_chunk,8,0.0,512,512.0,0.9440018534660339,0.9930071234703064
0,18,landmark,8,0.0,64,64.0,0.24490022659301758,0.3849399983882904
0,18,landmark,8,0.0,128,128.0,0.3702698349952698,0.5601981282234192
0,18,landmark,8,0.0,256,256.0,0.5615562200546265,0.7228480577468872
0,18,landmark,8,0.0,512,512.0,0.7441891431808472,0.8429827094078064
0,18,landmark,8,0.005,64,88.0,0.8182916641235352,0.4115687906742096
0,18,landmark,8,0.005,128,152.0,0.8562477827072144,0.5858502984046936
0,18,landmark,8,0.005,256,280.0,0.8904234766960144,0.7413155436515808
0,18,landmark,8,0.005,512,536.0,0.9207798838615417,0.8530098795890808
0,18,landmark,8,0.01,64,104.0,0.8205664753913879,0.4207414984703064
0,18,landmark,8,0.01,128,168.0,0.8580945134162903,0.5930524468421936
0,18,landmark,8,0.01,256,296.0,0.8917101621627808,0.7463727593421936
0,18,landmark,8,0.01,512,552.0,0.9217172861099243,0.8566197156906128
0,18,landmark,8,0.02,64,144.0,0.8226267099380493,0.4288155734539032
0,18,landmark,8,0.02,128,208.0,0.8601824641227722,0.6011788249015808
0,18,landmark,8,0.02,256,336.0,0.893716037273407,0.7540980577468872
0,18,landmark,8,0.02,512,592.0,0.9235223531723022,0.8624442219734192
0,18,landmark,8,0.05,64,264.0,0.8281938433647156,0.4455915093421936
0,18,landmark,8,0.05,128,328.0,0.8657760620117188,0.6181117296218872
0,18,landmark,8,0.05,256,456.0,0.8987379670143127,0.7674211859703064
0,18,landmark,8,0.05,512,712.0,0.9276986122131348,0.8727329969406128
0,18,oracle_chunk,16,0.0,64,64.0,0.8165122866630554,0.3688092827796936
0,18,oracle_chunk,16,0.0,128,128.0,0.8697277307510376,0.6262730360031128
0,18,oracle_chunk,16,0.0,256,256.0,0.9048346281051636,0.8264857530593872
0,18,oracle_chunk,16,0.0,512,512.0,0.9352284669876099,0.9544329047203064
0,18,landmark,16,0.0,64,64.0,0.14777091145515442,0.3636648952960968
0,18,landmark,16,0.0,128,128.0,0.21874496340751648,0.5420096516609192
0,18,landmark,16,0.0,256,256.0,0.33274951577186584,0.69287109375
0,18,landmark,16,0.0,512,512.0,0.5085821747779846,0.8117850422859192
0,18,landmark,16,0.005,64,80.0,0.8118957877159119,0.3813127875328064
0,18,landmark,16,0.005,128,144.0,0.8548604846000671,0.5593610405921936
0,18,landmark,16,0.005,256,272.0,0.8849666714668274,0.7083914875984192
0,18,landmark,16,0.005,512,528.0,0.9141866564750671,0.8231724500656128
0,18,landmark,16,0.01,64,112.0,0.8156529068946838,0.3990652859210968
0,18,landmark,16,0.01,128,176.0,0.8579391241073608,0.5740966796875
0,18,landmark,16,0.01,256,304.0,0.886816143989563,0.7167096734046936
0,18,landmark,16,0.01,512,560.0,0.9156680107116699,0.8284563422203064
0,18,landmark,16,0.02,64,144.0,0.8173220753669739,0.4049246609210968
0,18,landmark,16,0.02,128,208.0,0.8596083521842957,0.5799560546875
0,18,landmark,16,0.02,256,336.0,0.8885015845298767,0.7221854329109192
0,18,landmark,16,0.02,512,592.0,0.9169566035270691,0.8319091796875
0,18,landmark,16,0.05,64,272.0,0.8235494494438171,0.42529296875
0,18,landmark,16,0.05,128,336.0,0.8658356070518494,0.6003243327140808
0,18,landmark,16,0.05,256,464.0,0.894607424736023,0.7423793077468872
0,18,landmark,16,0.05,512,720.0,0.9221038222312927,0.8471505045890808
0,18,oracle_chunk,32,0.0,64,64.0,0.7789883613586426,0.2438267320394516
0,18,oracle_chunk,32,0.0,128,128.0,0.8469277620315552,0.512939453125
0,18,oracle_chunk,32,0.0,256,256.0,0.8932684659957886,0.7427281141281128
0,18,oracle_chunk,32,0.0,512,512.0,0.9262199997901917,0.8972865343093872
0,18,landmark,32,0.0,64,64.0,0.13335713744163513,0.3342633843421936
0,18,landmark,32,0.0,128,128.0,0.17660774290561676,0.509033203125
0,18,landmark,32,0.0,256,256.0,0.22582422196865082,0.6522042155265808
0,18,landmark,32,0.0,512,512.0,0.3437519371509552,0.7760533094406128
0,18,landmark,32,0.005,64,96.0,0.8039509057998657,0.3521379828453064
0,18,landmark,32,0.005,128,160.0,0.8472016453742981,0.5269078016281128
0,18,landmark,32,0.005,256,288.0,0.8786712288856506,0.6703229546546936
0,18,landmark,32,0.005,512,544.0,0.908286988735199,0.7914515733718872
0,18,landmark,32,0.01,64,96.0,0.8039509057998657,0.3521379828453064
0,18,landmark,32,0.01,128,160.0,0.8472016453742981,0.5269078016281128
0,18,landmark,32,0.01,256,288.0,0.8786712288856506,0.6703229546546936
0,18,landmark,32,0.01,512,544.0,0.908286988735199,0.7914515733718872
0,18,landmark,32,0.02,64,160.0,0.8082631230354309,0.365966796875
0,18,landmark,32,0.02,128,224.0,0.8516766428947449,0.5410679578781128
0,18,landmark,32,0.02,256,352.0,0.88267982006073,0.6830531358718872
0,18,landmark,32,0.02,512,608.0,0.9107576608657837,0.7988455891609192
0,18,landmark,32,0.05,64,256.0,0.8123048543930054,0.3767787516117096
0,18,landmark,32,0.05,128,320.0,0.8557183146476746,0.5518798828125
0,18,landmark,32,0.05,256,448.0,0.8867964148521423,0.6944580078125
0,18,landmark,32,0.05,512,704.0,0.9144468307495117,0.8081926703453064
0,19,oracle_token,1,0.0,64,64.0,0.883194625377655,1.0
0,19,oracle_token,1,0.0,128,128.0,0.9139129519462585,1.0
0,19,oracle_token,1,0.0,256,256.0,0.94129478931427,1.0
0,19,oracle_token,1,0.0,512,512.0,0.9651033282279968,1.0
0,19,oracle_chunk,4,0.0,64,64.0,0.8558923602104187,0.5623953938484192
0,19,oracle_chunk,4,0.0,128,128.0,0.8914217352867126,0.8499407172203064
0,19,oracle_chunk,4,0.0,256,256.0,0.9220967292785645,0.9928501844406128
0,19,oracle_chunk,4,0.0,512,512.0,0.9496926069259644,1.0
0,19,landmark,4,0.0,64,64.0,0.17793965339660645,0.3799351155757904
0,19,landmark,4,0.0,128,128.0,0.25895941257476807,0.5754045844078064
0,19,landmark,4,0.0,256,256.0,0.43796882033348083,0.7681536078453064
0,19,landmark,4,0.0,512,512.0,0.7384997606277466,0.9021344780921936
0,19,landmark,4,0.005,64,84.0,0.8173915147781372,0.4021519124507904
0,19,landmark,4,0.005,128,148.0,0.8560557961463928,0.5968366265296936
0,19,landmark,4,0.005,256,276.0,0.8929985165596008,0.7852783203125
0,19,landmark,4,0.005,512,532.0,0.9275182485580444,0.91064453125
0,19,landmark,4,0.01,64,104.0,0.8185309767723083,0.4071219265460968
0,19,landmark,4,0.01,128,168.0,0.8570576310157776,0.6014927625656128
0,19,landmark,4,0.01,256,296.0,0.8939463496208191,0.7885567545890808
0,19,landmark,4,0.01,512,552.0,0.9283270239830017,0.9124930500984192
0,19,landmark,4,0.02,64,144.0,0.8208695650100708,0.4149867594242096
0,19,landmark,4,0.02,128,208.0,0.8594198822975159,0.6094098687171936
0,19,landmark,4,0.02,256,336.0,0.8961306810379028,0.7953926920890808
0,19,landmark,4,0.02,512,592.0,0.9301493763923645,0.9168177843093872
0,19,landmark,4,0.05,64,264.0,0.8315529227256775,0.4498639702796936
0,19,landmark,4,0.05,128,328.0,0.8681051135063171,0.6409388780593872
0,19,landmark,4,0.05,256,456.0,0.9030597805976868,0.8178013563156128
0,19,landmark,4,0.05,512,712.0,0.9351816773414612,0.9279436469078064
0,19,oracle_chunk,8,0.0,64,64.0,0.8375332951545715,0.4482073187828064
0,19,oracle_chunk,8,0.0,128,128.0,0.87822026014328,0.7138323187828064
0,19,oracle_chunk,8,0.0,256,256.0,0.9115858674049377,0.9233049750328064
0,19,oracle_chunk,8,0.0,512,512.0,0.9411219358444214,0.9946986436843872
0,19,landmark,8,0.0,64,64.0,0.1432972103357315,0.3374721109867096
0,19,landmark,8,0.0,128,128.0,0.18620851635932922,0.5126778483390808
0,19,landmark,8,0.0,256,256.0,0.23407448828220367,0.7055838704109192
0,19,landmark,8,0.0,512,512.0,0.39543789625167847,0.8526960015296936
0,19,landmark,8,0.005,64,88.0,0.8027778267860413,0.3605782687664032
0,19,landmark,8,0.005,128,152.0,0.8398849368095398,0.5358363389968872
0,19,landmark,8,0.005,256,280.0,0.8809358477592468,0.728271484375
0,19,landmark,8,0.005,512,536.0,0.9179672002792358,0.8694022297859192
0,19,landmark,8,0.01,64,104.0,0.8030669093132019,0.3612932562828064
0,19,landmark,8,0.01,128,168.0,0.84017413854599,0.5365513563156128
0,19,landmark,8,0.01,256,296.0,0.8812249302864075,0.7289864420890808
0,19,landmark,8,0.01,512,552.0,0.9182658791542053,0.8701171875
0,19,landmark,8,0.02,64,144.0,0.807545006275177,0.3861607015132904
0,19,landmark,8,0.02,128,208.0,0.8444322943687439,0.5581229329109192
0,19,landmark,8,0.02,256,336.0,0.8850105404853821,0.7467389702796936
0,19,landmark,8,0.02,512,592.0,0.9210508465766907,0.8798479437828064
0,19,landmark,8,0.05,64,264.0,0.8169564604759216,0.4249267578125
0,19,landmark,8,0.05,128,328.0,0.8529973030090332,0.5928780436515808
0,19,landmark,8,0.05,256,456.0,0.8921793699264526,0.7715367078781128
0,19,landmark,8,0.05,512,712.0,0.9261704683303833,0.8926653265953064
0,19,oracle_chunk,16,0.0,64,64.0,0.8139978051185608,0.35546875
0,19,oracle_chunk,16,0.0,128,128.0,0.8636940717697144,0.6058174967765808
0,19,oracle_chunk,16,0.0,256,256.0,0.9008291959762573,0.8293631672859192
0,19,oracle_chunk,16,0.0,512,512.0,0.9328123927116394,0.9631696343421936
0,19,landmark,16,0.0,64,64.0,0.13572777807712555,0.3069370687007904
0,19,landmark,16,0.0,128,128.0,0.17512008547782898,0.4797711968421936
0,19,landmark,16,0.0,256,256.0,0.22372564673423767,0.6707240343093872
0,19,landmark,16,0.0,512,512.0,0.2816595435142517,0.8168770670890808
0,19,landmark,16,0.005,64,80.0,0.7934376001358032,0.3229108452796936
0,19,landmark,16,0.005,128,144.0,0.8328298926353455,0.4957449734210968
0,19,landmark,16,0.005,256,272.0,0.8756227493286133,0.6867327094078064
0,19,landmark,16,0.005,512,528.0,0.910647451877594,0.8322056531906128
0,19,landmark,16,0.01,64,112.0,0.8011837601661682,0.3500453531742096
0,19,landmark,16,0.01,128,176.0,0.8382757902145386,0.5160609483718872
0,19,landmark,16,0.01,256,304.0,0.8795010447502136,0.6985560655593872
0,19,landmark,16,0.01,512,560.0,0.9125421643257141,0.8372628092765808
0,19,landmark,16,0.02,64,144.0,0.8016105890274048,0.3504813015460968
0,19,landmark,16,0.02,128,208.0,0.8387025594711304,0.5164969563484192
0,19,landmark,16,0.02,256,336.0,0.879927933216095,0.6989920735359192
0,19,landmark,16,0.02,512,592.0,0.9129733443260193,0.8377336859703064
0,19,landmark,16,0.05,64,272.0,0.8071985244750977,0.3717041015625
0,19,landmark,16,0.05,128,336.0,0.8443483114242554,0.5371965765953064
0,19,landmark,16,0.05,256,464.0,0.8855649828910828,0.7184361219406128
0,19,landmark,16,0.05,512,720.0,0.9179878234863281,0.8514229655265808
0,19,oracle_chunk,32,0.0,64,64.0,0.7784491777420044,0.234375
0,19,oracle_chunk,32,0.0,128,128.0,0.8419736623764038,0.4892926812171936
0,19,oracle_chunk,32,0.0,256,256.0,0.8882073760032654,0.7385777235031128
0,19,oracle_chunk,32,0.0,512,512.0,0.9231923222541809,0.9047676920890808
0,19,landmark,32,0.0,64,64.0,0.12836678326129913,0.2784772515296936
0,19,landmark,32,0.0,128,128.0,0.16716913878917694,0.4418422281742096
0,19,landmark,32,0.0,256,256.0,0.21571947634220123,0.6362479329109192
0,19,landmark,32,0.0,512,512.0,0.2700440585613251,0.7865862250328064
0,19,landmark,32,0.005,64,96.0,0.7863561511039734,0.2947300374507904
0,19,landmark,32,0.005,128,160.0,0.8251585960388184,0.4580950140953064
0,19,landmark,32,0.005,256,288.0,0.8698142170906067,0.6526576280593872
0,19,landmark,32,0.005,512,544.0,0.9054365158081055,0.8028389811515808
0,19,landmark,32,0.01,64,96.0,0.7863561511039734,0.2947300374507904
0,19,landmark,32,0.01,128,160.0,0.8251585960388184,0.4580950140953064
0,19,landmark,32,0.01,256,288.0,0.8698142170906067,0.6526576280593872
0,19,landmark,32,0.01,512,544.0,0.9054365158081055,0.8028389811515808
0,19,landmark,32,0.02,64,160.0,0.8063169121742249,0.3514927327632904
0,19,landmark,32,0.02,128,224.0,0.8393177390098572,0.5006800889968872
0,19,landmark,32,0.02,256,352.0,0.8747804760932922,0.6720494031906128
0,19,landmark,32,0.02,512,608.0,0.9084686636924744,0.8120291829109192
0,19,landmark,32,0.05,64,256.0,0.8084241151809692,0.3547537624835968
0,19,landmark,32,0.05,128,320.0,0.8414250016212463,0.5039411187171936
0,19,landmark,32,0.05,256,448.0,0.8768877387046814,0.6753104329109192
0,19,landmark,32,0.05,512,704.0,0.9105586409568787,0.8155342936515808
0,20,oracle_token,1,0.0,64,64.0,0.7870603203773499,1.0
0,20,oracle_token,1,0.0,128,128.0,0.8469006419181824,1.0
0,20,oracle_token,1,0.0,256,256.0,0.9001378417015076,1.0
0,20,oracle_token,1,0.0,512,512.0,0.9445645213127136,1.0
0,20,oracle_chunk,4,0.0,64,64.0,0.7115799188613892,0.469970703125
0,20,oracle_chunk,4,0.0,128,128.0,0.780067503452301,0.7498779296875
0,20,oracle_chunk,4,0.0,256,256.0,0.8436279296875,0.9815848469734192
0,20,oracle_chunk,4,0.0,512,512.0,0.9015801548957825,1.0
0,20,landmark,4,0.0,64,64.0,0.29069092869758606,0.3619733452796936
0,20,landmark,4,0.0,128,128.0,0.457187682390213,0.5305873155593872
0,20,landmark,4,0.0,256,256.0,0.685409665107727,0.6899239420890808
0,20,landmark,4,0.0,512,512.0,0.8265119194984436,0.8265555500984192
0,20,landmark,4,0.005,64,84.0,0.6459289193153381,0.3827252984046936
0,20,landmark,4,0.005,128,148.0,0.7091199159622192,0.5491594672203064
0,20,landmark,4,0.005,256,276.0,0.7726324200630188,0.7011893391609192
0,20,landmark,4,0.005,512,532.0,0.8373411893844604,0.8321707844734192
0,20,landmark,4,0.01,64,104.0,0.6508551836013794,0.3925083577632904
0,20,landmark,4,0.01,128,168.0,0.713722825050354,0.5581229329109192
0,20,landmark,4,0.01,256,296.0,0.7759230732917786,0.7067696452140808
0,20,landmark,4,0.01,512,552.0,0.8398898839950562,0.8356410264968872
0,20,landmark,4,0.02,64,144.0,0.658229649066925,0.4088657796382904
0,20,landmark,4,0.02,128,208.0,0.7207845449447632,0.5740443468093872
0,20,landmark,4,0.02,256,336.0,0.7821556925773621,0.7203369140625
0,20,landmark,4,0.02,512,592.0,0.8449525833129883,0.8453892469406128
0,20,landmark,4,0.05,64,264.0,0.6814022064208984,0.4510323703289032
0,20,landmark,4,0.05,128,328.0,0.7420299649238586,0.6115897297859192
0,20,landmark,4,0.05,256,456.0,0.8002985119819641,0.7501046061515808
0,20,landmark,4,0.05,512,712.0,0.8601049780845642,0.8679024577140808
0,20,oracle_chunk,8,0.0,64,64.0,0.6752702593803406,0.3752964437007904
0,20,oracle_chunk,8,0.0,128,128.0,0.7495779395103455,0.6126185655593872
0,20,oracle_chunk,8,0.0,256,256.0,0.8152713775634766,0.8402274250984192
0,20,oracle_chunk,8,0.0,512,512.0,0.8777133226394653,0.9862235188484192
0,20,landmark,8,0.0,64,64.0,0.20506106317043304,0.3287004828453064
0,20,landmark,8,0.0,128,128.0,0.3203706443309784,0.4961111843585968
0,20,landmark,8,0.0,256,256.0,0.5216999053955078,0.6424735188484192
0,20,landmark,8,0.0,512,512.0,0.7261279225349426,0.770751953125
0,20,landmark,8,0.005,64,88.0,0.6312702894210815,0.359375
0,20,landmark,8,0.005,128,152.0,0.7013438940048218,0.5261753797531128
0,20,landmark,8,0.005,256,280.0,0.7602704763412476,0.6626151204109192
0,20,landmark,8,0.005,512,536.0,0.8196872472763062,0.78173828125
0,20,landmark,8,0.01,64,104.0,0.6330413222312927,0.3626360297203064
0,20,landmark,8,0.01,128,168.0,0.7030845284461975,0.5293840765953064
0,20,landmark,8,0.01,256,296.0,0.7620011568069458,0.6659981608390808
0,20,landmark,8,0.01,512,552.0,0.821323037147522,0.7843540906906128
0,20,landmark,8,0.02,64,144.0,0.6385542154312134,0.3718959391117096
0,20,landmark,8,0.02,128,208.0,0.7085974812507629,0.5386439561843872
0,20,landmark,8,0.02,256,336.0,0.7674917578697205,0.6752057671546936
0,20,landmark,8,0.02,512,592.0,0.8261883854866028,0.7922188639640808
0,20,landmark,8,0.05,64,264.0,0.6600683927536011,0.4196951687335968
0,20,landmark,8,0.05,128,328.0,0.7273771166801453,0.5785435438156128
0,20,landmark,8,0.05,256,456.0,0.7820962071418762,0.7030901312828064
0,20,landmark,8,0.05,512,712.0,0.8371497392654419,0.8117152452468872
0,20,oracle_chunk,16,0.0,64,64.0,0.6358157396316528,0.3034493625164032
0,20,oracle_chunk,16,0.0,128,128.0,0.7208393812179565,0.5328543782234192
0,20,oracle_chunk,16,0.0,256,256.0,0.789297878742218,0.7331717610359192
0,20,oracle_chunk,16,0.0,512,512.0,0.8542332053184509,0.9036516547203064
0,20,landmark,16,0.0,64,64.0,0.16671033203601837,0.3138079047203064
0,20,landmark,16,0.0,128,128.0,0.24133925139904022,0.4819510281085968
0,20,landmark,16,0.0,256,256.0,0.32914018630981445,0.609130859375
0,20,landmark,16,0.0,512,512.0,0.4978165030479431,0.7214704155921936
0,20,landmark,16,0.005,64,80.0,0.6198694109916687,0.3317696750164032
0,20,landmark,16,0.005,128,144.0,0.6908283233642578,0.5
0,20,landmark,16,0.005,256,272.0,0.7446562647819519,0.6257149577140808
0,20,landmark,16,0.005,512,528.0,0.7996736168861389,0.7341133952140808
0,20,landmark,16,0.01,64,112.0,0.6271826028823853,0.3453892171382904
0,20,landmark,16,0.01,128,176.0,0.6981415152549744,0.5136195421218872
0,20,landmark,16,0.01,256,304.0,0.7516308426856995,0.6391078233718872
0,20,landmark,16,0.01,512,560.0,0.8059223890304565,0.7465471625328064
0,20,landmark,16,0.02,64,144.0,0.6318609118461609,0.3572300374507904
0,20,landmark,16,0.02,128,208.0,0.7026166915893555,0.5238211750984192
0,20,landmark,16,0.02,256,336.0,0.7555640339851379,0.6467982530593872
0,20,landmark,16,0.02,512,592.0,0.8095571398735046,0.7528424859046936
0,20,landmark,16,0.05,64,272.0,0.6512377858161926,0.3962751030921936
0,20,landmark,16,0.05,128,336.0,0.7215393781661987,0.5611223578453064
0,20,landmark,16,0.05,256,464.0,0.7706683278083801,0.6737932562828064
0,20,landmark,16,0.05,512,720.0,0.8229150176048279,0.7755475640296936
0,20,oracle_chunk,32,0.0,64,64.0,0.5826991200447083,0.2033168226480484
0,20,oracle_chunk,32,0.0,128,128.0,0.6851680874824524,0.4452427327632904
0,20,oracle_chunk,32,0.0,256,256.0,0.7636441588401794,0.6550816297531128
0,20,oracle_chunk,32,0.0,512,512.0,0.8304296731948853,0.8166155219078064
0,20,landmark,32,0.0,64,64.0,0.1540016084909439,0.2904401421546936
0,20,landmark,32,0.0,128,128.0,0.2281222641468048,0.4605015218257904
0,20,landmark,32,0.0,256,256.0,0.2962312698364258,0.5872454047203064
0,20,landmark,32,0.0,512,512.0,0.41220688819885254,0.6893135905265808
0,20,landmark,32,0.005,64,96.0,0.6082594990730286,0.3092389702796936
0,20,landmark,32,0.005,128,160.0,0.682380199432373,0.4793003499507904
0,20,landmark,32,0.005,256,288.0,0.736394464969635,0.6057826280593872
0,20,landmark,32,0.005,512,544.0,0.7867338061332703,0.7056710124015808
0,20,landmark,32,0.01,64,96.0,0.6082594990730286,0.3092389702796936
0,20,landmark,32,0.01,128,160.0,0.682380199432373,0.4793003499507904
0,20,landmark,32,0.01,256,288.0,0.736394464969635,0.6057826280593872
0,20,landmark,32,0.01,512,544.0,0.7867338061332703,0.7056710124015808
0,20,landmark,32,0.02,64,160.0,0.6131401658058167,0.3208530843257904
0,20,landmark,32,0.02,128,224.0,0.6871219277381897,0.4889264702796936
0,20,landmark,32,0.02,256,352.0,0.7408815622329712,0.6135079264640808
0,20,landmark,32,0.02,512,608.0,0.7908527255058289,0.7124372124671936
0,20,landmark,32,0.05,64,256.0,0.6259090304374695,0.3413434624671936
0,20,landmark,32,0.05,128,320.0,0.7004276514053345,0.5096435546875
0,20,landmark,32,0.05,256,448.0,0.7532892227172852,0.6342250108718872
0,20,landmark,32,0.05,512,704.0,0.8029099702835083,0.7319684624671936
0,21,oracle_token,1,0.0,64,64.0,0.7558916807174683,1.0
0,21,oracle_token,1,0.0,128,128.0,0.8191400170326233,1.0
0,21,oracle_token,1,0.0,256,256.0,0.8795977830886841,1.0
0,21,oracle_token,1,0.0,512,512.0,0.9320530891418457,1.0
0,21,oracle_chunk,4,0.0,64,64.0,0.6668215990066528,0.3846261203289032
0,21,oracle_chunk,4,0.0,128,128.0,0.732690691947937,0.6566162109375
0,21,oracle_chunk,4,0.0,256,256.0,0.8031333684921265,0.961181640625
0,21,oracle_chunk,4,0.0,512,512.0,0.8744017481803894,1.0
0,21,landmark,4,0.0,64,64.0,0.190057173371315,0.2359793484210968
0,21,landmark,4,0.0,128,128.0,0.300304114818573,0.3722446858882904
0,21,landmark,4,0.0,256,256.0,0.4880686104297638,0.5360630750656128
0,21,landmark,4,0.0,512,512.0,0.6753590703010559,0.7091587781906128
0,21,landmark,4,0.005,64,84.0,0.5857864618301392,0.2607421875
0,21,landmark,4,0.005,128,148.0,0.6395366787910461,0.3939034640789032
0,21,landmark,4,0.005,256,276.0,0.7058486342430115,0.5520368218421936
0,21,landmark,4,0.005,512,532.0,0.7831555008888245,0.7186279296875
0,21,landmark,4,0.01,64,104.0,0.5891286730766296,0.2693743109703064
0,21,landmark,4,0.01,128,168.0,0.6428489685058594,0.4022042453289032
0,21,landmark,4,0.01,256,296.0,0.709112286567688,0.5589948296546936
0,21,landmark,4,0.01,512,552.0,0.7855812907218933,0.7238072156906128
0,21,landmark,4,0.02,64,144.0,0.5998194813728333,0.2903529703617096
0,21,landmark,4,0.02,128,208.0,0.6521567106246948,0.4213169515132904
0,21,landmark,4,0.02,256,336.0,0.7165459394454956,0.5748116374015808
0,21,landmark,4,0.02,512,592.0,0.7915357351303101,0.7358747124671936
0,21,landmark,4,0.05,64,264.0,0.6148913502693176,0.3173653781414032
0,21,landmark,4,0.05,128,328.0,0.6667217016220093,0.4476144015789032
0,21,landmark,4,0.05,256,456.0,0.7303990125656128,0.5994001030921936
0,21,landmark,4,0.05,512,712.0,0.8040390610694885,0.7573765516281128
0,21,oracle_chunk,8,0.0,64,64.0,0.6252371668815613,0.2754603922367096
0,21,oracle_chunk,8,0.0,128,128.0,0.6914810538291931,0.477783203125
0,21,oracle_chunk,8,0.0,256,256.0,0.7637560963630676,0.7344970703125
0,21,oracle_chunk,8,0.0,512,512.0,0.8406230211257935,0.9686279296875
0,21,landmark,8,0.0,64,64.0,0.10186568647623062,0.2148960679769516
0,21,landmark,8,0.0,128,128.0,0.161857470870018,0.3319614827632904
0,21,landmark,8,0.0,256,256.0,0.24940726161003113,0.4640066921710968
0,21,landmark,8,0.0,512,512.0,0.38432687520980835,0.6207798719406128
0,21,landmark,8,0.005,64,88.0,0.5661941766738892,0.2346714586019516
0,21,landmark,8,0.005,128,152.0,0.6145161390304565,0.3516497015953064
0,21,landmark,8,0.005,256,280.0,0.6749467849731445,0.4829624593257904
0,21,landmark,8,0.005,512,536.0,0.7500490546226501,0.6366664171218872
0,21,landmark,8,0.01,64,104.0,0.5716127753257751,0.2455357164144516
0,21,landmark,8,0.01,128,168.0,0.6184350848197937,0.359375
0,21,landmark,8,0.01,256,296.0,0.6783155798912048,0.4887172281742096
0,21,landmark,8,0.01,512,552.0,0.7527619004249573,0.6410958170890808
0,21,landmark,8,0.02,64,144.0,0.5780640244483948,0.2547956109046936
0,21,landmark,8,0.02,128,208.0,0.6241949200630188,0.3683559000492096
0,21,landmark,8,0.02,256,336.0,0.683156430721283,0.4969308078289032
0,21,landmark,8,0.02,512,592.0,0.7568735480308533,0.6482805609703064
0,21,landmark,8,0.05,64,264.0,0.5956306457519531,0.2910679280757904
0,21,landmark,8,0.05,128,328.0,0.6414563059806824,0.4037737250328064
0,21,landmark,8,0.05,256,456.0,0.6997376680374146,0.5289481282234192
0,21,landmark,8,0.05,512,712.0,0.7718424201011658,0.6753975749015808
0,21,oracle_chunk,16,0.0,64,64.0,0.5833846926689148,0.2034040242433548
0,21,oracle_chunk,16,0.0,128,128.0,0.6525715589523315,0.3724016547203064
0,21,oracle_chunk,16,0.0,256,256.0,0.7265289425849915,0.5826764702796936
0,21,oracle_chunk,16,0.0,512,512.0,0.8072420954704285,0.8171038031578064
0,21,landmark,16,0.0,64,64.0,0.0942704901099205,0.1985735148191452
0,21,landmark,16,0.0,128,128.0,0.14279507100582123,0.3150809109210968
0,21,landmark,16,0.0,256,256.0,0.20311591029167175,0.4319196343421936
0,21,landmark,16,0.0,512,512.0,0.29080209136009216,0.5674525499343872
0,21,landmark,16,0.005,64,80.0,0.556403398513794,0.2164480984210968
0,21,landmark,16,0.005,128,144.0,0.6037712693214417,0.3329380452632904
0,21,landmark,16,0.005,256,272.0,0.6565274596214294,0.4487653374671936
0,21,landmark,16,0.005,512,528.0,0.7251055836677551,0.5834263563156128
0,21,landmark,16,0.01,64,112.0,0.5574849843978882,0.2175467312335968
0,21,landmark,16,0.01,128,176.0,0.6048528552055359,0.3340366780757904
0,21,landmark,16,0.01,256,304.0,0.6576090455055237,0.4498639702796936
0,21,landmark,16,0.01,512,560.0,0.7261871695518494,0.5845249891281128
0,21,landmark,16,0.02,64,144.0,0.5620660781860352,0.2256382554769516
0,21,landmark,16,0.02,128,208.0,0.6094030737876892,0.3420758843421936
0,21,landmark,16,0.02,256,336.0,0.662138819694519,0.4580950140953064
0,21,landmark,16,0.02,512,592.0,0.7304096221923828,0.5915178656578064
0,21,landmark,16,0.05,64,272.0,0.5848048329353333,0.2681187093257904
0,21,landmark,16,0.05,128,336.0,0.6321483254432678,0.3848179280757904
0,21,landmark,16,0.05,256,464.0,0.685006320476532,0.5004359483718872
0,21,landmark,16,0.05,512,720.0,0.7520869374275208,0.6306501030921936
0,21,oracle_chunk,32,0.0,64,64.0,0.5357529520988464,0.1267961710691452
0,21,oracle_chunk,32,0.0,128,128.0,0.6092508435249329,0.2870919406414032
0,21,oracle_chunk,32,0.0,256,256.0,0.6886441111564636,0.480224609375
0,21,oracle_chunk,32,0.0,512,512.0,0.7735517621040344,0.6891043782234192
0,21,landmark,32,0.0,64,64.0,0.07664204388856888,0.1783796101808548
0,21,landmark,32,0.0,128,128.0,0.1290714293718338,0.2931431233882904
0,21,landmark,32,0.0,256,256.0,0.1900026798248291,0.4111328125
0,21,landmark,32,0.0,512,512.0,0.2839900553226471,0.545654296875
0,21,landmark,32,0.005,64,96.0,0.5448482632637024,0.1969517320394516
0,21,landmark,32,0.005,128,160.0,0.5928995013237,0.3116978108882904
0,21,landmark,32,0.005,256,288.0,0.6462733149528503,0.4294607937335968
0,21,landmark,32,0.005,512,544.0,0.7137874364852905,0.5633370280265808
0,21,landmark,32,0.01,64,96.0,0.5448482632637024,0.1969517320394516
0,21,landmark,32,0.01,128,160.0,0.5928995013237,0.3116978108882904
0,21,landmark,32,0.01,256,288.0,0.6462733149528503,0.4294607937335968
0,21,landmark,32,0.01,512,544.0,0.7137874364852905,0.5633370280265808
0,21,landmark,32,0.02,64,160.0,0.5496973991394043,0.2028634250164032
0,21,landmark,32,0.02,128,224.0,0.5977486371994019,0.3176095187664032
0,21,landmark,32,0.02,256,352.0,0.6511617302894592,0.4354945719242096
0,21,landmark,32,0.02,512,608.0,0.7188311815261841,0.5696498155593872
0,21,landmark,32,0.05,64,256.0,0.5594893097877502,0.2191685289144516
0,21,landmark,32,0.05,128,320.0,0.6076331734657288,0.3341936469078064
0,21,landmark,32,0.05,256,448.0,0.6611272692680359,0.4520263671875
0,21,landmark,32,0.05,512,704.0,0.7281008958816528,0.5847691297531128
0,22,oracle_token,1,0.0,64,64.0,0.4374544620513916,1.0
0,22,oracle_token,1,0.0,128,128.0,0.5569376349449158,1.0
0,22,oracle_token,1,0.0,256,256.0,0.6856886744499207,1.0
0,22,oracle_token,1,0.0,512,512.0,0.8129276633262634,1.0
0,22,oracle_chunk,4,0.0,64,64.0,0.30637452006340027,0.4039829671382904
0,22,oracle_chunk,4,0.0,128,128.0,0.4156678020954132,0.6675850749015808
0,22,oracle_chunk,4,0.0,256,256.0,0.541108250617981,0.9566301703453064
0,22,oracle_chunk,4,0.0,512,512.0,0.6811596751213074,1.0
0,22,landmark,4,0.0,64,64.0,0.19071590900421143,0.3018624484539032
0,22,landmark,4,0.0,128,128.0,0.2811647355556488,0.4435686469078064
0,22,landmark,4,0.0,256,256.0,0.39507320523262024,0.588623046875
0,22,landmark,4,0.0,512,512.0,0.5333436131477356,0.7265973687171936
0,22,landmark,4,0.005,64,84.0,0.19705677032470703,0.3087681233882904
0,22,landmark,4,0.005,128,148.0,0.2871861755847931,0.4502301812171936
0,22,landmark,4,0.005,256,276.0,0.40080419182777405,0.5947614312171936
0,22,landmark,4,0.005,512,532.0,0.538288950920105,0.7310442328453064
0,22,landmark,4,0.01,64,104.0,0.2061190903186798,0.3160574734210968
0,22,landmark,4,0.01,128,168.0,0.29597988724708557,0.4567696750164032
0,22,landmark,4,0.01,256,296.0,0.40937164425849915,0.6008475422859192
0,22,landmark,4,0.01,512,552.0,0.5466243028640747,0.7366245985031128
0,22,landmark,4,0.02,64,144.0,0.21737580001354218,0.3243233859539032
0,22,landmark,4,0.02,128,208.0,0.3066979944705963,0.4649483859539032
0,22,landmark,4,0.02,256,336.0,0.4193877875804901,0.608642578125
0,22,landmark,4,0.02,512,592.0,0.5564655065536499,0.7443150281906128
0,22,landmark,4,0.05,64,264.0,0.24641253054141998,0.3509695827960968
0,22,landmark,4,0.05,128,328.0,0.33532556891441345,0.4912807047367096
0,22,landmark,4,0.05,256,456.0,0.44627708196640015,0.6329345703125
0,22,landmark,4,0.05,512,712.0,0.5809325575828552,0.7660784125328064
0,22,oracle_chunk,8,0.0,64,64.0,0.2553844153881073,0.3155691921710968
0,22,oracle_chunk,8,0.0,128,128.0,0.3595762848854065,0.5093645453453064
0,22,oracle_chunk,8,0.0,256,256.0,0.4809606969356537,0.7470005750656128
0,22,oracle_chunk,8,0.0,512,512.0,0.6207798719406128,0.9638671875
0,22,landmark,8,0.0,64,64.0,0.16761088371276855,0.2777797281742096
0,22,landmark,8,0.0,128,128.0,0.24883925914764404,0.3968157172203064
0,22,landmark,8,0.0,256,256.0,0.3505427837371826,0.5216239094734192
0,22,landmark,8,0.0,512,512.0,0.4799466133117676,0.6497454047203064
0,22,landmark,8,0.005,64,88.0,0.1712421029806137,0.2805524468421936
0,22,landmark,8,0.005,128,152.0,0.252470463514328,0.3995884358882904
0,22,landmark,8,0.005,256,280.0,0.3541739881038666,0.5243965983390808
0,22,landmark,8,0.005,512,536.0,0.4835636019706726,0.6525006890296936
0,22,landmark,8,0.01,64,104.0,0.17407719790935516,0.2832205593585968
0,22,landmark,8,0.01,128,168.0,0.25530558824539185,0.4022565484046936
0,22,landmark,8,0.01,256,296.0,0.3570091426372528,0.5270647406578064
0,22,landmark,8,0.01,512,552.0,0.4864724576473236,0.6554652452468872
0,22,landmark,8,0.02,64,144.0,0.18019720911979675,0.2876674234867096
0,22,landmark,8,0.02,128,208.0,0.2613593339920044,0.4067557156085968
0,22,landmark,8,0.02,256,336.0,0.3629218637943268,0.5314069390296936
0,22,landmark,8,0.02,512,592.0,0.4925050139427185,0.6598075032234192
0,22,landmark,8,0.05,64,264.0,0.2122964709997177,0.3127092719078064
0,22,landmark,8,0.05,128,328.0,0.2935188412666321,0.4305071234703064
0,22,landmark,8,0.05,256,456.0,0.3934420943260193,0.5534842610359192
0,22,landmark,8,0.05,512,712.0,0.5204223990440369,0.6793038249015808
0,22,oracle_chunk,16,0.0,64,64.0,0.21469636261463165,0.2649972140789032
0,22,oracle_chunk,16,0.0,128,128.0,0.31472650170326233,0.4306117594242096
0,22,oracle_chunk,16,0.0,256,256.0,0.4319210946559906,0.6181989312171936
0,22,oracle_chunk,16,0.0,512,512.0,0.5716270208358765,0.8260672688484192
0,22,landmark,16,0.0,64,64.0,0.15239082276821136,0.2522321343421936
0,22,landmark,16,0.0,128,128.0,0.235242560505867,0.3751569390296936
0,22,landmark,16,0.0,256,256.0,0.32781165838241577,0.4917340874671936
0,22,landmark,16,0.0,512,512.0,0.447723388671875,0.6136125922203064
0,22,landmark,16,0.005,64,80.0,0.15482120215892792,0.2537493109703064
0,22,landmark,16,0.005,128,144.0,0.23767295479774475,0.3766741156578064
0,22,landmark,16,0.005,256,272.0,0.3302420973777771,0.4932512640953064
0,22,landmark,16,0.005,512,528.0,0.45015379786491394,0.6151297688484192
0,22,landmark,16,0.01,64,112.0,0.1606294810771942,0.2595737874507904
0,22,landmark,16,0.01,128,176.0,0.24348123371601105,0.3824985921382904
0,22,landmark,16,0.01,256,304.0,0.3360503017902374,0.4990757405757904
0,22,landmark,16,0.01,512,560.0,0.45596209168434143,0.6209542155265808
0,22,landmark,16,0.02,64,144.0,0.16482725739479065,0.2623116672039032
0,22,landmark,16,0.02,128,208.0,0.24770031869411469,0.3852016031742096
0,22,landmark,16,0.02,256,336.0,0.3402860760688782,0.5018310546875
0,22,landmark,16,0.02,512,592.0,0.4603932499885559,0.6237444281578064
0,22,landmark,16,0.05,64,272.0,0.1959468275308609,0.2874581515789032
0,22,landmark,16,0.05,128,336.0,0.27881988883018494,0.4103480875492096
0,22,landmark,16,0.05,256,464.0,0.370999813079834,0.5266287922859192
0,22,landmark,16,0.05,512,720.0,0.4893231689929962,0.6460832953453064
0,22,oracle_chunk,32,0.0,64,64.0,0.17609287798404694,0.2246791273355484
0,22,oracle_chunk,32,0.0,128,128.0,0.27201491594314575,0.3709193766117096
0,22,oracle_chunk,32,0.0,256,256.0,0.38593190908432007,0.5358189344406128
0,22,oracle_chunk,32,0.0,512,512.0,0.5249637365341187,0.7136055827140808
0,22,landmark,32,0.0,64,64.0,0.13847661018371582,0.2214878648519516
0,22,landmark,32,0.0,128,128.0,0.21990962326526642,0.3494873046875
0,22,landmark,32,0.0,256,256.0,0.308607280254364,0.4689592719078064
0,22,landmark,32,0.0,512,512.0,0.42484864592552185,0.5912562608718872
0,22,landmark,32,0.005,64,96.0,0.14344117045402527,0.2246442586183548
0,22,landmark,32,0.005,128,160.0,0.22487416863441467,0.3526436984539032
0,22,landmark,32,0.005,256,288.0,0.3135744035243988,0.4720982015132904
0,22,landmark,32,0.005,512,544.0,0.43000030517578125,0.5948660969734192
0,22,landmark,32,0.01,64,96.0,0.14344117045402527,0.2246442586183548
0,22,landmark,32,0.01,128,160.0,0.22487416863441467,0.3526436984539032
0,22,landmark,32,0.01,256,288.0,0.3135744035243988,0.4720982015132904
0,22,landmark,32,0.01,512,544.0,0.43000030517578125,0.5948660969734192
0,22,landmark,32,0.02,64,160.0,0.1529044806957245,0.2299455851316452
0,22,landmark,32,0.02,128,224.0,0.2343374788761139,0.3579450249671936
0,22,landmark,32,0.02,256,352.0,0.3230377733707428,0.4773995578289032
0,22,landmark,32,0.02,512,608.0,0.4393973648548126,0.5999407172203064
0,22,landmark,32,0.05,64,256.0,0.1704232543706894,0.2445940226316452
0,22,landmark,32,0.05,128,320.0,0.25185626745224,0.3725934624671936
0,22,landmark,32,0.05,256,448.0,0.3406390845775604,0.4922398030757904
0,22,landmark,32,0.05,512,704.0,0.45743826031684875,0.6152518391609192
0,23,oracle_token,1,0.0,64,64.0,0.47777870297431946,1.0
0,23,oracle_token,1,0.0,128,128.0,0.5866950750350952,1.0
0,23,oracle_token,1,0.0,256,256.0,0.7013712525367737,1.0
0,23,oracle_token,1,0.0,512,512.0,0.8152175545692444,1.0
0,23,oracle_chunk,4,0.0,64,64.0,0.36221328377723694,0.426025390625
0,23,oracle_chunk,4,0.0,128,128.0,0.4701392650604248,0.6961669921875
0,23,oracle_chunk,4,0.0,256,256.0,0.5893067121505737,0.9588971734046936
0,23,oracle_chunk,4,0.0,512,512.0,0.7158640623092651,0.9999825358390808
0,23,landmark,4,0.0,64,64.0,0.2441619336605072,0.3123779296875
0,23,landmark,4,0.0,128,128.0,0.34665265679359436,0.46923828125
0,23,landmark,4,0.0,256,256.0,0.4641297161579132,0.6265345811843872
0,23,landmark,4,0.0,512,512.0,0.6005674004554749,0.7680140733718872
0,23,landmark,4,0.005,64,84.0,0.2500169277191162,0.3174700140953064
0,23,landmark,4,0.005,128,148.0,0.3525201380252838,0.4743303656578064
0,23,landmark,4,0.005,256,276.0,0.4699588119983673,0.6316615343093872
0,23,landmark,4,0.005,512,532.0,0.6061162352561951,0.7725481390953064
0,23,landmark,4,0.01,64,104.0,0.25465741753578186,0.3209926187992096
0,23,landmark,4,0.01,128,168.0,0.35719409584999084,0.4778529703617096
0,23,landmark,4,0.01,256,296.0,0.474212110042572,0.6347481608390808
0,23,landmark,4,0.01,512,552.0,0.6093783378601074,0.7749546766281128
0,23,landmark,4,0.02,64,144.0,0.27161213755607605,0.3369663655757904
0,23,landmark,4,0.02,128,208.0,0.37154480814933777,0.4925711452960968
0,23,landmark,4,0.02,256,336.0,0.48643460869789124,0.6463099718093872
0,23,landmark,4,0.02,512,592.0,0.61900395154953,0.7840227484703064
0,23,landmark,4,0.05,64,264.0,0.3067764639854431,0.3796212375164032
0,23,landmark,4,0.05,128,328.0,0.40359893441200256,0.5305524468421936
0,23,landmark,4,0.05,256,456.0,0.5151931643486023,0.6780831217765808
0,23,landmark,4,0.05,512,712.0,0.6436823010444641,0.8100934624671936
0,23,oracle_chunk,8,0.0,64,64.0,0.31295228004455566,0.3366524875164032
0,23,oracle_chunk,8,0.0,128,128.0,0.4199070632457733,0.5427071452140808
0,23,oracle_chunk,8,0.0,256,256.0,0.5394015908241272,0.7841622233390808
0,23,oracle_chunk,8,0.0,512,512.0,0.669196605682373,0.9708775281906128
0,23,landmark,8,0.0,64,64.0,0.21356402337551117,0.2796805202960968
0,23,landmark,8,0.0,128,128.0,0.3096180856227875,0.4189976155757904
0,23,landmark,8,0.0,256,256.0,0.4236506521701813,0.5669468641281128
0,23,landmark,8,0.0,512,512.0,0.5498494505882263,0.7060546875
0,23,landmark,8,0.005,64,88.0,0.22203384339809418,0.2855922281742096
0,23,landmark,8,0.005,128,152.0,0.3172840476036072,0.4249441921710968
0,23,landmark,8,0.005,256,280.0,0.4306904971599579,0.5725272297859192
0,23,landmark,8,0.005,512,536.0,0.5565455555915833,0.7108851671218872
0,23,landmark,8,0.01,64,104.0,0.22641132771968842,0.2899692952632904
0,23,landmark,8,0.01,128,168.0,0.3215438723564148,0.4290248453617096
0,23,landmark,8,0.01,256,296.0,0.43484190106391907,0.5764683485031128
0,23,landmark,8,0.01,512,552.0,0.5604177117347717,0.7142508625984192
0,23,landmark,8,0.02,64,144.0,0.23726563155651093,0.2997174859046936
0,23,landmark,8,0.02,128,208.0,0.33217430114746094,0.438720703125
0,23,landmark,8,0.02,256,336.0,0.4448656439781189,0.5852225422859192
0,23,landmark,8,0.02,512,592.0,0.5693210959434509,0.7205635905265808
0,23,landmark,8,0.05,64,264.0,0.2595091760158539,0.3206089437007904
0,23,landmark,8,0.05,128,328.0,0.35439541935920715,0.4595598578453064
0,23,landmark,8,0.05,256,456.0,0.46648740768432617,0.6051722764968872
0,23,landmark,8,0.05,512,712.0,0.5894357562065125,0.73876953125
0,23,oracle_chunk,16,0.0,64,64.0,0.272971510887146,0.2872663140296936
0,23,oracle_chunk,16,0.0,128,128.0,0.376558393239975,0.4569963812828064
0,23,oracle_chunk,16,0.0,256,256.0,0.4949580729007721,0.6561627984046936
0,23,oracle_chunk,16,0.0,512,512.0,0.6272611618041992,0.8587297797203064
0,23,landmark,16,0.0,64,64.0,0.19285902380943298,0.2540283203125
0,23,landmark,16,0.0,128,128.0,0.28621622920036316,0.3859688937664032
0,23,landmark,16,0.0,256,256.0,0.3926994502544403,0.5258265733718872
0,23,landmark,16,0.0,512,512.0,0.5211039185523987,0.6655448079109192
0,23,landmark,16,0.005,64,80.0,0.19363529980182648,0.2540980875492096
0,23,landmark,16,0.005,128,144.0,0.28699249029159546,0.3860386312007904
0,23,landmark,16,0.005,256,272.0,0.3934757709503174,0.5258963704109192
0,23,landmark,16,0.005,512,528.0,0.5218801498413086,0.6656145453453064
0,23,landmark,16,0.01,64,112.0,0.1996532380580902,0.2589983344078064
0,23,landmark,16,0.01,128,176.0,0.2932834327220917,0.3911481499671936
0,23,landmark,16,0.01,256,304.0,0.3998158276081085,0.5313720703125
0,23,landmark,16,0.01,512,560.0,0.5274948477745056,0.6699393391609192
0,23,landmark,16,0.02,64,144.0,0.20543234050273895,0.2632358968257904
0,23,landmark,16,0.02,128,208.0,0.2990625202655792,0.3953857421875
0,23,landmark,16,0.02,256,336.0,0.40559491515159607,0.5356096625328064
0,23,landmark,16,0.02,512,592.0,0.5332176685333252,0.6741071343421936
0,23,landmark,16,0.05,64,272.0,0.24010027945041656,0.2946951687335968
0,23,landmark,16,0.05,128,336.0,0.33386021852493286,0.4268624484539032
0,23,landmark,16,0.05,256,464.0,0.43941959738731384,0.5667027235031128
0,23,landmark,16,0.05,512,720.0,0.565130889415741,0.7025669813156128
0,23,oracle_chunk,32,0.0,64,64.0,0.23025724291801453,0.2442103773355484
0,23,oracle_chunk,32,0.0,128,128.0,0.33350035548210144,0.39404296875
0,23,oracle_chunk,32,0.0,256,256.0,0.45195910334587097,0.5697893500328064
0,23,oracle_chunk,32,0.0,512,512.0,0.5861989855766296,0.7524239420890808
0,23,landmark,32,0.0,64,64.0,0.16896960139274597,0.2229527086019516
0,23,landmark,32,0.0,128,128.0,0.261099636554718,0.3498883843421936
0,23,landmark,32,0.0,256,256.0,0.36896637082099915,0.4888567328453064
0,23,landmark,32,0.0,512,512.0,0.49452516436576843,0.629638671875
0,23,landmark,32,0.005,64,96.0,0.17062567174434662,0.2233712375164032
0,23,landmark,32,0.005,128,160.0,0.26275569200515747,0.3503069281578064
0,23,landmark,32,0.005,256,288.0,0.3706224262714386,0.4892752468585968
0,23,landmark,32,0.005,512,544.0,0.4961812198162079,0.6300572156906128
0,23,landmark,32,0.01,64,96.0,0.17062567174434662,0.2233712375164032
0,23,landmark,32,0.01,128,160.0,0.26275569200515747,0.3503069281578064
0,23,landmark,32,0.01,256,288.0,0.3706224262714386,0.4892752468585968
0,23,landmark,32,0.01,512,544.0,0.4961812198162079,0.6300572156906128
0,23,landmark,32,0.02,64,160.0,0.1811361014842987,0.2332240492105484
0,23,landmark,32,0.02,128,224.0,0.273508757352829,0.36083984375
0,23,landmark,32,0.02,256,352.0,0.3815467655658722,0.5001569390296936
0,23,landmark,32,0.02,512,608.0,0.5056867599487305,0.6377999186515808
0,23,landmark,32,0.05,64,256.0,0.20445965230464935,0.2518833577632904
0,23,landmark,32,0.05,128,320.0,0.29677265882492065,0.37939453125
0,23,landmark,32,0.05,256,448.0,0.4045533239841461,0.5187464952468872
0,23,landmark,32,0.05,512,704.0,0.5281665325164795,0.6552909016609192
1,0,oracle_token,1,0.0,64,64.0,0.7146140336990356,1.0
1,0,oracle_token,1,0.0,128,128.0,0.7966474294662476,1.0
1,0,oracle_token,1,0.0,256,256.0,0.8661374449729919,1.0
1,0,oracle_token,1,0.0,512,512.0,0.9205865859985352,1.0
1,0,oracle_chunk,4,0.0,64,64.0,0.6391834616661072,0.5867396593093872
1,0,oracle_chunk,4,0.0,128,128.0,0.7291502356529236,0.8583112359046936
1,0,oracle_chunk,4,0.0,256,256.0,0.8111042380332947,0.9822823405265808
1,0,oracle_chunk,4,0.0,512,512.0,0.8824732899665833,0.9996686577796936
1,0,landmark,4,0.0,64,64.0,0.4907343089580536,0.291259765625
1,0,landmark,4,0.0,128,128.0,0.6025049090385437,0.4867989718914032
1,0,landmark,4,0.0,256,256.0,0.7125726342201233,0.6786412000656128
1,0,landmark,4,0.0,512,512.0,0.8005505800247192,0.8063092827796936
1,0,landmark,4,0.005,64,84.0,0.4938321113586426,0.2968401312828064
1,0,landmark,4,0.005,128,148.0,0.6056863069534302,0.4925188422203064
1,0,landmark,4,0.005,256,276.0,0.7144241333007812,0.6818324327468872
1,0,landmark,4,0.005,512,532.0,0.8018065094947815,0.8077915906906128
1,0,landmark,4,0.01,64,104.0,0.49487510323524475,0.2990548312664032
1,0,landmark,4,0.01,128,168.0,0.6067737936973572,0.4945591390132904
1,0,landmark,4,0.01,256,296.0,0.7152085900306702,0.6834891438484192
1,0,landmark,4,0.01,512,552.0,0.802583634853363,0.8093785047531128
1,0,landmark,4,0.02,64,144.0,0.49768733978271484,0.3036935031414032
1,0,landmark,4,0.02,128,208.0,0.6094849705696106,0.4988490641117096
1,0,landmark,4,0.02,256,336.0,0.7177705764770508,0.687255859375
1,0,landmark,4,0.02,512,592.0,0.8050220608711243,0.8128487467765808
1,0,landmark,4,0.05,64,264.0,0.5141281485557556,0.3305489718914032
1,0,landmark,4,0.05,128,328.0,0.6231805682182312,0.5216936469078064
1,0,landmark,4,0.05,256,456.0,0.727203905582428,0.7004219889640808
1,0,landmark,4,0.05,512,712.0,0.8126983046531677,0.8220563530921936
1,0,oracle_chunk,8,0.0,64,64.0,0.6071906089782715,0.4856131374835968
1,0,oracle_chunk,8,0.0,128,128.0,0.7026767134666443,0.7465122938156128
1,0,oracle_chunk,8,0.0,256,256.0,0.7894646525382996,0.925537109375
1,0,oracle_chunk,8,0.0,512,512.0,0.8660831451416016,0.9900425672531128
1,0,landmark,8,0.0,64,64.0,0.4229159653186798,0.2758963406085968
1,0,landmark,8,0.0,128,128.0,0.5503276586532593,0.4625418484210968
1,0,landmark,8,0.0,256,256.0,0.6816922426223755,0.66162109375
1,0,landmark,8,0.0,512,512.0,0.7781089544296265,0.7928292155265808
1,0,landmark,8,0.005,64,88.0,0.42598578333854675,0.2787562906742096
1,0,landmark,8,0.005,128,152.0,0.5533974766731262,0.4654017984867096
1,0,landmark,8,0.005,256,280.0,0.6847620010375977,0.6644810438156128
1,0,landmark,8,0.005,512,536.0,0.781184196472168,0.7955322265625
1,0,landmark,8,0.01,64,104.0,0.4322960674762726,0.2921840250492096
1,0,landmark,8,0.01,128,168.0,0.5591527223587036,0.4782889187335968
1,0,landmark,8,0.01,256,296.0,0.6884182095527649,0.6705322265625
1,0,landmark,8,0.01,512,552.0,0.7834934592247009,0.7986537218093872
1,0,landmark,8,0.02,64,144.0,0.43399688601493835,0.2951137125492096
1,0,landmark,8,0.02,128,208.0,0.5608535408973694,0.4812186062335968
1,0,landmark,8,0.02,256,336.0,0.6901189684867859,0.6734619140625
1,0,landmark,8,0.02,512,592.0,0.7852020263671875,0.8014962077140808
1,0,landmark,8,0.05,64,264.0,0.4526148736476898,0.3194057047367096
1,0,landmark,8,0.05,128,328.0,0.5741949081420898,0.5001918077468872
1,0,landmark,8,0.05,256,456.0,0.6985077261924744,0.6830357313156128
1,0,landmark,8,0.05,512,712.0,0.79286128282547,0.8088727593421936
1,0,oracle_chunk,16,0.0,64,64.0,0.5754804611206055,0.4121616780757904
1,0,oracle_chunk,16,0.0,128,128.0,0.6814621686935425,0.6499895453453064
1,0,oracle_chunk,16,0.0,256,256.0,0.7721596956253052,0.853271484375
1,0,oracle_chunk,16,0.0,512,512.0,0.8544207811355591,0.9670758843421936
1,0,landmark,16,0.0,64,64.0,0.3563479483127594,0.2455008327960968
1,0,landmark,16,0.0,128,128.0,0.4992809295654297,0.4279087483882904
1,0,landmark,16,0.0,256,256.0,0.6567720770835876,0.6396309733390808
1,0,landmark,16,0.0,512,512.0,0.7704116106033325,0.7812674641609192
1,0,landmark,16,0.005,64,80.0,0.3566954433917999,0.2461983859539032
1,0,landmark,16,0.005,128,144.0,0.4996283948421478,0.4286063015460968
1,0,landmark,16,0.005,256,272.0,0.6571195721626282,0.6403285264968872
1,0,landmark,16,0.005,512,528.0,0.7707639932632446,0.7819300889968872
1,0,landmark,16,0.01,64,112.0,0.35752204060554504,0.2480991929769516
1,0,landmark,16,0.01,128,176.0,0.5004550218582153,0.4305071234703064
1,0,landmark,16,0.01,256,304.0,0.6579461693763733,0.6422293782234192
1,0,landmark,16,0.01,512,560.0,0.7715948820114136,0.7837611436843872
1,0,landmark,16,0.02,64,144.0,0.36594337224960327,0.2574985921382904
1,0,landmark,16,0.02,128,208.0,0.5116825699806213,0.4425571858882904
1,0,landmark,16,0.02,256,336.0,0.6657747626304626,0.6507743000984192
1,0,landmark,16,0.02,512,592.0,0.7763875722885132,0.7882603406906128
1,0,landmark,16,0.05,64,272.0,0.4162926971912384,0.3089599609375
1,0,landmark,16,0.05,128,336.0,0.5521363019943237,0.4844622015953064
1,0,landmark,16,0.05,256,464.0,0.689115047454834,0.6755022406578064
1,0,landmark,16,0.05,512,720.0,0.7935612797737122,0.8025599718093872
1,0,oracle_chunk,32,0.0,64,64.0,0.5175338983535767,0.3473598062992096
1,0,oracle_chunk,32,0.0,128,128.0,0.6525151133537292,0.5661969780921936
1,0,oracle_chunk,32,0.0,256,256.0,0.7574290037155151,0.7722516655921936
1,0,oracle_chunk,32,0.0,512,512.0,0.8453095555305481,0.9326520562171936
1,0,landmark,32,0.0,64,64.0,0.3277742266654968,0.2364676296710968
1,0,landmark,32,0.0,128,128.0,0.4898509681224823,0.4153704047203064
1,0,landmark,32,0.0,256,256.0,0.6413487195968628,0.6202392578125
1,0,landmark,32,0.0,512,512.0,0.7514411807060242,0.7674560546875
1,0,landmark,32,0.005,64,96.0,0.3297872543334961,0.2409319132566452
1,0,landmark,32,0.005,128,160.0,0.4918639659881592,0.4198346734046936
1,0,landmark,32,0.005,256,288.0,0.6433617472648621,0.6247035264968872
1,0,landmark,32,0.005,512,544.0,0.7534542679786682,0.7719203233718872
1,0,landmark,32,0.01,64,96.0,0.3297872543334961,0.2409319132566452
1,0,landmark,32,0.01,128,160.0,0.4918639659881592,0.4198346734046936
1,0,landmark,32,0.01,256,288.0,0.6433617472648621,0.6247035264968872
1,0,landmark,32,0.01,512,544.0,0.7534542679786682,0.7719203233718872
1,0,landmark,32,0.02,64,160.0,0.33390572667121887,0.2487269788980484
1,0,landmark,32,0.02,128,224.0,0.49598240852355957,0.4276297390460968
1,0,landmark,32,0.02,256,352.0,0.6477595567703247,0.6324986219406128
1,0,landmark,32,0.02,512,608.0,0.7574018836021423,0.7771344780921936
1,0,landmark,32,0.05,64,256.0,0.36102303862571716,0.2711355984210968
1,0,landmark,32,0.05,128,320.0,0.5236773490905762,0.4510323703289032
1,0,landmark,32,0.05,256,448.0,0.671064555644989,0.6536865234375
1,0,landmark,32,0.05,512,704.0,0.7721720337867737,0.7913295030593872
1,1,oracle_token,1,0.0,64,64.0,0.5419329404830933,1.0
1,1,oracle_token,1,0.0,128,128.0,0.6603673696517944,1.0
1,1,oracle_token,1,0.0,256,256.0,0.7733583450317383,1.0
1,1,oracle_token,1,0.0,512,512.0,0.8699319958686829,1.0
1,1,oracle_chunk,4,0.0,64,64.0,0.42096513509750366,0.4684186577796936
1,1,oracle_chunk,4,0.0,128,128.0,0.5411306619644165,0.7358573079109192
1,1,oracle_chunk,4,0.0,256,256.0,0.6653116345405579,0.9729875922203064
1,1,oracle_chunk,4,0.0,512,512.0,0.784233033657074,1.0
1,1,landmark,4,0.0,64,64.0,0.2918578088283539,0.2947126030921936
1,1,landmark,4,0.0,128,128.0,0.40948790311813354,0.4721505343914032
1,1,landmark,4,0.0,256,256.0,0.5396820306777954,0.6650041937828064
1,1,landmark,4,0.0,512,512.0,0.671761155128479,0.8198416829109192
1,1,landmark,4,0.005,64,84.0,0.29659464955329895,0.2992292046546936
1,1,landmark,4,0.005,128,148.0,0.4142743647098541,0.4769984781742096
1,1,landmark,4,0.005,256,276.0,0.5440943837165833,0.6689976453781128
1,1,landmark,4,0.005,512,532.0,0.6756196022033691,0.8226493000984192
1,1,landmark,4,0.01,64,104.0,0.29888153076171875,0.3015659749507904
1,1,landmark,4,0.01,128,168.0,0.41647106409072876,0.4791608452796936
1,1,landmark,4,0.01,256,296.0,0.5463424324989319,0.6712297797203064
1,1,landmark,4,0.01,512,552.0,0.6777090430259705,0.824462890625
1,1,landmark,4,0.02,64,144.0,0.3088154196739197,0.3124476969242096
1,1,landmark,4,0.02,128,208.0,0.4261889159679413,0.4897635281085968
1,1,landmark,4,0.02,256,336.0,0.5552313327789307,0.6805071234703064
1,1,landmark,4,0.02,512,592.0,0.6857479214668274,0.8323277235031128
1,1,landmark,4,0.05,64,264.0,0.33370181918144226,0.3409598171710968
1,1,landmark,4,0.05,128,328.0,0.44936108589172363,0.5148402452468872
1,1,landmark,4,0.05,256,456.0,0.5757235884666443,0.7005615234375
1,1,landmark,4,0.05,512,712.0,0.7022053599357605,0.8458949327468872
1,1,oracle_chunk,8,0.0,64,64.0,0.3717314302921295,0.3849399983882904
1,1,oracle_chunk,8,0.0,128,128.0,0.49221131205558777,0.5982317328453064
1,1,oracle_chunk,8,0.0,256,256.0,0.619476318359375,0.8272530436515808
1,1,oracle_chunk,8,0.0,512,512.0,0.7437039017677307,0.9814801812171936
1,1,landmark,8,0.0,64,64.0,0.2683260142803192,0.2796979546546936
1,1,landmark,8,0.0,128,128.0,0.38073083758354187,0.4413364827632904
1,1,landmark,8,0.0,256,256.0,0.5142999291419983,0.622802734375
1,1,landmark,8,0.0,512,512.0,0.6508201956748962,0.7860804796218872
1,1,landmark,8,0.005,64,88.0,0.27217501401901245,0.2831508219242096
1,1,landmark,8,0.005,128,152.0,0.3845798671245575,0.4447893500328064
1,1,landmark,8,0.005,256,280.0,0.5181488394737244,0.6262555718421936
1,1,landmark,8,0.005,512,536.0,0.6547785401344299,0.7893415093421936
1,1,landmark,8,0.01,64,104.0,0.27412015199661255,0.2847377359867096
1,1,landmark,8,0.01,128,168.0,0.38653564453125,0.4464285671710968
1,1,landmark,8,0.01,256,296.0,0.5201183557510376,0.6280168890953064
1,1,landmark,8,0.01,512,552.0,0.6563072204589844,0.7905796766281128
1,1,landmark,8,0.02,64,144.0,0.2875511646270752,0.3011823296546936
1,1,landmark,8,0.02,128,208.0,0.3950822949409485,0.4558628499507904
1,1,landmark,8,0.02,256,336.0,0.5254738926887512,0.6333879828453064
1,1,landmark,8,0.02,512,592.0,0.6599637269973755,0.7931780219078064
1,1,landmark,8,0.05,64,264.0,0.31335845589637756,0.3279854953289032
1,1,landmark,8,0.05,128,328.0,0.4206407368183136,0.4820556640625
1,1,landmark,8,0.05,256,456.0,0.5487459301948547,0.6567557454109192
1,1,landmark,8,0.05,512,712.0,0.6791839599609375,0.8093785047531128
1,1,oracle_chunk,16,0.0,64,64.0,0.3333728313446045,0.3461565375328064
1,1,oracle_chunk,16,0.0,128,128.0,0.45464056730270386,0.5287039875984192
1,1,oracle_chunk,16,0.0,256,256.0,0.5848164558410645,0.7329973578453064
1,1,oracle_chunk,16,0.0,512,512.0,0.7134155035018921,0.9088483452796936
1,1,landmark,16,0.0,64,64.0,0.25474023818969727,0.2763846218585968
1,1,landmark,16,0.0,128,128.0,0.3663090169429779,0.4283970296382904
1,1,landmark,16,0.0,256,256.0,0.4962369501590729,0.6001499891281128
1,1,landmark,16,0.0,512,512.0,0.6376836895942688,0.7670201063156128
1,1,landmark,16,0.005,64,80.0,0.25655919313430786,0.2781110405921936
1,1,landmark,16,0.005,128,144.0,0.3681279718875885,0.4301234781742096
1,1,landmark,16,0.005,256,272.0,0.4980558454990387,0.6018763780593872
1,1,landmark,16,0.005,512,528.0,0.6395025849342346,0.7687464952468872
1,1,landmark,16,0.01,64,112.0,0.26183199882507324,0.2833426296710968
1,1,landmark,16,0.01,128,176.0,0.3734007179737091,0.4353550374507904
1,1,landmark,16,0.01,256,304.0,0.5034304261207581,0.6074044108390808
1,1,landmark,16,0.01,512,560.0,0.6445909142494202,0.773681640625
1,1,landmark,16,0.02,64,144.0,0.2681000232696533,0.2884521484375
1,1,landmark,16,0.02,128,208.0,0.379763126373291,0.4403076171875
1,1,landmark,16,0.02,256,336.0,0.5093153119087219,0.6117118000984192
1,1,landmark,16,0.02,512,592.0,0.65000981092453,0.7773786187171936
1,1,landmark,16,0.05,64,272.0,0.29930755496025085,0.3135986328125
1,1,landmark,16,0.05,128,336.0,0.4084276258945465,0.4642159640789032
1,1,landmark,16,0.05,256,464.0,0.5355669260025024,0.6341378092765808
1,1,landmark,16,0.05,512,720.0,0.6703951954841614,0.7923409342765808
1,1,oracle_chunk,32,0.0,64,64.0,0.29514750838279724,0.3135637640953064
1,1,oracle_chunk,32,0.0,128,128.0,0.41586756706237793,0.4784633219242096
1,1,oracle_chunk,32,0.0,256,256.0,0.5529932379722595,0.6698172688484192
1,1,oracle_chunk,32,0.0,512,512.0,0.6892991065979004,0.8497139811515808
1,1,landmark,32,0.0,64,64.0,0.24290789663791656,0.27587890625
1,1,landmark,32,0.0,128,128.0,0.3526861369609833,0.4200962483882904
1,1,landmark,32,0.0,256,256.0,0.48295000195503235,0.5827288031578064
1,1,landmark,32,0.0,512,512.0,0.6227722764015198,0.7469482421875
1,1,landmark,32,0.005,64,96.0,0.24656078219413757,0.2777273952960968
1,1,landmark,32,0.005,128,160.0,0.3563390076160431,0.4219447672367096
1,1,landmark,32,0.005,256,288.0,0.4866028428077698,0.5845772624015808
1,1,landmark,32,0.005,512,544.0,0.6264423727989197,0.7490409016609192
1,1,landmark,32,0.01,64,96.0,0.24656078219413757,0.2777273952960968
1,1,landmark,32,0.01,128,160.0,0.3563390076160431,0.4219447672367096
1,1,landmark,32,0.01,256,288.0,0.4866028428077698,0.5845772624015808
1,1,landmark,32,0.01,512,544.0,0.6264423727989197,0.7490409016609192
1,1,landmark,32,0.02,64,160.0,0.256721556186676,0.2866733968257904
1,1,landmark,32,0.02,128,224.0,0.36649981141090393,0.4308907687664032
1,1,landmark,32,0.02,256,352.0,0.49676355719566345,0.5935233235359192
1,1,landmark,32,0.02,512,608.0,0.6362208127975464,0.7575508952140808
1,1,landmark,32,0.05,64,256.0,0.2816280424594879,0.3086111843585968
1,1,landmark,32,0.05,128,320.0,0.3883703649044037,0.4525146484375
1,1,landmark,32,0.05,256,448.0,0.5144428014755249,0.6096366047859192
1,1,landmark,32,0.05,512,704.0,0.6517025828361511,0.7706822156906128
1,2,oracle_token,1,0.0,64,64.0,0.6173824667930603,1.0
1,2,oracle_token,1,0.0,128,128.0,0.7351632118225098,1.0
1,2,oracle_token,1,0.0,256,256.0,0.8369662165641785,1.0
1,2,oracle_token,1,0.0,512,512.0,0.917784571647644,1.0
1,2,oracle_chunk,4,0.0,64,64.0,0.4792812168598175,0.4881940484046936
1,2,oracle_chunk,4,0.0,128,128.0,0.6106888055801392,0.7627999186515808
1,2,oracle_chunk,4,0.0,256,256.0,0.7369737029075623,0.9907575249671936
1,2,oracle_chunk,4,0.0,512,512.0,0.8460282683372498,0.9999825358390808
1,2,landmark,4,0.0,64,64.0,0.3507324159145355,0.3369663655757904
1,2,landmark,4,0.0,128,128.0,0.48811420798301697,0.5328369140625
1,2,landmark,4,0.0,256,256.0,0.6305252909660339,0.7359793782234192
1,2,landmark,4,0.0,512,512.0,0.7612446546554565,0.8880266547203064
1,2,landmark,4,0.005,64,84.0,0.3579687178134918,0.3442208468914032
1,2,landmark,4,0.005,128,148.0,0.49348706007003784,0.5392194390296936
1,2,landmark,4,0.005,256,276.0,0.6336178779602051,0.7388218641281128
1,2,landmark,4,0.005,512,532.0,0.7631573677062988,0.8889334797859192
1,2,landmark,4,0.01,64,104.0,0.3754366338253021,0.3626360297203064
1,2,landmark,4,0.01,128,168.0,0.5052111148834229,0.5529610514640808
1,2,landmark,4,0.01,256,296.0,0.6398337483406067,0.7459193468093872
1,2,landmark,4,0.01,512,552.0,0.7663756012916565,0.891357421875
1,2,landmark,4,0.02,64,144.0,0.38166704773902893,0.3684605062007904
1,2,landmark,4,0.02,128,208.0,0.5110334157943726,0.5579833984375
1,2,landmark,4,0.02,256,336.0,0.6455183029174805,0.7505057454109192
1,2,landmark,4,0.02,512,592.0,0.7706341743469238,0.8938162922859192
1,2,landmark,4,0.05,64,264.0,0.41524460911750793,0.4066859781742096
1,2,landmark,4,0.05,128,328.0,0.5358114838600159,0.5860247015953064
1,2,landmark,4,0.05,256,456.0,0.6637236475944519,0.7670375108718872
1,2,landmark,4,0.05,512,712.0,0.7836193442344666,0.9010009765625
1,2,oracle_chunk,8,0.0,64,64.0,0.4284363090991974,0.4100167453289032
1,2,oracle_chunk,8,0.0,128,128.0,0.5593288540840149,0.6347481608390808
1,2,oracle_chunk,8,0.0,256,256.0,0.6920469999313354,0.8750523328781128
1,2,oracle_chunk,8,0.0,512,512.0,0.8111616373062134,0.9962158203125
1,2,landmark,8,0.0,64,64.0,0.31870147585868835,0.3028738796710968
1,2,landmark,8,0.0,128,128.0,0.44624000787734985,0.4745919406414032
1,2,landmark,8,0.0,256,256.0,0.5899788737297058,0.6696254014968872
1,2,landmark,8,0.0,512,512.0,0.7295815348625183,0.8410993218421936
1,2,landmark,8,0.005,64,88.0,0.32167139649391174,0.3050885796546936
1,2,landmark,8,0.005,128,152.0,0.44903209805488586,0.4764578640460968
1,2,landmark,8,0.005,256,280.0,0.5926234126091003,0.6715262532234192
1,2,landmark,8,0.005,512,536.0,0.7320274114608765,0.8424944281578064
1,2,landmark,8,0.01,64,104.0,0.33454057574272156,0.3173479437828064
1,2,landmark,8,0.01,128,168.0,0.45730748772621155,0.4852294921875
1,2,landmark,8,0.01,256,296.0,0.5971232056617737,0.6763043999671936
1,2,landmark,8,0.01,512,552.0,0.7340496182441711,0.84423828125
1,2,landmark,8,0.02,64,144.0,0.3363739550113678,0.3176095187664032
1,2,landmark,8,0.02,128,208.0,0.4592494070529938,0.4857526421546936
1,2,landmark,8,0.02,256,336.0,0.5989559292793274,0.6765660047531128
1,2,landmark,8,0.02,512,592.0,0.7359548211097717,0.8446219563484192
1,2,landmark,8,0.05,64,264.0,0.3743247091770172,0.3668212890625
1,2,landmark,8,0.05,128,328.0,0.4914555549621582,0.5257568359375
1,2,landmark,8,0.05,256,456.0,0.6224164962768555,0.7035435438156128
1,2,landmark,8,0.05,512,712.0,0.75150066614151,0.857421875
1,2,oracle_chunk,16,0.0,64,64.0,0.3801289498806,0.3521554172039032
1,2,oracle_chunk,16,0.0,128,128.0,0.5158148407936096,0.5548444390296936
1,2,oracle_chunk,16,0.0,256,256.0,0.6558837890625,0.7876673936843872
1,2,oracle_chunk,16,0.0,512,512.0,0.7840493321418762,0.9589669108390808
1,2,landmark,16,0.0,64,64.0,0.29434409737586975,0.2875278890132904
1,2,landmark,16,0.0,128,128.0,0.4215071499347687,0.4456089437007904
1,2,landmark,16,0.0,256,256.0,0.5584532022476196,0.6281214952468872
1,2,landmark,16,0.0,512,512.0,0.7028807401657104,0.8048270344734192
1,2,landmark,16,0.005,64,80.0,0.2950712740421295,0.2877545952796936
1,2,landmark,16,0.005,128,144.0,0.42223435640335083,0.4458356499671936
1,2,landmark,16,0.005,256,272.0,0.5591595768928528,0.6283133625984192
1,2,landmark,16,0.005,512,528.0,0.7039309740066528,0.8056640625
1,2,landmark,16,0.01,64,112.0,0.2973717153072357,0.2893589437007904
1,2,landmark,16,0.01,128,176.0,0.42453479766845703,0.4474399983882904
1,2,landmark,16,0.01,256,304.0,0.5615010857582092,0.6300397515296936
1,2,landmark,16,0.01,512,560.0,0.7060374021530151,0.8070417046546936
1,2,landmark,16,0.02,64,144.0,0.31512054800987244,0.3151506781578064
1,2,landmark,16,0.02,128,208.0,0.43649715185165405,0.4632045328617096
1,2,landmark,16,0.02,256,336.0,0.5680575966835022,0.6365792155265808
1,2,landmark,16,0.02,512,592.0,0.7102322578430176,0.810546875
1,2,landmark,16,0.05,64,272.0,0.3613560199737549,0.3638392984867096
1,2,landmark,16,0.05,128,336.0,0.469279021024704,0.4991280734539032
1,2,landmark,16,0.05,256,464.0,0.5933420062065125,0.6635567545890808
1,2,landmark,16,0.05,512,720.0,0.7300225496292114,0.8290492296218872
1,2,oracle_chunk,32,0.0,64,64.0,0.3399396240711212,0.3161795437335968
1,2,oracle_chunk,32,0.0,128,128.0,0.477389395236969,0.50537109375
1,2,oracle_chunk,32,0.0,256,256.0,0.6235147714614868,0.7257254719734192
1,2,oracle_chunk,32,0.0,512,512.0,0.7595534324645996,0.909423828125
1,2,landmark,32,0.0,64,64.0,0.28008371591567993,0.2764718234539032
1,2,landmark,32,0.0,128,128.0,0.3979380130767822,0.4263392984867096
1,2,landmark,32,0.0,256,256.0,0.5333927273750305,0.6007428765296936
1,2,landmark,32,0.0,512,512.0,0.6800190806388855,0.7781459093093872
1,2,landmark,32,0.005,64,96.0,0.2875027656555176,0.2851911187171936
1,2,landmark,32,0.005,128,160.0,0.40563103556632996,0.4355294406414032
1,2,landmark,32,0.005,256,288.0,0.5412249565124512,0.6100550889968872
1,2,landmark,32,0.005,512,544.0,0.6859877705574036,0.7840924859046936
1,2,landmark,32,0.01,64,96.0,0.2875027656555176,0.2851911187171936
1,2,landmark,32,0.01,128,160.0,0.40563103556632996,0.4355294406414032
1,2,landmark,32,0.01,256,288.0,0.5412249565124512,0.6100550889968872
1,2,landmark,32,0.01,512,544.0,0.6859877705574036,0.7840924859046936
1,2,landmark,32,0.02,64,160.0,0.29020145535469055,0.2858712375164032
1,2,landmark,32,0.02,128,224.0,0.40832966566085815,0.4362095296382904
1,2,landmark,32,0.02,256,352.0,0.543923556804657,0.6107352375984192
1,2,landmark,32,0.02,512,608.0,0.6889629364013672,0.7851737141609192
1,2,landmark,32,0.05,64,256.0,0.2954736649990082,0.2882952094078064
1,2,landmark,32,0.05,128,320.0,0.41360193490982056,0.4386335015296936
1,2,landmark,32,0.05,256,448.0,0.5491958260536194,0.6131591796875
1,2,landmark,32,0.05,512,704.0,0.6941952705383301,0.7875627875328064
1,3,oracle_token,1,0.0,64,64.0,0.8062054514884949,1.0
1,3,oracle_token,1,0.0,128,128.0,0.8646222949028015,1.0
1,3,oracle_token,1,0.0,256,256.0,0.9166348576545715,1.0
1,3,oracle_token,1,0.0,512,512.0,0.9563149809837341,1.0
1,3,oracle_chunk,4,0.0,64,64.0,0.7447047233581543,0.4693603515625
1,3,oracle_chunk,4,0.0,128,128.0,0.8035513162612915,0.7279924750328064
1,3,oracle_chunk,4,0.0,256,256.0,0.8636866807937622,0.9768763780593872
1,3,oracle_chunk,4,0.0,512,512.0,0.9194251298904419,0.9999825358390808
1,3,landmark,4,0.0,64,64.0,0.22167328000068665,0.28955078125
1,3,landmark,4,0.0,128,128.0,0.30281326174736023,0.4376046359539032
1,3,landmark,4,0.0,256,256.0,0.4404664635658264,0.6055036187171936
1,3,landmark,4,0.0,512,512.0,0.6215006709098816,0.7723912000656128
1,3,landmark,4,0.005,64,84.0,0.45995575189590454,0.30322265625
1,3,landmark,4,0.005,128,148.0,0.5174310207366943,0.4507358968257904
1,3,landmark,4,0.005,256,276.0,0.5956540703773499,0.6160888671875
1,3,landmark,4,0.005,512,532.0,0.7169022560119629,0.7805001139640808
1,3,landmark,4,0.01,64,104.0,0.46605199575424194,0.3173653781414032
1,3,landmark,4,0.01,128,168.0,0.5219708681106567,0.4614606499671936
1,3,landmark,4,0.01,256,296.0,0.599422812461853,0.6243896484375
1,3,landmark,4,0.01,512,552.0,0.7192611694335938,0.7855573296546936
1,3,landmark,4,0.02,64,144.0,0.469245046377182,0.3224225640296936
1,3,landmark,4,0.02,128,208.0,0.5247269868850708,0.4664132297039032
1,3,landmark,4,0.02,256,336.0,0.6023823618888855,0.6286097764968872
1,3,landmark,4,0.02,512,592.0,0.721579909324646,0.7886962890625
1,3,landmark,4,0.05,64,264.0,0.48983287811279297,0.3598807156085968
1,3,landmark,4,0.05,128,328.0,0.540261447429657,0.4996860921382904
1,3,landmark,4,0.05,256,456.0,0.6207432746887207,0.6569649577140808
1,3,landmark,4,0.05,512,712.0,0.7335706353187561,0.8099888563156128
1,3,oracle_chunk,8,0.0,64,64.0,0.7150737643241882,0.3645542562007904
1,3,oracle_chunk,8,0.0,128,128.0,0.774617612361908,0.5671910047531128
1,3,oracle_chunk,8,0.0,256,256.0,0.8358265161514282,0.7876499891281128
1,3,oracle_chunk,8,0.0,512,512.0,0.8952938318252563,0.9786376953125
1,3,landmark,8,0.0,64,64.0,0.1765127032995224,0.2616664469242096
1,3,landmark,8,0.0,128,128.0,0.2473028004169464,0.382080078125
1,3,landmark,8,0.0,256,256.0,0.35696548223495483,0.5330810546875
1,3,landmark,8,0.0,512,512.0,0.4677831828594208,0.6887730360031128
1,3,landmark,8,0.005,64,88.0,0.4396670162677765,0.2715541422367096
1,3,landmark,8,0.005,128,152.0,0.4887411892414093,0.3914271891117096
1,3,landmark,8,0.005,256,280.0,0.546292245388031,0.5414341688156128
1,3,landmark,8,0.005,512,536.0,0.6131266951560974,0.6950334906578064
1,3,landmark,8,0.01,64,104.0,0.4403727650642395,0.2726178765296936
1,3,landmark,8,0.01,128,168.0,0.4894469678401947,0.3924909234046936
1,3,landmark,8,0.01,256,296.0,0.5470519065856934,0.542724609375
1,3,landmark,8,0.01,512,552.0,0.6140004396438599,0.6971260905265808
1,3,landmark,8,0.02,64,144.0,0.4463229179382324,0.2850864827632904
1,3,landmark,8,0.02,128,208.0,0.49532991647720337,0.4053257405757904
1,3,landmark,8,0.02,256,336.0,0.552674412727356,0.5543910264968872
1,3,landmark,8,0.02,512,592.0,0.6190572381019592,0.7068219780921936
1,3,landmark,8,0.05,64,264.0,0.4592503011226654,0.3123081624507904
1,3,landmark,8,0.05,128,328.0,0.5056437253952026,0.4266183078289032
1,3,landmark,8,0.05,256,456.0,0.5622395873069763,0.5733817219734192
1,3,landmark,8,0.05,512,712.0,0.6268721222877502,0.7199183702468872
1,3,oracle_chunk,16,0.0,64,64.0,0.6839161515235901,0.2897426187992096
1,3,oracle_chunk,16,0.0,128,128.0,0.7469781041145325,0.4675641655921936
1,3,oracle_chunk,16,0.0,256,256.0,0.8108357191085815,0.6559186577796936
1,3,oracle_chunk,16,0.0,512,512.0,0.8733955025672913,0.8468192219734192
1,3,landmark,16,0.0,64,64.0,0.15121987462043762,0.253173828125
1,3,landmark,16,0.0,128,128.0,0.24904383718967438,0.35693359375
1,3,landmark,16,0.0,256,256.0,0.3185516893863678,0.4917166531085968
1,3,landmark,16,0.0,512,512.0,0.4390486180782318,0.6456822156906128
1,3,landmark,16,0.005,64,80.0,0.4289255738258362,0.2619280219078064
1,3,landmark,16,0.005,128,144.0,0.47676950693130493,0.3654436469078064
1,3,landmark,16,0.005,256,272.0,0.5308324098587036,0.4997907280921936
1,3,landmark,16,0.005,512,528.0,0.597029983997345,0.6515589952468872
1,3,landmark,16,0.01,64,112.0,0.4314862787723541,0.2665841281414032
1,3,landmark,16,0.01,128,176.0,0.47945666313171387,0.3703264594078064
1,3,landmark,16,0.01,256,304.0,0.5334821343421936,0.5044119954109192
1,3,landmark,16,0.01,512,560.0,0.5996316075325012,0.6559535264968872
1,3,landmark,16,0.02,64,144.0,0.4374500811100006,0.2772216796875
1,3,landmark,16,0.02,128,208.0,0.4854239523410797,0.3820103108882904
1,3,landmark,16,0.02,256,336.0,0.538925290107727,0.5145612359046936
1,3,landmark,16,0.02,512,592.0,0.603800892829895,0.663330078125
1,3,landmark,16,0.05,64,272.0,0.4638340175151825,0.3326764702796936
1,3,landmark,16,0.05,128,336.0,0.5032177567481995,0.4223109781742096
1,3,landmark,16,0.05,256,464.0,0.5546590685844421,0.5457589030265808
1,3,landmark,16,0.05,512,720.0,0.615350067615509,0.6859479546546936
1,3,oracle_chunk,32,0.0,64,64.0,0.6422550082206726,0.2108677476644516
1,3,oracle_chunk,32,0.0,128,128.0,0.7162392735481262,0.3833530843257904
1,3,oracle_chunk,32,0.0,256,256.0,0.7862786054611206,0.5657958984375
1,3,oracle_chunk,32,0.0,512,512.0,0.8546567559242249,0.7517787218093872
1,3,landmark,32,0.0,64,64.0,0.1401098519563675,0.2421700656414032
1,3,landmark,32,0.0,128,128.0,0.1884920448064804,0.3448311984539032
1,3,landmark,32,0.0,256,256.0,0.2531791031360626,0.4670235812664032
1,3,landmark,32,0.0,512,512.0,0.367588073015213,0.615234375
1,3,landmark,32,0.005,64,96.0,0.4317382872104645,0.2693568766117096
1,3,landmark,32,0.005,128,160.0,0.47897496819496155,0.3697161078453064
1,3,landmark,32,0.005,256,288.0,0.5285077095031738,0.4892055094242096
1,3,landmark,32,0.005,512,544.0,0.5914415717124939,0.6308245062828064
1,3,landmark,32,0.01,64,96.0,0.4317382872104645,0.2693568766117096
1,3,landmark,32,0.01,128,160.0,0.47897496819496155,0.3697161078453064
1,3,landmark,32,0.01,256,288.0,0.5285077095031738,0.4892055094242096
1,3,landmark,32,0.01,512,544.0,0.5914415717124939,0.6308245062828064
1,3,landmark,32,0.02,64,160.0,0.44071632623672485,0.2814069390296936
1,3,landmark,32,0.02,128,224.0,0.48795297741889954,0.3817661702632904
1,3,landmark,32,0.02,256,352.0,0.5372088551521301,0.5006626844406128
1,3,landmark,32,0.02,512,608.0,0.5993458032608032,0.6404157280921936
1,3,landmark,32,0.05,64,256.0,0.45952627062797546,0.3240269124507904
1,3,landmark,32,0.05,128,320.0,0.4992280602455139,0.4070347249507904
1,3,landmark,32,0.05,256,448.0,0.545396089553833,0.5173688530921936
1,3,landmark,32,0.05,512,704.0,0.6057862043380737,0.6549595594406128
1,4,oracle_token,1,0.0,64,64.0,0.7861025929450989,1.0
1,4,oracle_token,1,0.0,128,128.0,0.8461219072341919,1.0
1,4,oracle_token,1,0.0,256,256.0,0.9005697965621948,1.0
1,4,oracle_token,1,0.0,512,512.0,0.945084273815155,1.0
1,4,oracle_chunk,4,0.0,64,64.0,0.7318857908248901,0.5310407280921936
1,4,oracle_chunk,4,0.0,128,128.0,0.7993531823158264,0.8170166015625
1,4,oracle_chunk,4,0.0,256,256.0,0.8632253408432007,0.9893624186515808
1,4,oracle_chunk,4,0.0,512,512.0,0.9166046380996704,0.9999651312828064
1,4,landmark,4,0.0,64,64.0,0.16894450783729553,0.3513009250164032
1,4,landmark,4,0.0,128,128.0,0.24763290584087372,0.5519496202468872
1,4,landmark,4,0.0,256,256.0,0.34454184770584106,0.7564871907234192
1,4,landmark,4,0.0,512,512.0,0.498979777097702,0.9023960828781128
1,4,landmark,4,0.005,64,84.0,0.5231358408927917,0.3597586452960968
1,4,landmark,4,0.005,128,148.0,0.5948438048362732,0.5604771375656128
1,4,landmark,4,0.005,256,276.0,0.6781450510025024,0.7647530436515808
1,4,landmark,4,0.005,512,532.0,0.7978506088256836,0.9098075032234192
1,4,landmark,4,0.01,64,104.0,0.6807600259780884,0.3771798312664032
1,4,landmark,4,0.01,128,168.0,0.7450557351112366,0.5766426920890808
1,4,landmark,4,0.01,256,296.0,0.8157000541687012,0.7785993218421936
1,4,landmark,4,0.01,512,552.0,0.8788968920707703,0.9182652235031128
1,4,landmark,4,0.02,64,144.0,0.6853951215744019,0.3850446343421936
1,4,landmark,4,0.02,128,208.0,0.7497369647026062,0.5847516655921936
1,4,landmark,4,0.02,256,336.0,0.8192047476768494,0.7842842936515808
1,4,landmark,4,0.02,512,592.0,0.881504237651825,0.9214390516281128
1,4,landmark,4,0.05,64,264.0,0.6942586302757263,0.4043840765953064
1,4,landmark,4,0.05,128,328.0,0.7584517598152161,0.6024693250656128
1,4,landmark,4,0.05,256,456.0,0.8277048468589783,0.7993687391281128
1,4,landmark,4,0.05,512,712.0,0.8885399103164673,0.9299839735031128
1,4,oracle_chunk,8,0.0,64,64.0,0.7054182291030884,0.4309779703617096
1,4,oracle_chunk,8,0.0,128,128.0,0.7767522931098938,0.6921038031578064
1,4,oracle_chunk,8,0.0,256,256.0,0.846123218536377,0.9148821234703064
1,4,oracle_chunk,8,0.0,512,512.0,0.9021230936050415,0.9955880045890808
1,4,landmark,8,0.0,64,64.0,0.15249238908290863,0.3202601969242096
1,4,landmark,8,0.0,128,128.0,0.21495451033115387,0.5062779188156128
1,4,landmark,8,0.0,256,256.0,0.2894749939441681,0.7155064344406128
1,4,landmark,8,0.0,512,512.0,0.36043021082878113,0.871826171875
1,4,landmark,8,0.005,64,88.0,0.6692981123924255,0.3381173312664032
1,4,landmark,8,0.005,128,152.0,0.7318962812423706,0.5245012640953064
1,4,landmark,8,0.005,256,280.0,0.8063373565673828,0.7333112359046936
1,4,landmark,8,0.005,512,536.0,0.8696707487106323,0.8883231282234192
1,4,landmark,8,0.01,64,104.0,0.6715387105941772,0.34326171875
1,4,landmark,8,0.01,128,168.0,0.7340661287307739,0.5292271375656128
1,4,landmark,8,0.01,256,296.0,0.8086667656898499,0.7381940484046936
1,4,landmark,8,0.01,512,552.0,0.8713465332984924,0.8910435438156128
1,4,landmark,8,0.02,64,144.0,0.6751695275306702,0.3486502468585968
1,4,landmark,8,0.02,128,208.0,0.7378215193748474,0.5348772406578064
1,4,landmark,8,0.02,256,336.0,0.8120837211608887,0.7430943250656128
1,4,landmark,8,0.02,512,592.0,0.8744043707847595,0.8949671983718872
1,4,landmark,8,0.05,64,264.0,0.6821866631507874,0.3656703531742096
1,4,landmark,8,0.05,128,328.0,0.7446683645248413,0.5501883625984192
1,4,landmark,8,0.05,256,456.0,0.818881630897522,0.7568708062171936
1,4,landmark,8,0.05,512,712.0,0.8803911209106445,0.9043840765953064
1,4,oracle_chunk,16,0.0,64,64.0,0.679661750793457,0.3447091281414032
1,4,oracle_chunk,16,0.0,128,128.0,0.7551708817481995,0.5919538140296936
1,4,oracle_chunk,16,0.0,256,256.0,0.831346869468689,0.8311244249343872
1,4,oracle_chunk,16,0.0,512,512.0,0.8907836079597473,0.9659423828125
1,4,landmark,16,0.0,64,64.0,0.14751167595386505,0.3027169406414032
1,4,landmark,16,0.0,128,128.0,0.21134988963603973,0.4822823703289032
1,4,landmark,16,0.0,256,256.0,0.2846156656742096,0.6856864094734192
1,4,landmark,16,0.0,512,512.0,0.35425862669944763,0.8434709906578064
1,4,landmark,16,0.005,64,80.0,0.5086831450462341,0.3110177218914032
1,4,landmark,16,0.005,128,144.0,0.5725213289260864,0.4905831515789032
1,4,landmark,16,0.005,256,272.0,0.6457871794700623,0.6939871907234192
1,4,landmark,16,0.005,512,528.0,0.7154301404953003,0.8517717719078064
1,4,landmark,16,0.01,64,112.0,0.665036678314209,0.3204694390296936
1,4,landmark,16,0.01,128,176.0,0.7288748621940613,0.5000348687171936
1,4,landmark,16,0.01,256,304.0,0.8021406531333923,0.7034388780593872
1,4,landmark,16,0.01,512,560.0,0.8643682599067688,0.861083984375
1,4,landmark,16,0.02,64,144.0,0.6684396862983704,0.3276715874671936
1,4,landmark,16,0.02,128,208.0,0.732446551322937,0.5080915093421936
1,4,landmark,16,0.02,256,336.0,0.8060735464096069,0.7120884656906128
1,4,landmark,16,0.02,512,592.0,0.8679600954055786,0.8672572374343872
1,4,landmark,16,0.05,64,272.0,0.6804226636886597,0.3513357937335968
1,4,landmark,16,0.05,128,336.0,0.7441517114639282,0.5307791829109192
1,4,landmark,16,0.05,256,464.0,0.8157563805580139,0.7289515733718872
1,4,landmark,16,0.05,512,720.0,0.8746956586837769,0.8772321343421936
1,4,oracle_chunk,32,0.0,64,64.0,0.6401804089546204,0.2333112508058548
1,4,oracle_chunk,32,0.0,128,128.0,0.7264165878295898,0.4804164469242096
1,4,oracle_chunk,32,0.0,256,256.0,0.8135926127433777,0.7421875
1,4,oracle_chunk,32,0.0,512,512.0,0.8801508545875549,0.9185965657234192
1,4,landmark,32,0.0,64,64.0,0.13936173915863037,0.2700718343257904
1,4,landmark,32,0.0,128,128.0,0.20023715496063232,0.4400809109210968
1,4,landmark,32,0.0,256,256.0,0.2787798345088959,0.6507219672203064
1,4,landmark,32,0.0,512,512.0,0.35152551531791687,0.8212193250656128
1,4,landmark,32,0.005,64,96.0,0.6557389497756958,0.2859061062335968
1,4,landmark,32,0.005,128,160.0,0.7166143655776978,0.4559151828289032
1,4,landmark,32,0.005,256,288.0,0.7951570749282837,0.6665562391281128
1,4,landmark,32,0.005,512,544.0,0.8605125546455383,0.8369140625
1,4,landmark,32,0.01,64,96.0,0.6557389497756958,0.2859061062335968
1,4,landmark,32,0.01,128,160.0,0.7166143655776978,0.4559151828289032
1,4,landmark,32,0.01,256,288.0,0.7951570749282837,0.6665562391281128
1,4,landmark,32,0.01,512,544.0,0.8605125546455383,0.8369140625
1,4,landmark,32,0.02,64,160.0,0.6584985852241516,0.2937534749507904
1,4,landmark,32,0.02,128,224.0,0.7193604111671448,0.4636404812335968
1,4,landmark,32,0.02,256,352.0,0.7977518439292908,0.6729387640953064
1,4,landmark,32,0.02,512,608.0,0.8630842566490173,0.8425990343093872
1,4,landmark,32,0.05,64,256.0,0.6692070960998535,0.3316476047039032
1,4,landmark,32,0.05,128,320.0,0.7279724478721619,0.4925537109375
1,4,landmark,32,0.05,256,448.0,0.8052687644958496,0.6942836046218872
1,4,landmark,32,0.05,512,704.0,0.8689368367195129,0.8544398546218872
1,5,oracle_token,1,0.0,64,64.0,0.7737700343132019,1.0
1,5,oracle_token,1,0.0,128,128.0,0.830723226070404,1.0
1,5,oracle_token,1,0.0,256,256.0,0.886044442653656,1.0
1,5,oracle_token,1,0.0,512,512.0,0.9346169233322144,1.0
1,5,oracle_chunk,4,0.0,64,64.0,0.7153822779655457,0.4976632297039032
1,5,oracle_chunk,4,0.0,128,128.0,0.7750402688980103,0.7739955186843872
1,5,oracle_chunk,4,0.0,256,256.0,0.8370744585990906,0.97998046875
1,5,oracle_chunk,4,0.0,512,512.0,0.8963809609413147,0.9999476671218872
1,5,landmark,4,0.0,64,64.0,0.358987033367157,0.2953578531742096
1,5,landmark,4,0.0,128,128.0,0.5056124329566956,0.4695347249507904
1,5,landmark,4,0.0,256,256.0,0.6550761461257935,0.6705147624015808
1,5,landmark,4,0.0,512,512.0,0.7571168541908264,0.8366524577140808
1,5,landmark,4,0.005,64,84.0,0.6536120176315308,0.3131277859210968
1,5,landmark,4,0.005,128,148.0,0.7054336667060852,0.4850376546382904
1,5,landmark,4,0.005,256,276.0,0.7698593735694885,0.6802629828453064
1,5,landmark,4,0.005,512,532.0,0.8384444117546082,0.8428257703781128
1,5,landmark,4,0.01,64,104.0,0.6579068899154663,0.3246372640132904
1,5,landmark,4,0.01,128,168.0,0.7096063494682312,0.4961635172367096
1,5,landmark,4,0.01,256,296.0,0.7734435200691223,0.6888602375984192
1,5,landmark,4,0.01,512,552.0,0.8409233093261719,0.8474469780921936
1,5,landmark,4,0.02,64,144.0,0.6623736619949341,0.33447265625
1,5,landmark,4,0.02,128,208.0,0.7138912081718445,0.5057024359703064
1,5,landmark,4,0.02,256,336.0,0.7775619626045227,0.6972307562828064
1,5,landmark,4,0.02,512,592.0,0.8445730209350586,0.8542131781578064
1,5,landmark,4,0.05,64,264.0,0.6750363707542419,0.3571254312992096
1,5,landmark,4,0.05,128,328.0,0.7267783284187317,0.5285121202468872
1,5,landmark,4,0.05,256,456.0,0.7901225686073303,0.7183663249015808
1,5,landmark,4,0.05,512,712.0,0.8558236956596375,0.8711460828781128
1,5,oracle_chunk,8,0.0,64,64.0,0.6853793263435364,0.3837018609046936
1,5,oracle_chunk,8,0.0,128,128.0,0.7461442947387695,0.6229422688484192
1,5,oracle_chunk,8,0.0,256,256.0,0.8107036352157593,0.8585379719734192
1,5,oracle_chunk,8,0.0,512,512.0,0.8739576935768127,0.9875313639640808
1,5,landmark,8,0.0,64,64.0,0.13286279141902924,0.2656598687171936
1,5,landmark,8,0.0,128,128.0,0.22666475176811218,0.4212820827960968
1,5,landmark,8,0.0,256,256.0,0.39942342042922974,0.6117292046546936
1,5,landmark,8,0.0,512,512.0,0.6020253300666809,0.7837262749671936
1,5,landmark,8,0.005,64,88.0,0.6426239013671875,0.2845982015132904
1,5,landmark,8,0.005,128,152.0,0.6924148201942444,0.4394008219242096
1,5,landmark,8,0.005,256,280.0,0.7549548745155334,0.6279645562171936
1,5,landmark,8,0.005,512,536.0,0.8221706748008728,0.7945033311843872
1,5,landmark,8,0.01,64,104.0,0.6443632245063782,0.2882428765296936
1,5,landmark,8,0.01,128,168.0,0.6941109895706177,0.4429582953453064
1,5,landmark,8,0.01,256,296.0,0.7566809058189392,0.6313127875328064
1,5,landmark,8,0.01,512,552.0,0.8237828016281128,0.7974330186843872
1,5,landmark,8,0.02,64,144.0,0.6473407745361328,0.2925676703453064
1,5,landmark,8,0.02,128,208.0,0.6971058249473572,0.4473179280757904
1,5,landmark,8,0.02,256,336.0,0.7596615552902222,0.6355677843093872
1,5,landmark,8,0.02,512,592.0,0.8267466425895691,0.8015485405921936
1,5,landmark,8,0.05,64,264.0,0.6604889631271362,0.3208182156085968
1,5,landmark,8,0.05,128,328.0,0.7101683020591736,0.4740164577960968
1,5,landmark,8,0.05,256,456.0,0.7722522020339966,0.6599818468093872
1,5,landmark,8,0.05,512,712.0,0.8377148509025574,0.8201032280921936
1,5,oracle_chunk,16,0.0,64,64.0,0.6575961112976074,0.303955078125
1,5,oracle_chunk,16,0.0,128,128.0,0.7227484583854675,0.5262974500656128
1,5,oracle_chunk,16,0.0,256,256.0,0.7906706929206848,0.7606898546218872
1,5,oracle_chunk,16,0.0,512,512.0,0.855993390083313,0.926025390625
1,5,landmark,16,0.0,64,64.0,0.11702560633420944,0.2450125515460968
1,5,landmark,16,0.0,128,128.0,0.17076559364795685,0.4011056125164032
1,5,landmark,16,0.0,256,256.0,0.236229807138443,0.5877510905265808
1,5,landmark,16,0.0,512,512.0,0.4190921485424042,0.7598353624343872
1,5,landmark,16,0.005,64,80.0,0.6321669220924377,0.2625732421875
1,5,landmark,16,0.005,128,144.0,0.6859068870544434,0.4186663031578064
1,5,landmark,16,0.005,256,272.0,0.7481306195259094,0.6053466796875
1,5,landmark,16,0.005,512,528.0,0.8135186433792114,0.7740129828453064
1,5,landmark,16,0.01,64,112.0,0.6342325210571289,0.2654157280921936
1,5,landmark,16,0.01,128,176.0,0.6879724860191345,0.4215087890625
1,5,landmark,16,0.01,256,304.0,0.7501961588859558,0.6081891655921936
1,5,landmark,16,0.01,512,560.0,0.8155904412269592,0.7769252061843872
1,5,landmark,16,0.02,64,144.0,0.6367806196212769,0.2695661187171936
1,5,landmark,16,0.02,128,208.0,0.6904735565185547,0.4256940484046936
1,5,landmark,16,0.02,256,336.0,0.7528380155563354,0.6126883625984192
1,5,landmark,16,0.02,512,592.0,0.8180608749389648,0.7807965874671936
1,5,landmark,16,0.05,64,272.0,0.6456030011177063,0.2815290093421936
1,5,landmark,16,0.05,128,336.0,0.6993135213851929,0.4378313422203064
1,5,landmark,16,0.05,256,464.0,0.7616661787033081,0.6247733235359192
1,5,landmark,16,0.05,512,720.0,0.8268136382102966,0.7928990125656128
1,5,oracle_chunk,32,0.0,64,64.0,0.6181677579879761,0.2033865749835968
1,5,oracle_chunk,32,0.0,128,128.0,0.6914891004562378,0.4228864312171936
1,5,oracle_chunk,32,0.0,256,256.0,0.767678439617157,0.6693463921546936
1,5,oracle_chunk,32,0.0,512,512.0,0.8395220637321472,0.8634905219078064
1,5,landmark,32,0.0,64,64.0,0.10138042271137238,0.2158551961183548
1,5,landmark,32,0.0,128,128.0,0.15802042186260223,0.3705706000328064
1,5,landmark,32,0.0,256,256.0,0.2237120419740677,0.5573381781578064
1,5,landmark,32,0.0,512,512.0,0.3049788475036621,0.7385951280593872
1,5,landmark,32,0.005,64,96.0,0.6176807284355164,0.2352469265460968
1,5,landmark,32,0.005,128,160.0,0.6743207573890686,0.3899623453617096
1,5,landmark,32,0.005,256,288.0,0.7400123476982117,0.5767298936843872
1,5,landmark,32,0.005,512,544.0,0.8091722130775452,0.7573765516281128
1,5,landmark,32,0.01,64,96.0,0.6176807284355164,0.2352469265460968
1,5,landmark,32,0.01,128,160.0,0.6743207573890686,0.3899623453617096
1,5,landmark,32,0.01,256,288.0,0.7400123476982117,0.5767298936843872
1,5,landmark,32,0.01,512,544.0,0.8091722130775452,0.7573765516281128
1,5,landmark,32,0.02,64,160.0,0.6209069490432739,0.2388741672039032
1,5,landmark,32,0.02,128,224.0,0.6775469779968262,0.3935895562171936
1,5,landmark,32,0.02,256,352.0,0.7432385087013245,0.5803571343421936
1,5,landmark,32,0.02,512,608.0,0.812439501285553,0.7611432671546936
1,5,landmark,32,0.05,64,256.0,0.6258408427238464,0.2469133585691452
1,5,landmark,32,0.05,128,320.0,0.682540774345398,0.4018206000328064
1,5,landmark,32,0.05,256,448.0,0.7483627200126648,0.5888671875
1,5,landmark,32,0.05,512,704.0,0.817325234413147,0.7678571343421936
1,6,oracle_token,1,0.0,64,64.0,0.787943959236145,1.0
1,6,oracle_token,1,0.0,128,128.0,0.8427325487136841,1.0
1,6,oracle_token,1,0.0,256,256.0,0.8947964310646057,1.0
1,6,oracle_token,1,0.0,512,512.0,0.9397430419921875,1.0
1,6,oracle_chunk,4,0.0,64,64.0,0.7481316924095154,0.5686558485031128
1,6,oracle_chunk,4,0.0,128,128.0,0.8076819181442261,0.8359898328781128
1,6,oracle_chunk,4,0.0,256,256.0,0.8654794096946716,0.9926932454109192
1,6,oracle_chunk,4,0.0,512,512.0,0.9178200364112854,1.0
1,6,landmark,4,0.0,64,64.0,0.19625471532344818,0.3907819390296936
1,6,landmark,4,0.0,128,128.0,0.27540111541748047,0.578369140625
1,6,landmark,4,0.0,256,256.0,0.40218767523765564,0.7631138563156128
1,6,landmark,4,0.0,512,512.0,0.6106582283973694,0.8953334093093872
1,6,landmark,4,0.005,64,84.0,0.6988135576248169,0.4088483452796936
1,6,landmark,4,0.005,128,148.0,0.7548109292984009,0.5958077311515808
1,6,landmark,4,0.005,256,276.0,0.8177540898323059,0.7787213921546936
1,6,landmark,4,0.005,512,532.0,0.8791698813438416,0.9059535264968872
1,6,landmark,4,0.01,64,104.0,0.7004941701889038,0.4126674234867096
1,6,landmark,4,0.01,128,168.0,0.7565091252326965,0.5996442437171936
1,6,landmark,4,0.01,256,296.0,0.8194839358329773,0.7825055718421936
1,6,landmark,4,0.01,512,552.0,0.8807569146156311,0.9090052843093872
1,6,landmark,4,0.02,64,144.0,0.7034193873405457,0.4195382297039032
1,6,landmark,4,0.02,128,208.0,0.7590678334236145,0.6055036187171936
1,6,landmark,4,0.02,256,336.0,0.8219361901283264,0.7875627875328064
1,6,landmark,4,0.02,512,592.0,0.8828969597816467,0.9125801920890808
1,6,landmark,4,0.05,64,264.0,0.7166361212730408,0.4393833577632904
1,6,landmark,4,0.05,128,328.0,0.7712703943252563,0.6247733235359192
1,6,landmark,4,0.05,256,456.0,0.8322508931159973,0.8035191297531128
1,6,landmark,4,0.05,512,712.0,0.8903049826622009,0.9214390516281128
1,6,oracle_chunk,8,0.0,64,64.0,0.725951611995697,0.4680698812007904
1,6,oracle_chunk,8,0.0,128,128.0,0.7893434166908264,0.7121233344078064
1,6,oracle_chunk,8,0.0,256,256.0,0.8512293696403503,0.9133824110031128
1,6,oracle_chunk,8,0.0,512,512.0,0.9069128036499023,0.9969133734703064
1,6,landmark,8,0.0,64,64.0,0.1755327433347702,0.3593924343585968
1,6,landmark,8,0.0,128,128.0,0.23568129539489746,0.5391671061515808
1,6,landmark,8,0.0,256,256.0,0.30760541558265686,0.7145472764968872
1,6,landmark,8,0.0,512,512.0,0.42977768182754517,0.8509870171546936
1,6,landmark,8,0.005,64,88.0,0.6900110840797424,0.3771798312664032
1,6,landmark,8,0.005,128,152.0,0.7463107705116272,0.5569370985031128
1,6,landmark,8,0.005,256,280.0,0.8087902665138245,0.7320033311843872
1,6,landmark,8,0.005,512,536.0,0.8693287968635559,0.8663330078125
1,6,landmark,8,0.01,64,104.0,0.6913920044898987,0.3805280327796936
1,6,landmark,8,0.01,128,168.0,0.7477954626083374,0.5604248046875
1,6,landmark,8,0.01,256,296.0,0.8102082014083862,0.7353515625
1,6,landmark,8,0.01,512,552.0,0.8705568313598633,0.8689662218093872
1,6,landmark,8,0.02,64,144.0,0.6935930252075195,0.3841552734375
1,6,landmark,8,0.02,128,208.0,0.7500845193862915,0.5642264485359192
1,6,landmark,8,0.02,256,336.0,0.8124938607215881,0.7388218641281128
1,6,landmark,8,0.02,512,592.0,0.8728459477424622,0.8721226453781128
1,6,landmark,8,0.05,64,264.0,0.6999393701553345,0.3963448703289032
1,6,landmark,8,0.05,128,328.0,0.7564093470573425,0.5762242078781128
1,6,landmark,8,0.05,256,456.0,0.8188363909721375,0.7507847547531128
1,6,landmark,8,0.05,512,712.0,0.878751814365387,0.8822893500328064
1,6,oracle_chunk,16,0.0,64,64.0,0.7007723450660706,0.3806850016117096
1,6,oracle_chunk,16,0.0,128,128.0,0.7715989947319031,0.62548828125
1,6,oracle_chunk,16,0.0,256,256.0,0.8383793234825134,0.8324149250984192
1,6,oracle_chunk,16,0.0,512,512.0,0.8973559141159058,0.961181640625
1,6,landmark,16,0.0,64,64.0,0.17205823957920074,0.3489292562007904
1,6,landmark,16,0.0,128,128.0,0.22984561324119568,0.5174385905265808
1,6,landmark,16,0.0,256,256.0,0.2911054193973541,0.6912318468093872
1,6,landmark,16,0.0,512,512.0,0.3640842139720917,0.8250557780265808
1,6,landmark,16,0.005,64,80.0,0.6859623789787292,0.3648855984210968
1,6,landmark,16,0.005,128,144.0,0.743749737739563,0.5333949327468872
1,6,landmark,16,0.005,256,272.0,0.8050095438957214,0.7071881890296936
1,6,landmark,16,0.005,512,528.0,0.8637261986732483,0.8403668999671936
1,6,landmark,16,0.01,64,112.0,0.687701404094696,0.3681117594242096
1,6,landmark,16,0.01,128,176.0,0.7454887628555298,0.53662109375
1,6,landmark,16,0.01,256,304.0,0.8067486882209778,0.7104143500328064
1,6,landmark,16,0.01,512,560.0,0.8654318451881409,0.8436627984046936
1,6,landmark,16,0.02,64,144.0,0.6889153718948364,0.3706229031085968
1,6,landmark,16,0.02,128,208.0,0.7467026710510254,0.5391322374343872
1,6,landmark,16,0.02,256,336.0,0.8080338835716248,0.7130475640296936
1,6,landmark,16,0.02,512,592.0,0.8667892813682556,0.8458600640296936
1,6,landmark,16,0.05,64,272.0,0.6946946978569031,0.3784877359867096
1,6,landmark,16,0.05,128,336.0,0.7524821162223816,0.5469970703125
1,6,landmark,16,0.05,256,464.0,0.8138132095336914,0.7209123969078064
1,6,landmark,16,0.05,512,720.0,0.8726381063461304,0.8538295030593872
1,6,oracle_chunk,32,0.0,64,64.0,0.6603513956069946,0.2713971734046936
1,6,oracle_chunk,32,0.0,128,128.0,0.7434911131858826,0.5182582139968872
1,6,oracle_chunk,32,0.0,256,256.0,0.8210956454277039,0.7501046061515808
1,6,oracle_chunk,32,0.0,512,512.0,0.8864017724990845,0.9066162109375
1,6,landmark,32,0.0,64,64.0,0.16234266757965088,0.3175048828125
1,6,landmark,32,0.0,128,128.0,0.22107519209384918,0.4819161593914032
1,6,landmark,32,0.0,256,256.0,0.28742051124572754,0.6594761610031128
1,6,landmark,32,0.0,512,512.0,0.3506767749786377,0.7975376844406128
1,6,landmark,32,0.005,64,96.0,0.6767789721488953,0.3337228000164032
1,6,landmark,32,0.005,128,160.0,0.7355114817619324,0.4981340765953064
1,6,landmark,32,0.005,256,288.0,0.8018566966056824,0.6756940484046936
1,6,landmark,32,0.005,512,544.0,0.8601607084274292,0.8135637640953064
1,6,landmark,32,0.01,64,96.0,0.6767789721488953,0.3337228000164032
1,6,landmark,32,0.01,128,160.0,0.7355114817619324,0.4981340765953064
1,6,landmark,32,0.01,256,288.0,0.8018566966056824,0.6756940484046936
1,6,landmark,32,0.01,512,544.0,0.8601607084274292,0.8135637640953064
1,6,landmark,32,0.02,64,160.0,0.6797479391098022,0.3380475640296936
1,6,landmark,32,0.02,128,224.0,0.7386480569839478,0.5027378797531128
1,6,landmark,32,0.02,256,352.0,0.8048776984214783,0.6800362467765808
1,6,landmark,32,0.02,512,608.0,0.863207221031189,0.8174874186515808
1,6,landmark,32,0.05,64,256.0,0.688120424747467,0.3549281656742096
1,6,landmark,32,0.05,128,320.0,0.747097909450531,0.5197056531906128
1,6,landmark,32,0.05,256,448.0,0.8133753538131714,0.6969866156578064
1,6,landmark,32,0.05,512,704.0,0.8709872961044312,0.8305838704109192
1,7,oracle_token,1,0.0,64,64.0,0.9490830302238464,1.0
1,7,oracle_token,1,0.0,128,128.0,0.9648400545120239,1.0
1,7,oracle_token,1,0.0,256,256.0,0.9780108332633972,1.0
1,7,oracle_token,1,0.0,512,512.0,0.9883689880371094,1.0
1,7,oracle_chunk,4,0.0,64,64.0,0.9325079917907715,0.5554024577140808
1,7,oracle_chunk,4,0.0,128,128.0,0.9515619277954102,0.8416399359703064
1,7,oracle_chunk,4,0.0,256,256.0,0.9678798317909241,0.9953089952468872
1,7,oracle_chunk,4,0.0,512,512.0,0.9815152287483215,1.0
1,7,landmark,4,0.0,64,64.0,0.21241642534732819,0.3734653890132904
1,7,landmark,4,0.0,128,128.0,0.31224480271339417,0.5522635579109192
1,7,landmark,4,0.0,256,256.0,0.4191090166568756,0.7342703938484192
1,7,landmark,4,0.0,512,512.0,0.6514765620231628,0.8786446452140808
1,7,landmark,4,0.005,64,84.0,0.9003955721855164,0.3897879421710968
1,7,landmark,4,0.005,128,148.0,0.9230532646179199,0.5676792860031128
1,7,landmark,4,0.005,256,276.0,0.9442232847213745,0.7473667860031128
1,7,landmark,4,0.005,512,532.0,0.9651776552200317,0.8861432671546936
1,7,landmark,4,0.01,64,104.0,0.9008163809776306,0.3930838406085968
1,7,landmark,4,0.01,128,168.0,0.9234140515327454,0.5705741047859192
1,7,landmark,4,0.01,256,296.0,0.9445090889930725,0.7491803765296936
1,7,landmark,4,0.01,512,552.0,0.9653699994087219,0.8871198296546936
1,7,landmark,4,0.02,64,144.0,0.9027921557426453,0.4046805202960968
1,7,landmark,4,0.02,128,208.0,0.9249554872512817,0.5815081000328064
1,7,landmark,4,0.02,256,336.0,0.9458609223365784,0.7580391764640808
1,7,landmark,4,0.02,512,592.0,0.966212272644043,0.891845703125
1,7,landmark,4,0.05,64,264.0,0.9081911444664001,0.4327566921710968
1,7,landmark,4,0.05,128,328.0,0.9282737374305725,0.6047014594078064
1,7,landmark,4,0.05,256,456.0,0.9484004974365234,0.7740129828453064
1,7,landmark,4,0.05,512,712.0,0.9680589437484741,0.9003382921218872
1,7,oracle_chunk,8,0.0,64,64.0,0.9207571148872375,0.44140625
1,7,oracle_chunk,8,0.0,128,128.0,0.943023145198822,0.6944231390953064
1,7,oracle_chunk,8,0.0,256,256.0,0.9615626931190491,0.9172537922859192
1,7,oracle_chunk,8,0.0,512,512.0,0.9769797921180725,0.9975934624671936
1,7,landmark,8,0.0,64,64.0,0.15582971274852753,0.3402622640132904
1,7,landmark,8,0.0,128,128.0,0.2146698534488678,0.4965471625328064
1,7,landmark,8,0.0,256,256.0,0.3179236948490143,0.6712297797203064
1,7,landmark,8,0.0,512,512.0,0.41454583406448364,0.8264683485031128
1,7,landmark,8,0.005,64,88.0,0.8960761427879333,0.3598807156085968
1,7,landmark,8,0.005,128,152.0,0.9149217009544373,0.5155203938484192
1,7,landmark,8,0.005,256,280.0,0.938502848148346,0.6878662109375
1,7,landmark,8,0.005,512,536.0,0.9591741561889648,0.8398088812828064
1,7,landmark,8,0.01,64,104.0,0.8965176343917847,0.3627232015132904
1,7,landmark,8,0.01,128,168.0,0.9154224991798401,0.5189557671546936
1,7,landmark,8,0.01,256,296.0,0.9389165639877319,0.6906912922859192
1,7,landmark,8,0.01,512,552.0,0.9595945477485657,0.8421456217765808
1,7,landmark,8,0.02,64,144.0,0.8980570435523987,0.375
1,7,landmark,8,0.02,128,208.0,0.916885256767273,0.5303606390953064
1,7,landmark,8,0.02,256,336.0,0.9400221705436707,0.6996024250984192
1,7,landmark,8,0.02,512,592.0,0.9603872299194336,0.8470110297203064
1,7,landmark,8,0.05,64,264.0,0.9002089500427246,0.391357421875
1,7,landmark,8,0.05,128,328.0,0.9188448786735535,0.5439453125
1,7,landmark,8,0.05,256,456.0,0.9418326616287231,0.7108328938484192
1,7,landmark,8,0.05,512,712.0,0.961837887763977,0.8545445203781128
1,7,oracle_chunk,16,0.0,64,64.0,0.9051023721694946,0.33935546875
1,7,oracle_chunk,16,0.0,128,128.0,0.9326247572898865,0.5738350749015808
1,7,oracle_chunk,16,0.0,256,256.0,0.9544157981872559,0.8074776530265808
1,7,oracle_chunk,16,0.0,512,512.0,0.9720854759216309,0.9612688422203064
1,7,landmark,16,0.0,64,64.0,0.13584640622138977,0.3002057671546936
1,7,landmark,16,0.0,128,128.0,0.1633298546075821,0.4453997015953064
1,7,landmark,16,0.0,256,256.0,0.20841947197914124,0.6113804578781128
1,7,landmark,16,0.0,512,512.0,0.35295701026916504,0.7806047797203064
1,7,landmark,16,0.005,64,80.0,0.8861328363418579,0.3165457546710968
1,7,landmark,16,0.005,128,144.0,0.9068285822868347,0.4618791937828064
1,7,landmark,16,0.005,256,272.0,0.9312642812728882,0.6275286078453064
1,7,landmark,16,0.005,512,528.0,0.9534206390380859,0.7947998046875
1,7,landmark,16,0.01,64,112.0,0.8864150643348694,0.3184291422367096
1,7,landmark,16,0.01,128,176.0,0.9071107506752014,0.4637625515460968
1,7,landmark,16,0.01,256,304.0,0.9315733313560486,0.6294991374015808
1,7,landmark,16,0.01,512,560.0,0.9537214040756226,0.7967354655265808
1,7,landmark,16,0.02,64,144.0,0.8867328763008118,0.3199288547039032
1,7,landmark,16,0.02,128,208.0,0.9074285626411438,0.4652622640132904
1,7,landmark,16,0.02,256,336.0,0.9318990111351013,0.6311209797859192
1,7,landmark,16,0.02,512,592.0,0.9540511965751648,0.7982701063156128
1,7,landmark,16,0.05,64,272.0,0.8948937058448792,0.3714948296546936
1,7,landmark,16,0.05,128,336.0,0.9136630892753601,0.5050397515296936
1,7,landmark,16,0.05,256,464.0,0.9364632368087769,0.6598423719406128
1,7,landmark,16,0.05,512,720.0,0.9567875266075134,0.8154296875
1,7,oracle_chunk,32,0.0,64,64.0,0.8733639717102051,0.2118443101644516
1,7,oracle_chunk,32,0.0,128,128.0,0.9157429933547974,0.4375348687171936
1,7,oracle_chunk,32,0.0,256,256.0,0.9438813328742981,0.6800362467765808
1,7,oracle_chunk,32,0.0,512,512.0,0.9656184315681458,0.8815220594406128
1,7,landmark,32,0.0,64,64.0,0.12738507986068726,0.2625558078289032
1,7,landmark,32,0.0,128,128.0,0.14824549853801727,0.3933279812335968
1,7,landmark,32,0.0,256,256.0,0.19300268590450287,0.5528739094734192
1,7,landmark,32,0.0,512,512.0,0.31125739216804504,0.7272774577140808
1,7,landmark,32,0.005,64,96.0,0.8777690529823303,0.2796456515789032
1,7,landmark,32,0.005,128,160.0,0.8986294865608215,0.4104178249835968
1,7,landmark,32,0.005,256,288.0,0.9220722317695618,0.5696846842765808
1,7,landmark,32,0.005,512,544.0,0.9467941522598267,0.7426583170890808
1,7,landmark,32,0.01,64,96.0,0.8777690529823303,0.2796456515789032
1,7,landmark,32,0.01,128,160.0,0.8986294865608215,0.4104178249835968
1,7,landmark,32,0.01,256,288.0,0.9220722317695618,0.5696846842765808
1,7,landmark,32,0.01,512,544.0,0.9467941522598267,0.7426583170890808
1,7,landmark,32,0.02,64,160.0,0.8816393613815308,0.3130929172039032
1,7,landmark,32,0.02,128,224.0,0.9020795226097107,0.4394879937171936
1,7,landmark,32,0.02,256,352.0,0.9248979687690735,0.5905413031578064
1,7,landmark,32,0.02,512,608.0,0.9488493800163269,0.7558768391609192
1,7,landmark,32,0.05,64,256.0,0.8903525471687317,0.3527309000492096
1,7,landmark,32,0.05,128,320.0,0.9102360606193542,0.4757777750492096
1,7,landmark,32,0.05,256,448.0,0.9319389462471008,0.6226631999015808
1,7,landmark,32,0.05,512,704.0,0.9523192048072815,0.7770124077796936
1,8,oracle_token,1,0.0,64,64.0,0.8794628381729126,1.0
1,8,oracle_token,1,0.0,128,128.0,0.9180970788002014,1.0
1,8,oracle_token,1,0.0,256,256.0,0.9497997164726257,1.0
1,8,oracle_token,1,0.0,512,512.0,0.972989559173584,1.0
1,8,oracle_chunk,4,0.0,64,64.0,0.8397948145866394,0.5091378092765808
1,8,oracle_chunk,4,0.0,128,128.0,0.8880730271339417,0.7936314344406128
1,8,oracle_chunk,4,0.0,256,256.0,0.9297463297843933,0.9959542155265808
1,8,oracle_chunk,4,0.0,512,512.0,0.9609763026237488,1.0
1,8,landmark,4,0.0,64,64.0,0.2987842857837677,0.3433837890625
1,8,landmark,4,0.0,128,128.0,0.3953247666358948,0.5161656141281128
1,8,landmark,4,0.0,256,256.0,0.5169955492019653,0.6964808702468872
1,8,landmark,4,0.0,512,512.0,0.6435034871101379,0.8480747938156128
1,8,landmark,4,0.005,64,84.0,0.6394955515861511,0.3586251437664032
1,8,landmark,4,0.005,128,148.0,0.6946757435798645,0.5304478406906128
1,8,landmark,4,0.005,256,276.0,0.7586191892623901,0.7079206109046936
1,8,landmark,4,0.005,512,532.0,0.8230230212211609,0.856201171875
1,8,landmark,4,0.01,64,104.0,0.7549418210983276,0.3765346109867096
1,8,landmark,4,0.01,128,168.0,0.8099877238273621,0.5478166937828064
1,8,landmark,4,0.01,256,296.0,0.8738967180252075,0.7242954969406128
1,8,landmark,4,0.01,512,552.0,0.9320737719535828,0.8695068359375
1,8,landmark,4,0.02,64,144.0,0.7658784985542297,0.4069126546382904
1,8,landmark,4,0.02,128,208.0,0.8184789419174194,0.5716727375984192
1,8,landmark,4,0.02,256,336.0,0.8809536695480347,0.7416817545890808
1,8,landmark,4,0.02,512,592.0,0.9353823065757751,0.8795340657234192
1,8,landmark,4,0.05,64,264.0,0.786769688129425,0.4939836859703064
1,8,landmark,4,0.05,128,328.0,0.8363484740257263,0.6476004719734192
1,8,landmark,4,0.05,256,456.0,0.8941404223442078,0.7965262532234192
1,8,landmark,4,0.05,512,712.0,0.9421652555465698,0.9124232530593872
1,8,oracle_chunk,8,0.0,64,64.0,0.8153502345085144,0.3999546468257904
1,8,oracle_chunk,8,0.0,128,128.0,0.8687341809272766,0.6281912922859192
1,8,oracle_chunk,8,0.0,256,256.0,0.916922926902771,0.8671875
1,8,oracle_chunk,8,0.0,512,512.0,0.9531683921813965,0.9983956217765808
1,8,landmark,8,0.0,64,64.0,0.23037123680114746,0.3010428249835968
1,8,landmark,8,0.0,128,128.0,0.29941436648368835,0.4547991156578064
1,8,landmark,8,0.0,256,256.0,0.38415902853012085,0.6253662109375
1,8,landmark,8,0.0,512,512.0,0.48895153403282166,0.7878243327140808
1,8,landmark,8,0.005,64,88.0,0.729171633720398,0.3229806125164032
1,8,landmark,8,0.005,128,152.0,0.7864653468132019,0.4762137234210968
1,8,landmark,8,0.005,256,280.0,0.8539074659347534,0.6459612250328064
1,8,landmark,8,0.005,512,536.0,0.9170491099357605,0.8056465983390808
1,8,landmark,8,0.01,64,104.0,0.7305058836936951,0.3327288031578064
1,8,landmark,8,0.01,128,168.0,0.7878413200378418,0.4857875406742096
1,8,landmark,8,0.01,256,296.0,0.8551698923110962,0.6551339030265808
1,8,landmark,8,0.01,512,552.0,0.9179505109786987,0.8124476671218872
1,8,landmark,8,0.02,64,144.0,0.7327858209609985,0.3433837890625
1,8,landmark,8,0.02,128,208.0,0.7900692820549011,0.4962681233882904
1,8,landmark,8,0.02,256,336.0,0.8575366735458374,0.6654924750328064
1,8,landmark,8,0.02,512,592.0,0.9199534058570862,0.8191441297531128
1,8,landmark,8,0.05,64,264.0,0.7436455488204956,0.3893345296382904
1,8,landmark,8,0.05,128,328.0,0.8006073832511902,0.5398123860359192
1,8,landmark,8,0.05,256,456.0,0.8648167848587036,0.7008928656578064
1,8,landmark,8,0.05,512,712.0,0.9248983263969421,0.8427385687828064
1,8,oracle_chunk,16,0.0,64,64.0,0.7826814651489258,0.3093784749507904
1,8,oracle_chunk,16,0.0,128,128.0,0.8463362455368042,0.5124686360359192
1,8,oracle_chunk,16,0.0,256,256.0,0.9013066291809082,0.7294224500656128
1,8,oracle_chunk,16,0.0,512,512.0,0.9441441297531128,0.9188755750656128
1,8,landmark,16,0.0,64,64.0,0.20322580635547638,0.2568359375
1,8,landmark,16,0.0,128,128.0,0.27291062474250793,0.4017857015132904
1,8,landmark,16,0.0,256,256.0,0.350167453289032,0.5713936686515808
1,8,landmark,16,0.0,512,512.0,0.4438886046409607,0.7367989420890808
1,8,landmark,16,0.005,64,80.0,0.7008146047592163,0.2723563015460968
1,8,landmark,16,0.005,128,144.0,0.7655118107795715,0.4173409640789032
1,8,landmark,16,0.005,256,272.0,0.8387831449508667,0.5865827202796936
1,8,landmark,16,0.005,512,528.0,0.9033737778663635,0.7514125108718872
1,8,landmark,16,0.01,64,112.0,0.7015299201011658,0.2784423828125
1,8,landmark,16,0.01,128,176.0,0.7662484049797058,0.4233572781085968
1,8,landmark,16,0.01,256,304.0,0.8395060896873474,0.5924769639968872
1,8,landmark,16,0.01,512,560.0,0.9040235877037048,0.7568359375
1,8,landmark,16,0.02,64,144.0,0.7024028897285461,0.2819649875164032
1,8,landmark,16,0.02,128,208.0,0.7671214938163757,0.4268798828125
1,8,landmark,16,0.02,256,336.0,0.8404296636581421,0.5961565375328064
1,8,landmark,16,0.02,512,592.0,0.9048935770988464,0.7603062391281128
1,8,landmark,16,0.05,64,272.0,0.7081713080406189,0.3070591390132904
1,8,landmark,16,0.05,128,336.0,0.7727146148681641,0.4500034749507904
1,8,landmark,16,0.05,256,464.0,0.8457695245742798,0.6167689561843872
1,8,landmark,16,0.05,512,720.0,0.9099774956703186,0.7777448296546936
1,8,oracle_chunk,32,0.0,64,64.0,0.7305962443351746,0.2147914320230484
1,8,oracle_chunk,32,0.0,128,128.0,0.8107332587242126,0.3985247015953064
1,8,oracle_chunk,32,0.0,256,256.0,0.879308819770813,0.6125313639640808
1,8,oracle_chunk,32,0.0,512,512.0,0.9328998923301697,0.8141392469406128
1,8,landmark,32,0.0,64,64.0,0.1723223179578781,0.206787109375
1,8,landmark,32,0.0,128,128.0,0.23611637949943542,0.337646484375
1,8,landmark,32,0.0,256,256.0,0.3249475657939911,0.5148402452468872
1,8,landmark,32,0.0,512,512.0,0.4236735999584198,0.6945975422859192
1,8,landmark,32,0.005,64,96.0,0.6700800061225891,0.2233189195394516
1,8,landmark,32,0.005,128,160.0,0.7338739633560181,0.3541782796382904
1,8,landmark,32,0.005,256,288.0,0.8160768747329712,0.5314244031906128
1,8,landmark,32,0.005,512,544.0,0.8958764672279358,0.7107805609703064
1,8,landmark,32,0.01,64,96.0,0.6700800061225891,0.2233189195394516
1,8,landmark,32,0.01,128,160.0,0.7338739633560181,0.3541782796382904
1,8,landmark,32,0.01,256,288.0,0.8160768747329712,0.5314244031906128
1,8,landmark,32,0.01,512,544.0,0.8958764672279358,0.7107805609703064
1,8,landmark,32,0.02,64,160.0,0.6708096265792847,0.2257254421710968
1,8,landmark,32,0.02,128,224.0,0.7346037030220032,0.3565848171710968
1,8,landmark,32,0.02,256,352.0,0.8168066740036011,0.5338309407234192
1,8,landmark,32,0.02,512,608.0,0.8967309594154358,0.7135881781578064
1,8,landmark,32,0.05,64,256.0,0.6886047124862671,0.2535923421382904
1,8,landmark,32,0.05,128,320.0,0.7525992393493652,0.3847481906414032
1,8,landmark,32,0.05,256,448.0,0.8320058584213257,0.5586460828781128
1,8,landmark,32,0.05,512,704.0,0.9034644365310669,0.7278704047203064
1,9,oracle_token,1,0.0,64,64.0,0.9446625113487244,1.0
1,9,oracle_token,1,0.0,128,128.0,0.963474452495575,1.0
1,9,oracle_token,1,0.0,256,256.0,0.9784290194511414,1.0
1,9,oracle_token,1,0.0,512,512.0,0.9892001748085022,1.0
1,9,oracle_chunk,4,0.0,64,64.0,0.9248371124267578,0.5090506672859192
1,9,oracle_chunk,4,0.0,128,128.0,0.9489911794662476,0.7882952094078064
1,9,oracle_chunk,4,0.0,256,256.0,0.968656063079834,0.9973667860031128
1,9,oracle_chunk,4,0.0,512,512.0,0.9832049012184143,1.0
1,9,landmark,4,0.0,64,64.0,0.4343595504760742,0.3534109890460968
1,9,landmark,4,0.0,128,128.0,0.5460649132728577,0.5222865343093872
1,9,landmark,4,0.0,256,256.0,0.6613641977310181,0.6905342936515808
1,9,landmark,4,0.0,512,512.0,0.7535476684570312,0.8170340657234192
1,9,landmark,4,0.005,64,84.0,0.8748841881752014,0.3694545328617096
1,9,landmark,4,0.005,128,148.0,0.9059010744094849,0.5364990234375
1,9,landmark,4,0.005,256,276.0,0.936721682548523,0.701904296875
1,9,landmark,4,0.005,512,532.0,0.959862232208252,0.8249163031578064
1,9,landmark,4,0.01,64,104.0,0.8754070997238159,0.3710414469242096
1,9,landmark,4,0.01,128,168.0,0.9064241051673889,0.5380859375
1,9,landmark,4,0.01,256,296.0,0.9372473955154419,0.7035609483718872
1,9,landmark,4,0.01,512,552.0,0.9602184295654297,0.8262764811515808
1,9,landmark,4,0.02,64,144.0,0.877131462097168,0.3787493109703064
1,9,landmark,4,0.02,128,208.0,0.9077509045600891,0.5453926920890808
1,9,landmark,4,0.02,256,336.0,0.9383707046508789,0.7091239094734192
1,9,landmark,4,0.02,512,592.0,0.961061418056488,0.8303397297859192
1,9,landmark,4,0.05,64,264.0,0.8830732107162476,0.4099644124507904
1,9,landmark,4,0.05,128,328.0,0.912120521068573,0.5705043077468872
1,9,landmark,4,0.05,256,456.0,0.9415814280509949,0.7257080078125
1,9,landmark,4,0.05,512,712.0,0.9632379412651062,0.8408028483390808
1,9,oracle_chunk,8,0.0,64,64.0,0.9089707732200623,0.3977399468421936
1,9,oracle_chunk,8,0.0,128,128.0,0.939071774482727,0.62939453125
1,9,oracle_chunk,8,0.0,256,256.0,0.962005615234375,0.8573870062828064
1,9,oracle_chunk,8,0.0,512,512.0,0.9790676236152649,0.9988664984703064
1,9,landmark,8,0.0,64,64.0,0.27641645073890686,0.3025251030921936
1,9,landmark,8,0.0,128,128.0,0.3504023253917694,0.4469342827796936
1,9,landmark,8,0.0,256,256.0,0.4434118866920471,0.6099853515625
1,9,landmark,8,0.0,512,512.0,0.5986078977584839,0.7537318468093872
1,9,landmark,8,0.005,64,88.0,0.8547843098640442,0.3241664469242096
1,9,landmark,8,0.005,128,152.0,0.886900007724762,0.4672677218914032
1,9,landmark,8,0.005,256,280.0,0.9166091084480286,0.6283482313156128
1,9,landmark,8,0.005,512,536.0,0.9457801580429077,0.7679618000984192
1,9,landmark,8,0.01,64,104.0,0.8549044728279114,0.3253696858882904
1,9,landmark,8,0.01,128,168.0,0.8870201110839844,0.4684709906578064
1,9,landmark,8,0.01,256,296.0,0.916736900806427,0.6295166015625
1,9,landmark,8,0.01,512,552.0,0.9458938241004944,0.7687813639640808
1,9,landmark,8,0.02,64,144.0,0.8566468358039856,0.3300258219242096
1,9,landmark,8,0.02,128,208.0,0.8879834413528442,0.4730747640132904
1,9,landmark,8,0.02,256,336.0,0.9176639318466187,0.6338413953781128
1,9,landmark,8,0.02,512,592.0,0.9467278718948364,0.7722342610359192
1,9,landmark,8,0.05,64,264.0,0.8618798851966858,0.3568812906742096
1,9,landmark,8,0.05,128,328.0,0.8930783271789551,0.4980817437171936
1,9,landmark,8,0.05,256,456.0,0.9216600060462952,0.6553257703781128
1,9,landmark,8,0.05,512,712.0,0.9503164887428284,0.7850341796875
1,9,oracle_chunk,16,0.0,64,64.0,0.8860350251197815,0.3056989312171936
1,9,oracle_chunk,16,0.0,128,128.0,0.9256829023361206,0.5193743109703064
1,9,oracle_chunk,16,0.0,256,256.0,0.9541157484054565,0.72705078125
1,9,oracle_chunk,16,0.0,512,512.0,0.9739927053451538,0.9064418077468872
1,9,landmark,16,0.0,64,64.0,0.2006944715976715,0.2717633843421936
1,9,landmark,16,0.0,128,128.0,0.2617821991443634,0.404541015625
1,9,landmark,16,0.0,256,256.0,0.33901089429855347,0.5552978515625
1,9,landmark,16,0.0,512,512.0,0.47403955459594727,0.6974225640296936
1,9,landmark,16,0.005,64,80.0,0.8389248847961426,0.2899692952632904
1,9,landmark,16,0.005,128,144.0,0.8691652417182922,0.4226597249507904
1,9,landmark,16,0.005,256,272.0,0.9038242697715759,0.5718645453453064
1,9,landmark,16,0.005,512,528.0,0.9341731667518616,0.7109200358390808
1,9,landmark,16,0.01,64,112.0,0.8416538238525391,0.2947823703289032
1,9,landmark,16,0.01,128,176.0,0.8718038201332092,0.4267229437828064
1,9,landmark,16,0.01,256,304.0,0.9066458344459534,0.5761195421218872
1,9,landmark,16,0.01,512,560.0,0.9350441694259644,0.7148612141609192
1,9,landmark,16,0.02,64,144.0,0.8420062065124512,0.2960030734539032
1,9,landmark,16,0.02,128,208.0,0.8721562027931213,0.4279436469078064
1,9,landmark,16,0.02,256,336.0,0.9069981575012207,0.5773402452468872
1,9,landmark,16,0.02,512,592.0,0.935391902923584,0.7160819172859192
1,9,landmark,16,0.05,64,272.0,0.8473230004310608,0.3199288547039032
1,9,landmark,16,0.05,128,336.0,0.878208577632904,0.4510323703289032
1,9,landmark,16,0.05,256,464.0,0.9109247922897339,0.5963658094406128
1,9,landmark,16,0.05,512,720.0,0.9380403757095337,0.7308174967765808
1,9,oracle_chunk,32,0.0,64,64.0,0.8464345335960388,0.2013636976480484
1,9,oracle_chunk,32,0.0,128,128.0,0.901938259601593,0.4088657796382904
1,9,oracle_chunk,32,0.0,256,256.0,0.9419478178024292,0.6213727593421936
1,9,oracle_chunk,32,0.0,512,512.0,0.9677320718765259,0.80419921875
1,9,landmark,32,0.0,64,64.0,0.18116424977779388,0.248291015625
1,9,landmark,32,0.0,128,128.0,0.23286548256874084,0.36865234375
1,9,landmark,32,0.0,256,256.0,0.32317256927490234,0.5038713812828064
1,9,landmark,32,0.0,512,512.0,0.394436776638031,0.6524832844734192
1,9,landmark,32,0.005,64,96.0,0.8294329047203064,0.2688860297203064
1,9,landmark,32,0.005,128,160.0,0.8573867678642273,0.3888288140296936
1,9,landmark,32,0.005,256,288.0,0.8856866955757141,0.5229840874671936
1,9,landmark,32,0.005,512,544.0,0.920354425907135,0.6700788140296936
1,9,landmark,32,0.01,64,96.0,0.8294329047203064,0.2688860297203064
1,9,landmark,32,0.01,128,160.0,0.8573867678642273,0.3888288140296936
1,9,landmark,32,0.01,256,288.0,0.8856866955757141,0.5229840874671936
1,9,landmark,32,0.01,512,544.0,0.920354425907135,0.6700788140296936
1,9,landmark,32,0.02,64,160.0,0.8336067795753479,0.2825927734375
1,9,landmark,32,0.02,128,224.0,0.861236035823822,0.401123046875
1,9,landmark,32,0.02,256,352.0,0.8907752633094788,0.5341796875
1,9,landmark,32,0.02,512,608.0,0.9240195155143738,0.6803501844406128
1,9,landmark,32,0.05,64,256.0,0.8406882286071777,0.3086460530757904
1,9,landmark,32,0.05,128,320.0,0.8674611449241638,0.4262869656085968
1,9,landmark,32,0.05,256,448.0,0.8972276449203491,0.5566231608390808
1,9,landmark,32,0.05,512,704.0,0.9277811050415039,0.6968994140625
1,10,oracle_token,1,0.0,64,64.0,0.8310237526893616,1.0
1,10,oracle_token,1,0.0,128,128.0,0.8862261176109314,1.0
1,10,oracle_token,1,0.0,256,256.0,0.9306678175926208,1.0
1,10,oracle_token,1,0.0,512,512.0,0.9625610113143921,1.0
1,10,oracle_chunk,4,0.0,64,64.0,0.7770484089851379,0.5446079969406128
1,10,oracle_chunk,4,0.0,128,128.0,0.8450142741203308,0.8302873969078064
1,10,oracle_chunk,4,0.0,256,256.0,0.9027305245399475,0.9922049641609192
1,10,oracle_chunk,4,0.0,512,512.0,0.9455127120018005,0.9998081922531128
1,10,landmark,4,0.0,64,64.0,0.2642449140548706,0.3879568874835968
1,10,landmark,4,0.0,128,128.0,0.36720117926597595,0.5855887532234192
1,10,landmark,4,0.0,256,256.0,0.5233831405639648,0.7758265733718872
1,10,landmark,4,0.0,512,512.0,0.7956277132034302,0.9146553874015808
1,10,landmark,4,0.005,64,84.0,0.7283682823181152,0.4065987765789032
1,10,landmark,4,0.005,128,148.0,0.7940580248832703,0.6032017469406128
1,10,landmark,4,0.005,256,276.0,0.8606310486793518,0.7905796766281128
1,10,landmark,4,0.005,512,532.0,0.9172736406326294,0.9218401312828064
1,10,landmark,4,0.01,64,104.0,0.7295106649398804,0.4090924859046936
1,10,landmark,4,0.01,128,168.0,0.7951942682266235,0.6056780219078064
1,10,landmark,4,0.01,256,296.0,0.8617936372756958,0.7927420735359192
1,10,landmark,4,0.01,512,552.0,0.9182806015014648,0.9236188530921936
1,10,landmark,4,0.02,64,144.0,0.734228789806366,0.422119140625
1,10,landmark,4,0.02,128,208.0,0.7991472482681274,0.6158795952796936
1,10,landmark,4,0.02,256,336.0,0.8649353981018066,0.7998918890953064
1,10,landmark,4,0.02,512,592.0,0.9209893345832825,0.9282401204109192
1,10,landmark,4,0.05,64,264.0,0.7448163032531738,0.4459402859210968
1,10,landmark,4,0.05,128,328.0,0.8088626861572266,0.6376081109046936
1,10,landmark,4,0.05,256,456.0,0.8723027110099792,0.815185546875
1,10,landmark,4,0.05,512,712.0,0.9262558817863464,0.9364537000656128
1,10,oracle_chunk,8,0.0,64,64.0,0.7493497729301453,0.4406215250492096
1,10,oracle_chunk,8,0.0,128,128.0,0.8225964307785034,0.6991664171218872
1,10,oracle_chunk,8,0.0,256,256.0,0.8870475888252258,0.9142891764640808
1,10,oracle_chunk,8,0.0,512,512.0,0.9366363883018494,0.9954833984375
1,10,landmark,8,0.0,64,64.0,0.21758314967155457,0.3486676812171936
1,10,landmark,8,0.0,128,128.0,0.30168581008911133,0.5282679796218872
1,10,landmark,8,0.0,256,256.0,0.39217886328697205,0.7178780436515808
1,10,landmark,8,0.0,512,512.0,0.5645104646682739,0.8759242296218872
1,10,landmark,8,0.005,64,88.0,0.7148264646530151,0.3654610812664032
1,10,landmark,8,0.005,128,152.0,0.7786692380905151,0.5448346734046936
1,10,landmark,8,0.005,256,280.0,0.8474273681640625,0.7339913249015808
1,10,landmark,8,0.005,512,536.0,0.9089652299880981,0.8878871202468872
1,10,landmark,8,0.01,64,104.0,0.7156342267990112,0.3672572672367096
1,10,landmark,8,0.01,128,168.0,0.7795085310935974,0.5467703938484192
1,10,landmark,8,0.01,256,296.0,0.8482613563537598,0.7358921766281128
1,10,landmark,8,0.01,512,552.0,0.9097830653190613,0.8895612359046936
1,10,landmark,8,0.02,64,144.0,0.71949303150177,0.3771798312664032
1,10,landmark,8,0.02,128,208.0,0.7833298444747925,0.5565882921218872
1,10,landmark,8,0.02,256,336.0,0.8520107865333557,0.7447509765625
1,10,landmark,8,0.02,512,592.0,0.9127810597419739,0.8954206109046936
1,10,landmark,8,0.05,64,264.0,0.7236958146095276,0.3847830593585968
1,10,landmark,8,0.05,128,328.0,0.7875381112098694,0.5641217827796936
1,10,landmark,8,0.05,256,456.0,0.8564503788948059,0.752685546875
1,10,landmark,8,0.05,512,712.0,0.9169686436653137,0.9024134874343872
1,10,oracle_chunk,16,0.0,64,64.0,0.7202396988868713,0.3589390218257904
1,10,oracle_chunk,16,0.0,128,128.0,0.8005951642990112,0.6118512749671936
1,10,oracle_chunk,16,0.0,256,256.0,0.8726162314414978,0.8298514485359192
1,10,oracle_chunk,16,0.0,512,512.0,0.9274502992630005,0.9621233344078064
1,10,landmark,16,0.0,64,64.0,0.2047313004732132,0.3306710422039032
1,10,landmark,16,0.0,128,128.0,0.2737193703651428,0.5092948079109192
1,10,landmark,16,0.0,256,256.0,0.3647027015686035,0.6963587999343872
1,10,landmark,16,0.0,512,512.0,0.4634518623352051,0.8437151312828064
1,10,landmark,16,0.005,64,80.0,0.7059083580970764,0.3467494547367096
1,10,landmark,16,0.005,128,144.0,0.774896502494812,0.5253731608390808
1,10,landmark,16,0.005,256,272.0,0.8433094024658203,0.7123674750328064
1,10,landmark,16,0.005,512,528.0,0.9027644395828247,0.8584507703781128
1,10,landmark,16,0.01,64,112.0,0.7071531414985657,0.3494350016117096
1,10,landmark,16,0.01,128,176.0,0.7761411070823669,0.5280587077140808
1,10,landmark,16,0.01,256,304.0,0.8446178436279297,0.7150704264640808
1,10,landmark,16,0.01,512,560.0,0.9040570855140686,0.8607875108718872
1,10,landmark,16,0.02,64,144.0,0.7084311842918396,0.3520159125328064
1,10,landmark,16,0.02,128,208.0,0.7774191498756409,0.5306396484375
1,10,landmark,16,0.02,256,336.0,0.8459151387214661,0.7177909016609192
1,10,landmark,16,0.02,512,592.0,0.9053754806518555,0.8633509874343872
1,10,landmark,16,0.05,64,272.0,0.7145910263061523,0.3652169406414032
1,10,landmark,16,0.05,128,336.0,0.783235490322113,0.5427420735359192
1,10,landmark,16,0.05,256,464.0,0.8511943221092224,0.7286376953125
1,10,landmark,16,0.05,512,720.0,0.9103683233261108,0.8727329969406128
1,10,oracle_chunk,32,0.0,64,64.0,0.6731246113777161,0.2569057047367096
1,10,oracle_chunk,32,0.0,128,128.0,0.7661305665969849,0.5035051703453064
1,10,oracle_chunk,32,0.0,256,256.0,0.8545225262641907,0.7552838921546936
1,10,oracle_chunk,32,0.0,512,512.0,0.9190118908882141,0.9164690375328064
1,10,landmark,32,0.0,64,64.0,0.1949746161699295,0.3071637749671936
1,10,landmark,32,0.0,128,128.0,0.26683664321899414,0.4745919406414032
1,10,landmark,32,0.0,256,256.0,0.33650678396224976,0.6625801920890808
1,10,landmark,32,0.0,512,512.0,0.43438464403152466,0.8232247233390808
1,10,landmark,32,0.005,64,96.0,0.6971330642700195,0.3242361843585968
1,10,landmark,32,0.005,128,160.0,0.7642947435379028,0.4921177327632904
1,10,landmark,32,0.005,256,288.0,0.8335580825805664,0.6795130968093872
1,10,landmark,32,0.005,512,544.0,0.8994454145431519,0.8396519422531128
1,10,landmark,32,0.01,64,96.0,0.6971330642700195,0.3242361843585968
1,10,landmark,32,0.01,128,160.0,0.7642947435379028,0.4921177327632904
1,10,landmark,32,0.01,256,288.0,0.8335580825805664,0.6795130968093872
1,10,landmark,32,0.01,512,544.0,0.8994454145431519,0.8396519422531128
1,10,landmark,32,0.02,64,160.0,0.6998871564865112,0.3307931125164032
1,10,landmark,32,0.02,128,224.0,0.7675207257270813,0.4989536702632904
1,10,landmark,32,0.02,256,352.0,0.8367509245872498,0.6855992078781128
1,10,landmark,32,0.02,512,608.0,0.9023990035057068,0.8446916937828064
1,10,landmark,32,0.05,64,256.0,0.7222165465354919,0.3926304280757904
1,10,landmark,32,0.05,128,320.0,0.7872025370597839,0.5535539984703064
1,10,landmark,32,0.05,256,448.0,0.8489702939987183,0.7214530110359192
1,10,landmark,32,0.05,512,704.0,0.9077373147010803,0.8593575358390808
1,11,oracle_token,1,0.0,64,64.0,0.905985414981842,1.0
1,11,oracle_token,1,0.0,128,128.0,0.9397038221359253,1.0
1,11,oracle_token,1,0.0,256,256.0,0.9654871225357056,1.0
1,11,oracle_token,1,0.0,512,512.0,0.9833083748817444,1.0
1,11,oracle_chunk,4,0.0,64,64.0,0.8654989004135132,0.4731096625328064
1,11,oracle_chunk,4,0.0,128,128.0,0.91180819272995,0.7624860405921936
1,11,oracle_chunk,4,0.0,256,256.0,0.9473609328269958,0.9966343641281128
1,11,oracle_chunk,4,0.0,512,512.0,0.972625195980072,0.9999825358390808
1,11,landmark,4,0.0,64,64.0,0.6505511403083801,0.3211321234703064
1,11,landmark,4,0.0,128,128.0,0.7395334243774414,0.4837646484375
1,11,landmark,4,0.0,256,256.0,0.8316945433616638,0.6451764702796936
1,11,landmark,4,0.0,512,512.0,0.9097346067428589,0.7778494954109192
1,11,landmark,4,0.005,64,84.0,0.7896040081977844,0.3367919921875
1,11,landmark,4,0.005,128,148.0,0.8491983413696289,0.4963727593421936
1,11,landmark,4,0.005,256,276.0,0.9014987945556641,0.65478515625
1,11,landmark,4,0.005,512,532.0,0.9453353881835938,0.7834647297859192
1,11,landmark,4,0.01,64,104.0,0.7924838662147522,0.3440115749835968
1,11,landmark,4,0.01,128,168.0,0.8513054251670837,0.5015520453453064
1,11,landmark,4,0.01,256,296.0,0.9027076363563538,0.6579938530921936
1,11,landmark,4,0.01,512,552.0,0.9460021257400513,0.7853480577468872
1,11,landmark,4,0.02,64,144.0,0.7940360307693481,0.3494350016117096
1,11,landmark,4,0.02,128,208.0,0.8527148962020874,0.5065569281578064
1,11,landmark,4,0.02,256,336.0,0.9041497111320496,0.6630510687828064
1,11,landmark,4,0.02,512,592.0,0.9473391771316528,0.7899867296218872
1,11,landmark,4,0.05,64,264.0,0.8009576797485352,0.3727329671382904
1,11,landmark,4,0.05,128,328.0,0.858857274055481,0.5293143391609192
1,11,landmark,4,0.05,256,456.0,0.9103962779045105,0.6838030219078064
1,11,landmark,4,0.05,512,712.0,0.95146244764328,0.8065534234046936
1,11,oracle_chunk,8,0.0,64,64.0,0.8363823890686035,0.3612234890460968
1,11,oracle_chunk,8,0.0,128,128.0,0.8928499221801758,0.5893206000328064
1,11,oracle_chunk,8,0.0,256,256.0,0.9354998469352722,0.8376639485359192
1,11,oracle_chunk,8,0.0,512,512.0,0.9655683636665344,0.9984130859375
1,11,landmark,8,0.0,64,64.0,0.5172079801559448,0.2685895562171936
1,11,landmark,8,0.0,128,128.0,0.6565165519714355,0.4117082953453064
1,11,landmark,8,0.0,256,256.0,0.7649153470993042,0.5643485188484192
1,11,landmark,8,0.0,512,512.0,0.8700711131095886,0.7121756672859192
1,11,landmark,8,0.005,64,88.0,0.758703887462616,0.28662109375
1,11,landmark,8,0.005,128,152.0,0.8210016489028931,0.4266880452632904
1,11,landmark,8,0.005,256,280.0,0.8796065449714661,0.5770438313484192
1,11,landmark,8,0.005,512,536.0,0.9286985397338867,0.7213658094406128
1,11,landmark,8,0.01,64,104.0,0.7595030665397644,0.2907366156578064
1,11,landmark,8,0.01,128,168.0,0.8218016028404236,0.4306640625
1,11,landmark,8,0.01,256,296.0,0.8804262280464172,0.5811592936515808
1,11,landmark,8,0.01,512,552.0,0.9294994473457336,0.7250627875328064
1,11,landmark,8,0.02,64,144.0,0.7635000944137573,0.3033795952796936
1,11,landmark,8,0.02,128,208.0,0.8251417279243469,0.4435860812664032
1,11,landmark,8,0.02,256,336.0,0.882470428943634,0.5929652452468872
1,11,landmark,8,0.02,512,592.0,0.9308820366859436,0.7343052625656128
1,11,landmark,8,0.05,64,264.0,0.770083487033844,0.3256138265132904
1,11,landmark,8,0.05,128,328.0,0.8301153182983398,0.4656459391117096
1,11,landmark,8,0.05,256,456.0,0.8875831365585327,0.6136474609375
1,11,landmark,8,0.05,512,712.0,0.9351277947425842,0.7515694499015808
1,11,oracle_chunk,16,0.0,64,64.0,0.799029529094696,0.2737165093421936
1,11,oracle_chunk,16,0.0,128,128.0,0.8697212338447571,0.4755859375
1,11,oracle_chunk,16,0.0,256,256.0,0.9222498536109924,0.6954694390296936
1,11,oracle_chunk,16,0.0,512,512.0,0.957208514213562,0.8931536078453064
1,11,landmark,16,0.0,64,64.0,0.3385618329048157,0.2298409640789032
1,11,landmark,16,0.0,128,128.0,0.47609004378318787,0.3560442328453064
1,11,landmark,16,0.0,256,256.0,0.6288763880729675,0.5016915202140808
1,11,landmark,16,0.0,512,512.0,0.7950860261917114,0.6510358452796936
1,11,landmark,16,0.005,64,80.0,0.7363767623901367,0.2491455078125
1,11,landmark,16,0.005,128,144.0,0.7922351956367493,0.3736572265625
1,11,landmark,16,0.005,256,272.0,0.8533667922019958,0.5165666937828064
1,11,landmark,16,0.005,512,528.0,0.9102423787117004,0.66162109375
1,11,landmark,16,0.01,64,112.0,0.7423425912857056,0.25634765625
1,11,landmark,16,0.01,128,176.0,0.798527181148529,0.3812430202960968
1,11,landmark,16,0.01,256,304.0,0.8586588501930237,0.5239955186843872
1,11,landmark,16,0.01,512,560.0,0.9129206538200378,0.6672711968421936
1,11,landmark,16,0.02,64,144.0,0.7433049082756042,0.2621547281742096
1,11,landmark,16,0.02,128,208.0,0.7998863458633423,0.3867885172367096
1,11,landmark,16,0.02,256,336.0,0.8596420288085938,0.5297154188156128
1,11,landmark,16,0.02,512,592.0,0.9138137698173523,0.6723284125328064
1,11,landmark,16,0.05,64,272.0,0.7483057379722595,0.2917131781578064
1,11,landmark,16,0.05,128,336.0,0.8057973980903625,0.4162423312664032
1,11,landmark,16,0.05,256,464.0,0.8650762438774109,0.5575474500656128
1,11,landmark,16,0.05,512,720.0,0.9205157160758972,0.694580078125
1,11,oracle_chunk,32,0.0,64,64.0,0.7408219575881958,0.1892264187335968
1,11,oracle_chunk,32,0.0,128,128.0,0.8278308510780334,0.3662458062171936
1,11,oracle_chunk,32,0.0,256,256.0,0.9013919234275818,0.5838099718093872
1,11,oracle_chunk,32,0.0,512,512.0,0.9474059343338013,0.7791748046875
1,11,landmark,32,0.0,64,64.0,0.3180248439311981,0.2063337117433548
1,11,landmark,32,0.0,128,128.0,0.4285337030887604,0.3228236734867096
1,11,landmark,32,0.0,256,256.0,0.5685328841209412,0.45263671875
1,11,landmark,32,0.0,512,512.0,0.6695058941841125,0.6088692545890808
1,11,landmark,32,0.005,64,96.0,0.7130032777786255,0.229248046875
1,11,landmark,32,0.005,128,160.0,0.7700629830360413,0.3436976969242096
1,11,landmark,32,0.005,256,288.0,0.8300544619560242,0.4733538031578064
1,11,landmark,32,0.005,512,544.0,0.8882989287376404,0.6236746907234192
1,11,landmark,32,0.01,64,96.0,0.7130032777786255,0.229248046875
1,11,landmark,32,0.01,128,160.0,0.7700629830360413,0.3436976969242096
1,11,landmark,32,0.01,256,288.0,0.8300544619560242,0.4733538031578064
1,11,landmark,32,0.01,512,544.0,0.8882989287376404,0.6236746907234192
1,11,landmark,32,0.02,64,160.0,0.7168250679969788,0.2444021999835968
1,11,landmark,32,0.02,128,224.0,0.773958683013916,0.3579624593257904
1,11,landmark,32,0.02,256,352.0,0.8332105278968811,0.4870431125164032
1,11,landmark,32,0.02,512,608.0,0.8910172581672668,0.6359514594078064
1,11,landmark,32,0.05,64,256.0,0.7249308228492737,0.2615618109703064
1,11,landmark,32,0.05,128,320.0,0.7821391820907593,0.3757672905921936
1,11,landmark,32,0.05,256,448.0,0.8415699601173401,0.5046735405921936
1,11,landmark,32,0.05,512,704.0,0.8991576433181763,0.6525181531906128
1,12,oracle_token,1,0.0,64,64.0,0.7923141717910767,1.0
1,12,oracle_token,1,0.0,128,128.0,0.8496552109718323,1.0
1,12,oracle_token,1,0.0,256,256.0,0.9005364179611206,1.0
1,12,oracle_token,1,0.0,512,512.0,0.9423261284828186,1.0
1,12,oracle_chunk,4,0.0,64,64.0,0.7468284964561462,0.5765032172203064
1,12,oracle_chunk,4,0.0,128,128.0,0.8125931620597839,0.8571428656578064
1,12,oracle_chunk,4,0.0,256,256.0,0.8716796040534973,0.9915248155593872
1,12,oracle_chunk,4,0.0,512,512.0,0.921504557132721,1.0
1,12,landmark,4,0.0,64,64.0,0.2640957236289978,0.3835623562335968
1,12,landmark,4,0.0,128,128.0,0.35164186358451843,0.5914306640625
1,12,landmark,4,0.0,256,256.0,0.4419836103916168,0.7920967936515808
1,12,landmark,4,0.0,512,512.0,0.5419053435325623,0.9202532172203064
1,12,landmark,4,0.005,64,84.0,0.6877404451370239,0.4019426703453064
1,12,landmark,4,0.005,128,148.0,0.7557273507118225,0.6095842719078064
1,12,landmark,4,0.005,256,276.0,0.8268976807594299,0.8094133734703064
1,12,landmark,4,0.005,512,532.0,0.8904363512992859,0.9349016547203064
1,12,landmark,4,0.01,64,104.0,0.6883631348609924,0.4024483859539032
1,12,landmark,4,0.01,128,168.0,0.756350040435791,0.6100899577140808
1,12,landmark,4,0.01,256,296.0,0.8275612592697144,0.8099190592765808
1,12,landmark,4,0.01,512,552.0,0.8910655975341797,0.9352852702140808
1,12,landmark,4,0.02,64,144.0,0.6919890642166138,0.4084821343421936
1,12,landmark,4,0.02,128,208.0,0.759723961353302,0.6158795952796936
1,12,landmark,4,0.02,256,336.0,0.8307847380638123,0.8152552843093872
1,12,landmark,4,0.02,512,592.0,0.893875777721405,0.9389997124671936
1,12,landmark,4,0.05,64,264.0,0.7140151858329773,0.4584437906742096
1,12,landmark,4,0.05,128,328.0,0.7785224318504333,0.6548897624015808
1,12,landmark,4,0.05,256,456.0,0.8433230519294739,0.8368268609046936
1,12,landmark,4,0.05,512,712.0,0.9013971090316772,0.9477713704109192
1,12,oracle_chunk,8,0.0,64,64.0,0.721953809261322,0.4768240749835968
1,12,oracle_chunk,8,0.0,128,128.0,0.7927313446998596,0.7415248155593872
1,12,oracle_chunk,8,0.0,256,256.0,0.8563433885574341,0.9330531358718872
1,12,oracle_chunk,8,0.0,512,512.0,0.911528468132019,0.9963902235031128
1,12,landmark,8,0.0,64,64.0,0.24388442933559418,0.3611886203289032
1,12,landmark,8,0.0,128,128.0,0.3085266649723053,0.5452008843421936
1,12,landmark,8,0.0,256,256.0,0.4070134460926056,0.7422747015953064
1,12,landmark,8,0.0,512,512.0,0.4758613705635071,0.8892996907234192
1,12,landmark,8,0.005,64,88.0,0.6802482008934021,0.3794817328453064
1,12,landmark,8,0.005,128,152.0,0.7448796033859253,0.5634242296218872
1,12,landmark,8,0.005,256,280.0,0.8168392181396484,0.7595738172531128
1,12,landmark,8,0.005,512,536.0,0.8820965886116028,0.9058314561843872
1,12,landmark,8,0.01,64,104.0,0.6812654733657837,0.3803536593914032
1,12,landmark,8,0.01,128,168.0,0.7458968758583069,0.5642961859703064
1,12,landmark,8,0.01,256,296.0,0.8179643750190735,0.7606724500656128
1,12,landmark,8,0.01,512,552.0,0.8831204771995544,0.90673828125
1,12,landmark,8,0.02,64,144.0,0.6836647391319275,0.3842947781085968
1,12,landmark,8,0.02,128,208.0,0.7482490539550781,0.5680977702140808
1,12,landmark,8,0.02,256,336.0,0.8203677535057068,0.7644914984703064
1,12,landmark,8,0.02,512,592.0,0.8850769996643066,0.9089704155921936
1,12,landmark,8,0.05,64,264.0,0.7061419486999512,0.4363490641117096
1,12,landmark,8,0.05,128,328.0,0.7660484313964844,0.6078926920890808
1,12,landmark,8,0.05,256,456.0,0.83183354139328,0.7866908311843872
1,12,landmark,8,0.05,512,712.0,0.8916845917701721,0.9180908203125
1,12,oracle_chunk,16,0.0,64,64.0,0.6905626654624939,0.3816266655921936
1,12,oracle_chunk,16,0.0,128,128.0,0.771575927734375,0.6463274359703064
1,12,oracle_chunk,16,0.0,256,256.0,0.842761218547821,0.8623570203781128
1,12,oracle_chunk,16,0.0,512,512.0,0.9026846885681152,0.9755336046218872
1,12,landmark,16,0.0,64,64.0,0.2286003977060318,0.3283168375492096
1,12,landmark,16,0.0,128,128.0,0.29856353998184204,0.5126429796218872
1,12,landmark,16,0.0,256,256.0,0.38614463806152344,0.7116175889968872
1,12,landmark,16,0.0,512,512.0,0.4686063826084137,0.8688267469406128
1,12,landmark,16,0.005,64,80.0,0.6636528968811035,0.3439069390296936
1,12,landmark,16,0.005,128,144.0,0.7336159348487854,0.5282331109046936
1,12,landmark,16,0.005,256,272.0,0.8084157109260559,0.72705078125
1,12,landmark,16,0.005,512,528.0,0.8772025108337402,0.8838239312171936
1,12,landmark,16,0.01,64,112.0,0.6653560996055603,0.3455112874507904
1,12,landmark,16,0.01,128,176.0,0.7353192567825317,0.5298374891281128
1,12,landmark,16,0.01,256,304.0,0.8101187348365784,0.7286551594734192
1,12,landmark,16,0.01,512,560.0,0.8789490461349487,0.8857421875
1,12,landmark,16,0.02,64,144.0,0.6678870320320129,0.3499930202960968
1,12,landmark,16,0.02,128,208.0,0.7378258109092712,0.5342320203781128
1,12,landmark,16,0.02,256,336.0,0.8128634691238403,0.7332938313484192
1,12,landmark,16,0.02,512,592.0,0.8807728886604309,0.8877127766609192
1,12,landmark,16,0.05,64,272.0,0.6817566752433777,0.3769182562828064
1,12,landmark,16,0.05,128,336.0,0.7514902949333191,0.5608956217765808
1,12,landmark,16,0.05,256,464.0,0.8226643800735474,0.7485526204109192
1,12,landmark,16,0.05,512,720.0,0.8878708481788635,0.8956822156906128
1,12,oracle_chunk,32,0.0,64,64.0,0.6386208534240723,0.2694963812828064
1,12,oracle_chunk,32,0.0,128,128.0,0.7372965812683105,0.5307965874671936
1,12,oracle_chunk,32,0.0,256,256.0,0.8240690231323242,0.7845982313156128
1,12,oracle_chunk,32,0.0,512,512.0,0.8928163647651672,0.9376569390296936
1,12,landmark,32,0.0,64,64.0,0.20922008156776428,0.2957938015460968
1,12,landmark,32,0.0,128,128.0,0.279131144285202,0.46484375
1,12,landmark,32,0.0,256,256.0,0.36385300755500793,0.6757637858390808
1,12,landmark,32,0.0,512,512.0,0.46242547035217285,0.8492606282234192
1,12,landmark,32,0.005,64,96.0,0.6446186304092407,0.3114362359046936
1,12,landmark,32,0.005,128,160.0,0.7145296931266785,0.4804861843585968
1,12,landmark,32,0.005,256,288.0,0.7992515563964844,0.69140625
1,12,landmark,32,0.005,512,544.0,0.8756394386291504,0.8646588921546936
1,12,landmark,32,0.01,64,96.0,0.6446186304092407,0.3114362359046936
1,12,landmark,32,0.01,128,160.0,0.7145296931266785,0.4804861843585968
1,12,landmark,32,0.01,256,288.0,0.7992515563964844,0.69140625
1,12,landmark,32,0.01,512,544.0,0.8756394386291504,0.8646588921546936
1,12,landmark,32,0.02,64,160.0,0.6461066603660583,0.3130231499671936
1,12,landmark,32,0.02,128,224.0,0.7160176634788513,0.4820730984210968
1,12,landmark,32,0.02,256,352.0,0.8007396459579468,0.6929931640625
1,12,landmark,32,0.02,512,608.0,0.877127468585968,0.8662458062171936
1,12,landmark,32,0.05,64,256.0,0.6639326810836792,0.3558349609375
1,12,landmark,32,0.05,128,320.0,0.733217716217041,0.5233502984046936
1,12,landmark,32,0.05,256,448.0,0.8118651509284973,0.7207903265953064
1,12,landmark,32,0.05,512,704.0,0.8836552500724792,0.8782435655593872
1,13,oracle_token,1,0.0,64,64.0,0.8825565576553345,1.0
1,13,oracle_token,1,0.0,128,128.0,0.9252480864524841,1.0
1,13,oracle_token,1,0.0,256,256.0,0.9577440619468689,1.0
1,13,oracle_token,1,0.0,512,512.0,0.9797391295433044,1.0
1,13,oracle_chunk,4,0.0,64,64.0,0.8429068922996521,0.5977783203125
1,13,oracle_chunk,4,0.0,128,128.0,0.8983797430992126,0.8775286078453064
1,13,oracle_chunk,4,0.0,256,256.0,0.9405222535133362,0.9966517686843872
1,13,oracle_chunk,4,0.0,512,512.0,0.9699329137802124,1.0
1,13,landmark,4,0.0,64,64.0,0.38566941022872925,0.3950718343257904
1,13,landmark,4,0.0,128,128.0,0.5264244675636292,0.5891985297203064
1,13,landmark,4,0.0,256,256.0,0.6533979177474976,0.7801513671875
1,13,landmark,4,0.0,512,512.0,0.8307663202285767,0.9058489203453064
1,13,landmark,4,0.005,64,84.0,0.7673627734184265,0.4159284234046936
1,13,landmark,4,0.005,128,148.0,0.8328474760055542,0.607421875
1,13,landmark,4,0.005,256,276.0,0.8931366801261902,0.7945207953453064
1,13,landmark,4,0.005,512,532.0,0.9394097924232483,0.9136614203453064
1,13,landmark,4,0.01,64,104.0,0.7684382200241089,0.4190499484539032
1,13,landmark,4,0.01,128,168.0,0.833964467048645,0.6107003092765808
1,13,landmark,4,0.01,256,296.0,0.8942568898200989,0.7975028157234192
1,13,landmark,4,0.01,512,552.0,0.9403299689292908,0.9156145453453064
1,13,landmark,4,0.02,64,144.0,0.7719022631645203,0.4278738796710968
1,13,landmark,4,0.02,128,208.0,0.8372646570205688,0.6191929578781128
1,13,landmark,4,0.02,256,336.0,0.8973966836929321,0.8038504719734192
1,13,landmark,4,0.02,512,592.0,0.942266583442688,0.9194510579109192
1,13,landmark,4,0.05,64,264.0,0.7769945859909058,0.4433070719242096
1,13,landmark,4,0.05,128,328.0,0.8420278429985046,0.6332659125328064
1,13,landmark,4,0.05,256,456.0,0.9023312330245972,0.8163016438484192
1,13,landmark,4,0.05,512,712.0,0.9459434151649475,0.9279087781906128
1,13,oracle_chunk,8,0.0,64,64.0,0.811991274356842,0.4844796359539032
1,13,oracle_chunk,8,0.0,128,128.0,0.8781204223632812,0.7529471516609192
1,13,oracle_chunk,8,0.0,256,256.0,0.9280610084533691,0.9431849718093872
1,13,oracle_chunk,8,0.0,512,512.0,0.9626560807228088,0.9989188313484192
1,13,landmark,8,0.0,64,64.0,0.27437493205070496,0.3545444905757904
1,13,landmark,8,0.0,128,128.0,0.3417666554450989,0.5309535264968872
1,13,landmark,8,0.0,256,256.0,0.5190107822418213,0.7199532389640808
1,13,landmark,8,0.0,512,512.0,0.650830864906311,0.8587297797203064
1,13,landmark,8,0.005,64,88.0,0.7404152750968933,0.373046875
1,13,landmark,8,0.005,128,152.0,0.8077965974807739,0.549560546875
1,13,landmark,8,0.005,256,280.0,0.8743093609809875,0.7368512749671936
1,13,landmark,8,0.005,512,536.0,0.9259185791015625,0.8720005750656128
1,13,landmark,8,0.01,64,104.0,0.7411613464355469,0.3755754828453064
1,13,landmark,8,0.01,128,168.0,0.8085314631462097,0.5520194172859192
1,13,landmark,8,0.01,256,296.0,0.8750013709068298,0.7392229437828064
1,13,landmark,8,0.01,512,552.0,0.9266074299812317,0.8742327094078064
1,13,landmark,8,0.02,64,144.0,0.7443110346794128,0.3812778890132904
1,13,landmark,8,0.02,128,208.0,0.8116930723190308,0.5577567219734192
1,13,landmark,8,0.02,256,336.0,0.878106951713562,0.7448381781578064
1,13,landmark,8,0.02,512,592.0,0.9290452003479004,0.8781040906906128
1,13,landmark,8,0.05,64,264.0,0.7580553293228149,0.4124232828617096
1,13,landmark,8,0.05,128,328.0,0.8224931955337524,0.5843331217765808
1,13,landmark,8,0.05,256,456.0,0.8857936263084412,0.7625907063484192
1,13,landmark,8,0.05,512,712.0,0.9347981214523315,0.8898751139640808
1,13,oracle_chunk,16,0.0,64,64.0,0.7701708674430847,0.3689139187335968
1,13,oracle_chunk,16,0.0,128,128.0,0.8516535758972168,0.6397356390953064
1,13,oracle_chunk,16,0.0,256,256.0,0.9121138453483582,0.8609793782234192
1,13,oracle_chunk,16,0.0,512,512.0,0.9532099962234497,0.9748709797859192
1,13,landmark,16,0.0,64,64.0,0.228682279586792,0.3163888156414032
1,13,landmark,16,0.0,128,128.0,0.30031266808509827,0.4836774468421936
1,13,landmark,16,0.0,256,256.0,0.37090086936950684,0.6561802625656128
1,13,landmark,16,0.0,512,512.0,0.5165840983390808,0.8076695203781128
1,13,landmark,16,0.005,64,80.0,0.711412250995636,0.3324323296546936
1,13,landmark,16,0.005,128,144.0,0.7830424904823303,0.4997209906578064
1,13,landmark,16,0.005,256,272.0,0.8507038950920105,0.672119140625
1,13,landmark,16,0.005,512,528.0,0.9079555869102478,0.8217598795890808
1,13,landmark,16,0.01,64,112.0,0.715423047542572,0.3391287624835968
1,13,landmark,16,0.01,128,176.0,0.7870535254478455,0.506591796875
1,13,landmark,16,0.01,256,304.0,0.8547343611717224,0.6789376139640808
1,13,landmark,16,0.01,512,560.0,0.9116241335868835,0.8276890516281128
1,13,landmark,16,0.02,64,144.0,0.7174801230430603,0.3446044921875
1,13,landmark,16,0.02,128,208.0,0.7889881134033203,0.5108642578125
1,13,landmark,16,0.02,256,336.0,0.8567072749137878,0.6827915906906128
1,13,landmark,16,0.02,512,592.0,0.9133371114730835,0.8304618000984192
1,13,landmark,16,0.05,64,272.0,0.727360725402832,0.3761509358882904
1,13,landmark,16,0.05,128,336.0,0.7972646355628967,0.5404401421546936
1,13,landmark,16,0.05,256,464.0,0.864188551902771,0.7072230577468872
1,13,landmark,16,0.05,512,720.0,0.9187211990356445,0.8470982313156128
1,13,oracle_chunk,32,0.0,64,64.0,0.7041407227516174,0.2450474351644516
1,13,oracle_chunk,32,0.0,128,128.0,0.804758608341217,0.4911935031414032
1,13,oracle_chunk,32,0.0,256,256.0,0.8884797692298889,0.7617362141609192
1,13,oracle_chunk,32,0.0,512,512.0,0.9401583671569824,0.9232701063156128
1,13,landmark,32,0.0,64,64.0,0.2056233137845993,0.2691476047039032
1,13,landmark,32,0.0,128,128.0,0.26910391449928284,0.4168003499507904
1,13,landmark,32,0.0,256,256.0,0.3384850323200226,0.5846470594406128
1,13,landmark,32,0.0,512,512.0,0.44585850834846497,0.7438092827796936
1,13,landmark,32,0.005,64,96.0,0.688547670841217,0.2853829562664032
1,13,landmark,32,0.005,128,160.0,0.7520283460617065,0.4330357015132904
1,13,landmark,32,0.005,256,288.0,0.8186718225479126,0.6008475422859192
1,13,landmark,32,0.005,512,544.0,0.8857254385948181,0.7603585124015808
1,13,landmark,32,0.01,64,96.0,0.688547670841217,0.2853829562664032
1,13,landmark,32,0.01,128,160.0,0.7520283460617065,0.4330357015132904
1,13,landmark,32,0.01,256,288.0,0.8186718225479126,0.6008475422859192
1,13,landmark,32,0.01,512,544.0,0.8857254385948181,0.7603585124015808
1,13,landmark,32,0.02,64,160.0,0.693947970867157,0.2947475016117096
1,13,landmark,32,0.02,128,224.0,0.7574286460876465,0.4424002468585968
1,13,landmark,32,0.02,256,352.0,0.82396399974823,0.6107526421546936
1,13,landmark,32,0.02,512,608.0,0.8902415037155151,0.7687290906906128
1,13,landmark,32,0.05,64,256.0,0.7353449463844299,0.3956124484539032
1,13,landmark,32,0.05,128,320.0,0.7944610714912415,0.5332379937171936
1,13,landmark,32,0.05,256,448.0,0.8458371162414551,0.6670793890953064
1,13,landmark,32,0.05,512,704.0,0.9031111598014832,0.7967877984046936
1,14,oracle_token,1,0.0,64,64.0,0.8720828294754028,1.0
1,14,oracle_token,1,0.0,128,128.0,0.9226629137992859,1.0
1,14,oracle_token,1,0.0,256,256.0,0.9590405821800232,1.0
1,14,oracle_token,1,0.0,512,512.0,0.9820404648780823,1.0
1,14,oracle_chunk,4,0.0,64,64.0,0.8129498362541199,0.5639473795890808
1,14,oracle_chunk,4,0.0,128,128.0,0.8831225037574768,0.8572998046875
1,14,oracle_chunk,4,0.0,256,256.0,0.9342895746231079,0.9981864094734192
1,14,oracle_chunk,4,0.0,512,512.0,0.9684526324272156,1.0
1,14,landmark,4,0.0,64,64.0,0.3384559452533722,0.4315534234046936
1,14,landmark,4,0.0,128,128.0,0.4578947424888611,0.6420026421546936
1,14,landmark,4,0.0,256,256.0,0.5918888449668884,0.8217076063156128
1,14,landmark,4,0.0,512,512.0,0.7664341330528259,0.9358084797859192
1,14,landmark,4,0.005,64,84.0,0.7516061067581177,0.4486083984375
1,14,landmark,4,0.005,128,148.0,0.8304213285446167,0.6586565375328064
1,14,landmark,4,0.005,256,276.0,0.8969301581382751,0.8366175889968872
1,14,landmark,4,0.005,512,532.0,0.9452090263366699,0.9447544813156128
1,14,landmark,4,0.01,64,104.0,0.7530497312545776,0.4522530734539032
1,14,landmark,4,0.01,128,168.0,0.8318643569946289,0.662353515625
1,14,landmark,4,0.01,256,296.0,0.898370623588562,0.8402796983718872
1,14,landmark,4,0.01,512,552.0,0.946563184261322,0.9479457139968872
1,14,landmark,4,0.02,64,144.0,0.7559585571289062,0.458984375
1,14,landmark,4,0.02,128,208.0,0.8342307209968567,0.6681431531906128
1,14,landmark,4,0.02,256,336.0,0.90064936876297,0.8447962999343872
1,14,landmark,4,0.02,512,592.0,0.9482577443122864,0.9502476453781128
1,14,landmark,4,0.05,64,264.0,0.7659419178962708,0.4856654703617096
1,14,landmark,4,0.05,128,328.0,0.8417624235153198,0.6884765625
1,14,landmark,4,0.05,256,456.0,0.9057918190956116,0.8563581109046936
1,14,landmark,4,0.05,512,712.0,0.9519988298416138,0.9561244249343872
1,14,oracle_chunk,8,0.0,64,64.0,0.7766428589820862,0.4644601047039032
1,14,oracle_chunk,8,0.0,128,128.0,0.8589140772819519,0.7387869954109192
1,14,oracle_chunk,8,0.0,256,256.0,0.918670654296875,0.9404994249343872
1,14,oracle_chunk,8,0.0,512,512.0,0.9597498774528503,0.9995989203453064
1,14,landmark,8,0.0,64,64.0,0.28796812891960144,0.3982979953289032
1,14,landmark,8,0.0,128,128.0,0.3806639313697815,0.6010916829109192
1,14,landmark,8,0.0,256,256.0,0.4801107347011566,0.7800816297531128
1,14,landmark,8,0.0,512,512.0,0.608759343624115,0.9027274250984192
1,14,landmark,8,0.005,64,88.0,0.7329908609390259,0.4156319797039032
1,14,landmark,8,0.005,128,152.0,0.8188085556030273,0.618408203125
1,14,landmark,8,0.005,256,280.0,0.8853654265403748,0.796875
1,14,landmark,8,0.005,512,536.0,0.9352283477783203,0.9172711968421936
1,14,landmark,8,0.01,64,104.0,0.7345576286315918,0.4187883734703064
1,14,landmark,8,0.01,128,168.0,0.8203753232955933,0.6215645670890808
1,14,landmark,8,0.01,256,296.0,0.8869720101356506,0.8000662922859192
1,14,landmark,8,0.01,512,552.0,0.9365765452384949,0.9197998046875
1,14,landmark,8,0.02,64,144.0,0.7361382246017456,0.4209158718585968
1,14,landmark,8,0.02,128,208.0,0.821977436542511,0.623779296875
1,14,landmark,8,0.02,256,336.0,0.8884812593460083,0.8021763563156128
1,14,landmark,8,0.02,512,592.0,0.938043475151062,0.9215959906578064
1,14,landmark,8,0.05,64,264.0,0.7462778091430664,0.4447893500328064
1,14,landmark,8,0.05,128,328.0,0.8302277326583862,0.6432233452796936
1,14,landmark,8,0.05,256,456.0,0.8945034742355347,0.8152552843093872
1,14,landmark,8,0.05,512,712.0,0.943008542060852,0.9302106499671936
1,14,oracle_chunk,16,0.0,64,64.0,0.7398077845573425,0.3836669921875
1,14,oracle_chunk,16,0.0,128,128.0,0.8341059684753418,0.6507393717765808
1,14,oracle_chunk,16,0.0,256,256.0,0.9046871066093445,0.8706926703453064
1,14,oracle_chunk,16,0.0,512,512.0,0.9514780044555664,0.9816371202468872
1,14,landmark,16,0.0,64,64.0,0.26749536395072937,0.3748604953289032
1,14,landmark,16,0.0,128,128.0,0.35387107729911804,0.5728062391281128
1,14,landmark,16,0.0,256,256.0,0.4357756972312927,0.7483607530593872
1,14,landmark,16,0.0,512,512.0,0.5553969144821167,0.8792375922203064
1,14,landmark,16,0.005,64,80.0,0.7190645933151245,0.3911830484867096
1,14,landmark,16,0.005,128,144.0,0.8054402470588684,0.5891287922859192
1,14,landmark,16,0.005,256,272.0,0.8736507296562195,0.7645961046218872
1,14,landmark,16,0.005,512,528.0,0.9275438189506531,0.8943917155265808
1,14,landmark,16,0.01,64,112.0,0.7204651236534119,0.3943568766117096
1,14,landmark,16,0.01,128,176.0,0.8068407773971558,0.5923026204109192
1,14,landmark,16,0.01,256,304.0,0.8750942945480347,0.7677873969078064
1,14,landmark,16,0.01,512,560.0,0.9289288520812988,0.8973912000656128
1,14,landmark,16,0.02,64,144.0,0.7223628759384155,0.398681640625
1,14,landmark,16,0.02,128,208.0,0.8087385296821594,0.5966273546218872
1,14,landmark,16,0.02,256,336.0,0.8769919276237488,0.7721121907234192
1,14,landmark,16,0.02,512,592.0,0.9305621385574341,0.9006522297859192
1,14,landmark,16,0.05,64,272.0,0.7265645861625671,0.4079241156578064
1,14,landmark,16,0.05,128,336.0,0.8129310011863708,0.6056954264640808
1,14,landmark,16,0.05,256,464.0,0.8813316226005554,0.7815116047859192
1,14,landmark,16,0.05,512,720.0,0.9350625872612,0.908203125
1,14,oracle_chunk,32,0.0,64,64.0,0.6777123212814331,0.2725307047367096
1,14,oracle_chunk,32,0.0,128,128.0,0.7923359870910645,0.5423235297203064
1,14,oracle_chunk,32,0.0,256,256.0,0.8860432505607605,0.8032401204109192
1,14,oracle_chunk,32,0.0,512,512.0,0.9425881505012512,0.9478236436843872
1,14,landmark,32,0.0,64,64.0,0.2436448037624359,0.3341762125492096
1,14,landmark,32,0.0,128,128.0,0.3405819535255432,0.5377197265625
1,14,landmark,32,0.0,256,256.0,0.4149576723575592,0.7177734375
1,14,landmark,32,0.0,512,512.0,0.4877811372280121,0.8599156141281128
1,14,landmark,32,0.005,64,96.0,0.6956895589828491,0.3509870171546936
1,14,landmark,32,0.005,128,160.0,0.792626678943634,0.5545305609703064
1,14,landmark,32,0.005,256,288.0,0.8670023679733276,0.7345842719078064
1,14,landmark,32,0.005,512,544.0,0.9238795042037964,0.8765171766281128
1,14,landmark,32,0.01,64,96.0,0.6956895589828491,0.3509870171546936
1,14,landmark,32,0.01,128,160.0,0.792626678943634,0.5545305609703064
1,14,landmark,32,0.01,256,288.0,0.8670023679733276,0.7345842719078064
1,14,landmark,32,0.01,512,544.0,0.9238795042037964,0.8765171766281128
1,14,landmark,32,0.02,64,160.0,0.698641300201416,0.3598109781742096
1,14,landmark,32,0.02,128,224.0,0.7955784201622009,0.5633544921875
1,14,landmark,32,0.02,256,352.0,0.8698931336402893,0.7430943250656128
1,14,landmark,32,0.02,512,608.0,0.9261935353279114,0.8821672797203064
1,14,landmark,32,0.05,64,256.0,0.7013130784034729,0.3669956624507904
1,14,landmark,32,0.05,128,320.0,0.798250138759613,0.5705391764640808
1,14,landmark,32,0.05,256,448.0,0.8728240728378296,0.7505057454109192
1,14,landmark,32,0.05,512,704.0,0.9289931058883667,0.8893519639968872
1,15,oracle_token,1,0.0,64,64.0,0.8419641852378845,1.0
1,15,oracle_token,1,0.0,128,128.0,0.8938202261924744,1.0
1,15,oracle_token,1,0.0,256,256.0,0.9365710020065308,1.0
1,15,oracle_token,1,0.0,512,512.0,0.968346893787384,1.0
1,15,oracle_chunk,4,0.0,64,64.0,0.7899183630943298,0.5613141655921936
1,15,oracle_chunk,4,0.0,128,128.0,0.8565824627876282,0.8529227375984192
1,15,oracle_chunk,4,0.0,256,256.0,0.9106611013412476,0.9963204264640808
1,15,oracle_chunk,4,0.0,512,512.0,0.9523689150810242,1.0
1,15,landmark,4,0.0,64,64.0,0.3899674117565155,0.4110979437828064
1,15,landmark,4,0.0,128,128.0,0.5226816534996033,0.6085902452468872
1,15,landmark,4,0.0,256,256.0,0.6301751732826233,0.792236328125
1,15,landmark,4,0.0,512,512.0,0.8102120161056519,0.9163818359375
1,15,landmark,4,0.005,64,84.0,0.7243568301200867,0.4357212483882904
1,15,landmark,4,0.005,128,148.0,0.795449435710907,0.6284005045890808
1,15,landmark,4,0.005,256,276.0,0.8636068105697632,0.8070940375328064
1,15,landmark,4,0.005,512,532.0,0.9192965626716614,0.9230782389640808
1,15,landmark,4,0.01,64,104.0,0.7278979420661926,0.4447195827960968
1,15,landmark,4,0.01,128,168.0,0.7977339625358582,0.633056640625
1,15,landmark,4,0.01,256,296.0,0.8652041554450989,0.8099713921546936
1,15,landmark,4,0.01,512,552.0,0.9203638434410095,0.9244908094406128
1,15,landmark,4,0.02,64,144.0,0.7299075722694397,0.4492710530757904
1,15,landmark,4,0.02,128,208.0,0.7996818423271179,0.6375907063484192
1,15,landmark,4,0.02,256,336.0,0.8670617341995239,0.8141392469406128
1,15,landmark,4,0.02,512,592.0,0.9221165776252747,0.9276471734046936
1,15,landmark,4,0.05,64,264.0,0.7365413904190063,0.4634486734867096
1,15,landmark,4,0.05,128,328.0,0.8058101534843445,0.6503557562828064
1,15,landmark,4,0.05,256,456.0,0.8723903298377991,0.8243582844734192
1,15,landmark,4,0.05,512,712.0,0.9264649152755737,0.9336460828781128
1,15,oracle_chunk,8,0.0,64,64.0,0.7584291100502014,0.4617222249507904
1,15,oracle_chunk,8,0.0,128,128.0,0.8339475989341736,0.7255510687828064
1,15,oracle_chunk,8,0.0,256,256.0,0.8950024247169495,0.9306291937828064
1,15,oracle_chunk,8,0.0,512,512.0,0.9427626729011536,0.9987095594406128
1,15,landmark,8,0.0,64,64.0,0.26816481351852417,0.3725760281085968
1,15,landmark,8,0.0,128,128.0,0.3959794044494629,0.5608433485031128
1,15,landmark,8,0.0,256,256.0,0.5226631164550781,0.7374442219734192
1,15,landmark,8,0.0,512,512.0,0.6788047552108765,0.8767264485359192
1,15,landmark,8,0.005,64,88.0,0.7042985558509827,0.3917759358882904
1,15,landmark,8,0.005,128,152.0,0.7800574898719788,0.5795026421546936
1,15,landmark,8,0.005,256,280.0,0.8491665124893188,0.7532958984375
1,15,landmark,8,0.005,512,536.0,0.9078758358955383,0.887451171875
1,15,landmark,8,0.01,64,104.0,0.704772412776947,0.3925258219242096
1,15,landmark,8,0.01,128,168.0,0.7805312871932983,0.5802525281906128
1,15,landmark,8,0.01,256,296.0,0.8496403098106384,0.7540457844734192
1,15,landmark,8,0.01,512,552.0,0.9083374738693237,0.8881661295890808
1,15,landmark,8,0.02,64,144.0,0.7116819024085999,0.4072788655757904
1,15,landmark,8,0.02,128,208.0,0.7857313752174377,0.5912737250328064
1,15,landmark,8,0.02,256,336.0,0.8525603413581848,0.7599225640296936
1,15,landmark,8,0.02,512,592.0,0.9103587865829468,0.890869140625
1,15,landmark,8,0.05,64,264.0,0.7229357361793518,0.430419921875
1,15,landmark,8,0.05,128,328.0,0.7957357168197632,0.6101422905921936
1,15,landmark,8,0.05,256,456.0,0.8603598475456238,0.7741873860359192
1,15,landmark,8,0.05,512,712.0,0.9168141484260559,0.9005475640296936
1,15,oracle_chunk,16,0.0,64,64.0,0.7138121724128723,0.3646588921546936
1,15,oracle_chunk,16,0.0,128,128.0,0.8062148690223694,0.6226457953453064
1,15,oracle_chunk,16,0.0,256,256.0,0.8775600790977478,0.8487374186515808
1,15,oracle_chunk,16,0.0,512,512.0,0.9311294555664062,0.9723597764968872
1,15,landmark,16,0.0,64,64.0,0.22168126702308655,0.3390241265296936
1,15,landmark,16,0.0,128,128.0,0.31277039647102356,0.5152587890625
1,15,landmark,16,0.0,256,256.0,0.4432123601436615,0.701171875
1,15,landmark,16,0.0,512,512.0,0.6142302751541138,0.8485630750656128
1,15,landmark,16,0.005,64,80.0,0.6785904765129089,0.3548932671546936
1,15,landmark,16,0.005,128,144.0,0.7577286958694458,0.5313372015953064
1,15,landmark,16,0.005,256,272.0,0.8324931263923645,0.7165701985359192
1,15,landmark,16,0.005,512,528.0,0.894817054271698,0.859130859375
1,15,landmark,16,0.01,64,112.0,0.6932068467140198,0.3811732828617096
1,15,landmark,16,0.01,128,176.0,0.7686291933059692,0.5533447265625
1,15,landmark,16,0.01,256,304.0,0.8384780287742615,0.7313232421875
1,15,landmark,16,0.01,512,560.0,0.8983601331710815,0.8656529188156128
1,15,landmark,16,0.02,64,144.0,0.6941422820091248,0.3821498453617096
1,15,landmark,16,0.02,128,208.0,0.7695646286010742,0.5543212890625
1,15,landmark,16,0.02,256,336.0,0.8394134640693665,0.7322998046875
1,15,landmark,16,0.02,512,592.0,0.899295449256897,0.8666294813156128
1,15,landmark,16,0.05,64,272.0,0.7008154988288879,0.3940778374671936
1,15,landmark,16,0.05,128,336.0,0.776334822177887,0.5664759874343872
1,15,landmark,16,0.05,256,464.0,0.8463398814201355,0.7445591688156128
1,15,landmark,16,0.05,512,720.0,0.9057159423828125,0.8768310546875
1,15,oracle_chunk,32,0.0,64,64.0,0.6411598920822144,0.2500348687171936
1,15,oracle_chunk,32,0.0,128,128.0,0.7569785714149475,0.491943359375
1,15,oracle_chunk,32,0.0,256,256.0,0.8511372804641724,0.7515171766281128
1,15,oracle_chunk,32,0.0,512,512.0,0.9161108732223511,0.9196254014968872
1,15,landmark,32,0.0,64,64.0,0.19254843890666962,0.2988804280757904
1,15,landmark,32,0.0,128,128.0,0.2755127251148224,0.4729701578617096
1,15,landmark,32,0.0,256,256.0,0.36865583062171936,0.6429618000984192
1,15,landmark,32,0.0,512,512.0,0.4971254765987396,0.8066057562828064
1,15,landmark,32,0.005,64,96.0,0.6498574018478394,0.3148891031742096
1,15,landmark,32,0.005,128,160.0,0.7328215837478638,0.4889788031578064
1,15,landmark,32,0.005,256,288.0,0.8097265958786011,0.6590052843093872
1,15,landmark,32,0.005,512,544.0,0.8818890452384949,0.8211669921875
1,15,landmark,32,0.01,64,96.0,0.6498574018478394,0.3148891031742096
1,15,landmark,32,0.01,128,160.0,0.7328215837478638,0.4889788031578064
1,15,landmark,32,0.01,256,288.0,0.8097265958786011,0.6590052843093872
1,15,landmark,32,0.01,512,544.0,0.8818890452384949,0.8211669921875
1,15,landmark,32,0.02,64,160.0,0.6656784415245056,0.3505859375
1,15,landmark,32,0.02,128,224.0,0.7462554574012756,0.5204032063484192
1,15,landmark,32,0.02,256,352.0,0.8187087178230286,0.6802803874015808
1,15,landmark,32,0.02,512,608.0,0.886361300945282,0.8310546875
1,15,landmark,32,0.05,64,256.0,0.6728189587593079,0.3629150390625
1,15,landmark,32,0.05,128,320.0,0.7533960342407227,0.5327323079109192
1,15,landmark,32,0.05,256,448.0,0.8259790539741516,0.6932024359703064
1,15,landmark,32,0.05,512,704.0,0.8924046754837036,0.8413957953453064
1,16,oracle_token,1,0.0,64,64.0,0.9072123169898987,1.0
1,16,oracle_token,1,0.0,128,128.0,0.9399948716163635,1.0
1,16,oracle_token,1,0.0,256,256.0,0.9662159085273743,1.0
1,16,oracle_token,1,0.0,512,512.0,0.9843648672103882,1.0
1,16,oracle_chunk,4,0.0,64,64.0,0.8541120886802673,0.4621059000492096
1,16,oracle_chunk,4,0.0,128,128.0,0.8974823951721191,0.7522147297859192
1,16,oracle_chunk,4,0.0,256,256.0,0.9350712895393372,0.9922398328781128
1,16,oracle_chunk,4,0.0,512,512.0,0.9651678800582886,1.0
1,16,landmark,4,0.0,64,64.0,0.39716294407844543,0.2922188937664032
1,16,landmark,4,0.0,128,128.0,0.6105149388313293,0.4519914984703064
1,16,landmark,4,0.0,256,256.0,0.7828694581985474,0.6346086859703064
1,16,landmark,4,0.0,512,512.0,0.8990787267684937,0.8011474609375
1,16,landmark,4,0.005,64,84.0,0.7644175291061401,0.3129708468914032
1,16,landmark,4,0.005,128,148.0,0.8112416863441467,0.4685930609703064
1,16,landmark,4,0.005,256,276.0,0.8612537980079651,0.6462227702140808
1,16,landmark,4,0.005,512,532.0,0.9132557511329651,0.8079310655593872
1,16,landmark,4,0.01,64,104.0,0.7659050822257996,0.3157784640789032
1,16,landmark,4,0.01,128,168.0,0.8127292394638062,0.4714006781578064
1,16,landmark,4,0.01,256,296.0,0.8627023696899414,0.6487165093421936
1,16,landmark,4,0.01,512,552.0,0.9145413637161255,0.8101631999015808
1,16,landmark,4,0.02,64,144.0,0.7695152163505554,0.3241489827632904
1,16,landmark,4,0.02,128,208.0,0.8157658576965332,0.4785853922367096
1,16,landmark,4,0.02,256,336.0,0.8650431036949158,0.6546456217765808
1,16,landmark,4,0.02,512,592.0,0.9159108996391296,0.8144356608390808
1,16,landmark,4,0.05,64,264.0,0.7800881266593933,0.34423828125
1,16,landmark,4,0.05,128,328.0,0.8238611817359924,0.4971923828125
1,16,landmark,4,0.05,256,456.0,0.8717626929283142,0.6705496907234192
1,16,landmark,4,0.05,512,712.0,0.9205834269523621,0.826171875
1,16,oracle_chunk,8,0.0,64,64.0,0.8216230273246765,0.3528180718421936
1,16,oracle_chunk,8,0.0,128,128.0,0.8707274198532104,0.5823974609375
1,16,oracle_chunk,8,0.0,256,256.0,0.91428142786026,0.8363909125328064
1,16,oracle_chunk,8,0.0,512,512.0,0.9504770636558533,0.9949427843093872
1,16,landmark,8,0.0,64,64.0,0.21219858527183533,0.2483607679605484
1,16,landmark,8,0.0,128,128.0,0.3566410541534424,0.3873465359210968
1,16,landmark,8,0.0,256,256.0,0.5788916349411011,0.5450614094734192
1,16,landmark,8,0.0,512,512.0,0.8223201632499695,0.7142857313156128
1,16,landmark,8,0.005,64,88.0,0.7327221632003784,0.2715192437171936
1,16,landmark,8,0.005,128,152.0,0.7765077352523804,0.4077846109867096
1,16,landmark,8,0.005,256,280.0,0.8237032294273376,0.5611746907234192
1,16,landmark,8,0.005,512,536.0,0.879078209400177,0.7240164875984192
1,16,landmark,8,0.01,64,104.0,0.7372143864631653,0.2746756374835968
1,16,landmark,8,0.01,128,168.0,0.7810054421424866,0.4109933078289032
1,16,landmark,8,0.01,256,296.0,0.8281669616699219,0.5641741156578064
1,16,landmark,8,0.01,512,552.0,0.8827759623527527,0.7264578938484192
1,16,landmark,8,0.02,64,144.0,0.741148054599762,0.2867431640625
1,16,landmark,8,0.02,128,208.0,0.7839239239692688,0.4202008843421936
1,16,landmark,8,0.02,256,336.0,0.8306713104248047,0.5723353624343872
1,16,landmark,8,0.02,512,592.0,0.8848752379417419,0.7325788140296936
1,16,landmark,8,0.05,64,264.0,0.7591704726219177,0.32470703125
1,16,landmark,8,0.05,128,328.0,0.7996550798416138,0.4527413547039032
1,16,landmark,8,0.05,256,456.0,0.8442163467407227,0.6006905436515808
1,16,landmark,8,0.05,512,712.0,0.8949121832847595,0.7547084093093872
1,16,oracle_chunk,16,0.0,64,64.0,0.7821531295776367,0.2639857828617096
1,16,oracle_chunk,16,0.0,128,128.0,0.8405694961547852,0.4672328531742096
1,16,oracle_chunk,16,0.0,256,256.0,0.8905760049819946,0.6917549967765808
1,16,oracle_chunk,16,0.0,512,512.0,0.9331798553466797,0.8949323296546936
1,16,landmark,16,0.0,64,64.0,0.13542161881923676,0.2037004679441452
1,16,landmark,16,0.0,128,128.0,0.2077399641275406,0.3290666937828064
1,16,landmark,16,0.0,256,256.0,0.37723976373672485,0.4774518609046936
1,16,landmark,16,0.0,512,512.0,0.6355556845664978,0.6370849609375
1,16,landmark,16,0.005,64,80.0,0.7059310674667358,0.2214529812335968
1,16,landmark,16,0.005,128,144.0,0.7467495203018188,0.3464181125164032
1,16,landmark,16,0.005,256,272.0,0.8006446957588196,0.4933384358882904
1,16,landmark,16,0.005,512,528.0,0.8540776371955872,0.6474086046218872
1,16,landmark,16,0.01,64,112.0,0.7155013084411621,0.2327183336019516
1,16,landmark,16,0.01,128,176.0,0.7563250660896301,0.3576311469078064
1,16,landmark,16,0.01,256,304.0,0.8102079033851624,0.5045166015625
1,16,landmark,16,0.01,512,560.0,0.8638215065002441,0.6588134765625
1,16,landmark,16,0.02,64,144.0,0.717131495475769,0.2377057820558548
1,16,landmark,16,0.02,128,208.0,0.7579551339149475,0.3626185953617096
1,16,landmark,16,0.02,256,336.0,0.8118380904197693,0.5095040202140808
1,16,landmark,16,0.02,512,592.0,0.865117073059082,0.6631905436515808
1,16,landmark,16,0.05,64,272.0,0.7320996522903442,0.2746930718421936
1,16,landmark,16,0.05,128,336.0,0.7712897658348083,0.398193359375
1,16,landmark,16,0.05,256,464.0,0.8223759531974792,0.5416259765625
1,16,landmark,16,0.05,512,720.0,0.8742844462394714,0.6892438530921936
1,16,oracle_chunk,32,0.0,64,64.0,0.7304120659828186,0.16748046875
1,16,oracle_chunk,32,0.0,128,128.0,0.801385760307312,0.359130859375
1,16,oracle_chunk,32,0.0,256,256.0,0.8624648451805115,0.5794329047203064
1,16,oracle_chunk,32,0.0,512,512.0,0.9125679135322571,0.7815290093421936
1,16,landmark,32,0.0,64,64.0,0.1158856749534607,0.1791120320558548
1,16,landmark,32,0.0,128,128.0,0.1896251142024994,0.2801862359046936
1,16,landmark,32,0.0,256,256.0,0.26376858353614807,0.4161202609539032
1,16,landmark,32,0.0,512,512.0,0.4077920913696289,0.58251953125
1,16,landmark,32,0.005,64,96.0,0.6899605393409729,0.1991838663816452
1,16,landmark,32,0.005,128,160.0,0.7240301966667175,0.3023681640625
1,16,landmark,32,0.005,256,288.0,0.771213948726654,0.4376395046710968
1,16,landmark,32,0.005,512,544.0,0.8263140916824341,0.5990862250328064
1,16,landmark,32,0.01,64,96.0,0.6899605393409729,0.1991838663816452
1,16,landmark,32,0.01,128,160.0,0.7240301966667175,0.3023681640625
1,16,landmark,32,0.01,256,288.0,0.771213948726654,0.4376395046710968
1,16,landmark,32,0.01,512,544.0,0.8263140916824341,0.5990862250328064
1,16,landmark,32,0.02,64,160.0,0.701944887638092,0.2171630859375
1,16,landmark,32,0.02,128,224.0,0.7354698181152344,0.3194754421710968
1,16,landmark,32,0.02,256,352.0,0.7828133702278137,0.4534563422203064
1,16,landmark,32,0.02,512,608.0,0.837049126625061,0.61279296875
1,16,landmark,32,0.05,64,256.0,0.7162250876426697,0.248779296875
1,16,landmark,32,0.05,128,320.0,0.7488217353820801,0.35107421875
1,16,landmark,32,0.05,256,448.0,0.7944191694259644,0.4837820827960968
1,16,landmark,32,0.05,512,704.0,0.8466921448707581,0.6378173828125
1,17,oracle_token,1,0.0,64,64.0,0.7851338386535645,1.0
1,17,oracle_token,1,0.0,128,128.0,0.8406767845153809,1.0
1,17,oracle_token,1,0.0,256,256.0,0.8943080902099609,1.0
1,17,oracle_token,1,0.0,512,512.0,0.9411181211471558,1.0
1,17,oracle_chunk,4,0.0,64,64.0,0.7239912748336792,0.4772077202796936
1,17,oracle_chunk,4,0.0,128,128.0,0.7814865112304688,0.7555454969406128
1,17,oracle_chunk,4,0.0,256,256.0,0.8413884043693542,0.9765101671218872
1,17,oracle_chunk,4,0.0,512,512.0,0.8997434377670288,1.0
1,17,landmark,4,0.0,64,64.0,0.30237340927124023,0.3122732937335968
1,17,landmark,4,0.0,128,128.0,0.45219168066978455,0.4749407172203064
1,17,landmark,4,0.0,256,256.0,0.5847305059432983,0.6568428874015808
1,17,landmark,4,0.0,512,512.0,0.7631459832191467,0.8118373155593872
1,17,landmark,4,0.005,64,84.0,0.667934775352478,0.3304269015789032
1,17,landmark,4,0.005,128,148.0,0.717616617679596,0.4897983968257904
1,17,landmark,4,0.005,256,276.0,0.7766138911247253,0.668212890625
1,17,landmark,4,0.005,512,532.0,0.8378996253013611,0.8184814453125
1,17,landmark,4,0.01,64,104.0,0.6699637174606323,0.3350307047367096
1,17,landmark,4,0.01,128,168.0,0.7197214365005493,0.4946463406085968
1,17,landmark,4,0.01,256,296.0,0.7786063551902771,0.6726248860359192
1,17,landmark,4,0.01,512,552.0,0.8396927118301392,0.8223353624343872
1,17,landmark,4,0.02,64,144.0,0.67558753490448,0.3516845703125
1,17,landmark,4,0.02,128,208.0,0.7245994210243225,0.5088762640953064
1,17,landmark,4,0.02,256,336.0,0.7829592823982239,0.6832450032234192
1,17,landmark,4,0.02,512,592.0,0.8433787226676941,0.8300432562828064
1,17,landmark,4,0.05,64,264.0,0.6910074949264526,0.382568359375
1,17,landmark,4,0.05,128,328.0,0.7395526766777039,0.5382777452468872
1,17,landmark,4,0.05,256,456.0,0.7963125109672546,0.7085484266281128
1,17,landmark,4,0.05,512,712.0,0.8545487523078918,0.8493129014968872
1,17,oracle_chunk,8,0.0,64,64.0,0.6936630606651306,0.3718436062335968
1,17,oracle_chunk,8,0.0,128,128.0,0.7520251274108887,0.6055559515953064
1,17,oracle_chunk,8,0.0,256,256.0,0.8144863247871399,0.8423897624015808
1,17,oracle_chunk,8,0.0,512,512.0,0.875747799873352,0.9834333062171936
1,17,landmark,8,0.0,64,64.0,0.16500915586948395,0.2786342203617096
1,17,landmark,8,0.0,128,128.0,0.2617381513118744,0.4316057562828064
1,17,landmark,8,0.0,256,256.0,0.44220876693725586,0.5969586968421936
1,17,landmark,8,0.0,512,512.0,0.6785281300544739,0.7523716688156128
1,17,landmark,8,0.005,64,88.0,0.6548017859458923,0.3024728000164032
1,17,landmark,8,0.005,128,152.0,0.7033344507217407,0.4538399875164032
1,17,landmark,8,0.005,256,280.0,0.7584837079048157,0.61474609375
1,17,landmark,8,0.005,512,536.0,0.8190208077430725,0.7625557780265808
1,17,landmark,8,0.01,64,104.0,0.6559544801712036,0.3050014078617096
1,17,landmark,8,0.01,128,168.0,0.704487144947052,0.4563685953617096
1,17,landmark,8,0.01,256,296.0,0.7596363425254822,0.6172747015953064
1,17,landmark,8,0.01,512,552.0,0.8201611638069153,0.7650146484375
1,17,landmark,8,0.02,64,144.0,0.6594129204750061,0.3110700249671936
1,17,landmark,8,0.02,128,208.0,0.7078905701637268,0.4622628390789032
1,17,landmark,8,0.02,256,336.0,0.7630171775817871,0.6229248046875
1,17,landmark,8,0.02,512,592.0,0.8235608339309692,0.7706822156906128
1,17,landmark,8,0.05,64,264.0,0.6673785448074341,0.3287527859210968
1,17,landmark,8,0.05,128,328.0,0.7160208821296692,0.4798060953617096
1,17,landmark,8,0.05,256,456.0,0.7709974050521851,0.6395612359046936
1,17,landmark,8,0.05,512,712.0,0.8315132260322571,0.7851213812828064
1,17,oracle_chunk,16,0.0,64,64.0,0.6652199029922485,0.2887485921382904
1,17,oracle_chunk,16,0.0,128,128.0,0.7253885269165039,0.5027378797531128
1,17,oracle_chunk,16,0.0,256,256.0,0.7894023656845093,0.7245919108390808
1,17,oracle_chunk,16,0.0,512,512.0,0.8533303141593933,0.90234375
1,17,landmark,16,0.0,64,64.0,0.1238853707909584,0.2544642984867096
1,17,landmark,16,0.0,128,128.0,0.1786135882139206,0.4048200249671936
1,17,landmark,16,0.0,256,256.0,0.2838744819164276,0.5558035969734192
1,17,landmark,16,0.0,512,512.0,0.49933409690856934,0.7064906358718872
1,17,landmark,16,0.005,64,80.0,0.6443913578987122,0.2715192437171936
1,17,landmark,16,0.005,128,144.0,0.6933372616767883,0.4220668375492096
1,17,landmark,16,0.005,256,272.0,0.7440732717514038,0.5718819499015808
1,17,landmark,16,0.005,512,528.0,0.8028081059455872,0.7178257703781128
1,17,landmark,16,0.01,64,112.0,0.647216260433197,0.2763323187828064
1,17,landmark,16,0.01,128,176.0,0.6961620450019836,0.4268798828125
1,17,landmark,16,0.01,256,304.0,0.7468981742858887,0.5766950249671936
1,17,landmark,16,0.01,512,560.0,0.805534839630127,0.7224644422531128
1,17,landmark,16,0.02,64,144.0,0.6499616503715515,0.2838657796382904
1,17,landmark,16,0.02,128,208.0,0.6988101601600647,0.4340645968914032
1,17,landmark,16,0.02,256,336.0,0.7494258284568787,0.5826067328453064
1,17,landmark,16,0.02,512,592.0,0.8080855011940002,0.726806640625
1,17,landmark,16,0.05,64,272.0,0.6598523259162903,0.3063441812992096
1,17,landmark,16,0.05,128,336.0,0.7085692286491394,0.4558803141117096
1,17,landmark,16,0.05,256,464.0,0.7590125203132629,0.60302734375
1,17,landmark,16,0.05,512,720.0,0.8172957301139832,0.7428153157234192
1,17,oracle_chunk,32,0.0,64,64.0,0.6288799047470093,0.1929408460855484
1,17,oracle_chunk,32,0.0,128,128.0,0.6935275793075562,0.3946184515953064
1,17,oracle_chunk,32,0.0,256,256.0,0.7616318464279175,0.6209542155265808
1,17,oracle_chunk,32,0.0,512,512.0,0.8317908048629761,0.8210274577140808
1,17,landmark,32,0.0,64,64.0,0.10567028075456619,0.226806640625
1,17,landmark,32,0.0,128,128.0,0.15469761192798615,0.3624267578125
1,17,landmark,32,0.0,256,256.0,0.2126658856868744,0.5088239312171936
1,17,landmark,32,0.0,512,512.0,0.3496793210506439,0.6734793782234192
1,17,landmark,32,0.005,64,96.0,0.632180392742157,0.2448381632566452
1,17,landmark,32,0.005,128,160.0,0.6812077760696411,0.3804582953453064
1,17,landmark,32,0.005,256,288.0,0.7339881658554077,0.5272216796875
1,17,landmark,32,0.005,512,544.0,0.7978072762489319,0.6903250813484192
1,17,landmark,32,0.01,64,96.0,0.632180392742157,0.2448381632566452
1,17,landmark,32,0.01,128,160.0,0.6812077760696411,0.3804582953453064
1,17,landmark,32,0.01,256,288.0,0.7339881658554077,0.5272216796875
1,17,landmark,32,0.01,512,544.0,0.7978072762489319,0.6903250813484192
1,17,landmark,32,0.02,64,160.0,0.6373658180236816,0.2522495687007904
1,17,landmark,32,0.02,128,224.0,0.6863932013511658,0.3878696858882904
1,17,landmark,32,0.02,256,352.0,0.7391180396080017,0.5344761610031128
1,17,landmark,32,0.02,512,608.0,0.803024172782898,0.6980677843093872
1,17,landmark,32,0.05,64,256.0,0.6448021531105042,0.2813546359539032
1,17,landmark,32,0.05,128,320.0,0.6938130259513855,0.4153006374835968
1,17,landmark,32,0.05,256,448.0,0.7461927533149719,0.5586286187171936
1,17,landmark,32,0.05,512,704.0,0.8099358677864075,0.7155936360359192
1,18,oracle_token,1,0.0,64,64.0,0.8956007361412048,1.0
1,18,oracle_token,1,0.0,128,128.0,0.9259182810783386,1.0
1,18,oracle_token,1,0.0,256,256.0,0.9533076286315918,1.0
1,18,oracle_token,1,0.0,512,512.0,0.975378155708313,1.0
1,18,oracle_chunk,4,0.0,64,64.0,0.8637943863868713,0.5181012749671936
1,18,oracle_chunk,4,0.0,128,128.0,0.8991230726242065,0.8079310655593872
1,18,oracle_chunk,4,0.0,256,256.0,0.9322203397750854,0.9917689561843872
1,18,oracle_chunk,4,0.0,512,512.0,0.9608207941055298,1.0
1,18,landmark,4,0.0,64,64.0,0.297091543674469,0.3584158718585968
1,18,landmark,4,0.0,128,128.0,0.44409194588661194,0.5418177843093872
1,18,landmark,4,0.0,256,256.0,0.7354178428649902,0.7409842610359192
1,18,landmark,4,0.0,512,512.0,0.8941434621810913,0.888916015625
1,18,landmark,4,0.005,64,84.0,0.8254770040512085,0.3762730062007904
1,18,landmark,4,0.005,128,148.0,0.8618963956832886,0.5569370985031128
1,18,landmark,4,0.005,256,276.0,0.9014748334884644,0.7504185438156128
1,18,landmark,4,0.005,512,532.0,0.9368799328804016,0.89306640625
1,18,landmark,4,0.01,64,104.0,0.8266111612319946,0.380126953125
1,18,landmark,4,0.01,128,168.0,0.8628483414649963,0.5601981282234192
1,18,landmark,4,0.01,256,296.0,0.9020960927009583,0.7527030110359192
1,18,landmark,4,0.01,512,552.0,0.9372919797897339,0.8944091796875
1,18,landmark,4,0.02,64,144.0,0.8279491066932678,0.3867710530757904
1,18,landmark,4,0.02,128,208.0,0.8642052412033081,0.5661795735359192
1,18,landmark,4,0.02,256,336.0,0.9033387899398804,0.7573416829109192
1,18,landmark,4,0.02,512,592.0,0.9384848475456238,0.8976004719734192
1,18,landmark,4,0.05,64,264.0,0.8340529203414917,0.4069475531578064
1,18,landmark,4,0.05,128,328.0,0.8694812655448914,0.5845772624015808
1,18,landmark,4,0.05,256,456.0,0.9074339270591736,0.7702288031578064
1,18,landmark,4,0.05,512,712.0,0.9416267275810242,0.9057791829109192
1,18,oracle_chunk,8,0.0,64,64.0,0.8458145260810852,0.4135393500328064
1,18,oracle_chunk,8,0.0,128,128.0,0.8843498229980469,0.6639404296875
1,18,oracle_chunk,8,0.0,256,256.0,0.9204623103141785,0.9007917046546936
1,18,oracle_chunk,8,0.0,512,512.0,0.9524583220481873,0.9954833984375
1,18,landmark,8,0.0,64,64.0,0.22656163573265076,0.3212890625
1,18,landmark,8,0.0,128,128.0,0.28329405188560486,0.4866245687007904
1,18,landmark,8,0.0,256,256.0,0.3828102648258209,0.6736188530921936
1,18,landmark,8,0.0,512,512.0,0.6213796734809875,0.8412213921546936
1,18,landmark,8,0.005,64,88.0,0.8143107295036316,0.3397565484046936
1,18,landmark,8,0.005,128,152.0,0.8516894578933716,0.5043596625328064
1,18,landmark,8,0.005,256,280.0,0.89000004529953,0.6898368000984192
1,18,landmark,8,0.005,512,536.0,0.9275140762329102,0.8518241047859192
1,18,landmark,8,0.01,64,104.0,0.8147209286689758,0.3413957953453064
1,18,landmark,8,0.01,128,168.0,0.8520717620849609,0.5055454969406128
1,18,landmark,8,0.01,256,296.0,0.8904451727867126,0.6910749077796936
1,18,landmark,8,0.01,512,552.0,0.9279608130455017,0.8528704047203064
1,18,landmark,8,0.02,64,144.0,0.8158062696456909,0.3445347249507904
1,18,landmark,8,0.02,128,208.0,0.8531570434570312,0.5086844563484192
1,18,landmark,8,0.02,256,336.0,0.8915345072746277,0.6942662000656128
1,18,landmark,8,0.02,512,592.0,0.929042398929596,0.8559046983718872
1,18,landmark,8,0.05,64,264.0,0.8224326968193054,0.3654087483882904
1,18,landmark,8,0.05,128,328.0,0.858954906463623,0.5270647406578064
1,18,landmark,8,0.05,256,456.0,0.8962921500205994,0.7084263563156128
1,18,landmark,8,0.05,512,712.0,0.9330341219902039,0.8652867078781128
1,18,oracle_chunk,16,0.0,64,64.0,0.8244971632957458,0.3207135796546936
1,18,oracle_chunk,16,0.0,128,128.0,0.8684180974960327,0.5510951280593872
1,18,oracle_chunk,16,0.0,256,256.0,0.9081726670265198,0.7904052734375
1,18,oracle_chunk,16,0.0,512,512.0,0.943416178226471,0.9538050889968872
1,18,landmark,16,0.0,64,64.0,0.12310944497585297,0.2962472140789032
1,18,landmark,16,0.0,128,128.0,0.1654314249753952,0.4461146891117096
1,18,landmark,16,0.0,256,256.0,0.24179749190807343,0.6199602484703064
1,18,landmark,16,0.0,512,512.0,0.4139695167541504,0.7924630045890808
1,18,landmark,16,0.005,64,80.0,0.8054688572883606,0.313232421875
1,18,landmark,16,0.005,128,144.0,0.8406102061271667,0.4628208577632904
1,18,landmark,16,0.005,256,272.0,0.8795964121818542,0.6365792155265808
1,18,landmark,16,0.005,512,528.0,0.918197751045227,0.8058035969734192
1,18,landmark,16,0.01,64,112.0,0.8065294623374939,0.31787109375
1,18,landmark,16,0.01,128,176.0,0.8416098356246948,0.4665353000164032
1,18,landmark,16,0.01,256,304.0,0.8807335495948792,0.6405377984046936
1,18,landmark,16,0.01,512,560.0,0.9194390177726746,0.8095877766609192
1,18,landmark,16,0.02,64,144.0,0.8086970448493958,0.3206612765789032
1,18,landmark,16,0.02,128,208.0,0.8437772989273071,0.4693254828453064
1,18,landmark,16,0.02,256,336.0,0.882901132106781,0.6433280110359192
1,18,landmark,16,0.02,512,592.0,0.9214558601379395,0.8121163249015808
1,18,landmark,16,0.05,64,272.0,0.8138095736503601,0.3379429280757904
1,18,landmark,16,0.05,128,336.0,0.8490116000175476,0.487060546875
1,18,landmark,16,0.05,256,464.0,0.8883610963821411,0.6590750813484192
1,18,landmark,16,0.05,512,720.0,0.9264939427375793,0.8247593641281128
1,18,oracle_chunk,32,0.0,64,64.0,0.7879453897476196,0.2035086452960968
1,18,oracle_chunk,32,0.0,128,128.0,0.8440473675727844,0.4254499077796936
1,18,oracle_chunk,32,0.0,256,256.0,0.8924264907836914,0.6779610514640808
1,18,oracle_chunk,32,0.0,512,512.0,0.9329348206520081,0.8853585124015808
1,18,landmark,32,0.0,64,64.0,0.10678385943174362,0.2472795695066452
1,18,landmark,32,0.0,128,128.0,0.14917433261871338,0.3863699734210968
1,18,landmark,32,0.0,256,256.0,0.20475877821445465,0.566162109375
1,18,landmark,32,0.0,512,512.0,0.3172178864479065,0.7517264485359192
1,18,landmark,32,0.005,64,96.0,0.7895897030830383,0.2655029296875
1,18,landmark,32,0.005,128,160.0,0.8247157335281372,0.4051339328289032
1,18,landmark,32,0.005,256,288.0,0.8675717115402222,0.5844029188156128
1,18,landmark,32,0.005,512,544.0,0.9113791584968567,0.7687116265296936
1,18,landmark,32,0.01,64,96.0,0.7895897030830383,0.2655029296875
1,18,landmark,32,0.01,128,160.0,0.8247157335281372,0.4051339328289032
1,18,landmark,32,0.01,256,288.0,0.8675717115402222,0.5844029188156128
1,18,landmark,32,0.01,512,544.0,0.9113791584968567,0.7687116265296936
1,18,landmark,32,0.02,64,160.0,0.7954506278038025,0.2861851155757904
1,18,landmark,32,0.02,128,224.0,0.8297397494316101,0.4228166937828064
1,18,landmark,32,0.02,256,352.0,0.8726643919944763,0.6012660264968872
1,18,landmark,32,0.02,512,608.0,0.9154855608940125,0.7813720703125
1,18,landmark,32,0.05,64,256.0,0.7991085648536682,0.2934918999671936
1,18,landmark,32,0.05,128,320.0,0.8333977460861206,0.4301234781742096
1,18,landmark,32,0.05,256,448.0,0.876469075679779,0.608642578125
1,18,landmark,32,0.05,512,704.0,0.9192671179771423,0.788818359375
1,19,oracle_token,1,0.0,64,64.0,0.8616708517074585,1.0
1,19,oracle_token,1,0.0,128,128.0,0.9019249677658081,1.0
1,19,oracle_token,1,0.0,256,256.0,0.937647819519043,1.0
1,19,oracle_token,1,0.0,512,512.0,0.9664312601089478,1.0
1,19,oracle_chunk,4,0.0,64,64.0,0.8236481547355652,0.5353480577468872
1,19,oracle_chunk,4,0.0,128,128.0,0.8712335824966431,0.8254045844078064
1,19,oracle_chunk,4,0.0,256,256.0,0.9141601324081421,0.9931465983390808
1,19,oracle_chunk,4,0.0,512,512.0,0.9500168561935425,0.9999476671218872
1,19,landmark,4,0.0,64,64.0,0.2146492451429367,0.3411516547203064
1,19,landmark,4,0.0,128,128.0,0.2968086302280426,0.5249895453453064
1,19,landmark,4,0.0,256,256.0,0.509158194065094,0.7226213812828064
1,19,landmark,4,0.0,512,512.0,0.794112503528595,0.8780168890953064
1,19,landmark,4,0.005,64,84.0,0.7710794806480408,0.3574393093585968
1,19,landmark,4,0.005,128,148.0,0.8184266686439514,0.5409110188484192
1,19,landmark,4,0.005,256,276.0,0.8682554364204407,0.7346888780593872
1,19,landmark,4,0.005,512,532.0,0.915390133857727,0.8831961750984192
1,19,landmark,4,0.01,64,104.0,0.7727417349815369,0.361328125
1,19,landmark,4,0.01,128,168.0,0.8198655247688293,0.5442940592765808
1,19,landmark,4,0.01,256,296.0,0.8695757985115051,0.7377581000328064
1,19,landmark,4,0.01,512,552.0,0.9163088202476501,0.8849400281906128
1,19,landmark,4,0.02,64,144.0,0.7750920057296753,0.3673095703125
1,19,landmark,4,0.02,128,208.0,0.822225034236908,0.5504499077796936
1,19,landmark,4,0.02,256,336.0,0.8719121217727661,0.74365234375
1,19,landmark,4,0.02,512,592.0,0.9183626174926758,0.8897181749343872
1,19,landmark,4,0.05,64,264.0,0.7860690355300903,0.4085693359375
1,19,landmark,4,0.05,128,328.0,0.8321748375892639,0.5870012640953064
1,19,landmark,4,0.05,256,456.0,0.8804059028625488,0.7711181640625
1,19,landmark,4,0.05,512,712.0,0.9246082901954651,0.9052734375
1,19,oracle_chunk,8,0.0,64,64.0,0.8005291819572449,0.4255545437335968
1,19,oracle_chunk,8,0.0,128,128.0,0.8529301881790161,0.6806640625
1,19,oracle_chunk,8,0.0,256,256.0,0.9008455872535706,0.9106096625328064
1,19,oracle_chunk,8,0.0,512,512.0,0.9409454464912415,0.9962855577468872
1,19,landmark,8,0.0,64,64.0,0.16415631771087646,0.3037981390953064
1,19,landmark,8,0.0,128,128.0,0.2180715650320053,0.4691510796546936
1,19,landmark,8,0.0,256,256.0,0.33140188455581665,0.6650041937828064
1,19,landmark,8,0.0,512,512.0,0.5837763547897339,0.8297467827796936
1,19,landmark,8,0.005,64,88.0,0.7572783827781677,0.3213239312171936
1,19,landmark,8,0.005,128,152.0,0.8023909330368042,0.4866420328617096
1,19,landmark,8,0.005,256,280.0,0.8568287491798401,0.6816580891609192
1,19,landmark,8,0.005,512,536.0,0.9056025147438049,0.8414481282234192
1,19,landmark,8,0.01,64,104.0,0.7578063607215881,0.3218471109867096
1,19,landmark,8,0.01,128,168.0,0.8029189705848694,0.4871651828289032
1,19,landmark,8,0.01,256,296.0,0.8574270606040955,0.6822161078453064
1,19,landmark,8,0.01,512,552.0,0.9061050415039062,0.8418143391609192
1,19,landmark,8,0.02,64,144.0,0.758863091468811,0.32373046875
1,19,landmark,8,0.02,128,208.0,0.803975522518158,0.4890485405921936
1,19,landmark,8,0.02,256,336.0,0.8584851622581482,0.6841866374015808
1,19,landmark,8,0.02,512,592.0,0.907079815864563,0.8431571125984192
1,19,landmark,8,0.05,64,264.0,0.7652764320373535,0.3450579047203064
1,19,landmark,8,0.05,128,328.0,0.8101056218147278,0.5086146593093872
1,19,landmark,8,0.05,256,456.0,0.8635081648826599,0.6988874077796936
1,19,landmark,8,0.05,512,712.0,0.9110602140426636,0.853515625
1,19,oracle_chunk,16,0.0,64,64.0,0.7719976305961609,0.3271135687828064
1,19,oracle_chunk,16,0.0,128,128.0,0.8312435746192932,0.5664411187171936
1,19,oracle_chunk,16,0.0,256,256.0,0.8856663107872009,0.80615234375
1,19,oracle_chunk,16,0.0,512,512.0,0.9308590888977051,0.9616350531578064
1,19,landmark,16,0.0,64,64.0,0.14461462199687958,0.2689034640789032
1,19,landmark,16,0.0,128,128.0,0.1985919177532196,0.4273681640625
1,19,landmark,16,0.0,256,256.0,0.2702423632144928,0.6157051920890808
1,19,landmark,16,0.0,512,512.0,0.39536309242248535,0.7884172797203064
1,19,landmark,16,0.005,64,80.0,0.7372676134109497,0.2848249077796936
1,19,landmark,16,0.005,128,144.0,0.7876123785972595,0.4433419406414032
1,19,landmark,16,0.005,256,272.0,0.8450003266334534,0.6316092610359192
1,19,landmark,16,0.005,512,528.0,0.895380437374115,0.802734375
1,19,landmark,16,0.01,64,112.0,0.7386407256126404,0.2869524359703064
1,19,landmark,16,0.01,128,176.0,0.7889853715896606,0.4454694390296936
1,19,landmark,16,0.01,256,304.0,0.8464178442955017,0.6339460015296936
1,19,landmark,16,0.01,512,560.0,0.8967233300209045,0.8046177625656128
1,19,landmark,16,0.02,64,144.0,0.7399691939353943,0.289306640625
1,19,landmark,16,0.02,128,208.0,0.7903138995170593,0.4478236734867096
1,19,landmark,16,0.02,256,336.0,0.8477544784545898,0.6363176703453064
1,19,landmark,16,0.02,512,592.0,0.8980628252029419,0.8068498969078064
1,19,landmark,16,0.05,64,272.0,0.74428790807724,0.2974504828453064
1,19,landmark,16,0.05,128,336.0,0.7945839166641235,0.4557756781578064
1,19,landmark,16,0.05,256,464.0,0.8520087003707886,0.6441825032234192
1,19,landmark,16,0.05,512,720.0,0.9018581509590149,0.8137381672859192
1,19,oracle_chunk,32,0.0,64,64.0,0.7271264791488647,0.210693359375
1,19,oracle_chunk,32,0.0,128,128.0,0.799221932888031,0.4397670328617096
1,19,oracle_chunk,32,0.0,256,256.0,0.8655962944030762,0.7018170952796936
1,19,oracle_chunk,32,0.0,512,512.0,0.9186145067214966,0.8958042860031128
1,19,landmark,32,0.0,64,64.0,0.1310812383890152,0.2376011461019516
1,19,landmark,32,0.0,128,128.0,0.1799725741147995,0.3878522515296936
1,19,landmark,32,0.0,256,256.0,0.23863863945007324,0.5752301812171936
1,19,landmark,32,0.0,512,512.0,0.3107893168926239,0.754638671875
1,19,landmark,32,0.005,64,96.0,0.7239933609962463,0.2536795437335968
1,19,landmark,32,0.005,128,160.0,0.7728846669197083,0.4039306640625
1,19,landmark,32,0.005,256,288.0,0.831550657749176,0.59130859375
1,19,landmark,32,0.005,512,544.0,0.8874049782752991,0.7704729437828064
1,19,landmark,32,0.01,64,96.0,0.7239933609962463,0.2536795437335968
1,19,landmark,32,0.01,128,160.0,0.7728846669197083,0.4039306640625
1,19,landmark,32,0.01,256,288.0,0.831550657749176,0.59130859375
1,19,landmark,32,0.01,512,544.0,0.8874049782752991,0.7704729437828064
1,19,landmark,32,0.02,64,160.0,0.7322492599487305,0.2743617594242096
1,19,landmark,32,0.02,128,224.0,0.7810758948326111,0.4244210422039032
1,19,landmark,32,0.02,256,352.0,0.8389148712158203,0.6084856390953064
1,19,landmark,32,0.02,512,608.0,0.8921355605125427,0.7806396484375
1,19,landmark,32,0.05,64,256.0,0.7339600324630737,0.2773960530757904
1,19,landmark,32,0.05,128,320.0,0.7827866673469543,0.4274553656578064
1,19,landmark,32,0.05,256,448.0,0.8406256437301636,0.6115199327468872
1,19,landmark,32,0.05,512,704.0,0.8938711285591125,0.7837960124015808
1,20,oracle_token,1,0.0,64,64.0,0.8188858032226562,1.0
1,20,oracle_token,1,0.0,128,128.0,0.8768094182014465,1.0
1,20,oracle_token,1,0.0,256,256.0,0.9263772368431091,1.0
1,20,oracle_token,1,0.0,512,512.0,0.9637004733085632,1.0
1,20,oracle_chunk,4,0.0,64,64.0,0.7406334280967712,0.4759347140789032
1,20,oracle_chunk,4,0.0,128,128.0,0.8128785490989685,0.7621895670890808
1,20,oracle_chunk,4,0.0,256,256.0,0.877874493598938,0.989990234375
1,20,oracle_chunk,4,0.0,512,512.0,0.9318000078201294,1.0
1,20,landmark,4,0.0,64,64.0,0.412828654050827,0.3385009765625
1,20,landmark,4,0.0,128,128.0,0.5807550549507141,0.51611328125
1,20,landmark,4,0.0,256,256.0,0.7699341773986816,0.7029854655265808
1,20,landmark,4,0.0,512,512.0,0.8696574568748474,0.8507777452468872
1,20,landmark,4,0.005,64,84.0,0.6491125822067261,0.3560093343257904
1,20,landmark,4,0.005,128,148.0,0.7255153059959412,0.5300467610359192
1,20,landmark,4,0.005,256,276.0,0.8049266934394836,0.7115129828453064
1,20,landmark,4,0.005,512,532.0,0.8719943165779114,0.8543701171875
1,20,landmark,4,0.01,64,104.0,0.6504386067390442,0.3582938015460968
1,20,landmark,4,0.01,128,168.0,0.7268413305282593,0.5323311686515808
1,20,landmark,4,0.01,256,296.0,0.8062525391578674,0.7137974500656128
1,20,landmark,4,0.01,512,552.0,0.8732700943946838,0.8564627766609192
1,20,landmark,4,0.02,64,144.0,0.6538761854171753,0.3640485405921936
1,20,landmark,4,0.02,128,208.0,0.7302716970443726,0.5380859375
1,20,landmark,4,0.02,256,336.0,0.8096579313278198,0.7194649577140808
1,20,landmark,4,0.02,512,592.0,0.876635730266571,0.8616943359375
1,20,landmark,4,0.05,64,264.0,0.6678705811500549,0.3886544406414032
1,20,landmark,4,0.05,128,328.0,0.7438198924064636,0.5617501139640808
1,20,landmark,4,0.05,256,456.0,0.8221759796142578,0.7410888671875
1,20,landmark,4,0.05,512,712.0,0.8875638246536255,0.8798479437828064
1,20,oracle_chunk,8,0.0,64,64.0,0.6986270546913147,0.3816964328289032
1,20,oracle_chunk,8,0.0,128,128.0,0.7772470712661743,0.6155482530593872
1,20,oracle_chunk,8,0.0,256,256.0,0.8489209413528442,0.8557826280593872
1,20,oracle_chunk,8,0.0,512,512.0,0.9112516045570374,0.9948905110359192
1,20,landmark,8,0.0,64,64.0,0.25451716780662537,0.3138079047203064
1,20,landmark,8,0.0,128,128.0,0.39675548672676086,0.4790213406085968
1,20,landmark,8,0.0,256,256.0,0.6299294233322144,0.6469029188156128
1,20,landmark,8,0.0,512,512.0,0.8366044163703918,0.8030133843421936
1,20,landmark,8,0.005,64,88.0,0.6390843987464905,0.335693359375
1,20,landmark,8,0.005,128,152.0,0.7132450938224792,0.4988664984703064
1,20,landmark,8,0.005,256,280.0,0.7831954956054688,0.6611676812171936
1,20,landmark,8,0.005,512,536.0,0.8541169762611389,0.8097969889640808
1,20,landmark,8,0.01,64,104.0,0.6411242485046387,0.3415876030921936
1,20,landmark,8,0.01,128,168.0,0.7151509523391724,0.5035225749015808
1,20,landmark,8,0.01,256,296.0,0.7848838567733765,0.6646379828453064
1,20,landmark,8,0.01,512,552.0,0.855603039264679,0.8121686577796936
1,20,landmark,8,0.02,64,144.0,0.6426706910133362,0.3429303765296936
1,20,landmark,8,0.02,128,208.0,0.7166973948478699,0.5048653483390808
1,20,landmark,8,0.02,256,336.0,0.786430299282074,0.6659807562828064
1,20,landmark,8,0.02,512,592.0,0.8571520447731018,0.8135462999343872
1,20,landmark,8,0.05,64,264.0,0.6520280838012695,0.3555385172367096
1,20,landmark,8,0.05,128,328.0,0.726298451423645,0.5177001953125
1,20,landmark,8,0.05,256,456.0,0.7959968447685242,0.6785888671875
1,20,landmark,8,0.05,512,712.0,0.8662392497062683,0.8260149359703064
1,20,oracle_chunk,16,0.0,64,64.0,0.6550804972648621,0.30078125
1,20,oracle_chunk,16,0.0,128,128.0,0.7436432242393494,0.5233677625656128
1,20,oracle_chunk,16,0.0,256,256.0,0.8224169611930847,0.7487095594406128
1,20,oracle_chunk,16,0.0,512,512.0,0.891041100025177,0.92626953125
1,20,landmark,16,0.0,64,64.0,0.17683492600917816,0.2848772406578064
1,20,landmark,16,0.0,128,128.0,0.29055434465408325,0.4439697265625
1,20,landmark,16,0.0,256,256.0,0.4621279537677765,0.6094970703125
1,20,landmark,16,0.0,512,512.0,0.7776798605918884,0.7645438313484192
1,20,landmark,16,0.005,64,80.0,0.6198286414146423,0.3054024875164032
1,20,landmark,16,0.005,128,144.0,0.6977010369300842,0.4652622640132904
1,20,landmark,16,0.005,256,272.0,0.7696641087532043,0.626708984375
1,20,landmark,16,0.005,512,528.0,0.8401666283607483,0.7724434733390808
1,20,landmark,16,0.01,64,112.0,0.6224225163459778,0.3094656765460968
1,20,landmark,16,0.01,128,176.0,0.7002948522567749,0.4693254828453064
1,20,landmark,16,0.01,256,304.0,0.772300124168396,0.6309117078781128
1,20,landmark,16,0.01,512,560.0,0.8423396348953247,0.7756696343421936
1,20,landmark,16,0.02,64,144.0,0.6239982843399048,0.3128836452960968
1,20,landmark,16,0.02,128,208.0,0.7018706202507019,0.4727434515953064
1,20,landmark,16,0.02,256,336.0,0.7738758325576782,0.6343296766281128
1,20,landmark,16,0.02,512,592.0,0.8439154028892517,0.7790876030921936
1,20,landmark,16,0.05,64,272.0,0.6326409578323364,0.3250209391117096
1,20,landmark,16,0.05,128,336.0,0.7105132937431335,0.4848807156085968
1,20,landmark,16,0.05,256,464.0,0.7824873328208923,0.6465018391609192
1,20,landmark,16,0.05,512,720.0,0.8524117469787598,0.7908935546875
1,20,oracle_chunk,32,0.0,64,64.0,0.590522825717926,0.1928187757730484
1,20,oracle_chunk,32,0.0,128,128.0,0.6939325332641602,0.4064243733882904
1,20,oracle_chunk,32,0.0,256,256.0,0.7914506196975708,0.6561976671218872
1,20,oracle_chunk,32,0.0,512,512.0,0.8707602620124817,0.8538818359375
1,20,landmark,32,0.0,64,64.0,0.13529549539089203,0.2379150390625
1,20,landmark,32,0.0,128,128.0,0.22525297105312347,0.396240234375
1,20,landmark,32,0.0,256,256.0,0.3561805784702301,0.5658831000328064
1,20,landmark,32,0.0,512,512.0,0.5480294823646545,0.7301722764968872
1,20,landmark,32,0.005,64,96.0,0.5917807817459106,0.2619977593421936
1,20,landmark,32,0.005,128,160.0,0.675798237323761,0.4201485812664032
1,20,landmark,32,0.005,256,288.0,0.7577961087226868,0.5880126953125
1,20,landmark,32,0.005,512,544.0,0.8323447108268738,0.7496686577796936
1,20,landmark,32,0.01,64,96.0,0.5917807817459106,0.2619977593421936
1,20,landmark,32,0.01,128,160.0,0.675798237323761,0.4201485812664032
1,20,landmark,32,0.01,256,288.0,0.7577961087226868,0.5880126953125
1,20,landmark,32,0.01,512,544.0,0.8323447108268738,0.7496686577796936
1,20,landmark,32,0.02,64,160.0,0.5976662039756775,0.2722865641117096
1,20,landmark,32,0.02,128,224.0,0.6816835403442383,0.4304373562335968
1,20,landmark,32,0.02,256,352.0,0.7636814713478088,0.5983014702796936
1,20,landmark,32,0.02,512,608.0,0.8381401300430298,0.7603062391281128
1,20,landmark,32,0.05,64,256.0,0.6026062369346619,0.2779366672039032
1,20,landmark,32,0.05,128,320.0,0.6866235136985779,0.4360874593257904
1,20,landmark,32,0.05,256,448.0,0.7686214447021484,0.6039515733718872
1,20,landmark,32,0.05,512,704.0,0.843106746673584,0.76611328125
1,21,oracle_token,1,0.0,64,64.0,0.7995990514755249,1.0
1,21,oracle_token,1,0.0,128,128.0,0.8569435477256775,1.0
1,21,oracle_token,1,0.0,256,256.0,0.9089641571044922,1.0
1,21,oracle_token,1,0.0,512,512.0,0.9515419006347656,1.0
1,21,oracle_chunk,4,0.0,64,64.0,0.7151235938072205,0.4093191921710968
1,21,oracle_chunk,4,0.0,128,128.0,0.7804173231124878,0.6847272515296936
1,21,oracle_chunk,4,0.0,256,256.0,0.8454414010047913,0.9735979437828064
1,21,oracle_chunk,4,0.0,512,512.0,0.9064396619796753,1.0
1,21,landmark,4,0.0,64,64.0,0.48556873202323914,0.2694963812828064
1,21,landmark,4,0.0,128,128.0,0.652976930141449,0.4106793999671936
1,21,landmark,4,0.0,256,256.0,0.7395414113998413,0.575439453125
1,21,landmark,4,0.0,512,512.0,0.8201507329940796,0.7475934624671936
1,21,landmark,4,0.005,64,84.0,0.6284462213516235,0.2865862250328064
1,21,landmark,4,0.005,128,148.0,0.6840343475341797,0.423583984375
1,21,landmark,4,0.005,256,276.0,0.7487303018569946,0.5845423936843872
1,21,landmark,4,0.005,512,532.0,0.8235241770744324,0.7534528374671936
1,21,landmark,4,0.01,64,104.0,0.6300534605979919,0.2892892062664032
1,21,landmark,4,0.01,128,168.0,0.6856416463851929,0.4262869656085968
1,21,landmark,4,0.01,256,296.0,0.7503302693367004,0.5871930718421936
1,21,landmark,4,0.01,512,552.0,0.8251432776451111,0.7559989094734192
1,21,landmark,4,0.02,64,144.0,0.6373792290687561,0.3033098578453064
1,21,landmark,4,0.02,128,208.0,0.6916148066520691,0.4386160671710968
1,21,landmark,4,0.02,256,336.0,0.7551972270011902,0.5966622233390808
1,21,landmark,4,0.02,512,592.0,0.8289130926132202,0.7627999186515808
1,21,landmark,4,0.05,64,264.0,0.6575422883033752,0.3433837890625
1,21,landmark,4,0.05,128,328.0,0.7101675868034363,0.4757952094078064
1,21,landmark,4,0.05,256,456.0,0.771172821521759,0.6273716688156128
1,21,landmark,4,0.05,512,712.0,0.8415002822875977,0.7850167155265808
1,21,oracle_chunk,8,0.0,64,64.0,0.672092854976654,0.3049490749835968
1,21,oracle_chunk,8,0.0,128,128.0,0.7392184138298035,0.5050920844078064
1,21,oracle_chunk,8,0.0,256,256.0,0.8100525736808777,0.7665492296218872
1,21,oracle_chunk,8,0.0,512,512.0,0.8792334794998169,0.9840436577796936
1,21,landmark,8,0.0,64,64.0,0.2190101444721222,0.2317592054605484
1,21,landmark,8,0.0,128,128.0,0.4117465019226074,0.3589041531085968
1,21,landmark,8,0.0,256,256.0,0.6331560015678406,0.5106898546218872
1,21,landmark,8,0.0,512,512.0,0.7872581481933594,0.6831403374671936
1,21,landmark,8,0.005,64,88.0,0.6088128685951233,0.2505754828453064
1,21,landmark,8,0.005,128,152.0,0.6600891351699829,0.3750348687171936
1,21,landmark,8,0.005,256,280.0,0.7230563759803772,0.5214669108390808
1,21,landmark,8,0.005,512,536.0,0.7990338206291199,0.6888602375984192
1,21,landmark,8,0.01,64,104.0,0.6095653772354126,0.2519705593585968
1,21,landmark,8,0.01,128,168.0,0.6608416438102722,0.3764299750328064
1,21,landmark,8,0.01,256,296.0,0.7238088846206665,0.5228620171546936
1,21,landmark,8,0.01,512,552.0,0.7997813820838928,0.6902204155921936
1,21,landmark,8,0.02,64,144.0,0.611865222454071,0.2554233968257904
1,21,landmark,8,0.02,128,208.0,0.6630982160568237,0.3797956109046936
1,21,landmark,8,0.02,256,336.0,0.7260242700576782,0.5260009765625
1,21,landmark,8,0.02,512,592.0,0.8020732998847961,0.6936383843421936
1,21,landmark,8,0.05,64,264.0,0.628097653388977,0.2836565375328064
1,21,landmark,8,0.05,128,328.0,0.678482174873352,0.4058837890625
1,21,landmark,8,0.05,256,456.0,0.7397757768630981,0.5495780110359192
1,21,landmark,8,0.05,512,712.0,0.8135968446731567,0.7121930718421936
1,21,oracle_chunk,16,0.0,64,64.0,0.6277343034744263,0.2204415500164032
1,21,oracle_chunk,16,0.0,128,128.0,0.6995852589607239,0.4009486734867096
1,21,oracle_chunk,16,0.0,256,256.0,0.7747125625610352,0.6181465983390808
1,21,oracle_chunk,16,0.0,512,512.0,0.8507439494132996,0.8528529405593872
1,21,landmark,16,0.0,64,64.0,0.09878669679164886,0.1967424601316452
1,21,landmark,16,0.0,128,128.0,0.21160094439983368,0.3241315484046936
1,21,landmark,16,0.0,256,256.0,0.4444090723991394,0.4669363796710968
1,21,landmark,16,0.0,512,512.0,0.7278926968574524,0.6293247938156128
1,21,landmark,16,0.005,64,80.0,0.5898929834365845,0.2146867960691452
1,21,landmark,16,0.005,128,144.0,0.6431821584701538,0.3423374593257904
1,21,landmark,16,0.005,256,272.0,0.7024362683296204,0.4827008843421936
1,21,landmark,16,0.005,512,528.0,0.7768701314926147,0.6386195421218872
1,21,landmark,16,0.01,64,112.0,0.5925019383430481,0.2189767062664032
1,21,landmark,16,0.01,128,176.0,0.6457909941673279,0.3466273844242096
1,21,landmark,16,0.01,256,304.0,0.7050451636314392,0.4869907796382904
1,21,landmark,16,0.01,512,560.0,0.7795791029930115,0.6434151530265808
1,21,landmark,16,0.02,64,144.0,0.5938381552696228,0.2204938679933548
1,21,landmark,16,0.02,128,208.0,0.6471271514892578,0.34814453125
1,21,landmark,16,0.02,256,336.0,0.7063813209533691,0.4885079562664032
1,21,landmark,16,0.02,512,592.0,0.7809185981750488,0.6449671983718872
1,21,landmark,16,0.05,64,272.0,0.6015283465385437,0.2333286851644516
1,21,landmark,16,0.05,128,336.0,0.6547117233276367,0.3608921468257904
1,21,landmark,16,0.05,256,464.0,0.7139402031898499,0.5010462999343872
1,21,landmark,16,0.05,512,720.0,0.788187563419342,0.6565638780593872
1,21,oracle_chunk,32,0.0,64,64.0,0.5736048817634583,0.1305978000164032
1,21,oracle_chunk,32,0.0,128,128.0,0.6504675149917603,0.2867082953453064
1,21,oracle_chunk,32,0.0,256,256.0,0.7343055009841919,0.5024065375328064
1,21,oracle_chunk,32,0.0,512,512.0,0.8189135789871216,0.7287074327468872
1,21,landmark,32,0.0,64,64.0,0.07912416011095047,0.1522042453289032
1,21,landmark,32,0.0,128,128.0,0.12967519462108612,0.2627650797367096
1,21,landmark,32,0.0,256,256.0,0.21782708168029785,0.4032854437828064
1,21,landmark,32,0.0,512,512.0,0.430527925491333,0.5787876844406128
1,21,landmark,32,0.005,64,96.0,0.5636587142944336,0.1716134250164032
1,21,landmark,32,0.005,128,160.0,0.6140304803848267,0.2814767062664032
1,21,landmark,32,0.005,256,288.0,0.6776646375656128,0.4225899875164032
1,21,landmark,32,0.005,512,544.0,0.7589756846427917,0.5965401530265808
1,21,landmark,32,0.01,64,96.0,0.5636587142944336,0.1716134250164032
1,21,landmark,32,0.01,128,160.0,0.6140304803848267,0.2814767062664032
1,21,landmark,32,0.01,256,288.0,0.6776646375656128,0.4225899875164032
1,21,landmark,32,0.01,512,544.0,0.7589756846427917,0.5965401530265808
1,21,landmark,32,0.02,64,160.0,0.5665816068649292,0.1760428249835968
1,21,landmark,32,0.02,128,224.0,0.616953432559967,0.2859061062335968
1,21,landmark,32,0.02,256,352.0,0.6805874705314636,0.4270193874835968
1,21,landmark,32,0.02,512,608.0,0.7619150280952454,0.6009346842765808
1,21,landmark,32,0.05,64,256.0,0.5802702307701111,0.2049037367105484
1,21,landmark,32,0.05,128,320.0,0.6314324736595154,0.3150460422039032
1,21,landmark,32,0.05,256,448.0,0.6938929557800293,0.4522182047367096
1,21,landmark,32,0.05,512,704.0,0.7728129625320435,0.6199776530265808
1,22,oracle_token,1,0.0,64,64.0,0.48370361328125,1.0
1,22,oracle_token,1,0.0,128,128.0,0.6052776575088501,1.0
1,22,oracle_token,1,0.0,256,256.0,0.7336192727088928,1.0
1,22,oracle_token,1,0.0,512,512.0,0.8538571000099182,1.0
1,22,oracle_chunk,4,0.0,64,64.0,0.3452136814594269,0.3999546468257904
1,22,oracle_chunk,4,0.0,128,128.0,0.46035149693489075,0.6662074327468872
1,22,oracle_chunk,4,0.0,256,256.0,0.5907052159309387,0.9576241374015808
1,22,oracle_chunk,4,0.0,512,512.0,0.7304245829582214,1.0
1,22,landmark,4,0.0,64,64.0,0.22379162907600403,0.2857840359210968
1,22,landmark,4,0.0,128,128.0,0.32089659571647644,0.4292864203453064
1,22,landmark,4,0.0,256,256.0,0.4449903964996338,0.5902099609375
1,22,landmark,4,0.0,512,512.0,0.593034565448761,0.7472447156906128
1,22,landmark,4,0.005,64,84.0,0.2260204702615738,0.2874755859375
1,22,landmark,4,0.005,128,148.0,0.32318001985549927,0.4309954047203064
1,22,landmark,4,0.005,256,276.0,0.4472050666809082,0.5918492078781128
1,22,landmark,4,0.005,512,532.0,0.5952497124671936,0.7489013671875
1,22,landmark,4,0.01,64,104.0,0.2300560623407364,0.2922188937664032
1,22,landmark,4,0.01,128,168.0,0.3270391523838043,0.4354073703289032
1,22,landmark,4,0.01,256,296.0,0.45050907135009766,0.5952497124671936
1,22,landmark,4,0.01,512,552.0,0.5984742045402527,0.7520054578781128
1,22,landmark,4,0.02,64,144.0,0.23826463520526886,0.2997349202632904
1,22,landmark,4,0.02,128,208.0,0.3350842595100403,0.4427664577960968
1,22,landmark,4,0.02,256,336.0,0.4577443301677704,0.6017543077468872
1,22,landmark,4,0.02,512,592.0,0.6045132279396057,0.7569580078125
1,22,landmark,4,0.05,64,264.0,0.2649356424808502,0.3249860405921936
1,22,landmark,4,0.05,128,328.0,0.3600119948387146,0.4654541015625
1,22,landmark,4,0.05,256,456.0,0.48055192828178406,0.6219657063484192
1,22,landmark,4,0.05,512,712.0,0.6247882843017578,0.7727399468421936
1,22,oracle_chunk,8,0.0,64,64.0,0.2901008427143097,0.3093610405921936
1,22,oracle_chunk,8,0.0,128,128.0,0.40097329020500183,0.5062604546546936
1,22,oracle_chunk,8,0.0,256,256.0,0.5308876037597656,0.7565743327140808
1,22,oracle_chunk,8,0.0,512,512.0,0.6749013066291809,0.9707205891609192
1,22,landmark,8,0.0,64,64.0,0.19549617171287537,0.2492152601480484
1,22,landmark,8,0.0,128,128.0,0.2825479805469513,0.3748779296875
1,22,landmark,8,0.0,256,256.0,0.3962922990322113,0.5252685546875
1,22,landmark,8,0.0,512,512.0,0.5415662527084351,0.6885114312171936
1,22,landmark,8,0.005,64,88.0,0.19864854216575623,0.2510637640953064
1,22,landmark,8,0.005,128,152.0,0.28570035099983215,0.3767264187335968
1,22,landmark,8,0.005,256,280.0,0.3994446396827698,0.5271170735359192
1,22,landmark,8,0.005,512,536.0,0.5446982979774475,0.6903948187828064
1,22,landmark,8,0.01,64,104.0,0.19988884031772614,0.2515346109867096
1,22,landmark,8,0.01,128,168.0,0.28694066405296326,0.377197265625
1,22,landmark,8,0.01,256,296.0,0.40068501234054565,0.527587890625
1,22,landmark,8,0.01,512,552.0,0.5459197759628296,0.6908307671546936
1,22,landmark,8,0.02,64,144.0,0.2079499512910843,0.2586669921875
1,22,landmark,8,0.02,128,208.0,0.29453185200691223,0.3841204047203064
1,22,landmark,8,0.02,256,336.0,0.40784674882888794,0.5337786078453064
1,22,landmark,8,0.02,512,592.0,0.5517509579658508,0.6950858235359192
1,22,landmark,8,0.05,64,264.0,0.22649386525154114,0.275634765625
1,22,landmark,8,0.05,128,328.0,0.31229808926582336,0.3996930718421936
1,22,landmark,8,0.05,256,456.0,0.4245688319206238,0.54638671875
1,22,landmark,8,0.05,512,712.0,0.5669919848442078,0.7059500813484192
1,22,oracle_chunk,16,0.0,64,64.0,0.23934206366539001,0.2491803914308548
1,22,oracle_chunk,16,0.0,128,128.0,0.3465922474861145,0.4105224609375
1,22,oracle_chunk,16,0.0,256,256.0,0.4763186275959015,0.6207798719406128
1,22,oracle_chunk,16,0.0,512,512.0,0.6232860684394836,0.8438023328781128
1,22,landmark,16,0.0,64,64.0,0.16410429775714874,0.2099086195230484
1,22,landmark,16,0.0,128,128.0,0.2545450031757355,0.3307582437992096
1,22,landmark,16,0.0,256,256.0,0.36447200179100037,0.4742431640625
1,22,landmark,16,0.0,512,512.0,0.5009697079658508,0.6302664875984192
1,22,landmark,16,0.005,64,80.0,0.16615860164165497,0.2111990749835968
1,22,landmark,16,0.005,128,144.0,0.2565993368625641,0.3320486843585968
1,22,landmark,16,0.005,256,272.0,0.3665262758731842,0.4755336344242096
1,22,landmark,16,0.005,512,528.0,0.5030717253684998,0.6318010687828064
1,22,landmark,16,0.01,64,112.0,0.17127332091331482,0.21435546875
1,22,landmark,16,0.01,128,176.0,0.26171404123306274,0.335205078125
1,22,landmark,16,0.01,256,304.0,0.37164098024368286,0.4786899983882904
1,22,landmark,16,0.01,512,560.0,0.5081623196601868,0.6348528265953064
1,22,landmark,16,0.02,64,144.0,0.17548470199108124,0.2173374742269516
1,22,landmark,16,0.02,128,208.0,0.26592540740966797,0.3381870687007904
1,22,landmark,16,0.02,256,336.0,0.3758523762226105,0.4816720187664032
1,22,landmark,16,0.02,512,592.0,0.5123946070671082,0.6377999186515808
1,22,landmark,16,0.05,64,272.0,0.1958412081003189,0.2339564710855484
1,22,landmark,16,0.05,128,336.0,0.28592368960380554,0.3544573187828064
1,22,landmark,16,0.05,256,464.0,0.3942427933216095,0.4954833984375
1,22,landmark,16,0.05,512,720.0,0.530188262462616,0.6505824327468872
1,22,oracle_chunk,32,0.0,64,64.0,0.18601693212985992,0.1930978000164032
1,22,oracle_chunk,32,0.0,128,128.0,0.2864910662174225,0.3282122015953064
1,22,oracle_chunk,32,0.0,256,256.0,0.4169376790523529,0.5168282389640808
1,22,oracle_chunk,32,0.0,512,512.0,0.5707262754440308,0.7294224500656128
1,22,landmark,32,0.0,64,64.0,0.12905161082744598,0.1670096218585968
1,22,landmark,32,0.0,128,128.0,0.2060990184545517,0.2735770046710968
1,22,landmark,32,0.0,256,256.0,0.3187568187713623,0.4190325140953064
1,22,landmark,32,0.0,512,512.0,0.4628329873085022,0.5862165093421936
1,22,landmark,32,0.005,64,96.0,0.13624772429466248,0.1710205078125
1,22,landmark,32,0.005,128,160.0,0.2132951319217682,0.277587890625
1,22,landmark,32,0.005,256,288.0,0.3259103000164032,0.4230085015296936
1,22,landmark,32,0.005,512,544.0,0.46985602378845215,0.5903145670890808
1,22,landmark,32,0.01,64,96.0,0.13624772429466248,0.1710205078125
1,22,landmark,32,0.01,128,160.0,0.2132951319217682,0.277587890625
1,22,landmark,32,0.01,256,288.0,0.3259103000164032,0.4230085015296936
1,22,landmark,32,0.01,512,544.0,0.46985602378845215,0.5903145670890808
1,22,landmark,32,0.02,64,160.0,0.14499393105506897,0.1768973171710968
1,22,landmark,32,0.02,128,224.0,0.22204133868217468,0.2834646999835968
1,22,landmark,32,0.02,256,352.0,0.3346565365791321,0.4288853108882904
1,22,landmark,32,0.02,512,608.0,0.4785901606082916,0.5962611436843872
1,22,landmark,32,0.05,64,256.0,0.1592150628566742,0.1866455078125
1,22,landmark,32,0.05,128,320.0,0.2362624704837799,0.293212890625
1,22,landmark,32,0.05,256,448.0,0.3488776683807373,0.4386335015296936
1,22,landmark,32,0.05,512,704.0,0.4927055239677429,0.6058872938156128
1,23,oracle_token,1,0.0,64,64.0,0.5173004865646362,1.0
1,23,oracle_token,1,0.0,128,128.0,0.6287070512771606,1.0
1,23,oracle_token,1,0.0,256,256.0,0.7428203225135803,1.0
1,23,oracle_token,1,0.0,512,512.0,0.8501566052436829,1.0
1,23,oracle_chunk,4,0.0,64,64.0,0.3964492380619049,0.4321637749671936
1,23,oracle_chunk,4,0.0,128,128.0,0.5084750056266785,0.6990966796875
1,23,oracle_chunk,4,0.0,256,256.0,0.6313892006874084,0.9650006890296936
1,23,oracle_chunk,4,0.0,512,512.0,0.7578611373901367,0.9999651312828064
1,23,landmark,4,0.0,64,64.0,0.27089112997055054,0.3074951171875
1,23,landmark,4,0.0,128,128.0,0.37372085452079773,0.4553048312664032
1,23,landmark,4,0.0,256,256.0,0.4971487820148468,0.6175537109375
1,23,landmark,4,0.0,512,512.0,0.6379911303520203,0.7708216905593872
1,23,landmark,4,0.005,64,84.0,0.27572745084762573,0.3110525906085968
1,23,landmark,4,0.005,128,148.0,0.37843695282936096,0.4589495062828064
1,23,landmark,4,0.005,256,276.0,0.5016642808914185,0.6209019422531128
1,23,landmark,4,0.005,512,532.0,0.6423612833023071,0.7740653157234192
1,23,landmark,4,0.01,64,104.0,0.28155145049095154,0.3191092312335968
1,23,landmark,4,0.01,128,168.0,0.3840899169445038,0.4663434624671936
1,23,landmark,4,0.01,256,296.0,0.5069145560264587,0.6278076171875
1,23,landmark,4,0.01,512,552.0,0.6465993523597717,0.7790178656578064
1,23,landmark,4,0.02,64,144.0,0.28809261322021484,0.3252999484539032
1,23,landmark,4,0.02,128,208.0,0.3905496299266815,0.4723772406578064
1,23,landmark,4,0.02,256,336.0,0.513103187084198,0.6336321234703064
1,23,landmark,4,0.02,512,592.0,0.6522812247276306,0.7839878797531128
1,23,landmark,4,0.05,64,264.0,0.3073587417602539,0.3461391031742096
1,23,landmark,4,0.05,128,328.0,0.4093422293663025,0.4928501546382904
1,23,landmark,4,0.05,256,456.0,0.5307592153549194,0.6525181531906128
1,23,landmark,4,0.05,512,712.0,0.6680769920349121,0.7986885905265808
1,23,oracle_chunk,8,0.0,64,64.0,0.3429598808288574,0.3370535671710968
1,23,oracle_chunk,8,0.0,128,128.0,0.45296889543533325,0.5388358235359192
1,23,oracle_chunk,8,0.0,256,256.0,0.5785923004150391,0.7873011827468872
1,23,oracle_chunk,8,0.0,512,512.0,0.7130519151687622,0.9763532280921936
1,23,landmark,8,0.0,64,64.0,0.23187942802906036,0.260986328125
1,23,landmark,8,0.0,128,128.0,0.32796818017959595,0.3912353515625
1,23,landmark,8,0.0,256,256.0,0.45615285634994507,0.5564139485359192
1,23,landmark,8,0.0,512,512.0,0.5956723093986511,0.7158900499343872
1,23,landmark,8,0.005,64,88.0,0.23687544465065002,0.2645612359046936
1,23,landmark,8,0.005,128,152.0,0.3329642415046692,0.3948102593421936
1,23,landmark,8,0.005,256,280.0,0.4611547589302063,0.5599190592765808
1,23,landmark,8,0.005,512,536.0,0.6004046201705933,0.7189069390296936
1,23,landmark,8,0.01,64,104.0,0.23811975121498108,0.2655552327632904
1,23,landmark,8,0.01,128,168.0,0.33420854806900024,0.3958042562007904
1,23,landmark,8,0.01,256,296.0,0.46239906549453735,0.5609130859375
1,23,landmark,8,0.01,512,552.0,0.6016588807106018,0.7199183702468872
1,23,landmark,8,0.02,64,144.0,0.2436210811138153,0.2697056233882904
1,23,landmark,8,0.02,128,208.0,0.3397098481655121,0.3999546468257904
1,23,landmark,8,0.02,256,336.0,0.46777603030204773,0.5650809407234192
1,23,landmark,8,0.02,512,592.0,0.6070085763931274,0.7239466905593872
1,23,landmark,8,0.05,64,264.0,0.25947409868240356,0.2837088406085968
1,23,landmark,8,0.05,128,328.0,0.3548879623413086,0.4127894937992096
1,23,landmark,8,0.05,256,456.0,0.4826454818248749,0.5772705078125
1,23,landmark,8,0.05,512,712.0,0.6204231977462769,0.7341657280921936
1,23,oracle_chunk,16,0.0,64,64.0,0.29306748509407043,0.2726876437664032
1,23,oracle_chunk,16,0.0,128,128.0,0.4035939574241638,0.4438650906085968
1,23,oracle_chunk,16,0.0,256,256.0,0.5307153463363647,0.6558314561843872
1,23,oracle_chunk,16,0.0,512,512.0,0.6703253984451294,0.8691754937171936
1,23,landmark,16,0.0,64,64.0,0.2033737450838089,0.2229527086019516
1,23,landmark,16,0.0,128,128.0,0.30200839042663574,0.3557303249835968
1,23,landmark,16,0.0,256,256.0,0.4197275936603546,0.5073765516281128
1,23,landmark,16,0.0,512,512.0,0.5617441534996033,0.6723458170890808
1,23,landmark,16,0.005,64,80.0,0.20626713335514069,0.2256556898355484
1,23,landmark,16,0.005,128,144.0,0.30490177869796753,0.3584333062171936
1,23,landmark,16,0.005,256,272.0,0.422620952129364,0.5100795030593872
1,23,landmark,16,0.005,512,528.0,0.5645281076431274,0.6748918890953064
1,23,landmark,16,0.01,64,112.0,0.21153739094734192,0.2294224351644516
1,23,landmark,16,0.01,128,176.0,0.31017205119132996,0.3622000515460968
1,23,landmark,16,0.01,256,304.0,0.42789125442504883,0.5138462781906128
1,23,landmark,16,0.01,512,560.0,0.5696993470191956,0.6785365343093872
1,23,landmark,16,0.02,64,144.0,0.21374855935573578,0.2308698445558548
1,23,landmark,16,0.02,128,208.0,0.3123832046985626,0.3636474609375
1,23,landmark,16,0.02,256,336.0,0.4301023781299591,0.5152936577796936
1,23,landmark,16,0.02,512,592.0,0.5717482566833496,0.6799491047859192
1,23,landmark,16,0.05,64,272.0,0.23002488911151886,0.2419607937335968
1,23,landmark,16,0.05,128,336.0,0.32888999581336975,0.3751569390296936
1,23,landmark,16,0.05,256,464.0,0.4464836120605469,0.5266810655593872
1,23,landmark,16,0.05,512,720.0,0.5872670412063599,0.6906912922859192
1,23,oracle_chunk,32,0.0,64,64.0,0.23981480300426483,0.2116524875164032
1,23,oracle_chunk,32,0.0,128,128.0,0.34548380970954895,0.3555385172367096
1,23,oracle_chunk,32,0.0,256,256.0,0.47743239998817444,0.5543038249015808
1,23,oracle_chunk,32,0.0,512,512.0,0.6251307129859924,0.7633928656578064
1,23,landmark,32,0.0,64,64.0,0.1738806962966919,0.1795305460691452
1,23,landmark,32,0.0,128,128.0,0.2555646300315857,0.2840227484703064
1,23,landmark,32,0.0,256,256.0,0.38205602765083313,0.4489571750164032
1,23,landmark,32,0.0,512,512.0,0.5332366824150085,0.6301966905593872
1,23,landmark,32,0.005,64,96.0,0.17741218209266663,0.1824253648519516
1,23,landmark,32,0.005,128,160.0,0.2590961456298828,0.2869175374507904
1,23,landmark,32,0.005,256,288.0,0.38558754324913025,0.4518519937992096
1,23,landmark,32,0.005,512,544.0,0.5367682576179504,0.6330915093421936
1,23,landmark,32,0.01,64,96.0,0.17741218209266663,0.1824253648519516
1,23,landmark,32,0.01,128,160.0,0.2590961456298828,0.2869175374507904
1,23,landmark,32,0.01,256,288.0,0.38558754324913025,0.4518519937992096
1,23,landmark,32,0.01,512,544.0,0.5367682576179504,0.6330915093421936
1,23,landmark,32,0.02,64,160.0,0.18688906729221344,0.1894880086183548
1,23,landmark,32,0.02,128,224.0,0.26847946643829346,0.2937883734703064
1,23,landmark,32,0.02,256,352.0,0.3953664004802704,0.4586530327796936
1,23,landmark,32,0.02,512,608.0,0.5462318062782288,0.6401715874671936
1,23,landmark,32,0.05,64,256.0,0.19625939428806305,0.1970738023519516
1,23,landmark,32,0.05,128,320.0,0.2778497636318207,0.3013741672039032
1,23,landmark,32,0.05,256,448.0,0.40473672747612,0.4662388265132904
1,23,landmark,32,0.05,512,704.0,0.5556021332740784,0.6477574110031128
