prompt,layer,method,chunk,outlier_frac,budget,tokens_used,mass,recall
0,0,oracle_token,1,0.0,64,64.0,0.5949089527130127,1.0
0,0,oracle_token,1,0.0,128,128.0,0.6656532287597656,1.0
0,0,oracle_token,1,0.0,256,256.0,0.7442271709442139,1.0
0,0,oracle_token,1,0.0,512,512.0,0.8268884420394897,1.0
0,0,oracle_chunk,4,0.0,64,64.0,0.5312967896461487,0.4595184326171875
0,0,oracle_chunk,4,0.0,128,128.0,0.5956591367721558,0.7141647338867188
0,0,oracle_chunk,4,0.0,256,256.0,0.6700729727745056,0.9496917724609375
0,0,oracle_chunk,4,0.0,512,512.0,0.7553402781486511,0.9984359741210938
0,0,landmark,4,0.0,64,64.0,0.34971722960472107,0.353790283203125
0,0,landmark,4,0.0,128,128.0,0.47748178243637085,0.507171630859375
0,0,landmark,4,0.0,256,256.0,0.5873827338218689,0.6636810302734375
0,0,landmark,4,0.0,512,512.0,0.6876968741416931,0.80169677734375
0,0,landmark,4,0.005,64,84.0,0.5012327432632446,0.3781585693359375
0,0,landmark,4,0.005,128,148.0,0.5572023987770081,0.526824951171875
0,0,landmark,4,0.005,256,276.0,0.6241046786308289,0.6776962280273438
0,0,landmark,4,0.005,512,532.0,0.7048474550247192,0.8110198974609375
0,0,landmark,4,0.01,64,104.0,0.5047242641448975,0.38434600830078125
0,0,landmark,4,0.01,128,168.0,0.5606712102890015,0.5329666137695312
0,0,landmark,4,0.01,256,296.0,0.6275494694709778,0.6835250854492188
0,0,landmark,4,0.01,512,552.0,0.7080641388893127,0.816070556640625
0,0,landmark,4,0.02,64,144.0,0.514846682548523,0.4042510986328125
0,0,landmark,4,0.02,128,208.0,0.5694846510887146,0.5499267578125
0,0,landmark,4,0.02,256,336.0,0.6353026032447815,0.6974411010742188
0,0,landmark,4,0.02,512,592.0,0.7145994305610657,0.8258132934570312
0,0,landmark,4,0.05,64,264.0,0.5416452288627625,0.452423095703125
0,0,landmark,4,0.05,128,328.0,0.5929075479507446,0.5869522094726562
0,0,landmark,4,0.05,256,456.0,0.6555906534194946,0.7253570556640625
0,0,landmark,4,0.05,512,712.0,0.7323635816574097,0.84637451171875
0,0,oracle_chunk,8,0.0,64,64.0,0.5092564821243286,0.38494110107421875
0,0,oracle_chunk,8,0.0,128,128.0,0.5726066827774048,0.5938644409179688
0,0,oracle_chunk,8,0.0,256,256.0,0.6458306908607483,0.8050384521484375
0,0,oracle_chunk,8,0.0,512,512.0,0.7306473255157471,0.9579544067382812
0,0,landmark,8,0.0,64,64.0,0.23242886364459991,0.32704925537109375
0,0,landmark,8,0.0,128,128.0,0.35136836767196655,0.4686126708984375
0,0,landmark,8,0.0,256,256.0,0.4790029525756836,0.6110458374023438
0,0,landmark,8,0.0,512,512.0,0.6024325489997864,0.7462997436523438
0,0,landmark,8,0.005,64,88.0,0.4938108026981354,0.35601806640625
0,0,landmark,8,0.005,128,152.0,0.5470898151397705,0.4941864013671875
0,0,landmark,8,0.005,256,280.0,0.6089840531349182,0.629425048828125
0,0,landmark,8,0.005,512,536.0,0.6868849992752075,0.7593154907226562
0,0,landmark,8,0.01,64,104.0,0.4962383508682251,0.36119842529296875
0,0,landmark,8,0.01,128,168.0,0.5494314432144165,0.4991607666015625
0,0,landmark,8,0.01,256,296.0,0.6113260388374329,0.6341476440429688
0,0,landmark,8,0.01,512,552.0,0.6889733076095581,0.763214111328125
0,0,landmark,8,0.02,64,144.0,0.5027991533279419,0.3712158203125
0,0,landmark,8,0.02,128,208.0,0.5559978485107422,0.5093765258789062
0,0,landmark,8,0.02,256,336.0,0.6177180409431458,0.6441574096679688
0,0,landmark,8,0.02,512,592.0,0.6944097280502319,0.770782470703125
0,0,landmark,8,0.05,64,264.0,0.5232224464416504,0.4029998779296875
0,0,landmark,8,0.05,128,328.0,0.5751628279685974,0.5369033813476562
0,0,landmark,8,0.05,256,456.0,0.6355850696563721,0.6671218872070312
0,0,landmark,8,0.05,512,712.0,0.7105181813240051,0.7885360717773438
0,0,oracle_chunk,16,0.0,64,64.0,0.4893265962600708,0.3311309814453125
0,0,oracle_chunk,16,0.0,128,128.0,0.5559795498847961,0.5281448364257812
0,0,oracle_chunk,16,0.0,256,256.0,0.6294766664505005,0.7210235595703125
0,0,oracle_chunk,16,0.0,512,512.0,0.7136386632919312,0.8793106079101562
0,0,landmark,16,0.0,64,64.0,0.18768993020057678,0.3129425048828125
0,0,landmark,16,0.0,128,128.0,0.28919363021850586,0.45055389404296875
0,0,landmark,16,0.0,256,256.0,0.4185810685157776,0.5926895141601562
0,0,landmark,16,0.0,512,512.0,0.5687828063964844,0.721435546875
0,0,landmark,16,0.005,64,80.0,0.4864081144332886,0.33771514892578125
0,0,landmark,16,0.005,128,144.0,0.538874089717865,0.47280120849609375
0,0,landmark,16,0.005,256,272.0,0.6016259789466858,0.6095123291015625
0,0,landmark,16,0.005,512,528.0,0.6764270067214966,0.7318801879882812
0,0,landmark,16,0.01,64,112.0,0.4919365346431732,0.34893035888671875
0,0,landmark,16,0.01,128,176.0,0.5441250801086426,0.48313140869140625
0,0,landmark,16,0.01,256,304.0,0.6065658926963806,0.6183242797851562
0,0,landmark,16,0.01,512,560.0,0.6809486150741577,0.7393035888671875
0,0,landmark,16,0.02,64,144.0,0.49683287739753723,0.357574462890625
0,0,landmark,16,0.02,128,208.0,0.5489833354949951,0.49163818359375
0,0,landmark,16,0.02,256,336.0,0.6112933158874512,0.6260833740234375
0,0,landmark,16,0.02,512,592.0,0.6853535175323486,0.7461090087890625
0,0,landmark,16,0.05,64,272.0,0.512847900390625,0.3777313232421875
0,0,landmark,16,0.05,128,336.0,0.5648414492607117,0.5120010375976562
0,0,landmark,16,0.05,256,464.0,0.6268311142921448,0.6454391479492188
0,0,landmark,16,0.05,512,720.0,0.6996446251869202,0.7624893188476562
0,0,oracle_chunk,32,0.0,64,64.0,0.46221408247947693,0.264007568359375
0,0,oracle_chunk,32,0.0,128,128.0,0.5375146269798279,0.464111328125
0,0,oracle_chunk,32,0.0,256,256.0,0.613133430480957,0.6565704345703125
0,0,oracle_chunk,32,0.0,512,512.0,0.6972506642341614,0.807647705078125
0,0,landmark,32,0.0,64,64.0,0.155870720744133,0.31189727783203125
0,0,landmark,32,0.0,128,128.0,0.22684264183044434,0.43991851806640625
0,0,landmark,32,0.0,256,256.0,0.34414762258529663,0.5739364624023438
0,0,landmark,32,0.0,512,512.0,0.4946447014808655,0.696044921875
0,0,landmark,32,0.005,64,96.0,0.48782914876937866,0.33866119384765625
0,0,landmark,32,0.005,128,160.0,0.538568913936615,0.4661712646484375
0,0,landmark,32,0.005,256,288.0,0.5994330048561096,0.596649169921875
0,0,landmark,32,0.005,512,544.0,0.6711838841438293,0.7128067016601562
0,0,landmark,32,0.01,64,96.0,0.48782914876937866,0.33866119384765625
0,0,landmark,32,0.01,128,160.0,0.538568913936615,0.4661712646484375
0,0,landmark,32,0.01,256,288.0,0.5994330048561096,0.596649169921875
0,0,landmark,32,0.01,512,544.0,0.6711838841438293,0.7128067016601562
0,0,landmark,32,0.02,64,160.0,0.4988548755645752,0.358306884765625
0,0,landmark,32,0.02,128,224.0,0.5495796799659729,0.48609161376953125
0,0,landmark,32,0.02,256,352.0,0.6092252135276794,0.6118316650390625
0,0,landmark,32,0.02,512,608.0,0.680064857006073,0.7249298095703125
0,0,landmark,32,0.05,64,256.0,0.5109885931015015,0.37531280517578125
0,0,landmark,32,0.05,128,320.0,0.5617482662200928,0.5033950805664062
0,0,landmark,32,0.05,256,448.0,0.6205340027809143,0.6265029907226562
0,0,landmark,32,0.05,512,704.0,0.6907963752746582,0.7386016845703125
0,1,oracle_token,1,0.0,64,64.0,0.9055375456809998,1.0
0,1,oracle_token,1,0.0,128,128.0,0.9224931597709656,1.0
0,1,oracle_token,1,0.0,256,256.0,0.9410890340805054,1.0
0,1,oracle_token,1,0.0,512,512.0,0.9603210091590881,1.0
0,1,oracle_chunk,4,0.0,64,64.0,0.892457902431488,0.495361328125
0,1,oracle_chunk,4,0.0,128,128.0,0.9085157513618469,0.7567520141601562
0,1,oracle_chunk,4,0.0,256,256.0,0.9270492792129517,0.9760360717773438
0,1,oracle_chunk,4,0.0,512,512.0,0.9470916390419006,0.9997406005859375
0,1,landmark,4,0.0,64,64.0,0.8207703828811646,0.3585357666015625
0,1,landmark,4,0.0,128,128.0,0.8766908049583435,0.5189437866210938
0,1,landmark,4,0.0,256,256.0,0.9054012894630432,0.6921539306640625
0,1,landmark,4,0.0,512,512.0,0.9309980869293213,0.8443527221679688
0,1,landmark,4,0.005,64,84.0,0.8780432343482971,0.37769317626953125
0,1,landmark,4,0.005,128,148.0,0.8919151425361633,0.5324783325195312
0,1,landmark,4,0.005,256,276.0,0.9100829362869263,0.7007827758789062
0,1,landmark,4,0.005,512,532.0,0.9319055080413818,0.84912109375
0,1,landmark,4,0.01,64,104.0,0.8789404630661011,0.38367462158203125
0,1,landmark,4,0.01,128,168.0,0.8926403522491455,0.537261962890625
0,1,landmark,4,0.01,256,296.0,0.910669207572937,0.70428466796875
0,1,landmark,4,0.01,512,552.0,0.9324033260345459,0.8514633178710938
0,1,landmark,4,0.02,64,144.0,0.8799454569816589,0.390716552734375
0,1,landmark,4,0.02,128,208.0,0.8936508893966675,0.54376220703125
0,1,landmark,4,0.02,256,336.0,0.9117305874824524,0.7095794677734375
0,1,landmark,4,0.02,512,592.0,0.9333441257476807,0.8552322387695312
0,1,landmark,4,0.05,64,264.0,0.8840324282646179,0.4172515869140625
0,1,landmark,4,0.05,128,328.0,0.897628664970398,0.5678939819335938
0,1,landmark,4,0.05,256,456.0,0.9153861403465271,0.7282562255859375
0,1,landmark,4,0.05,512,712.0,0.9364157319068909,0.8675613403320312
0,1,oracle_chunk,8,0.0,64,64.0,0.8862878680229187,0.38443756103515625
0,1,oracle_chunk,8,0.0,128,128.0,0.9025362133979797,0.5951080322265625
0,1,oracle_chunk,8,0.0,256,256.0,0.9213033318519592,0.8272018432617188
0,1,oracle_chunk,8,0.0,512,512.0,0.9417707920074463,0.9828643798828125
0,1,landmark,8,0.0,64,64.0,0.3957950174808502,0.30065155029296875
0,1,landmark,8,0.0,128,128.0,0.5612959265708923,0.43264007568359375
0,1,landmark,8,0.0,256,256.0,0.7312403917312622,0.5953750610351562
0,1,landmark,8,0.0,512,512.0,0.8607491254806519,0.7656097412109375
0,1,landmark,8,0.005,64,88.0,0.87337726354599,0.327423095703125
0,1,landmark,8,0.005,128,152.0,0.8862513899803162,0.45381927490234375
0,1,landmark,8,0.005,256,280.0,0.9037183523178101,0.6100234985351562
0,1,landmark,8,0.005,512,536.0,0.9258052110671997,0.7739334106445312
0,1,landmark,8,0.01,64,104.0,0.8739035725593567,0.3321990966796875
0,1,landmark,8,0.01,128,168.0,0.8867328763008118,0.45775604248046875
0,1,landmark,8,0.01,256,296.0,0.9042138457298279,0.613616943359375
0,1,landmark,8,0.01,512,552.0,0.9262670874595642,0.7761688232421875
0,1,landmark,8,0.02,64,144.0,0.8752264976501465,0.3421783447265625
0,1,landmark,8,0.02,128,208.0,0.88810133934021,0.46743011474609375
0,1,landmark,8,0.02,256,336.0,0.9055232405662537,0.6219863891601562
0,1,landmark,8,0.02,512,592.0,0.9273908734321594,0.7818450927734375
0,1,landmark,8,0.05,64,264.0,0.8793594837188721,0.3660736083984375
0,1,landmark,8,0.05,128,328.0,0.8920708894729614,0.48935699462890625
0,1,landmark,8,0.05,256,456.0,0.9091839790344238,0.6405487060546875
0,1,landmark,8,0.05,512,712.0,0.9305011034011841,0.7954254150390625
0,1,oracle_chunk,16,0.0,64,64.0,0.8798729181289673,0.30072021484375
0,1,oracle_chunk,16,0.0,128,128.0,0.8969900608062744,0.479095458984375
0,1,oracle_chunk,16,0.0,256,256.0,0.9165132641792297,0.6851959228515625
0,1,oracle_chunk,16,0.0,512,512.0,0.9371873140335083,0.8863296508789062
0,1,landmark,16,0.0,64,64.0,0.16513676941394806,0.2628326416015625
0,1,landmark,16,0.0,128,128.0,0.27508047223091125,0.372650146484375
0,1,landmark,16,0.0,256,256.0,0.4467201232910156,0.5203475952148438
0,1,landmark,16,0.0,512,512.0,0.6773262619972229,0.6901168823242188
0,1,landmark,16,0.005,64,80.0,0.8723397254943848,0.2922210693359375
0,1,landmark,16,0.005,128,144.0,0.8841407299041748,0.3990325927734375
0,1,landmark,16,0.005,256,272.0,0.9009138345718384,0.5406723022460938
0,1,landmark,16,0.005,512,528.0,0.9215543270111084,0.7018203735351562
0,1,landmark,16,0.01,64,112.0,0.8735082149505615,0.29906463623046875
0,1,landmark,16,0.01,128,176.0,0.8853306174278259,0.4057769775390625
0,1,landmark,16,0.01,256,304.0,0.9021570086479187,0.5469894409179688
0,1,landmark,16,0.01,512,560.0,0.9225804805755615,0.7068557739257812
0,1,landmark,16,0.02,64,144.0,0.8744386434555054,0.30425262451171875
0,1,landmark,16,0.02,128,208.0,0.8863580822944641,0.410888671875
0,1,landmark,16,0.02,256,336.0,0.903125524520874,0.5520782470703125
0,1,landmark,16,0.02,512,592.0,0.9234674572944641,0.71136474609375
0,1,landmark,16,0.05,64,272.0,0.8788931369781494,0.335723876953125
0,1,landmark,16,0.05,128,336.0,0.8905930519104004,0.4392852783203125
0,1,landmark,16,0.05,256,464.0,0.9070538282394409,0.5761871337890625
0,1,landmark,16,0.05,512,720.0,0.9269013404846191,0.72918701171875
0,1,oracle_chunk,32,0.0,64,64.0,0.8713917136192322,0.21795654296875
0,1,oracle_chunk,32,0.0,128,128.0,0.8907784223556519,0.38299560546875
0,1,oracle_chunk,32,0.0,256,256.0,0.9118147492408752,0.5700454711914062
0,1,oracle_chunk,32,0.0,512,512.0,0.9330089688301086,0.7694244384765625
0,1,landmark,32,0.0,64,64.0,0.08441981673240662,0.2357635498046875
0,1,landmark,32,0.0,128,128.0,0.14855825901031494,0.32657623291015625
0,1,landmark,32,0.0,256,256.0,0.34190770983695984,0.456268310546875
0,1,landmark,32,0.0,512,512.0,0.637538492679596,0.6198654174804688
0,1,landmark,32,0.005,64,96.0,0.8727582693099976,0.2738189697265625
0,1,landmark,32,0.005,128,160.0,0.8845650553703308,0.3629913330078125
0,1,landmark,32,0.005,256,288.0,0.9001880884170532,0.4877777099609375
0,1,landmark,32,0.005,512,544.0,0.9196428060531616,0.638519287109375
0,1,landmark,32,0.01,64,96.0,0.8727582693099976,0.2738189697265625
0,1,landmark,32,0.01,128,160.0,0.8845650553703308,0.3629913330078125
0,1,landmark,32,0.01,256,288.0,0.9001880884170532,0.4877777099609375
0,1,landmark,32,0.01,512,544.0,0.9196428060531616,0.638519287109375
0,1,landmark,32,0.02,64,160.0,0.8763610124588013,0.302276611328125
0,1,landmark,32,0.02,128,224.0,0.8880612850189209,0.3895416259765625
0,1,landmark,32,0.02,256,352.0,0.9034391641616821,0.5109329223632812
0,1,landmark,32,0.02,512,608.0,0.922284722328186,0.6563262939453125
0,1,landmark,32,0.05,64,256.0,0.8794549107551575,0.3257904052734375
0,1,landmark,32,0.05,128,320.0,0.8910316824913025,0.41194915771484375
0,1,landmark,32,0.05,256,448.0,0.906390905380249,0.5302886962890625
0,1,landmark,32,0.05,512,704.0,0.9249951839447021,0.6719284057617188
0,2,oracle_token,1,0.0,64,64.0,0.925845205783844,1.0
0,2,oracle_token,1,0.0,128,128.0,0.9417245984077454,1.0
0,2,oracle_token,1,0.0,256,256.0,0.9581700563430786,1.0
0,2,oracle_token,1,0.0,512,512.0,0.9738506078720093,1.0
0,2,oracle_chunk,4,0.0,64,64.0,0.9132757782936096,0.5172500610351562
0,2,oracle_chunk,4,0.0,128,128.0,0.9289698004722595,0.7836151123046875
0,2,oracle_chunk,4,0.0,256,256.0,0.9464784264564514,0.9842071533203125
0,2,oracle_chunk,4,0.0,512,512.0,0.9643473625183105,1.0
0,2,landmark,4,0.0,64,64.0,0.7708529829978943,0.3631134033203125
0,2,landmark,4,0.0,128,128.0,0.8423673510551453,0.5214080810546875
0,2,landmark,4,0.0,256,256.0,0.9043896794319153,0.697113037109375
0,2,landmark,4,0.0,512,512.0,0.9356314539909363,0.8524703979492188
0,2,landmark,4,0.005,64,84.0,0.8996286988258362,0.38474273681640625
0,2,landmark,4,0.005,128,148.0,0.9131525158882141,0.5374374389648438
0,2,landmark,4,0.005,256,276.0,0.9296716451644897,0.7074737548828125
0,2,landmark,4,0.005,512,532.0,0.9494566321372986,0.8589019775390625
0,2,landmark,4,0.01,64,104.0,0.9005898833274841,0.39276123046875
0,2,landmark,4,0.01,128,168.0,0.9140737652778625,0.5445098876953125
0,2,landmark,4,0.01,256,296.0,0.9304654002189636,0.7125930786132812
0,2,landmark,4,0.01,512,552.0,0.9500755071640015,0.8619613647460938
0,2,landmark,4,0.02,64,144.0,0.9021924138069153,0.40668487548828125
0,2,landmark,4,0.02,128,208.0,0.9155287146568298,0.557403564453125
0,2,landmark,4,0.02,256,336.0,0.9317675232887268,0.7227249145507812
0,2,landmark,4,0.02,512,592.0,0.9511879086494446,0.868377685546875
0,2,landmark,4,0.05,64,264.0,0.9067941308021545,0.4428863525390625
0,2,landmark,4,0.05,128,328.0,0.9196501970291138,0.58819580078125
0,2,landmark,4,0.05,256,456.0,0.9353976249694824,0.7462387084960938
0,2,landmark,4,0.05,512,712.0,0.9541155695915222,0.8821640014648438
0,2,oracle_chunk,8,0.0,64,64.0,0.9062163829803467,0.4181365966796875
0,2,oracle_chunk,8,0.0,128,128.0,0.9227427244186401,0.6387786865234375
0,2,oracle_chunk,8,0.0,256,256.0,0.9405897855758667,0.8626251220703125
0,2,oracle_chunk,8,0.0,512,512.0,0.9591000080108643,0.9907150268554688
0,2,landmark,8,0.0,64,64.0,0.39482933282852173,0.320953369140625
0,2,landmark,8,0.0,128,128.0,0.5319457054138184,0.45545196533203125
0,2,landmark,8,0.0,256,256.0,0.6665931344032288,0.6175460815429688
0,2,landmark,8,0.0,512,512.0,0.805875837802887,0.7823867797851562
0,2,landmark,8,0.005,64,88.0,0.8940532803535461,0.3485870361328125
0,2,landmark,8,0.005,128,152.0,0.906265377998352,0.478424072265625
0,2,landmark,8,0.005,256,280.0,0.9229884743690491,0.6339263916015625
0,2,landmark,8,0.005,512,536.0,0.9427454471588135,0.79156494140625
0,2,landmark,8,0.01,64,104.0,0.8949728608131409,0.35750579833984375
0,2,landmark,8,0.01,128,168.0,0.9071198105812073,0.48641204833984375
0,2,landmark,8,0.01,256,296.0,0.9237704277038574,0.6408843994140625
0,2,landmark,8,0.01,512,552.0,0.9433015584945679,0.79656982421875
0,2,landmark,8,0.02,64,144.0,0.8970658779144287,0.3747100830078125
0,2,landmark,8,0.02,128,208.0,0.9090874195098877,0.5010986328125
0,2,landmark,8,0.02,256,336.0,0.9255208373069763,0.652252197265625
0,2,landmark,8,0.02,512,592.0,0.9446117877960205,0.8035812377929688
0,2,landmark,8,0.05,64,264.0,0.9002246856689453,0.397918701171875
0,2,landmark,8,0.05,128,328.0,0.9122766256332397,0.5225830078125
0,2,landmark,8,0.05,256,456.0,0.928421139717102,0.6701736450195312
0,2,landmark,8,0.05,512,712.0,0.9471514821052551,0.816741943359375
0,2,oracle_chunk,16,0.0,64,64.0,0.8986232876777649,0.34259033203125
0,2,oracle_chunk,16,0.0,128,128.0,0.9159289598464966,0.5356903076171875
0,2,oracle_chunk,16,0.0,256,256.0,0.9350866675376892,0.745269775390625
0,2,oracle_chunk,16,0.0,512,512.0,0.9540718197822571,0.921417236328125
0,2,landmark,16,0.0,64,64.0,0.25141093134880066,0.29547119140625
0,2,landmark,16,0.0,128,128.0,0.3742988705635071,0.41002655029296875
0,2,landmark,16,0.0,256,256.0,0.521825909614563,0.5556564331054688
0,2,landmark,16,0.0,512,512.0,0.6673279404640198,0.7213287353515625
0,2,landmark,16,0.005,64,80.0,0.8904558420181274,0.3234710693359375
0,2,landmark,16,0.005,128,144.0,0.9015448093414307,0.4322357177734375
0,2,landmark,16,0.005,256,272.0,0.9173506498336792,0.57232666015625
0,2,landmark,16,0.005,512,528.0,0.9365801215171814,0.7323989868164062
0,2,landmark,16,0.01,64,112.0,0.8932597041130066,0.33792877197265625
0,2,landmark,16,0.01,128,176.0,0.904233992099762,0.4462890625
0,2,landmark,16,0.01,256,304.0,0.9195757508277893,0.5835418701171875
0,2,landmark,16,0.01,512,560.0,0.9381919503211975,0.7400894165039062
0,2,landmark,16,0.02,64,144.0,0.8946580290794373,0.34479522705078125
0,2,landmark,16,0.02,128,208.0,0.9055376052856445,0.4527587890625
0,2,landmark,16,0.02,256,336.0,0.9207553267478943,0.589263916015625
0,2,landmark,16,0.02,512,592.0,0.9391157031059265,0.7444305419921875
0,2,landmark,16,0.05,64,272.0,0.8986375331878662,0.37097930908203125
0,2,landmark,16,0.05,128,336.0,0.9096197485923767,0.47789764404296875
0,2,landmark,16,0.05,256,464.0,0.9246468544006348,0.6123046875
0,2,landmark,16,0.05,512,720.0,0.9426298141479492,0.7625350952148438
0,2,oracle_chunk,32,0.0,64,64.0,0.8894638419151306,0.269073486328125
0,2,oracle_chunk,32,0.0,128,128.0,0.9083392024040222,0.44615936279296875
0,2,oracle_chunk,32,0.0,256,256.0,0.928839385509491,0.6422500610351562
0,2,oracle_chunk,32,0.0,512,512.0,0.9490742087364197,0.8287506103515625
0,2,landmark,32,0.0,64,64.0,0.2653443217277527,0.2722015380859375
0,2,landmark,32,0.0,128,128.0,0.4271886348724365,0.37021636962890625
0,2,landmark,32,0.0,256,256.0,0.5695030689239502,0.49977874755859375
0,2,landmark,32,0.0,512,512.0,0.7232200503349304,0.6547775268554688
0,2,landmark,32,0.005,64,96.0,0.8901165127754211,0.318634033203125
0,2,landmark,32,0.005,128,160.0,0.899328351020813,0.4054412841796875
0,2,landmark,32,0.005,256,288.0,0.9145168662071228,0.5243072509765625
0,2,landmark,32,0.005,512,544.0,0.932259202003479,0.6710586547851562
0,2,landmark,32,0.01,64,96.0,0.8901165127754211,0.318634033203125
0,2,landmark,32,0.01,128,160.0,0.899328351020813,0.4054412841796875
0,2,landmark,32,0.01,256,288.0,0.9145168662071228,0.5243072509765625
0,2,landmark,32,0.01,512,544.0,0.932259202003479,0.6710586547851562
0,2,landmark,32,0.02,64,160.0,0.8934831023216248,0.33345794677734375
0,2,landmark,32,0.02,128,224.0,0.9025423526763916,0.41951751708984375
0,2,landmark,32,0.02,256,352.0,0.9169903993606567,0.5359725952148438
0,2,landmark,32,0.02,512,608.0,0.9341297745704651,0.68023681640625
0,2,landmark,32,0.05,64,256.0,0.8963389992713928,0.350738525390625
0,2,landmark,32,0.05,128,320.0,0.9053484797477722,0.43566131591796875
0,2,landmark,32,0.05,256,448.0,0.9195218682289124,0.5500106811523438
0,2,landmark,32,0.05,512,704.0,0.936318039894104,0.6919784545898438
0,3,oracle_token,1,0.0,64,64.0,0.8954707980155945,1.0
0,3,oracle_token,1,0.0,128,128.0,0.9157674312591553,1.0
0,3,oracle_token,1,0.0,256,256.0,0.937865674495697,1.0
0,3,oracle_token,1,0.0,512,512.0,0.9604777693748474,1.0
0,3,oracle_chunk,4,0.0,64,64.0,0.8791101574897766,0.5255203247070312
0,3,oracle_chunk,4,0.0,128,128.0,0.8979109525680542,0.7904434204101562
0,3,oracle_chunk,4,0.0,256,256.0,0.9196349382400513,0.9823684692382812
0,3,oracle_chunk,4,0.0,512,512.0,0.9438198208808899,0.99981689453125
0,3,landmark,4,0.0,64,64.0,0.6637563705444336,0.40003204345703125
0,3,landmark,4,0.0,128,128.0,0.7436459064483643,0.5685043334960938
0,3,landmark,4,0.0,256,256.0,0.8259161710739136,0.7442550659179688
0,3,landmark,4,0.0,512,512.0,0.9035492539405823,0.8844757080078125
0,3,landmark,4,0.005,64,84.0,0.8690314888954163,0.420440673828125
0,3,landmark,4,0.005,128,148.0,0.8848865032196045,0.5834503173828125
0,3,landmark,4,0.005,256,276.0,0.9047948122024536,0.7535934448242188
0,3,landmark,4,0.005,512,532.0,0.928885281085968,0.8892745971679688
0,3,landmark,4,0.01,64,104.0,0.870254635810852,0.4271087646484375
0,3,landmark,4,0.01,128,168.0,0.886094331741333,0.5898971557617188
0,3,landmark,4,0.01,256,296.0,0.9059282541275024,0.7594985961914062
0,3,landmark,4,0.01,512,552.0,0.9298039078712463,0.89385986328125
0,3,landmark,4,0.02,64,144.0,0.8723820447921753,0.439178466796875
0,3,landmark,4,0.02,128,208.0,0.8881669044494629,0.6004104614257812
0,3,landmark,4,0.02,256,336.0,0.9077855348587036,0.7672042846679688
0,3,landmark,4,0.02,512,592.0,0.9313532114028931,0.8986129760742188
0,3,landmark,4,0.05,64,264.0,0.8779056072235107,0.4716949462890625
0,3,landmark,4,0.05,128,328.0,0.8933770060539246,0.62957763671875
0,3,landmark,4,0.05,256,456.0,0.9123697876930237,0.789031982421875
0,3,landmark,4,0.05,512,712.0,0.9351499080657959,0.9109344482421875
0,3,oracle_chunk,8,0.0,64,64.0,0.87154620885849,0.42133331298828125
0,3,oracle_chunk,8,0.0,128,128.0,0.8902744054794312,0.6436767578125
0,3,oracle_chunk,8,0.0,256,256.0,0.9120528697967529,0.8670425415039062
0,3,oracle_chunk,8,0.0,512,512.0,0.9368109107017517,0.988189697265625
0,3,landmark,8,0.0,64,64.0,0.34316039085388184,0.346832275390625
0,3,landmark,8,0.0,128,128.0,0.4728529453277588,0.49204254150390625
0,3,landmark,8,0.0,256,256.0,0.6221145987510681,0.6595230102539062
0,3,landmark,8,0.0,512,512.0,0.7542607188224792,0.8195571899414062
0,3,landmark,8,0.005,64,88.0,0.8648481369018555,0.371612548828125
0,3,landmark,8,0.005,128,152.0,0.8795467615127563,0.5129241943359375
0,3,landmark,8,0.005,256,280.0,0.898979127407074,0.6751022338867188
0,3,landmark,8,0.005,512,536.0,0.9229748845100403,0.8296432495117188
0,3,landmark,8,0.01,64,104.0,0.8656522035598755,0.37618255615234375
0,3,landmark,8,0.01,128,168.0,0.8803268074989319,0.517059326171875
0,3,landmark,8,0.01,256,296.0,0.8996769189834595,0.6785430908203125
0,3,landmark,8,0.01,512,552.0,0.9235782027244568,0.83184814453125
0,3,landmark,8,0.02,64,144.0,0.8677650690078735,0.38657379150390625
0,3,landmark,8,0.02,128,208.0,0.8821910619735718,0.5254898071289062
0,3,landmark,8,0.02,256,336.0,0.9013264179229736,0.6854705810546875
0,3,landmark,8,0.02,512,592.0,0.9249828457832336,0.8367767333984375
0,3,landmark,8,0.05,64,264.0,0.8732137680053711,0.41645050048828125
0,3,landmark,8,0.05,128,328.0,0.8873931765556335,0.552734375
0,3,landmark,8,0.05,256,456.0,0.9062171578407288,0.7081832885742188
0,3,landmark,8,0.05,512,712.0,0.9291832447052002,0.8528823852539062
0,3,oracle_chunk,16,0.0,64,64.0,0.8640693426132202,0.3373260498046875
0,3,oracle_chunk,16,0.0,128,128.0,0.8832388520240784,0.53314208984375
0,3,oracle_chunk,16,0.0,256,256.0,0.9054365158081055,0.7464752197265625
0,3,oracle_chunk,16,0.0,512,512.0,0.9306522011756897,0.9249801635742188
0,3,landmark,16,0.0,64,64.0,0.18507429957389832,0.307708740234375
0,3,landmark,16,0.0,128,128.0,0.3201424181461334,0.43637847900390625
0,3,landmark,16,0.0,256,256.0,0.49128958582878113,0.5963516235351562
0,3,landmark,16,0.0,512,512.0,0.6571004986763,0.7640228271484375
0,3,landmark,16,0.005,64,80.0,0.861611008644104,0.33315277099609375
0,3,landmark,16,0.005,128,144.0,0.8756404519081116,0.45839691162109375
0,3,landmark,16,0.005,256,272.0,0.894803524017334,0.6124267578125
0,3,landmark,16,0.005,512,528.0,0.9182900190353394,0.7736053466796875
0,3,landmark,16,0.01,64,112.0,0.8638550043106079,0.34564971923828125
0,3,landmark,16,0.01,128,176.0,0.8776410818099976,0.46881103515625
0,3,landmark,16,0.01,256,304.0,0.8965330123901367,0.6204757690429688
0,3,landmark,16,0.01,512,560.0,0.9196321964263916,0.7788467407226562
0,3,landmark,16,0.02,64,144.0,0.866089940071106,0.356048583984375
0,3,landmark,16,0.02,128,208.0,0.8796657919883728,0.4778289794921875
0,3,landmark,16,0.02,256,336.0,0.8982232213020325,0.627593994140625
0,3,landmark,16,0.02,512,592.0,0.9210171699523926,0.7837753295898438
0,3,landmark,16,0.05,64,272.0,0.8713645935058594,0.3853759765625
0,3,landmark,16,0.05,128,336.0,0.8849140405654907,0.5055999755859375
0,3,landmark,16,0.05,256,464.0,0.9032455682754517,0.6523284912109375
0,3,landmark,16,0.05,512,720.0,0.9255868792533875,0.8029251098632812
0,3,oracle_chunk,32,0.0,64,64.0,0.8570681214332581,0.27184295654296875
0,3,oracle_chunk,32,0.0,128,128.0,0.8761672973632812,0.44063568115234375
0,3,oracle_chunk,32,0.0,256,256.0,0.8989274501800537,0.641143798828125
0,3,oracle_chunk,32,0.0,512,512.0,0.9247764945030212,0.8372116088867188
0,3,landmark,32,0.0,64,64.0,0.21168018877506256,0.2798309326171875
0,3,landmark,32,0.0,128,128.0,0.39314815402030945,0.3825836181640625
0,3,landmark,32,0.0,256,256.0,0.5569157004356384,0.52740478515625
0,3,landmark,32,0.0,512,512.0,0.6978797912597656,0.70062255859375
0,3,landmark,32,0.005,64,96.0,0.8626722693443298,0.326751708984375
0,3,landmark,32,0.005,128,160.0,0.8743637204170227,0.4202423095703125
0,3,landmark,32,0.005,256,288.0,0.8915932178497314,0.5549774169921875
0,3,landmark,32,0.005,512,544.0,0.915370762348175,0.7157211303710938
0,3,landmark,32,0.01,64,96.0,0.8626722693443298,0.326751708984375
0,3,landmark,32,0.01,128,160.0,0.8743637204170227,0.4202423095703125
0,3,landmark,32,0.01,256,288.0,0.8915932178497314,0.5549774169921875
0,3,landmark,32,0.01,512,544.0,0.915370762348175,0.7157211303710938
0,3,landmark,32,0.02,64,160.0,0.8669131398200989,0.34764862060546875
0,3,landmark,32,0.02,128,224.0,0.8782223463058472,0.43878936767578125
0,3,landmark,32,0.02,256,352.0,0.8950476050376892,0.5706100463867188
0,3,landmark,32,0.02,512,608.0,0.9179078340530396,0.7257919311523438
0,3,landmark,32,0.05,64,256.0,0.8717514276504517,0.37337493896484375
0,3,landmark,32,0.05,128,320.0,0.8828112483024597,0.46273040771484375
0,3,landmark,32,0.05,256,448.0,0.8991996645927429,0.5908737182617188
0,3,landmark,32,0.05,512,704.0,0.9214104413986206,0.7393035888671875
0,4,oracle_token,1,0.0,64,64.0,0.8703412413597107,1.0
0,4,oracle_token,1,0.0,128,128.0,0.8979008197784424,1.0
0,4,oracle_token,1,0.0,256,256.0,0.9264641404151917,1.0
0,4,oracle_token,1,0.0,512,512.0,0.954186201095581,1.0
0,4,oracle_chunk,4,0.0,64,64.0,0.8452782034873962,0.5196762084960938
0,4,oracle_chunk,4,0.0,128,128.0,0.8726423978805542,0.7850189208984375
0,4,oracle_chunk,4,0.0,256,256.0,0.9022114276885986,0.9797134399414062
0,4,oracle_chunk,4,0.0,512,512.0,0.9334055781364441,0.9998626708984375
0,4,landmark,4,0.0,64,64.0,0.6979199647903442,0.377685546875
0,4,landmark,4,0.0,128,128.0,0.796363115310669,0.53851318359375
0,4,landmark,4,0.0,256,256.0,0.8650711178779602,0.7103271484375
0,4,landmark,4,0.0,512,512.0,0.9086387753486633,0.8561248779296875
0,4,landmark,4,0.005,64,84.0,0.8246543407440186,0.40154266357421875
0,4,landmark,4,0.005,128,148.0,0.8473440408706665,0.556793212890625
0,4,landmark,4,0.005,256,276.0,0.8762625455856323,0.7227706909179688
0,4,landmark,4,0.005,512,532.0,0.9103152751922607,0.8634414672851562
0,4,landmark,4,0.01,64,104.0,0.8259178400039673,0.40842437744140625
0,4,landmark,4,0.01,128,168.0,0.8485209345817566,0.56292724609375
0,4,landmark,4,0.01,256,296.0,0.8773431181907654,0.7279586791992188
0,4,landmark,4,0.01,512,552.0,0.9112793803215027,0.867462158203125
0,4,landmark,4,0.02,64,144.0,0.8293304443359375,0.42205047607421875
0,4,landmark,4,0.02,128,208.0,0.8517168760299683,0.5748291015625
0,4,landmark,4,0.02,256,336.0,0.8802528977394104,0.737213134765625
0,4,landmark,4,0.02,512,592.0,0.9132522344589233,0.8725738525390625
0,4,landmark,4,0.05,64,264.0,0.8379494547843933,0.46036529541015625
0,4,landmark,4,0.05,128,328.0,0.8598781824111938,0.609283447265625
0,4,landmark,4,0.05,256,456.0,0.8874948024749756,0.7643280029296875
0,4,landmark,4,0.05,512,712.0,0.9189050793647766,0.8889389038085938
0,4,oracle_chunk,8,0.0,64,64.0,0.8325503468513489,0.41791534423828125
0,4,oracle_chunk,8,0.0,128,128.0,0.8609593510627747,0.6408843994140625
0,4,oracle_chunk,8,0.0,256,256.0,0.8913226127624512,0.8604888916015625
0,4,oracle_chunk,8,0.0,512,512.0,0.9233746528625488,0.984832763671875
0,4,landmark,8,0.0,64,64.0,0.32815393805503845,0.3332977294921875
0,4,landmark,8,0.0,128,128.0,0.4907553791999817,0.4727020263671875
0,4,landmark,8,0.0,256,256.0,0.6414603590965271,0.6334457397460938
0,4,landmark,8,0.0,512,512.0,0.7740007042884827,0.7857284545898438
0,4,landmark,8,0.005,64,88.0,0.8156630992889404,0.3647003173828125
0,4,landmark,8,0.005,128,152.0,0.8380813002586365,0.499786376953125
0,4,landmark,8,0.005,256,280.0,0.8672045469284058,0.6540298461914062
0,4,landmark,8,0.005,512,536.0,0.9006100296974182,0.7999801635742188
0,4,landmark,8,0.01,64,104.0,0.8169161081314087,0.36962127685546875
0,4,landmark,8,0.01,128,168.0,0.8392969965934753,0.504547119140625
0,4,landmark,8,0.01,256,296.0,0.8683511018753052,0.6581878662109375
0,4,landmark,8,0.01,512,552.0,0.9014701247215271,0.8028793334960938
0,4,landmark,8,0.02,64,144.0,0.8201122283935547,0.3824310302734375
0,4,landmark,8,0.02,128,208.0,0.8421643376350403,0.5157394409179688
0,4,landmark,8,0.02,256,336.0,0.8707263469696045,0.6663970947265625
0,4,landmark,8,0.02,512,592.0,0.9031868577003479,0.8076400756835938
0,4,landmark,8,0.05,64,264.0,0.8273706436157227,0.41680145263671875
0,4,landmark,8,0.05,128,328.0,0.8491252064704895,0.5466690063476562
0,4,landmark,8,0.05,256,456.0,0.8770793080329895,0.6916732788085938
0,4,landmark,8,0.05,512,712.0,0.9088019728660583,0.8252639770507812
0,4,oracle_chunk,16,0.0,64,64.0,0.819983720779419,0.33940887451171875
0,4,oracle_chunk,16,0.0,128,128.0,0.8484547734260559,0.53094482421875
0,4,oracle_chunk,16,0.0,256,256.0,0.8807355761528015,0.7408370971679688
0,4,oracle_chunk,16,0.0,512,512.0,0.9138326048851013,0.9111862182617188
0,4,landmark,16,0.0,64,64.0,0.20311133563518524,0.30025482177734375
0,4,landmark,16,0.0,128,128.0,0.34342440962791443,0.42181396484375
0,4,landmark,16,0.0,256,256.0,0.49274080991744995,0.5739669799804688
0,4,landmark,16,0.0,512,512.0,0.6924079656600952,0.7307662963867188
0,4,landmark,16,0.005,64,80.0,0.80997633934021,0.32607269287109375
0,4,landmark,16,0.005,128,144.0,0.8301019668579102,0.443359375
0,4,landmark,16,0.005,256,272.0,0.857906699180603,0.5906524658203125
0,4,landmark,16,0.005,512,528.0,0.890765905380249,0.7398605346679688
0,4,landmark,16,0.01,64,112.0,0.8124309778213501,0.33844757080078125
0,4,landmark,16,0.01,128,176.0,0.832560658454895,0.4557037353515625
0,4,landmark,16,0.01,256,304.0,0.860287070274353,0.6019363403320312
0,4,landmark,16,0.01,512,560.0,0.8930549025535583,0.7493896484375
0,4,landmark,16,0.02,64,144.0,0.814610481262207,0.34728240966796875
0,4,landmark,16,0.02,128,208.0,0.8346940279006958,0.4641876220703125
0,4,landmark,16,0.02,256,336.0,0.86220383644104,0.609283447265625
0,4,landmark,16,0.02,512,592.0,0.8945163488388062,0.7541656494140625
0,4,landmark,16,0.05,64,272.0,0.821428656578064,0.3772735595703125
0,4,landmark,16,0.05,128,336.0,0.8415549397468567,0.4929962158203125
0,4,landmark,16,0.05,256,464.0,0.8686299920082092,0.634552001953125
0,4,landmark,16,0.05,512,720.0,0.900182843208313,0.7740859985351562
0,4,oracle_chunk,32,0.0,64,64.0,0.8073886632919312,0.27133941650390625
0,4,oracle_chunk,32,0.0,128,128.0,0.836861789226532,0.448394775390625
0,4,oracle_chunk,32,0.0,256,256.0,0.8706109523773193,0.6470565795898438
0,4,oracle_chunk,32,0.0,512,512.0,0.905881404876709,0.8323135375976562
0,4,landmark,32,0.0,64,64.0,0.19658562541007996,0.27249908447265625
0,4,landmark,32,0.0,128,128.0,0.3846130073070526,0.38287353515625
0,4,landmark,32,0.0,256,256.0,0.6142724752426147,0.5291366577148438
0,4,landmark,32,0.0,512,512.0,0.7880399227142334,0.6871414184570312
0,4,landmark,32,0.005,64,96.0,0.8105499744415283,0.3192596435546875
0,4,landmark,32,0.005,128,160.0,0.8279687166213989,0.42104339599609375
0,4,landmark,32,0.005,256,288.0,0.8547507524490356,0.5566177368164062
0,4,landmark,32,0.005,512,544.0,0.8864479064941406,0.7003936767578125
0,4,landmark,32,0.01,64,96.0,0.8105499744415283,0.3192596435546875
0,4,landmark,32,0.01,128,160.0,0.8279687166213989,0.42104339599609375
0,4,landmark,32,0.01,256,288.0,0.8547507524490356,0.5566177368164062
0,4,landmark,32,0.01,512,544.0,0.8864479064941406,0.7003936767578125
0,4,landmark,32,0.02,64,160.0,0.8137611746788025,0.33739471435546875
0,4,landmark,32,0.02,128,224.0,0.8311311602592468,0.438385009765625
0,4,landmark,32,0.02,256,352.0,0.8576008677482605,0.5719375610351562
0,4,landmark,32,0.02,512,608.0,0.8890832662582397,0.7122573852539062
0,4,landmark,32,0.05,64,256.0,0.8212355375289917,0.36736297607421875
0,4,landmark,32,0.05,128,320.0,0.8380077481269836,0.46537017822265625
0,4,landmark,32,0.05,256,448.0,0.8636605143547058,0.5957107543945312
0,4,landmark,32,0.05,512,704.0,0.8938744068145752,0.7306900024414062
0,5,oracle_token,1,0.0,64,64.0,0.9046102166175842,1.0
0,5,oracle_token,1,0.0,128,128.0,0.9328495860099792,1.0
0,5,oracle_token,1,0.0,256,256.0,0.9576181173324585,1.0
0,5,oracle_token,1,0.0,512,512.0,0.9770580530166626,1.0
0,5,oracle_chunk,4,0.0,64,64.0,0.8762284517288208,0.5427017211914062
0,5,oracle_chunk,4,0.0,128,128.0,0.9076669216156006,0.8154296875
0,5,oracle_chunk,4,0.0,256,256.0,0.9376673698425293,0.9916458129882812
0,5,oracle_chunk,4,0.0,512,512.0,0.963545024394989,0.9999771118164062
0,5,landmark,4,0.0,64,64.0,0.5704567432403564,0.4232025146484375
0,5,landmark,4,0.0,128,128.0,0.7411940097808838,0.5944747924804688
0,5,landmark,4,0.0,256,256.0,0.8789330124855042,0.7624740600585938
0,5,landmark,4,0.0,512,512.0,0.9284195303916931,0.8892059326171875
0,5,landmark,4,0.005,64,84.0,0.8554750680923462,0.44863128662109375
0,5,landmark,4,0.005,128,148.0,0.8842284679412842,0.6136398315429688
0,5,landmark,4,0.005,256,276.0,0.9157516956329346,0.7749252319335938
0,5,landmark,4,0.005,512,532.0,0.9460493922233582,0.8965835571289062
0,5,landmark,4,0.01,64,104.0,0.8572220802307129,0.4552764892578125
0,5,landmark,4,0.01,128,168.0,0.8858267068862915,0.6197662353515625
0,5,landmark,4,0.01,256,296.0,0.9171977639198303,0.7799072265625
0,5,landmark,4,0.01,512,552.0,0.9469975829124451,0.8996047973632812
0,5,landmark,4,0.02,64,144.0,0.8612498641014099,0.46871185302734375
0,5,landmark,4,0.02,128,208.0,0.8895214200019836,0.6319198608398438
0,5,landmark,4,0.02,256,336.0,0.9199024438858032,0.7886581420898438
0,5,landmark,4,0.02,512,592.0,0.9489040970802307,0.9048919677734375
0,5,landmark,4,0.05,64,264.0,0.8681345582008362,0.49755859375
0,5,landmark,4,0.05,128,328.0,0.8960157036781311,0.6578521728515625
0,5,landmark,4,0.05,256,456.0,0.9254445433616638,0.8084335327148438
0,5,landmark,4,0.05,512,712.0,0.9530996084213257,0.9169998168945312
0,5,oracle_chunk,8,0.0,64,64.0,0.8615522980690002,0.44547271728515625
0,5,oracle_chunk,8,0.0,128,128.0,0.8954125046730042,0.6775588989257812
0,5,oracle_chunk,8,0.0,256,256.0,0.9282298684120178,0.8955307006835938
0,5,oracle_chunk,8,0.0,512,512.0,0.956580638885498,0.9938278198242188
0,5,landmark,8,0.0,64,64.0,0.26934006810188293,0.374603271484375
0,5,landmark,8,0.0,128,128.0,0.3741850256919861,0.525177001953125
0,5,landmark,8,0.0,256,256.0,0.5463382005691528,0.6878204345703125
0,5,landmark,8,0.0,512,512.0,0.7651167511940002,0.8343505859375
0,5,landmark,8,0.005,64,88.0,0.8403136134147644,0.40132904052734375
0,5,landmark,8,0.005,128,152.0,0.8709757328033447,0.5497283935546875
0,5,landmark,8,0.005,256,280.0,0.9048140645027161,0.7077255249023438
0,5,landmark,8,0.005,512,536.0,0.9387198090553284,0.8467178344726562
0,5,landmark,8,0.01,64,104.0,0.8428094983100891,0.40987396240234375
0,5,landmark,8,0.01,128,168.0,0.8732964396476746,0.5576629638671875
0,5,landmark,8,0.01,256,296.0,0.906570553779602,0.7133407592773438
0,5,landmark,8,0.01,512,552.0,0.9396730661392212,0.8494796752929688
0,5,landmark,8,0.02,64,144.0,0.8459935188293457,0.4225006103515625
0,5,landmark,8,0.02,128,208.0,0.8763014078140259,0.5689849853515625
0,5,landmark,8,0.02,256,336.0,0.9092652201652527,0.7228775024414062
0,5,landmark,8,0.02,512,592.0,0.9417563676834106,0.8565139770507812
0,5,landmark,8,0.05,64,264.0,0.8517600297927856,0.44886016845703125
0,5,landmark,8,0.05,128,328.0,0.8819011449813843,0.5933685302734375
0,5,landmark,8,0.05,256,456.0,0.9142849445343018,0.7431106567382812
0,5,landmark,8,0.05,512,712.0,0.9457438588142395,0.8704986572265625
0,5,oracle_chunk,16,0.0,64,64.0,0.8455753922462463,0.36692047119140625
0,5,oracle_chunk,16,0.0,128,128.0,0.8818022608757019,0.5726776123046875
0,5,oracle_chunk,16,0.0,256,256.0,0.9183406233787537,0.7876205444335938
0,5,oracle_chunk,16,0.0,512,512.0,0.9491478800773621,0.942108154296875
0,5,landmark,16,0.0,64,64.0,0.21380457282066345,0.33744049072265625
0,5,landmark,16,0.0,128,128.0,0.3032648265361786,0.47226715087890625
0,5,landmark,16,0.0,256,256.0,0.44546425342559814,0.6324310302734375
0,5,landmark,16,0.0,512,512.0,0.645161509513855,0.78643798828125
0,5,landmark,16,0.005,64,80.0,0.8334044814109802,0.36086273193359375
0,5,landmark,16,0.005,128,144.0,0.8628343343734741,0.493560791015625
0,5,landmark,16,0.005,256,272.0,0.8966825008392334,0.649169921875
0,5,landmark,16,0.005,512,528.0,0.930059552192688,0.79656982421875
0,5,landmark,16,0.01,64,112.0,0.8365693688392639,0.37245941162109375
0,5,landmark,16,0.01,128,176.0,0.865879237651825,0.5051498413085938
0,5,landmark,16,0.01,256,304.0,0.8993467092514038,0.6599884033203125
0,5,landmark,16,0.01,512,560.0,0.9321742653846741,0.8059005737304688
0,5,landmark,16,0.02,64,144.0,0.8415108919143677,0.39102935791015625
0,5,landmark,16,0.02,128,208.0,0.870551586151123,0.5227584838867188
0,5,landmark,16,0.02,256,336.0,0.9032242298126221,0.6739501953125
0,5,landmark,16,0.02,512,592.0,0.9342305064201355,0.8124618530273438
0,5,landmark,16,0.05,64,272.0,0.8480401039123535,0.41233062744140625
0,5,landmark,16,0.05,128,336.0,0.8768766522407532,0.5438003540039062
0,5,landmark,16,0.05,256,464.0,0.9087572693824768,0.6928024291992188
0,5,landmark,16,0.05,512,720.0,0.9385709166526794,0.8269424438476562
0,5,oracle_chunk,32,0.0,64,64.0,0.8273507952690125,0.2914886474609375
0,5,oracle_chunk,32,0.0,128,128.0,0.8663964867591858,0.48451995849609375
0,5,oracle_chunk,32,0.0,256,256.0,0.9073116779327393,0.6971588134765625
0,5,oracle_chunk,32,0.0,512,512.0,0.9423892498016357,0.8733901977539062
0,5,landmark,32,0.0,64,64.0,0.1917881965637207,0.31525421142578125
0,5,landmark,32,0.0,128,128.0,0.29371824860572815,0.4281768798828125
0,5,landmark,32,0.0,256,256.0,0.44770458340644836,0.5786895751953125
0,5,landmark,32,0.0,512,512.0,0.7284838557243347,0.7371597290039062
0,5,landmark,32,0.005,64,96.0,0.8320673704147339,0.3554229736328125
0,5,landmark,32,0.005,128,160.0,0.8571749329566956,0.46344757080078125
0,5,landmark,32,0.005,256,288.0,0.8916880488395691,0.608489990234375
0,5,landmark,32,0.005,512,544.0,0.9262028336524963,0.7532196044921875
0,5,landmark,32,0.01,64,96.0,0.8320673704147339,0.3554229736328125
0,5,landmark,32,0.01,128,160.0,0.8571749329566956,0.46344757080078125
0,5,landmark,32,0.01,256,288.0,0.8916880488395691,0.608489990234375
0,5,landmark,32,0.01,512,544.0,0.9262028336524963,0.7532196044921875
0,5,landmark,32,0.02,64,160.0,0.8372333645820618,0.3724822998046875
0,5,landmark,32,0.02,128,224.0,0.8621428608894348,0.480377197265625
0,5,landmark,32,0.02,256,352.0,0.8958185315132141,0.6237106323242188
0,5,landmark,32,0.02,512,608.0,0.9287309646606445,0.7643585205078125
0,5,landmark,32,0.05,64,256.0,0.8456228971481323,0.3987579345703125
0,5,landmark,32,0.05,128,320.0,0.8700839281082153,0.5057296752929688
0,5,landmark,32,0.05,256,448.0,0.9020013213157654,0.6433334350585938
0,5,landmark,32,0.05,512,704.0,0.9325215816497803,0.7768325805664062
0,6,oracle_token,1,0.0,64,64.0,0.8582191467285156,1.0
0,6,oracle_token,1,0.0,128,128.0,0.8968273997306824,1.0
0,6,oracle_token,1,0.0,256,256.0,0.931932270526886,1.0
0,6,oracle_token,1,0.0,512,512.0,0.961733341217041,1.0
0,6,oracle_chunk,4,0.0,64,64.0,0.8183416724205017,0.5268783569335938
0,6,oracle_chunk,4,0.0,128,128.0,0.8621689081192017,0.802215576171875
0,6,oracle_chunk,4,0.0,256,256.0,0.9038740992546082,0.992340087890625
0,6,oracle_chunk,4,0.0,512,512.0,0.9410883784294128,1.0
0,6,landmark,4,0.0,64,64.0,0.5563609600067139,0.4393768310546875
0,6,landmark,4,0.0,128,128.0,0.6999091506004333,0.6138687133789062
0,6,landmark,4,0.0,256,256.0,0.803829550743103,0.782318115234375
0,6,landmark,4,0.0,512,512.0,0.8925109505653381,0.9033355712890625
0,6,landmark,4,0.005,64,84.0,0.790444552898407,0.46630096435546875
0,6,landmark,4,0.005,128,148.0,0.8335105180740356,0.6351089477539062
0,6,landmark,4,0.005,256,276.0,0.8786500692367554,0.7950210571289062
0,6,landmark,4,0.005,512,532.0,0.9202640652656555,0.9102706909179688
0,6,landmark,4,0.01,64,104.0,0.7946701049804688,0.476593017578125
0,6,landmark,4,0.01,128,168.0,0.8372552394866943,0.6440811157226562
0,6,landmark,4,0.01,256,296.0,0.8816871047019958,0.8018112182617188
0,6,landmark,4,0.01,512,552.0,0.9221276044845581,0.9143524169921875
0,6,landmark,4,0.02,64,144.0,0.7998185157775879,0.48673248291015625
0,6,landmark,4,0.02,128,208.0,0.8411246538162231,0.6531143188476562
0,6,landmark,4,0.02,256,336.0,0.8842765092849731,0.8085403442382812
0,6,landmark,4,0.02,512,592.0,0.9241548776626587,0.9186248779296875
0,6,landmark,4,0.05,64,264.0,0.8139238357543945,0.5277481079101562
0,6,landmark,4,0.05,128,328.0,0.8533217906951904,0.6885910034179688
0,6,landmark,4,0.05,256,456.0,0.8942374587059021,0.83465576171875
0,6,landmark,4,0.05,512,712.0,0.9313116669654846,0.9327926635742188
0,6,oracle_chunk,8,0.0,64,64.0,0.7962268590927124,0.42486572265625
0,6,oracle_chunk,8,0.0,128,128.0,0.8444015383720398,0.6558990478515625
0,6,oracle_chunk,8,0.0,256,256.0,0.8906770944595337,0.8884506225585938
0,6,oracle_chunk,8,0.0,512,512.0,0.9314333200454712,0.9957656860351562
0,6,landmark,8,0.0,64,64.0,0.2750793397426605,0.38397216796875
0,6,landmark,8,0.0,128,128.0,0.4113781154155731,0.5373764038085938
0,6,landmark,8,0.0,256,256.0,0.5606367588043213,0.7013320922851562
0,6,landmark,8,0.0,512,512.0,0.7419854998588562,0.8422698974609375
0,6,landmark,8,0.005,64,88.0,0.7697498202323914,0.4105224609375
0,6,landmark,8,0.005,128,152.0,0.8140931129455566,0.5611114501953125
0,6,landmark,8,0.005,256,280.0,0.8622612357139587,0.7198562622070312
0,6,landmark,8,0.005,512,536.0,0.9070448875427246,0.8525314331054688
0,6,landmark,8,0.01,64,104.0,0.7722936272621155,0.41744232177734375
0,6,landmark,8,0.01,128,168.0,0.816598117351532,0.567840576171875
0,6,landmark,8,0.01,256,296.0,0.8646266460418701,0.7259597778320312
0,6,landmark,8,0.01,512,552.0,0.909080982208252,0.857330322265625
0,6,landmark,8,0.02,64,144.0,0.7783744931221008,0.43305206298828125
0,6,landmark,8,0.02,128,208.0,0.8224309682846069,0.5832138061523438
0,6,landmark,8,0.02,256,336.0,0.8692000508308411,0.738128662109375
0,6,landmark,8,0.02,512,592.0,0.9118908047676086,0.8643417358398438
0,6,landmark,8,0.05,64,264.0,0.787388026714325,0.459014892578125
0,6,landmark,8,0.05,128,328.0,0.831274688243866,0.6080245971679688
0,6,landmark,8,0.05,256,456.0,0.877291202545166,0.759124755859375
0,6,landmark,8,0.05,512,712.0,0.9183178544044495,0.8801498413085938
0,6,oracle_chunk,16,0.0,64,64.0,0.7725245356559753,0.34560394287109375
0,6,oracle_chunk,16,0.0,128,128.0,0.8240737915039062,0.5476913452148438
0,6,oracle_chunk,16,0.0,256,256.0,0.8758845329284668,0.7712783813476562
0,6,oracle_chunk,16,0.0,512,512.0,0.9207813739776611,0.9424819946289062
0,6,landmark,16,0.0,64,64.0,0.22701109945774078,0.34716033935546875
0,6,landmark,16,0.0,128,128.0,0.32415053248405457,0.47951507568359375
0,6,landmark,16,0.0,256,256.0,0.4482119083404541,0.63677978515625
0,6,landmark,16,0.0,512,512.0,0.6100229024887085,0.78753662109375
0,6,landmark,16,0.005,64,80.0,0.7613496780395508,0.366455078125
0,6,landmark,16,0.005,128,144.0,0.7997390627861023,0.4983062744140625
0,6,landmark,16,0.005,256,272.0,0.8486588001251221,0.65289306640625
0,6,landmark,16,0.005,512,528.0,0.894790768623352,0.79840087890625
0,6,landmark,16,0.01,64,112.0,0.7637404203414917,0.3750762939453125
0,6,landmark,16,0.01,128,176.0,0.8021295666694641,0.5066680908203125
0,6,landmark,16,0.01,256,304.0,0.8508975505828857,0.6599960327148438
0,6,landmark,16,0.01,512,560.0,0.8966365456581116,0.803314208984375
0,6,landmark,16,0.02,64,144.0,0.7686753273010254,0.38756561279296875
0,6,landmark,16,0.02,128,208.0,0.8070693612098694,0.5191116333007812
0,6,landmark,16,0.02,256,336.0,0.8552928566932678,0.6699600219726562
0,6,landmark,16,0.02,512,592.0,0.8995958566665649,0.8093719482421875
0,6,landmark,16,0.05,64,272.0,0.7849718928337097,0.43219757080078125
0,6,landmark,16,0.05,128,336.0,0.8233054876327515,0.5623092651367188
0,6,landmark,16,0.05,256,464.0,0.8673937320709229,0.7039794921875
0,6,landmark,16,0.05,512,720.0,0.9085078239440918,0.831634521484375
0,6,oracle_chunk,32,0.0,64,64.0,0.7452495098114014,0.26593017578125
0,6,oracle_chunk,32,0.0,128,128.0,0.8008275032043457,0.45458221435546875
0,6,oracle_chunk,32,0.0,256,256.0,0.8595824837684631,0.6737594604492188
0,6,oracle_chunk,32,0.0,512,512.0,0.9105883240699768,0.8652572631835938
0,6,landmark,32,0.0,64,64.0,0.198085218667984,0.3140716552734375
0,6,landmark,32,0.0,128,128.0,0.2869803309440613,0.42940521240234375
0,6,landmark,32,0.0,256,256.0,0.44084858894348145,0.5866012573242188
0,6,landmark,32,0.0,512,512.0,0.6214807629585266,0.74310302734375
0,6,landmark,32,0.005,64,96.0,0.7538285255432129,0.340179443359375
0,6,landmark,32,0.005,128,160.0,0.791145384311676,0.454742431640625
0,6,landmark,32,0.005,256,288.0,0.8402813673019409,0.6097793579101562
0,6,landmark,32,0.005,512,544.0,0.8880231380462646,0.756805419921875
0,6,landmark,32,0.01,64,96.0,0.7538285255432129,0.340179443359375
0,6,landmark,32,0.01,128,160.0,0.791145384311676,0.454742431640625
0,6,landmark,32,0.01,256,288.0,0.8402813673019409,0.6097793579101562
0,6,landmark,32,0.01,512,544.0,0.8880231380462646,0.756805419921875
0,6,landmark,32,0.02,64,160.0,0.7580161094665527,0.3548736572265625
0,6,landmark,32,0.02,128,224.0,0.7951844334602356,0.4685211181640625
0,6,landmark,32,0.02,256,352.0,0.8439552187919617,0.6221466064453125
0,6,landmark,32,0.02,512,608.0,0.8910517692565918,0.7659988403320312
0,6,landmark,32,0.05,64,256.0,0.7717899680137634,0.38947296142578125
0,6,landmark,32,0.05,128,320.0,0.8090717196464539,0.5008468627929688
0,6,landmark,32,0.05,256,448.0,0.8545550107955933,0.6460647583007812
0,6,landmark,32,0.05,512,704.0,0.8974540829658508,0.77996826171875
0,7,oracle_token,1,0.0,64,64.0,0.7613314390182495,1.0
0,7,oracle_token,1,0.0,128,128.0,0.8211928009986877,1.0
0,7,oracle_token,1,0.0,256,256.0,0.8779255151748657,1.0
0,7,oracle_token,1,0.0,512,512.0,0.9283854961395264,1.0
0,7,oracle_chunk,4,0.0,64,64.0,0.7055902481079102,0.5343551635742188
0,7,oracle_chunk,4,0.0,128,128.0,0.7699840664863586,0.8089447021484375
0,7,oracle_chunk,4,0.0,256,256.0,0.8338221311569214,0.9846420288085938
0,7,oracle_chunk,4,0.0,512,512.0,0.8945083618164062,0.9998855590820312
0,7,landmark,4,0.0,64,64.0,0.44023096561431885,0.41180419921875
0,7,landmark,4,0.0,128,128.0,0.5953797101974487,0.5853958129882812
0,7,landmark,4,0.0,256,256.0,0.7439755797386169,0.7564010620117188
0,7,landmark,4,0.0,512,512.0,0.8478308320045471,0.885223388671875
0,7,landmark,4,0.005,64,84.0,0.6695672273635864,0.43836212158203125
0,7,landmark,4,0.005,128,148.0,0.7272170782089233,0.6072921752929688
0,7,landmark,4,0.005,256,276.0,0.790886640548706,0.7717437744140625
0,7,landmark,4,0.005,512,532.0,0.8563306927680969,0.8947677612304688
0,7,landmark,4,0.01,64,104.0,0.6762550473213196,0.453643798828125
0,7,landmark,4,0.01,128,168.0,0.7329930067062378,0.620391845703125
0,7,landmark,4,0.01,256,296.0,0.7947450876235962,0.7805557250976562
0,7,landmark,4,0.01,512,552.0,0.8588647842407227,0.8996963500976562
0,7,landmark,4,0.02,64,144.0,0.6853280067443848,0.47035980224609375
0,7,landmark,4,0.02,128,208.0,0.7414312362670898,0.636383056640625
0,7,landmark,4,0.02,256,336.0,0.8015430569648743,0.792816162109375
0,7,landmark,4,0.02,512,592.0,0.8638346791267395,0.907135009765625
0,7,landmark,4,0.05,64,264.0,0.7025492787361145,0.5020217895507812
0,7,landmark,4,0.05,128,328.0,0.7574715614318848,0.6650772094726562
0,7,landmark,4,0.05,256,456.0,0.815627932548523,0.8154830932617188
0,7,landmark,4,0.05,512,712.0,0.8747771382331848,0.9203948974609375
0,7,oracle_chunk,8,0.0,64,64.0,0.675247073173523,0.43357086181640625
0,7,oracle_chunk,8,0.0,128,128.0,0.7430893182754517,0.6683273315429688
0,7,oracle_chunk,8,0.0,256,256.0,0.8110684752464294,0.8843536376953125
0,7,oracle_chunk,8,0.0,512,512.0,0.8759396076202393,0.9886016845703125
0,7,landmark,8,0.0,64,64.0,0.28323882818222046,0.362701416015625
0,7,landmark,8,0.0,128,128.0,0.40229523181915283,0.5168991088867188
0,7,landmark,8,0.0,256,256.0,0.5491293668746948,0.6787185668945312
0,7,landmark,8,0.0,512,512.0,0.7206699848175049,0.8216781616210938
0,7,landmark,8,0.005,64,88.0,0.6461003422737122,0.39048004150390625
0,7,landmark,8,0.005,128,152.0,0.7055148482322693,0.5424346923828125
0,7,landmark,8,0.005,256,280.0,0.7687551975250244,0.7001419067382812
0,7,landmark,8,0.005,512,536.0,0.8349621891975403,0.836517333984375
0,7,landmark,8,0.01,64,104.0,0.6519343852996826,0.4023590087890625
0,7,landmark,8,0.01,128,168.0,0.7112550139427185,0.5539779663085938
0,7,landmark,8,0.01,256,296.0,0.7739846110343933,0.7102890014648438
0,7,landmark,8,0.01,512,552.0,0.838649570941925,0.8433761596679688
0,7,landmark,8,0.02,64,144.0,0.6571877598762512,0.4148406982421875
0,7,landmark,8,0.02,128,208.0,0.7164080142974854,0.5659103393554688
0,7,landmark,8,0.02,256,336.0,0.7788535356521606,0.7213668823242188
0,7,landmark,8,0.02,512,592.0,0.8425995111465454,0.8510971069335938
0,7,landmark,8,0.05,64,264.0,0.6749699711799622,0.44891357421875
0,7,landmark,8,0.05,128,328.0,0.733573317527771,0.5979232788085938
0,7,landmark,8,0.05,256,456.0,0.7930608987808228,0.7453689575195312
0,7,landmark,8,0.05,512,712.0,0.8537899851799011,0.8664779663085938
0,7,oracle_chunk,16,0.0,64,64.0,0.6426551342010498,0.347320556640625
0,7,oracle_chunk,16,0.0,128,128.0,0.7139213681221008,0.5589065551757812
0,7,oracle_chunk,16,0.0,256,256.0,0.7882797718048096,0.7775421142578125
0,7,oracle_chunk,16,0.0,512,512.0,0.856442391872406,0.9332122802734375
0,7,landmark,16,0.0,64,64.0,0.2425384223461151,0.315948486328125
0,7,landmark,16,0.0,128,128.0,0.3331229090690613,0.45630645751953125
0,7,landmark,16,0.0,256,256.0,0.4696517884731293,0.6278762817382812
0,7,landmark,16,0.0,512,512.0,0.6427295207977295,0.7748184204101562
0,7,landmark,16,0.005,64,80.0,0.6256496906280518,0.33447265625
0,7,landmark,16,0.005,128,144.0,0.682392418384552,0.4749755859375
0,7,landmark,16,0.005,256,272.0,0.751981794834137,0.6437759399414062
0,7,landmark,16,0.005,512,528.0,0.8175982236862183,0.784088134765625
0,7,landmark,16,0.01,64,112.0,0.6326634287834167,0.3494110107421875
0,7,landmark,16,0.01,128,176.0,0.689461886882782,0.4899444580078125
0,7,landmark,16,0.01,256,304.0,0.7589039206504822,0.6581268310546875
0,7,landmark,16,0.01,512,560.0,0.8235840797424316,0.796630859375
0,7,landmark,16,0.02,64,144.0,0.6378043293952942,0.359619140625
0,7,landmark,16,0.02,128,208.0,0.6945587396621704,0.49996185302734375
0,7,landmark,16,0.02,256,336.0,0.7635045051574707,0.66607666015625
0,7,landmark,16,0.02,512,592.0,0.8277048468589783,0.8028717041015625
0,7,landmark,16,0.05,64,272.0,0.6581421494483948,0.4032745361328125
0,7,landmark,16,0.05,128,336.0,0.7130768299102783,0.5405044555664062
0,7,landmark,16,0.05,256,464.0,0.7778165340423584,0.69525146484375
0,7,landmark,16,0.05,512,720.0,0.8384528756141663,0.8222579956054688
0,7,oracle_chunk,32,0.0,64,64.0,0.6084287762641907,0.26561737060546875
0,7,oracle_chunk,32,0.0,128,128.0,0.6832433342933655,0.46422576904296875
0,7,oracle_chunk,32,0.0,256,256.0,0.7667403221130371,0.696533203125
0,7,oracle_chunk,32,0.0,512,512.0,0.8398539423942566,0.8701629638671875
0,7,landmark,32,0.0,64,64.0,0.2154945731163025,0.292022705078125
0,7,landmark,32,0.0,128,128.0,0.2994551658630371,0.4178466796875
0,7,landmark,32,0.0,256,256.0,0.4410474896430969,0.5856704711914062
0,7,landmark,32,0.0,512,512.0,0.6649107933044434,0.7448196411132812
0,7,landmark,32,0.005,64,96.0,0.6197999715805054,0.31597137451171875
0,7,landmark,32,0.005,128,160.0,0.6710543036460876,0.44263458251953125
0,7,landmark,32,0.005,256,288.0,0.7398815751075745,0.6084671020507812
0,7,landmark,32,0.005,512,544.0,0.8084589242935181,0.7574005126953125
0,7,landmark,32,0.01,64,96.0,0.6197999715805054,0.31597137451171875
0,7,landmark,32,0.01,128,160.0,0.6710543036460876,0.44263458251953125
0,7,landmark,32,0.01,256,288.0,0.7398815751075745,0.6084671020507812
0,7,landmark,32,0.01,512,544.0,0.8084589242935181,0.7574005126953125
0,7,landmark,32,0.02,64,160.0,0.6251264810562134,0.328094482421875
0,7,landmark,32,0.02,128,224.0,0.6763458847999573,0.45484161376953125
0,7,landmark,32,0.02,256,352.0,0.7448651194572449,0.619659423828125
0,7,landmark,32,0.02,512,608.0,0.8129804730415344,0.7676544189453125
0,7,landmark,32,0.05,64,256.0,0.6419833898544312,0.36490631103515625
0,7,landmark,32,0.05,128,320.0,0.6919092535972595,0.48892974853515625
0,7,landmark,32,0.05,256,448.0,0.7564295530319214,0.6443557739257812
0,7,landmark,32,0.05,512,704.0,0.8210238814353943,0.7820205688476562
0,8,oracle_token,1,0.0,64,64.0,0.7985965013504028,1.0
0,8,oracle_token,1,0.0,128,128.0,0.8571127653121948,1.0
0,8,oracle_token,1,0.0,256,256.0,0.9094692468643188,1.0
0,8,oracle_token,1,0.0,512,512.0,0.9517451524734497,1.0
0,8,oracle_chunk,4,0.0,64,64.0,0.7393916845321655,0.5134963989257812
0,8,oracle_chunk,4,0.0,128,128.0,0.8046326637268066,0.7924270629882812
0,8,oracle_chunk,4,0.0,256,256.0,0.8678842186927795,0.9881591796875
0,8,oracle_chunk,4,0.0,512,512.0,0.9231886863708496,1.0
0,8,landmark,4,0.0,64,64.0,0.4384043216705322,0.39392852783203125
0,8,landmark,4,0.0,128,128.0,0.5803493857383728,0.57421875
0,8,landmark,4,0.0,256,256.0,0.7346799969673157,0.7537689208984375
0,8,landmark,4,0.0,512,512.0,0.8693472146987915,0.885772705078125
0,8,landmark,4,0.005,64,84.0,0.695944607257843,0.41701507568359375
0,8,landmark,4,0.005,128,148.0,0.7584803700447083,0.5931777954101562
0,8,landmark,4,0.005,256,276.0,0.8258886337280273,0.7676544189453125
0,8,landmark,4,0.005,512,532.0,0.8899043798446655,0.8925018310546875
0,8,landmark,4,0.01,64,104.0,0.6997141242027283,0.42713165283203125
0,8,landmark,4,0.01,128,168.0,0.7618995904922485,0.6019134521484375
0,8,landmark,4,0.01,256,296.0,0.8285278081893921,0.7730636596679688
0,8,landmark,4,0.01,512,552.0,0.8916584849357605,0.8950271606445312
0,8,landmark,4,0.02,64,144.0,0.7063913345336914,0.44374847412109375
0,8,landmark,4,0.02,128,208.0,0.7675104737281799,0.6160507202148438
0,8,landmark,4,0.02,256,336.0,0.8326493501663208,0.7815170288085938
0,8,landmark,4,0.02,512,592.0,0.8947066068649292,0.9002838134765625
0,8,landmark,4,0.05,64,264.0,0.72217857837677,0.47907257080078125
0,8,landmark,4,0.05,128,328.0,0.7813774943351746,0.6454391479492188
0,8,landmark,4,0.05,256,456.0,0.8437358736991882,0.8022232055664062
0,8,landmark,4,0.05,512,712.0,0.9028086066246033,0.9120101928710938
0,8,oracle_chunk,8,0.0,64,64.0,0.7081906199455261,0.40930938720703125
0,8,oracle_chunk,8,0.0,128,128.0,0.7778245806694031,0.6456451416015625
0,8,oracle_chunk,8,0.0,256,256.0,0.8467375636100769,0.8790283203125
0,8,oracle_chunk,8,0.0,512,512.0,0.907813310623169,0.9934844970703125
0,8,landmark,8,0.0,64,64.0,0.2727918028831482,0.34253692626953125
0,8,landmark,8,0.0,128,128.0,0.4017305374145508,0.4992523193359375
0,8,landmark,8,0.0,256,256.0,0.5320655703544617,0.6741867065429688
0,8,landmark,8,0.0,512,512.0,0.6765893697738647,0.819244384765625
0,8,landmark,8,0.005,64,88.0,0.6718005537986755,0.3689727783203125
0,8,landmark,8,0.005,128,152.0,0.73265540599823,0.5240554809570312
0,8,landmark,8,0.005,256,280.0,0.8039152026176453,0.6956405639648438
0,8,landmark,8,0.005,512,536.0,0.8696734309196472,0.8350982666015625
0,8,landmark,8,0.01,64,104.0,0.6748555898666382,0.3775634765625
0,8,landmark,8,0.01,128,168.0,0.7353951334953308,0.532012939453125
0,8,landmark,8,0.01,256,296.0,0.8060606122016907,0.7014999389648438
0,8,landmark,8,0.01,512,552.0,0.8710588216781616,0.838653564453125
0,8,landmark,8,0.02,64,144.0,0.6802647709846497,0.3892669677734375
0,8,landmark,8,0.02,128,208.0,0.7405046224594116,0.5430450439453125
0,8,landmark,8,0.02,256,336.0,0.8103077411651611,0.7100448608398438
0,8,landmark,8,0.02,512,592.0,0.8744481801986694,0.8444137573242188
0,8,landmark,8,0.05,64,264.0,0.6966268420219421,0.42681121826171875
0,8,landmark,8,0.05,128,328.0,0.7551069259643555,0.5767822265625
0,8,landmark,8,0.05,256,456.0,0.8224496841430664,0.7363357543945312
0,8,landmark,8,0.05,512,712.0,0.8837279081344604,0.8624954223632812
0,8,oracle_chunk,16,0.0,64,64.0,0.6735196113586426,0.324493408203125
0,8,oracle_chunk,16,0.0,128,128.0,0.7473399043083191,0.533721923828125
0,8,oracle_chunk,16,0.0,256,256.0,0.8235349655151367,0.7632827758789062
0,8,oracle_chunk,16,0.0,512,512.0,0.89019775390625,0.9328384399414062
0,8,landmark,16,0.0,64,64.0,0.23336943984031677,0.30548095703125
0,8,landmark,16,0.0,128,128.0,0.32381194829940796,0.44754791259765625
0,8,landmark,16,0.0,256,256.0,0.4520711898803711,0.6167144775390625
0,8,landmark,16,0.0,512,512.0,0.5822663307189941,0.770111083984375
0,8,landmark,16,0.005,64,80.0,0.6543695330619812,0.32361602783203125
0,8,landmark,16,0.005,128,144.0,0.7130507826805115,0.465240478515625
0,8,landmark,16,0.005,256,272.0,0.7831706404685974,0.6326217651367188
0,8,landmark,16,0.005,512,528.0,0.8506464958190918,0.7826309204101562
0,8,landmark,16,0.01,64,112.0,0.6626850962638855,0.34018707275390625
0,8,landmark,16,0.01,128,176.0,0.7213296890258789,0.48154449462890625
0,8,landmark,16,0.01,256,304.0,0.7897647023200989,0.6448745727539062
0,8,landmark,16,0.01,512,560.0,0.855294942855835,0.7899398803710938
0,8,landmark,16,0.02,64,144.0,0.6671693325042725,0.35192108154296875
0,8,landmark,16,0.02,128,208.0,0.7259281277656555,0.49321746826171875
0,8,landmark,16,0.02,256,336.0,0.7935878038406372,0.6545181274414062
0,8,landmark,16,0.02,512,592.0,0.8582116961479187,0.7971878051757812
0,8,landmark,16,0.05,64,272.0,0.683807373046875,0.3848876953125
0,8,landmark,16,0.05,128,336.0,0.7404274344444275,0.5238571166992188
0,8,landmark,16,0.05,256,464.0,0.8059593439102173,0.6798553466796875
0,8,landmark,16,0.05,512,720.0,0.867810845375061,0.8140716552734375
0,8,oracle_chunk,32,0.0,64,64.0,0.6347765922546387,0.242828369140625
0,8,oracle_chunk,32,0.0,128,128.0,0.7114579081535339,0.4337158203125
0,8,oracle_chunk,32,0.0,256,256.0,0.7981470227241516,0.6683425903320312
0,8,oracle_chunk,32,0.0,512,512.0,0.8728220462799072,0.8592681884765625
0,8,landmark,32,0.0,64,64.0,0.2054276317358017,0.27396392822265625
0,8,landmark,32,0.0,128,128.0,0.28413331508636475,0.40050506591796875
0,8,landmark,32,0.0,256,256.0,0.4263615906238556,0.571533203125
0,8,landmark,32,0.0,512,512.0,0.5944321155548096,0.7287368774414062
0,8,landmark,32,0.005,64,96.0,0.6415904760360718,0.29618072509765625
0,8,landmark,32,0.005,128,160.0,0.6956701874732971,0.42267608642578125
0,8,landmark,32,0.005,256,288.0,0.7701862454414368,0.5913314819335938
0,8,landmark,32,0.005,512,544.0,0.8393077254295349,0.7432403564453125
0,8,landmark,32,0.01,64,96.0,0.6415904760360718,0.29618072509765625
0,8,landmark,32,0.01,128,160.0,0.6956701874732971,0.42267608642578125
0,8,landmark,32,0.01,256,288.0,0.7701862454414368,0.5913314819335938
0,8,landmark,32,0.01,512,544.0,0.8393077254295349,0.7432403564453125
0,8,landmark,32,0.02,64,160.0,0.6540154218673706,0.3197479248046875
0,8,landmark,32,0.02,128,224.0,0.7075796127319336,0.44515228271484375
0,8,landmark,32,0.02,256,352.0,0.7797194719314575,0.6092300415039062
0,8,landmark,32,0.02,512,608.0,0.846356213092804,0.7563400268554688
0,8,landmark,32,0.05,64,256.0,0.6722320318222046,0.360565185546875
0,8,landmark,32,0.05,128,320.0,0.7237666249275208,0.48128509521484375
0,8,landmark,32,0.05,256,448.0,0.7913756370544434,0.6332473754882812
0,8,landmark,32,0.05,512,704.0,0.8526930809020996,0.7690505981445312
0,9,oracle_token,1,0.0,64,64.0,0.8231832385063171,1.0
0,9,oracle_token,1,0.0,128,128.0,0.8708907961845398,1.0
0,9,oracle_token,1,0.0,256,256.0,0.9147574305534363,1.0
0,9,oracle_token,1,0.0,512,512.0,0.9519302248954773,1.0
0,9,oracle_chunk,4,0.0,64,64.0,0.7748791575431824,0.5167007446289062
0,9,oracle_chunk,4,0.0,128,128.0,0.8268965482711792,0.7920761108398438
0,9,oracle_chunk,4,0.0,256,256.0,0.877855122089386,0.98431396484375
0,9,oracle_chunk,4,0.0,512,512.0,0.9243737459182739,0.9999313354492188
0,9,landmark,4,0.0,64,64.0,0.4445536732673645,0.384002685546875
0,9,landmark,4,0.0,128,128.0,0.621056079864502,0.5572662353515625
0,9,landmark,4,0.0,256,256.0,0.7726410627365112,0.7287826538085938
0,9,landmark,4,0.0,512,512.0,0.8667049407958984,0.864959716796875
0,9,landmark,4,0.005,64,84.0,0.7363337874412537,0.40766143798828125
0,9,landmark,4,0.005,128,148.0,0.7840964198112488,0.57574462890625
0,9,landmark,4,0.005,256,276.0,0.8341876268386841,0.7407913208007812
0,9,landmark,4,0.005,512,532.0,0.8860809803009033,0.8721160888671875
0,9,landmark,4,0.01,64,104.0,0.7407167553901672,0.4158172607421875
0,9,landmark,4,0.01,128,168.0,0.787703812122345,0.5829315185546875
0,9,landmark,4,0.01,256,296.0,0.8368960618972778,0.7462539672851562
0,9,landmark,4,0.01,512,552.0,0.8879240155220032,0.8756332397460938
0,9,landmark,4,0.02,64,144.0,0.7454426288604736,0.42833709716796875
0,9,landmark,4,0.02,128,208.0,0.7916025519371033,0.5931777954101562
0,9,landmark,4,0.02,256,336.0,0.8400541543960571,0.7537460327148438
0,9,landmark,4,0.02,512,592.0,0.8904817700386047,0.8807601928710938
0,9,landmark,4,0.05,64,264.0,0.7577037811279297,0.46096038818359375
0,9,landmark,4,0.05,128,328.0,0.8019054532051086,0.6198272705078125
0,9,landmark,4,0.05,256,456.0,0.8487205505371094,0.773681640625
0,9,landmark,4,0.05,512,712.0,0.8974608778953552,0.893798828125
0,9,oracle_chunk,8,0.0,64,64.0,0.7493367791175842,0.41577911376953125
0,9,oracle_chunk,8,0.0,128,128.0,0.8050092458724976,0.6495819091796875
0,9,oracle_chunk,8,0.0,256,256.0,0.8598077893257141,0.87603759765625
0,9,oracle_chunk,8,0.0,512,512.0,0.9099544882774353,0.98968505859375
0,9,landmark,8,0.0,64,64.0,0.25065767765045166,0.34070587158203125
0,9,landmark,8,0.0,128,128.0,0.3684353232383728,0.49799346923828125
0,9,landmark,8,0.0,256,256.0,0.5324381589889526,0.6603775024414062
0,9,landmark,8,0.0,512,512.0,0.7122822403907776,0.8075332641601562
0,9,landmark,8,0.005,64,88.0,0.7198668122291565,0.3657989501953125
0,9,landmark,8,0.005,128,152.0,0.7680079936981201,0.5214614868164062
0,9,landmark,8,0.005,256,280.0,0.819416344165802,0.6802749633789062
0,9,landmark,8,0.005,512,536.0,0.8712387084960938,0.8198471069335938
0,9,landmark,8,0.01,64,104.0,0.7242071628570557,0.3750762939453125
0,9,landmark,8,0.01,128,168.0,0.7719125151634216,0.5295791625976562
0,9,landmark,8,0.01,256,296.0,0.8225998878479004,0.6866226196289062
0,9,landmark,8,0.01,512,552.0,0.8736566305160522,0.82427978515625
0,9,landmark,8,0.02,64,144.0,0.7291175127029419,0.38906097412109375
0,9,landmark,8,0.02,128,208.0,0.7768039107322693,0.54229736328125
0,9,landmark,8,0.02,256,336.0,0.8259976506233215,0.6947555541992188
0,9,landmark,8,0.02,512,592.0,0.8759498596191406,0.829071044921875
0,9,landmark,8,0.05,64,264.0,0.7382016777992249,0.410675048828125
0,9,landmark,8,0.05,128,328.0,0.7855018377304077,0.5623703002929688
0,9,landmark,8,0.05,256,456.0,0.8337960243225098,0.7117538452148438
0,9,landmark,8,0.05,512,712.0,0.8824378848075867,0.841522216796875
0,9,oracle_chunk,16,0.0,64,64.0,0.7219443321228027,0.33107757568359375
0,9,oracle_chunk,16,0.0,128,128.0,0.7799559235572815,0.537750244140625
0,9,oracle_chunk,16,0.0,256,256.0,0.8404160737991333,0.7606658935546875
0,9,oracle_chunk,16,0.0,512,512.0,0.8941799998283386,0.9280776977539062
0,9,landmark,16,0.0,64,64.0,0.2142520546913147,0.30240631103515625
0,9,landmark,16,0.0,128,128.0,0.3008875250816345,0.43889617919921875
0,9,landmark,16,0.0,256,256.0,0.4479098320007324,0.6036834716796875
0,9,landmark,16,0.0,512,512.0,0.6403540968894958,0.7602691650390625
0,9,landmark,16,0.005,64,80.0,0.7063180208206177,0.32106781005859375
0,9,landmark,16,0.005,128,144.0,0.7504366040229797,0.45699310302734375
0,9,landmark,16,0.005,256,272.0,0.8047194480895996,0.6194992065429688
0,9,landmark,16,0.005,512,528.0,0.8577563166618347,0.7695846557617188
0,9,landmark,16,0.01,64,112.0,0.7109853625297546,0.3355712890625
0,9,landmark,16,0.01,128,176.0,0.7549734115600586,0.47081756591796875
0,9,landmark,16,0.01,256,304.0,0.8084976673126221,0.6308059692382812
0,9,landmark,16,0.01,512,560.0,0.8603249192237854,0.7766571044921875
0,9,landmark,16,0.02,64,144.0,0.7148398756980896,0.3437652587890625
0,9,landmark,16,0.02,128,208.0,0.7587931156158447,0.4786834716796875
0,9,landmark,16,0.02,256,336.0,0.811799168586731,0.6373825073242188
0,9,landmark,16,0.02,512,592.0,0.8630663752555847,0.7813720703125
0,9,landmark,16,0.05,64,272.0,0.7297916412353516,0.37892913818359375
0,9,landmark,16,0.05,128,336.0,0.7721162438392639,0.5108184814453125
0,9,landmark,16,0.05,256,464.0,0.8228510022163391,0.6632843017578125
0,9,landmark,16,0.05,512,720.0,0.8714599609375,0.7985687255859375
0,9,oracle_chunk,32,0.0,64,64.0,0.6944008469581604,0.2536163330078125
0,9,oracle_chunk,32,0.0,128,128.0,0.7552573084831238,0.4504241943359375
0,9,oracle_chunk,32,0.0,256,256.0,0.8224532604217529,0.6762008666992188
0,9,oracle_chunk,32,0.0,512,512.0,0.8799604177474976,0.8560791015625
0,9,landmark,32,0.0,64,64.0,0.19025470316410065,0.2824249267578125
0,9,landmark,32,0.0,128,128.0,0.2855079174041748,0.40533447265625
0,9,landmark,32,0.0,256,256.0,0.44222623109817505,0.5680389404296875
0,9,landmark,32,0.0,512,512.0,0.6842461228370667,0.723114013671875
0,9,landmark,32,0.005,64,96.0,0.7026211619377136,0.31133270263671875
0,9,landmark,32,0.005,128,160.0,0.7423286437988281,0.4332733154296875
0,9,landmark,32,0.005,256,288.0,0.7971206903457642,0.592620849609375
0,9,landmark,32,0.005,512,544.0,0.8495792746543884,0.737152099609375
0,9,landmark,32,0.01,64,96.0,0.7026211619377136,0.31133270263671875
0,9,landmark,32,0.01,128,160.0,0.7423286437988281,0.4332733154296875
0,9,landmark,32,0.01,256,288.0,0.7971206903457642,0.592620849609375
0,9,landmark,32,0.01,512,544.0,0.8495792746543884,0.737152099609375
0,9,landmark,32,0.02,64,160.0,0.711686372756958,0.338775634765625
0,9,landmark,32,0.02,128,224.0,0.7514281868934631,0.4597930908203125
0,9,landmark,32,0.02,256,352.0,0.8044619560241699,0.6132431030273438
0,9,landmark,32,0.02,512,608.0,0.8543183207511902,0.7488250732421875
0,9,landmark,32,0.05,64,256.0,0.7160822153091431,0.351837158203125
0,9,landmark,32,0.05,128,320.0,0.7560343742370605,0.47293853759765625
0,9,landmark,32,0.05,256,448.0,0.8095992207527161,0.6248016357421875
0,9,landmark,32,0.05,512,704.0,0.858210563659668,0.7578277587890625
0,10,oracle_token,1,0.0,64,64.0,0.8294375538825989,1.0
0,10,oracle_token,1,0.0,128,128.0,0.871797502040863,1.0
0,10,oracle_token,1,0.0,256,256.0,0.9130619764328003,1.0
0,10,oracle_token,1,0.0,512,512.0,0.9495820999145508,1.0
0,10,oracle_chunk,4,0.0,64,64.0,0.7880924940109253,0.5012130737304688
0,10,oracle_chunk,4,0.0,128,128.0,0.8338581323623657,0.775909423828125
0,10,oracle_chunk,4,0.0,256,256.0,0.8813250660896301,0.9809112548828125
0,10,oracle_chunk,4,0.0,512,512.0,0.9265624284744263,0.9999542236328125
0,10,landmark,4,0.0,64,64.0,0.47476834058761597,0.35053253173828125
0,10,landmark,4,0.0,128,128.0,0.6115341782569885,0.5201187133789062
0,10,landmark,4,0.0,256,256.0,0.7572917342185974,0.7080307006835938
0,10,landmark,4,0.0,512,512.0,0.8627292513847351,0.8641891479492188
0,10,landmark,4,0.005,64,84.0,0.7532575726509094,0.37233734130859375
0,10,landmark,4,0.005,128,148.0,0.794019341468811,0.5380020141601562
0,10,landmark,4,0.005,256,276.0,0.8428877592086792,0.7197799682617188
0,10,landmark,4,0.005,512,532.0,0.8943468332290649,0.87042236328125
0,10,landmark,4,0.01,64,104.0,0.7561330795288086,0.37967681884765625
0,10,landmark,4,0.01,128,168.0,0.7967603802680969,0.5450897216796875
0,10,landmark,4,0.01,256,296.0,0.8451321125030518,0.7253799438476562
0,10,landmark,4,0.01,512,552.0,0.8959577679634094,0.8737335205078125
0,10,landmark,4,0.02,64,144.0,0.7619849443435669,0.39464569091796875
0,10,landmark,4,0.02,128,208.0,0.8018801808357239,0.5579986572265625
0,10,landmark,4,0.02,256,336.0,0.8494848608970642,0.73577880859375
0,10,landmark,4,0.02,512,592.0,0.8990681171417236,0.8799285888671875
0,10,landmark,4,0.05,64,264.0,0.7734965682029724,0.4263763427734375
0,10,landmark,4,0.05,128,328.0,0.8125808238983154,0.5864105224609375
0,10,landmark,4,0.05,256,456.0,0.8588194847106934,0.7581710815429688
0,10,landmark,4,0.05,512,712.0,0.9061557650566101,0.8935394287109375
0,10,oracle_chunk,8,0.0,64,64.0,0.7661752700805664,0.395721435546875
0,10,oracle_chunk,8,0.0,128,128.0,0.8133978843688965,0.6248626708984375
0,10,oracle_chunk,8,0.0,256,256.0,0.8635846376419067,0.859130859375
0,10,oracle_chunk,8,0.0,512,512.0,0.9128544330596924,0.9878311157226562
0,10,landmark,8,0.0,64,64.0,0.22249159216880798,0.303497314453125
0,10,landmark,8,0.0,128,128.0,0.33234652876853943,0.44983673095703125
0,10,landmark,8,0.0,256,256.0,0.47015684843063354,0.6181793212890625
0,10,landmark,8,0.0,512,512.0,0.6592367887496948,0.7851028442382812
0,10,landmark,8,0.005,64,88.0,0.7389653921127319,0.32924652099609375
0,10,landmark,8,0.005,128,152.0,0.778435230255127,0.4735260009765625
0,10,landmark,8,0.005,256,280.0,0.825793445110321,0.6384506225585938
0,10,landmark,8,0.005,512,536.0,0.8783785104751587,0.8000106811523438
0,10,landmark,8,0.01,64,104.0,0.7419549822807312,0.33730316162109375
0,10,landmark,8,0.01,128,168.0,0.7811365723609924,0.480743408203125
0,10,landmark,8,0.01,256,296.0,0.8281673789024353,0.6447906494140625
0,10,landmark,8,0.01,512,552.0,0.8802415728569031,0.804595947265625
0,10,landmark,8,0.02,64,144.0,0.7458873987197876,0.34806060791015625
0,10,landmark,8,0.02,128,208.0,0.7846553325653076,0.4903106689453125
0,10,landmark,8,0.02,256,336.0,0.8311759233474731,0.6527328491210938
0,10,landmark,8,0.02,512,592.0,0.8827937841415405,0.8101959228515625
0,10,landmark,8,0.05,64,264.0,0.7594719529151917,0.3844451904296875
0,10,landmark,8,0.05,128,328.0,0.7972936630249023,0.5237884521484375
0,10,landmark,8,0.05,256,456.0,0.8422390818595886,0.6805572509765625
0,10,landmark,8,0.05,512,712.0,0.8912432789802551,0.8297042846679688
0,10,oracle_chunk,16,0.0,64,64.0,0.739722490310669,0.3026275634765625
0,10,oracle_chunk,16,0.0,128,128.0,0.7889050245285034,0.50201416015625
0,10,oracle_chunk,16,0.0,256,256.0,0.8425214886665344,0.7277145385742188
0,10,oracle_chunk,16,0.0,512,512.0,0.8964229822158813,0.916290283203125
0,10,landmark,16,0.0,64,64.0,0.1497011035680771,0.26306915283203125
0,10,landmark,16,0.0,128,128.0,0.22888386249542236,0.3882598876953125
0,10,landmark,16,0.0,256,256.0,0.3177475035190582,0.5458526611328125
0,10,landmark,16,0.0,512,512.0,0.482397198677063,0.7162094116210938
0,10,landmark,16,0.005,64,80.0,0.7211468815803528,0.280975341796875
0,10,landmark,16,0.005,128,144.0,0.7587244510650635,0.405609130859375
0,10,landmark,16,0.005,256,272.0,0.8046525120735168,0.5621109008789062
0,10,landmark,16,0.005,512,528.0,0.8581224679946899,0.72906494140625
0,10,landmark,16,0.01,64,112.0,0.7254041433334351,0.2935638427734375
0,10,landmark,16,0.01,128,176.0,0.7627604603767395,0.41778564453125
0,10,landmark,16,0.01,256,304.0,0.8082824945449829,0.5730743408203125
0,10,landmark,16,0.01,512,560.0,0.8609541058540344,0.7377471923828125
0,10,landmark,16,0.02,64,144.0,0.7301485538482666,0.30615997314453125
0,10,landmark,16,0.02,128,208.0,0.7675005793571472,0.43018341064453125
0,10,landmark,16,0.02,256,336.0,0.812573254108429,0.584075927734375
0,10,landmark,16,0.02,512,592.0,0.8642858862876892,0.7458343505859375
0,10,landmark,16,0.05,64,272.0,0.7426878213882446,0.337677001953125
0,10,landmark,16,0.05,128,336.0,0.7793262004852295,0.45906829833984375
0,10,landmark,16,0.05,256,464.0,0.8229745626449585,0.6087112426757812
0,10,landmark,16,0.05,512,720.0,0.8728735446929932,0.7643280029296875
0,10,oracle_chunk,32,0.0,64,64.0,0.7086586356163025,0.20912933349609375
0,10,oracle_chunk,32,0.0,128,128.0,0.7612356543540955,0.391632080078125
0,10,oracle_chunk,32,0.0,256,256.0,0.8191111087799072,0.611663818359375
0,10,oracle_chunk,32,0.0,512,512.0,0.878434419631958,0.8211441040039062
0,10,landmark,32,0.0,64,64.0,0.11269830167293549,0.225006103515625
0,10,landmark,32,0.0,128,128.0,0.1731405109167099,0.33205413818359375
0,10,landmark,32,0.0,256,256.0,0.28177160024642944,0.47695159912109375
0,10,landmark,32,0.0,512,512.0,0.44182440638542175,0.6492156982421875
0,10,landmark,32,0.005,64,96.0,0.7117779850959778,0.24579620361328125
0,10,landmark,32,0.005,128,160.0,0.7442659139633179,0.3524932861328125
0,10,landmark,32,0.005,256,288.0,0.7895128130912781,0.49605560302734375
0,10,landmark,32,0.005,512,544.0,0.8446176648139954,0.6656875610351562
0,10,landmark,32,0.01,64,96.0,0.7117779850959778,0.24579620361328125
0,10,landmark,32,0.01,128,160.0,0.7442659139633179,0.3524932861328125
0,10,landmark,32,0.01,256,288.0,0.7895128130912781,0.49605560302734375
0,10,landmark,32,0.01,512,544.0,0.8446176648139954,0.6656875610351562
0,10,landmark,32,0.02,64,160.0,0.7186980843544006,0.2694244384765625
0,10,landmark,32,0.02,128,224.0,0.7509292960166931,0.3738555908203125
0,10,landmark,32,0.02,256,352.0,0.7957067489624023,0.5161972045898438
0,10,landmark,32,0.02,512,608.0,0.8488836288452148,0.6798553466796875
0,10,landmark,32,0.05,64,256.0,0.7277877926826477,0.29573822021484375
0,10,landmark,32,0.05,128,320.0,0.758779764175415,0.3973388671875
0,10,landmark,32,0.05,256,448.0,0.803267240524292,0.5374755859375
0,10,landmark,32,0.05,512,704.0,0.8548400402069092,0.697235107421875
0,11,oracle_token,1,0.0,64,64.0,0.8619980216026306,1.0
0,11,oracle_token,1,0.0,128,128.0,0.8971847295761108,1.0
0,11,oracle_token,1,0.0,256,256.0,0.931213915348053,1.0
0,11,oracle_token,1,0.0,512,512.0,0.9609135389328003,1.0
0,11,oracle_chunk,4,0.0,64,64.0,0.8250523209571838,0.47559356689453125
0,11,oracle_chunk,4,0.0,128,128.0,0.8615477681159973,0.747406005859375
0,11,oracle_chunk,4,0.0,256,256.0,0.9004283547401428,0.978485107421875
0,11,oracle_chunk,4,0.0,512,512.0,0.9380961656570435,1.0
0,11,landmark,4,0.0,64,64.0,0.5566815137863159,0.356781005859375
0,11,landmark,4,0.0,128,128.0,0.6747125387191772,0.523040771484375
0,11,landmark,4,0.0,256,256.0,0.7636730670928955,0.6981735229492188
0,11,landmark,4,0.0,512,512.0,0.858090877532959,0.8474884033203125
0,11,landmark,4,0.005,64,84.0,0.8022608757019043,0.381134033203125
0,11,landmark,4,0.005,128,148.0,0.8350062370300293,0.5427780151367188
0,11,landmark,4,0.005,256,276.0,0.8720482587814331,0.7123031616210938
0,11,landmark,4,0.005,512,532.0,0.91147780418396,0.8556289672851562
0,11,landmark,4,0.01,64,104.0,0.8044359683990479,0.38893890380859375
0,11,landmark,4,0.01,128,168.0,0.8371052742004395,0.5504074096679688
0,11,landmark,4,0.01,256,296.0,0.8738992214202881,0.7188568115234375
0,11,landmark,4,0.01,512,552.0,0.9129458665847778,0.860504150390625
0,11,landmark,4,0.02,64,144.0,0.8102200031280518,0.4088287353515625
0,11,landmark,4,0.02,128,208.0,0.8418363928794861,0.5683364868164062
0,11,landmark,4,0.02,256,336.0,0.8775744438171387,0.7325592041015625
0,11,landmark,4,0.02,512,592.0,0.9156229496002197,0.8696746826171875
0,11,landmark,4,0.05,64,264.0,0.8190915584564209,0.4403228759765625
0,11,landmark,4,0.05,128,328.0,0.8500714302062988,0.5967025756835938
0,11,landmark,4,0.05,256,456.0,0.8848859071731567,0.7553329467773438
0,11,landmark,4,0.05,512,712.0,0.9216181039810181,0.8850860595703125
0,11,oracle_chunk,8,0.0,64,64.0,0.8075535297393799,0.37268829345703125
0,11,oracle_chunk,8,0.0,128,128.0,0.8449910879135132,0.5928955078125
0,11,oracle_chunk,8,0.0,256,256.0,0.8857503533363342,0.834930419921875
0,11,oracle_chunk,8,0.0,512,512.0,0.9264664053916931,0.987335205078125
0,11,landmark,8,0.0,64,64.0,0.21588467061519623,0.3121795654296875
0,11,landmark,8,0.0,128,128.0,0.34716567397117615,0.4544830322265625
0,11,landmark,8,0.0,256,256.0,0.5073469281196594,0.6192245483398438
0,11,landmark,8,0.0,512,512.0,0.6805086135864258,0.7805023193359375
0,11,landmark,8,0.005,64,88.0,0.7913665771484375,0.33599090576171875
0,11,landmark,8,0.005,128,152.0,0.82161545753479,0.475738525390625
0,11,landmark,8,0.005,256,280.0,0.8590081930160522,0.6362838745117188
0,11,landmark,8,0.005,512,536.0,0.9000388979911804,0.7923736572265625
0,11,landmark,8,0.01,64,104.0,0.793790876865387,0.346405029296875
0,11,landmark,8,0.01,128,168.0,0.8239166736602783,0.4853363037109375
0,11,landmark,8,0.01,256,296.0,0.8610385060310364,0.6447601318359375
0,11,landmark,8,0.01,512,552.0,0.9015923738479614,0.7989349365234375
0,11,landmark,8,0.02,64,144.0,0.7982620000839233,0.36333465576171875
0,11,landmark,8,0.02,128,208.0,0.8279550075531006,0.5006866455078125
0,11,landmark,8,0.02,256,336.0,0.864362895488739,0.6567535400390625
0,11,landmark,8,0.02,512,592.0,0.9041012525558472,0.8072128295898438
0,11,landmark,8,0.05,64,264.0,0.8104900121688843,0.4005126953125
0,11,landmark,8,0.05,128,328.0,0.839289128780365,0.5350494384765625
0,11,landmark,8,0.05,256,456.0,0.873994767665863,0.6855545043945312
0,11,landmark,8,0.05,512,712.0,0.9113823771476746,0.8269119262695312
0,11,oracle_chunk,16,0.0,64,64.0,0.7885324358940125,0.28836822509765625
0,11,oracle_chunk,16,0.0,128,128.0,0.8274861574172974,0.479095458984375
0,11,oracle_chunk,16,0.0,256,256.0,0.8704648613929749,0.703369140625
0,11,oracle_chunk,16,0.0,512,512.0,0.9137725830078125,0.90301513671875
0,11,landmark,16,0.0,64,64.0,0.14719828963279724,0.27466583251953125
0,11,landmark,16,0.0,128,128.0,0.22675202786922455,0.40203094482421875
0,11,landmark,16,0.0,256,256.0,0.3711231052875519,0.5584335327148438
0,11,landmark,16,0.0,512,512.0,0.5698530077934265,0.7228240966796875
0,11,landmark,16,0.005,64,80.0,0.7820127606391907,0.29314422607421875
0,11,landmark,16,0.005,128,144.0,0.812037467956543,0.4197235107421875
0,11,landmark,16,0.005,256,272.0,0.8491261005401611,0.5743255615234375
0,11,landmark,16,0.005,512,528.0,0.889468789100647,0.7342300415039062
0,11,landmark,16,0.01,64,112.0,0.7869225144386292,0.30736541748046875
0,11,landmark,16,0.01,128,176.0,0.8169542551040649,0.433441162109375
0,11,landmark,16,0.01,256,304.0,0.8527929186820984,0.5848312377929688
0,11,landmark,16,0.01,512,560.0,0.8919815421104431,0.7413330078125
0,11,landmark,16,0.02,64,144.0,0.789689302444458,0.31856536865234375
0,11,landmark,16,0.02,128,208.0,0.819707453250885,0.4446868896484375
0,11,landmark,16,0.02,256,336.0,0.8553707599639893,0.5949935913085938
0,11,landmark,16,0.02,512,592.0,0.8941192030906677,0.7490615844726562
0,11,landmark,16,0.05,64,272.0,0.802543580532074,0.3581695556640625
0,11,landmark,16,0.05,128,336.0,0.8317030668258667,0.4815521240234375
0,11,landmark,16,0.05,256,464.0,0.8651622533798218,0.624267578125
0,11,landmark,16,0.05,512,720.0,0.9014100432395935,0.7695236206054688
0,11,oracle_chunk,32,0.0,64,64.0,0.7673439979553223,0.2072906494140625
0,11,oracle_chunk,32,0.0,128,128.0,0.8083946704864502,0.38381195068359375
0,11,oracle_chunk,32,0.0,256,256.0,0.8546057343482971,0.5972824096679688
0,11,oracle_chunk,32,0.0,512,512.0,0.9009467363357544,0.8063278198242188
0,11,landmark,32,0.0,64,64.0,0.09897314012050629,0.24288177490234375
0,11,landmark,32,0.0,128,128.0,0.17223414778709412,0.35611724853515625
0,11,landmark,32,0.0,256,256.0,0.3342410624027252,0.5095291137695312
0,11,landmark,32,0.0,512,512.0,0.5636980533599854,0.6694488525390625
0,11,landmark,32,0.005,64,96.0,0.7773212790489197,0.26615142822265625
0,11,landmark,32,0.005,128,160.0,0.8045511841773987,0.379547119140625
0,11,landmark,32,0.005,256,288.0,0.842913031578064,0.5312652587890625
0,11,landmark,32,0.005,512,544.0,0.8816223740577698,0.6853713989257812
0,11,landmark,32,0.01,64,96.0,0.7773212790489197,0.26615142822265625
0,11,landmark,32,0.01,128,160.0,0.8045511841773987,0.379547119140625
0,11,landmark,32,0.01,256,288.0,0.842913031578064,0.5312652587890625
0,11,landmark,32,0.01,512,544.0,0.8816223740577698,0.6853713989257812
0,11,landmark,32,0.02,64,160.0,0.7811297178268433,0.2770843505859375
0,11,landmark,32,0.02,128,224.0,0.8080788850784302,0.38954925537109375
0,11,landmark,32,0.02,256,352.0,0.8456869125366211,0.5388412475585938
0,11,landmark,32,0.02,512,608.0,0.8836333751678467,0.6908035278320312
0,11,landmark,32,0.05,64,256.0,0.7899928092956543,0.30239105224609375
0,11,landmark,32,0.05,128,320.0,0.816320538520813,0.41359710693359375
0,11,landmark,32,0.05,256,448.0,0.8526350259780884,0.559173583984375
0,11,landmark,32,0.05,512,704.0,0.8889797925949097,0.705963134765625
0,12,oracle_token,1,0.0,64,64.0,0.8866880536079407,1.0
0,12,oracle_token,1,0.0,128,128.0,0.9160970449447632,1.0
0,12,oracle_token,1,0.0,256,256.0,0.9441530108451843,1.0
0,12,oracle_token,1,0.0,512,512.0,0.96823650598526,1.0
0,12,oracle_chunk,4,0.0,64,64.0,0.8479970693588257,0.4410552978515625
0,12,oracle_chunk,4,0.0,128,128.0,0.8791490793228149,0.7128753662109375
0,12,oracle_chunk,4,0.0,256,256.0,0.9119465351104736,0.9693145751953125
0,12,oracle_chunk,4,0.0,512,512.0,0.9444047808647156,0.9999847412109375
0,12,landmark,4,0.0,64,64.0,0.6601390838623047,0.3139801025390625
0,12,landmark,4,0.0,128,128.0,0.7646554112434387,0.46722412109375
0,12,landmark,4,0.0,256,256.0,0.852084219455719,0.6394271850585938
0,12,landmark,4,0.0,512,512.0,0.9075562953948975,0.8026809692382812
0,12,landmark,4,0.005,64,84.0,0.8129656314849854,0.33632659912109375
0,12,landmark,4,0.005,128,148.0,0.8404132127761841,0.484771728515625
0,12,landmark,4,0.005,256,276.0,0.8730552792549133,0.6515274047851562
0,12,landmark,4,0.005,512,532.0,0.9111061692237854,0.8107147216796875
0,12,landmark,4,0.01,64,104.0,0.8161474466323853,0.35048675537109375
0,12,landmark,4,0.01,128,168.0,0.8434461355209351,0.49810028076171875
0,12,landmark,4,0.01,256,296.0,0.8756621479988098,0.6632537841796875
0,12,landmark,4,0.01,512,552.0,0.9132331609725952,0.8191604614257812
0,12,landmark,4,0.02,64,144.0,0.821117103099823,0.37032318115234375
0,12,landmark,4,0.02,128,208.0,0.8478116989135742,0.5160446166992188
0,12,landmark,4,0.02,256,336.0,0.8796836733818054,0.678436279296875
0,12,landmark,4,0.02,512,592.0,0.9165109395980835,0.8306350708007812
0,12,landmark,4,0.05,64,264.0,0.8328797221183777,0.41866302490234375
0,12,landmark,4,0.05,128,328.0,0.8588581681251526,0.5604095458984375
0,12,landmark,4,0.05,256,456.0,0.8894599080085754,0.7153091430664062
0,12,landmark,4,0.05,512,712.0,0.924205482006073,0.8561859130859375
0,12,oracle_chunk,8,0.0,64,64.0,0.8282528519630432,0.3311920166015625
0,12,oracle_chunk,8,0.0,128,128.0,0.8606634736061096,0.5395736694335938
0,12,oracle_chunk,8,0.0,256,256.0,0.8949304819107056,0.7881927490234375
0,12,oracle_chunk,8,0.0,512,512.0,0.9301914572715759,0.9751434326171875
0,12,landmark,8,0.0,64,64.0,0.3012140691280365,0.26337432861328125
0,12,landmark,8,0.0,128,128.0,0.4474242925643921,0.39202117919921875
0,12,landmark,8,0.0,256,256.0,0.612097442150116,0.5470199584960938
0,12,landmark,8,0.0,512,512.0,0.7689952850341797,0.7147369384765625
0,12,landmark,8,0.005,64,88.0,0.8009235858917236,0.28743743896484375
0,12,landmark,8,0.005,128,152.0,0.8259215950965881,0.4123687744140625
0,12,landmark,8,0.005,256,280.0,0.8562789559364319,0.5634994506835938
0,12,landmark,8,0.005,512,536.0,0.8948171138763428,0.7256240844726562
0,12,landmark,8,0.01,64,104.0,0.8030763268470764,0.2955169677734375
0,12,landmark,8,0.01,128,168.0,0.8278977870941162,0.42010498046875
0,12,landmark,8,0.01,256,296.0,0.8581467866897583,0.570709228515625
0,12,landmark,8,0.01,512,552.0,0.8964399695396423,0.7316436767578125
0,12,landmark,8,0.02,64,144.0,0.8067359924316406,0.311370849609375
0,12,landmark,8,0.02,128,208.0,0.8313944339752197,0.43532562255859375
0,12,landmark,8,0.02,256,336.0,0.8613239526748657,0.584503173828125
0,12,landmark,8,0.02,512,592.0,0.8991613388061523,0.7428436279296875
0,12,landmark,8,0.05,64,264.0,0.818740963935852,0.3607940673828125
0,12,landmark,8,0.05,128,328.0,0.8423665761947632,0.48029327392578125
0,12,landmark,8,0.05,256,456.0,0.8713628649711609,0.622222900390625
0,12,landmark,8,0.05,512,712.0,0.9073164463043213,0.7709808349609375
0,12,oracle_chunk,16,0.0,64,64.0,0.8072527647018433,0.25180816650390625
0,12,oracle_chunk,16,0.0,128,128.0,0.8410462141036987,0.42293548583984375
0,12,oracle_chunk,16,0.0,256,256.0,0.8777281641960144,0.637847900390625
0,12,oracle_chunk,16,0.0,512,512.0,0.9156999588012695,0.8567428588867188
0,12,landmark,16,0.0,64,64.0,0.18600189685821533,0.22711181640625
0,12,landmark,16,0.0,128,128.0,0.2942599952220917,0.33832550048828125
0,12,landmark,16,0.0,256,256.0,0.43913108110427856,0.48217010498046875
0,12,landmark,16,0.0,512,512.0,0.6325240135192871,0.6500244140625
0,12,landmark,16,0.005,64,80.0,0.7891160845756531,0.24883270263671875
0,12,landmark,16,0.005,128,144.0,0.8118059635162354,0.35730743408203125
0,12,landmark,16,0.005,256,272.0,0.8427355289459229,0.49771881103515625
0,12,landmark,16,0.005,512,528.0,0.8810281753540039,0.660003662109375
0,12,landmark,16,0.01,64,112.0,0.7921540141105652,0.25899505615234375
0,12,landmark,16,0.01,128,176.0,0.8146554827690125,0.3667449951171875
0,12,landmark,16,0.01,256,304.0,0.8452945947647095,0.5056228637695312
0,12,landmark,16,0.01,512,560.0,0.8832129240036011,0.6665191650390625
0,12,landmark,16,0.02,64,144.0,0.7953298091888428,0.2690887451171875
0,12,landmark,16,0.02,128,208.0,0.818220317363739,0.37679290771484375
0,12,landmark,16,0.02,256,336.0,0.8480516672134399,0.5146408081054688
0,12,landmark,16,0.02,512,592.0,0.885341227054596,0.6738357543945312
0,12,landmark,16,0.05,64,272.0,0.8054564595222473,0.308807373046875
0,12,landmark,16,0.05,128,336.0,0.828108012676239,0.41448974609375
0,12,landmark,16,0.05,256,464.0,0.8574152588844299,0.5478515625
0,12,landmark,16,0.05,512,720.0,0.8930695056915283,0.7001266479492188
0,12,oracle_chunk,32,0.0,64,64.0,0.7858799695968628,0.18698883056640625
0,12,oracle_chunk,32,0.0,128,128.0,0.8212905526161194,0.33554840087890625
0,12,oracle_chunk,32,0.0,256,256.0,0.8601729273796082,0.5302963256835938
0,12,oracle_chunk,32,0.0,512,512.0,0.9009237289428711,0.7435684204101562
0,12,landmark,32,0.0,64,64.0,0.1317463517189026,0.197052001953125
0,12,landmark,32,0.0,128,128.0,0.2748695909976959,0.29328155517578125
0,12,landmark,32,0.0,256,256.0,0.48340171575546265,0.43112945556640625
0,12,landmark,32,0.0,512,512.0,0.7023302316665649,0.5910873413085938
0,12,landmark,32,0.005,64,96.0,0.7856136560440063,0.23247528076171875
0,12,landmark,32,0.005,128,160.0,0.8059014081954956,0.32505035400390625
0,12,landmark,32,0.005,256,288.0,0.8356786370277405,0.45615386962890625
0,12,landmark,32,0.005,512,544.0,0.8720149397850037,0.6067276000976562
0,12,landmark,32,0.01,64,96.0,0.7856136560440063,0.23247528076171875
0,12,landmark,32,0.01,128,160.0,0.8059014081954956,0.32505035400390625
0,12,landmark,32,0.01,256,288.0,0.8356786370277405,0.45615386962890625
0,12,landmark,32,0.01,512,544.0,0.8720149397850037,0.6067276000976562
0,12,landmark,32,0.02,64,160.0,0.7901797890663147,0.2468719482421875
0,12,landmark,32,0.02,128,224.0,0.8102739453315735,0.33916473388671875
0,12,landmark,32,0.02,256,352.0,0.84017014503479,0.469451904296875
0,12,landmark,32,0.02,512,608.0,0.8757234811782837,0.6176681518554688
0,12,landmark,32,0.05,64,256.0,0.7961505055427551,0.267730712890625
0,12,landmark,32,0.05,128,320.0,0.8158482313156128,0.358856201171875
0,12,landmark,32,0.05,256,448.0,0.8451942801475525,0.4861602783203125
0,12,landmark,32,0.05,512,704.0,0.8799532651901245,0.631500244140625
0,13,oracle_token,1,0.0,64,64.0,0.8885750770568848,1.0
0,13,oracle_token,1,0.0,128,128.0,0.9184697270393372,1.0
0,13,oracle_token,1,0.0,256,256.0,0.9464250206947327,1.0
0,13,oracle_token,1,0.0,512,512.0,0.9699304699897766,1.0
0,13,oracle_chunk,4,0.0,64,64.0,0.8482566475868225,0.42401123046875
0,13,oracle_chunk,4,0.0,128,128.0,0.8801236748695374,0.698516845703125
0,13,oracle_chunk,4,0.0,256,256.0,0.9133961796760559,0.9713363647460938
0,13,oracle_chunk,4,0.0,512,512.0,0.9458003640174866,0.9999771118164062
0,13,landmark,4,0.0,64,64.0,0.7025508880615234,0.30084991455078125
0,13,landmark,4,0.0,128,128.0,0.7940080165863037,0.4513702392578125
0,13,landmark,4,0.0,256,256.0,0.858327329158783,0.6244583129882812
0,13,landmark,4,0.0,512,512.0,0.9075111150741577,0.787841796875
0,13,landmark,4,0.005,64,84.0,0.8146976232528687,0.32488250732421875
0,13,landmark,4,0.005,128,148.0,0.8413516879081726,0.47042083740234375
0,13,landmark,4,0.005,256,276.0,0.8735532164573669,0.6388702392578125
0,13,landmark,4,0.005,512,532.0,0.9097861647605896,0.7985382080078125
0,13,landmark,4,0.01,64,104.0,0.8163418173789978,0.33335113525390625
0,13,landmark,4,0.01,128,168.0,0.8429967761039734,0.47840118408203125
0,13,landmark,4,0.01,256,296.0,0.8751186728477478,0.646148681640625
0,13,landmark,4,0.01,512,552.0,0.9111464023590088,0.8042221069335938
0,13,landmark,4,0.02,64,144.0,0.8226879835128784,0.3571624755859375
0,13,landmark,4,0.02,128,208.0,0.8488913774490356,0.499908447265625
0,13,landmark,4,0.02,256,336.0,0.8802083730697632,0.6644973754882812
0,13,landmark,4,0.02,512,592.0,0.9151217341423035,0.817230224609375
0,13,landmark,4,0.05,64,264.0,0.8331192135810852,0.4018707275390625
0,13,landmark,4,0.05,128,328.0,0.8582755327224731,0.5412216186523438
0,13,landmark,4,0.05,256,456.0,0.8887145519256592,0.7003173828125
0,13,landmark,4,0.05,512,712.0,0.9221460819244385,0.8431167602539062
0,13,oracle_chunk,8,0.0,64,64.0,0.8286451101303101,0.3125762939453125
0,13,oracle_chunk,8,0.0,128,128.0,0.8613895773887634,0.5197067260742188
0,13,oracle_chunk,8,0.0,256,256.0,0.896074652671814,0.7777786254882812
0,13,oracle_chunk,8,0.0,512,512.0,0.9313264489173889,0.9774932861328125
0,13,landmark,8,0.0,64,64.0,0.3951483368873596,0.24472808837890625
0,13,landmark,8,0.0,128,128.0,0.5236192345619202,0.3679656982421875
0,13,landmark,8,0.0,256,256.0,0.6467121839523315,0.5253982543945312
0,13,landmark,8,0.0,512,512.0,0.7616028785705566,0.6945114135742188
0,13,landmark,8,0.005,64,88.0,0.8014017343521118,0.2686920166015625
0,13,landmark,8,0.005,128,152.0,0.8249152898788452,0.38864898681640625
0,13,landmark,8,0.005,256,280.0,0.8562349677085876,0.5420684814453125
0,13,landmark,8,0.005,512,536.0,0.8926428556442261,0.7064895629882812
0,13,landmark,8,0.01,64,104.0,0.8023198246955872,0.2731781005859375
0,13,landmark,8,0.01,128,168.0,0.8258187174797058,0.39287567138671875
0,13,landmark,8,0.01,256,296.0,0.8571599721908569,0.5463714599609375
0,13,landmark,8,0.01,512,552.0,0.8934596180915833,0.7100982666015625
0,13,landmark,8,0.02,64,144.0,0.8059825897216797,0.2880096435546875
0,13,landmark,8,0.02,128,208.0,0.8292484283447266,0.40708160400390625
0,13,landmark,8,0.02,256,336.0,0.8602707982063293,0.5592041015625
0,13,landmark,8,0.02,512,592.0,0.8961915373802185,0.7209243774414062
0,13,landmark,8,0.05,64,264.0,0.8180210590362549,0.3347320556640625
0,13,landmark,8,0.05,128,328.0,0.8406659960746765,0.45125579833984375
0,13,landmark,8,0.05,256,456.0,0.8700058460235596,0.5973968505859375
0,13,landmark,8,0.05,512,712.0,0.9040262699127197,0.7495651245117188
0,13,oracle_chunk,16,0.0,64,64.0,0.8085483908653259,0.229278564453125
0,13,oracle_chunk,16,0.0,128,128.0,0.8413302898406982,0.39577484130859375
0,13,oracle_chunk,16,0.0,256,256.0,0.8781142234802246,0.6133346557617188
0,13,oracle_chunk,16,0.0,512,512.0,0.9159002900123596,0.8434982299804688
0,13,landmark,16,0.0,64,64.0,0.24996352195739746,0.204254150390625
0,13,landmark,16,0.0,128,128.0,0.3675410747528076,0.31233978271484375
0,13,landmark,16,0.0,256,256.0,0.523607075214386,0.4557037353515625
0,13,landmark,16,0.0,512,512.0,0.6682530045509338,0.6182708740234375
0,13,landmark,16,0.005,64,80.0,0.7920802235603333,0.2270050048828125
0,13,landmark,16,0.005,128,144.0,0.8149139285087585,0.3321685791015625
0,13,landmark,16,0.005,256,272.0,0.842963457107544,0.47107696533203125
0,13,landmark,16,0.005,512,528.0,0.8778153657913208,0.6279754638671875
0,13,landmark,16,0.01,64,112.0,0.7940705418586731,0.23624420166015625
0,13,landmark,16,0.01,128,176.0,0.816571831703186,0.34085845947265625
0,13,landmark,16,0.01,256,304.0,0.8445509672164917,0.4791412353515625
0,13,landmark,16,0.01,512,560.0,0.8792909383773804,0.6353378295898438
0,13,landmark,16,0.02,64,144.0,0.7973909974098206,0.248504638671875
0,13,landmark,16,0.02,128,208.0,0.8197640776634216,0.3526458740234375
0,13,landmark,16,0.02,256,336.0,0.8475775718688965,0.4896697998046875
0,13,landmark,16,0.02,512,592.0,0.8815821409225464,0.6433181762695312
0,13,landmark,16,0.05,64,272.0,0.8067458271980286,0.281524658203125
0,13,landmark,16,0.05,128,336.0,0.8289494514465332,0.38431549072265625
0,13,landmark,16,0.05,256,464.0,0.8566847443580627,0.5200042724609375
0,13,landmark,16,0.05,512,720.0,0.8898078799247742,0.670135498046875
0,13,oracle_chunk,32,0.0,64,64.0,0.7893028259277344,0.1647491455078125
0,13,oracle_chunk,32,0.0,128,128.0,0.8219063878059387,0.30500030517578125
0,13,oracle_chunk,32,0.0,256,256.0,0.8599527478218079,0.4956207275390625
0,13,oracle_chunk,32,0.0,512,512.0,0.9005591869354248,0.7128067016601562
0,13,landmark,32,0.0,64,64.0,0.20985963940620422,0.17801666259765625
0,13,landmark,32,0.0,128,128.0,0.36108988523483276,0.2690887451171875
0,13,landmark,32,0.0,256,256.0,0.5203339457511902,0.39707183837890625
0,13,landmark,32,0.0,512,512.0,0.6700727939605713,0.5566024780273438
0,13,landmark,32,0.005,64,96.0,0.7898857593536377,0.2100830078125
0,13,landmark,32,0.005,128,160.0,0.8086425065994263,0.297515869140625
0,13,landmark,32,0.005,256,288.0,0.8347100615501404,0.42131805419921875
0,13,landmark,32,0.005,512,544.0,0.8677946329116821,0.5727767944335938
0,13,landmark,32,0.01,64,96.0,0.7898857593536377,0.2100830078125
0,13,landmark,32,0.01,128,160.0,0.8086425065994263,0.297515869140625
0,13,landmark,32,0.01,256,288.0,0.8347100615501404,0.42131805419921875
0,13,landmark,32,0.01,512,544.0,0.8677946329116821,0.5727767944335938
0,13,landmark,32,0.02,64,160.0,0.7934237122535706,0.2240447998046875
0,13,landmark,32,0.02,128,224.0,0.8121464252471924,0.31134033203125
0,13,landmark,32,0.02,256,352.0,0.8377619981765747,0.43396759033203125
0,13,landmark,32,0.02,512,608.0,0.8702526092529297,0.5833969116210938
0,13,landmark,32,0.05,64,256.0,0.7992979288101196,0.25063323974609375
0,13,landmark,32,0.05,128,320.0,0.8181760311126709,0.33715057373046875
0,13,landmark,32,0.05,256,448.0,0.8433710932731628,0.4574127197265625
0,13,landmark,32,0.05,512,704.0,0.8754902482032776,0.6044921875
0,14,oracle_token,1,0.0,64,64.0,0.8233223557472229,1.0
0,14,oracle_token,1,0.0,128,128.0,0.8689213991165161,1.0
0,14,oracle_token,1,0.0,256,256.0,0.9123515486717224,1.0
0,14,oracle_token,1,0.0,512,512.0,0.9499803781509399,1.0
0,14,oracle_chunk,4,0.0,64,64.0,0.7622453570365906,0.41722869873046875
0,14,oracle_chunk,4,0.0,128,128.0,0.8117771744728088,0.6862945556640625
0,14,oracle_chunk,4,0.0,256,256.0,0.8636767864227295,0.9657135009765625
0,14,oracle_chunk,4,0.0,512,512.0,0.9143591523170471,0.9999847412109375
0,14,landmark,4,0.0,64,64.0,0.5157046318054199,0.28997039794921875
0,14,landmark,4,0.0,128,128.0,0.6386175155639648,0.4389801025390625
0,14,landmark,4,0.0,256,256.0,0.7601929903030396,0.612335205078125
0,14,landmark,4,0.0,512,512.0,0.854217529296875,0.780426025390625
0,14,landmark,4,0.005,64,84.0,0.7111095190048218,0.31270599365234375
0,14,landmark,4,0.005,128,148.0,0.7515220642089844,0.45771026611328125
0,14,landmark,4,0.005,256,276.0,0.8022205233573914,0.6261978149414062
0,14,landmark,4,0.005,512,532.0,0.8620602488517761,0.78948974609375
0,14,landmark,4,0.01,64,104.0,0.7151626944541931,0.32067108154296875
0,14,landmark,4,0.01,128,168.0,0.7553575038909912,0.46535491943359375
0,14,landmark,4,0.01,256,296.0,0.8056139945983887,0.6332244873046875
0,14,landmark,4,0.01,512,552.0,0.8639360666275024,0.7942733764648438
0,14,landmark,4,0.02,64,144.0,0.7222096920013428,0.3382568359375
0,14,landmark,4,0.02,128,208.0,0.7621123194694519,0.48192596435546875
0,14,landmark,4,0.02,256,336.0,0.8112728595733643,0.6477432250976562
0,14,landmark,4,0.02,512,592.0,0.8684534430503845,0.8049850463867188
0,14,landmark,4,0.05,64,264.0,0.7392778992652893,0.38249969482421875
0,14,landmark,4,0.05,128,328.0,0.778276801109314,0.5232772827148438
0,14,landmark,4,0.05,256,456.0,0.8261623382568359,0.6839828491210938
0,14,landmark,4,0.05,512,712.0,0.8803883790969849,0.8318862915039062
0,14,oracle_chunk,8,0.0,64,64.0,0.7325683236122131,0.31307220458984375
0,14,oracle_chunk,8,0.0,128,128.0,0.7826495170593262,0.5159149169921875
0,14,oracle_chunk,8,0.0,256,256.0,0.8375027179718018,0.7685699462890625
0,14,oracle_chunk,8,0.0,512,512.0,0.8933467268943787,0.973419189453125
0,14,landmark,8,0.0,64,64.0,0.20876136422157288,0.24802398681640625
0,14,landmark,8,0.0,128,128.0,0.3234720230102539,0.37310028076171875
0,14,landmark,8,0.0,256,256.0,0.4819115698337555,0.5286178588867188
0,14,landmark,8,0.0,512,512.0,0.6828645467758179,0.6955642700195312
0,14,landmark,8,0.005,64,88.0,0.6986716985702515,0.2726287841796875
0,14,landmark,8,0.005,128,152.0,0.734609067440033,0.3953857421875
0,14,landmark,8,0.005,256,280.0,0.7826056480407715,0.5465164184570312
0,14,landmark,8,0.005,512,536.0,0.8390914797782898,0.7079620361328125
0,14,landmark,8,0.01,64,104.0,0.7005865573883057,0.27724456787109375
0,14,landmark,8,0.01,128,168.0,0.7364216446876526,0.399810791015625
0,14,landmark,8,0.01,256,296.0,0.7842420935630798,0.5508575439453125
0,14,landmark,8,0.01,512,552.0,0.8404235243797302,0.7116622924804688
0,14,landmark,8,0.02,64,144.0,0.7053864002227783,0.2927093505859375
0,14,landmark,8,0.02,128,208.0,0.741044282913208,0.4144744873046875
0,14,landmark,8,0.02,256,336.0,0.7887427806854248,0.5642929077148438
0,14,landmark,8,0.02,512,592.0,0.8442514538764954,0.7223587036132812
0,14,landmark,8,0.05,64,264.0,0.7214110493659973,0.33217620849609375
0,14,landmark,8,0.05,128,328.0,0.7564571499824524,0.45209503173828125
0,14,landmark,8,0.05,256,456.0,0.8028463125228882,0.598236083984375
0,14,landmark,8,0.05,512,712.0,0.8567312955856323,0.7507705688476562
0,14,oracle_chunk,16,0.0,64,64.0,0.7021013498306274,0.232391357421875
0,14,oracle_chunk,16,0.0,128,128.0,0.7524121403694153,0.40102386474609375
0,14,oracle_chunk,16,0.0,256,256.0,0.8100352883338928,0.615631103515625
0,14,oracle_chunk,16,0.0,512,512.0,0.8705981969833374,0.838653564453125
0,14,landmark,16,0.0,64,64.0,0.1221439391374588,0.21472930908203125
0,14,landmark,16,0.0,128,128.0,0.19885200262069702,0.32549285888671875
0,14,landmark,16,0.0,256,256.0,0.3208164572715759,0.4685821533203125
0,14,landmark,16,0.0,512,512.0,0.5198057889938354,0.6338043212890625
0,14,landmark,16,0.005,64,80.0,0.6820032596588135,0.2346649169921875
0,14,landmark,16,0.005,128,144.0,0.7159615159034729,0.34462738037109375
0,14,landmark,16,0.005,256,272.0,0.7625634670257568,0.4854583740234375
0,14,landmark,16,0.005,512,528.0,0.8202508687973022,0.6451797485351562
0,14,landmark,16,0.01,64,112.0,0.6856627464294434,0.243438720703125
0,14,landmark,16,0.01,128,176.0,0.7195508480072021,0.3533782958984375
0,14,landmark,16,0.01,256,304.0,0.7661174535751343,0.49398040771484375
0,14,landmark,16,0.01,512,560.0,0.8234778642654419,0.6527328491210938
0,14,landmark,16,0.02,64,144.0,0.6937006711959839,0.26053619384765625
0,14,landmark,16,0.02,128,208.0,0.7272036671638489,0.36870574951171875
0,14,landmark,16,0.02,256,336.0,0.7727921605110168,0.5074539184570312
0,14,landmark,16,0.02,512,592.0,0.8286158442497253,0.6621246337890625
0,14,landmark,16,0.05,64,272.0,0.7110643982887268,0.30155181884765625
0,14,landmark,16,0.05,128,336.0,0.7432476282119751,0.40703582763671875
0,14,landmark,16,0.05,256,464.0,0.7870805859565735,0.5417251586914062
0,14,landmark,16,0.05,512,720.0,0.8405136466026306,0.6900405883789062
0,14,oracle_chunk,32,0.0,64,64.0,0.6717382073402405,0.16330718994140625
0,14,oracle_chunk,32,0.0,128,128.0,0.7228310108184814,0.31159210205078125
0,14,oracle_chunk,32,0.0,256,256.0,0.7828429341316223,0.5076751708984375
0,14,oracle_chunk,32,0.0,512,512.0,0.8474376201629639,0.719512939453125
0,14,landmark,32,0.0,64,64.0,0.11301350593566895,0.18665313720703125
0,14,landmark,32,0.0,128,128.0,0.20918937027454376,0.284423828125
0,14,landmark,32,0.0,256,256.0,0.3285255432128906,0.42010498046875
0,14,landmark,32,0.0,512,512.0,0.5325892567634583,0.584930419921875
0,14,landmark,32,0.005,64,96.0,0.6777518391609192,0.21521759033203125
0,14,landmark,32,0.005,128,160.0,0.7082574367523193,0.31172943115234375
0,14,landmark,32,0.005,256,288.0,0.7535577416419983,0.4443511962890625
0,14,landmark,32,0.005,512,544.0,0.8092068433761597,0.6009292602539062
0,14,landmark,32,0.01,64,96.0,0.6777518391609192,0.21521759033203125
0,14,landmark,32,0.01,128,160.0,0.7082574367523193,0.31172943115234375
0,14,landmark,32,0.01,256,288.0,0.7535577416419983,0.4443511962890625
0,14,landmark,32,0.01,512,544.0,0.8092068433761597,0.6009292602539062
0,14,landmark,32,0.02,64,160.0,0.6866630911827087,0.23911285400390625
0,14,landmark,32,0.02,128,224.0,0.7169188261032104,0.3347320556640625
0,14,landmark,32,0.02,256,352.0,0.7611315250396729,0.46401214599609375
0,14,landmark,32,0.02,512,608.0,0.8145738244056702,0.6147003173828125
0,14,landmark,32,0.05,64,256.0,0.6984367966651917,0.26847076416015625
0,14,landmark,32,0.05,128,320.0,0.7278662919998169,0.36196136474609375
0,14,landmark,32,0.05,256,448.0,0.7710092067718506,0.48719024658203125
0,14,landmark,32,0.05,512,704.0,0.8223894834518433,0.6318206787109375
0,15,oracle_token,1,0.0,64,64.0,0.8333941102027893,1.0
0,15,oracle_token,1,0.0,128,128.0,0.8748636245727539,1.0
0,15,oracle_token,1,0.0,256,256.0,0.9153422713279724,1.0
0,15,oracle_token,1,0.0,512,512.0,0.9510975480079651,1.0
0,15,oracle_chunk,4,0.0,64,64.0,0.7798888087272644,0.42159271240234375
0,15,oracle_chunk,4,0.0,128,128.0,0.8228325843811035,0.6947708129882812
0,15,oracle_chunk,4,0.0,256,256.0,0.8690924048423767,0.9690704345703125
0,15,oracle_chunk,4,0.0,512,512.0,0.9159877300262451,0.9999847412109375
0,15,landmark,4,0.0,64,64.0,0.58372962474823,0.28401947021484375
0,15,landmark,4,0.0,128,128.0,0.6976885795593262,0.435791015625
0,15,landmark,4,0.0,256,256.0,0.7949532270431519,0.6124725341796875
0,15,landmark,4,0.0,512,512.0,0.8648726940155029,0.78521728515625
0,15,landmark,4,0.005,64,84.0,0.7334966063499451,0.3042144775390625
0,15,landmark,4,0.005,128,148.0,0.7685462236404419,0.45127105712890625
0,15,landmark,4,0.005,256,276.0,0.8134024739265442,0.6227340698242188
0,15,landmark,4,0.005,512,532.0,0.8672105669975281,0.791839599609375
0,15,landmark,4,0.01,64,104.0,0.737112283706665,0.31313323974609375
0,15,landmark,4,0.01,128,168.0,0.7717216610908508,0.45909881591796875
0,15,landmark,4,0.01,256,296.0,0.8160847425460815,0.6287002563476562
0,15,landmark,4,0.01,512,552.0,0.8691772222518921,0.7959060668945312
0,15,landmark,4,0.02,64,144.0,0.7419968247413635,0.32707977294921875
0,15,landmark,4,0.02,128,208.0,0.7764523029327393,0.47226715087890625
0,15,landmark,4,0.02,256,336.0,0.8203495144844055,0.6401443481445312
0,15,landmark,4,0.02,512,592.0,0.8726240396499634,0.8044967651367188
0,15,landmark,4,0.05,64,264.0,0.7567200064659119,0.365509033203125
0,15,landmark,4,0.05,128,328.0,0.7900829315185547,0.507659912109375
0,15,landmark,4,0.05,256,456.0,0.8326447010040283,0.6705093383789062
0,15,landmark,4,0.05,512,712.0,0.8827927708625793,0.8256759643554688
0,15,oracle_chunk,8,0.0,64,64.0,0.7548433542251587,0.31021881103515625
0,15,oracle_chunk,8,0.0,128,128.0,0.7977871894836426,0.5184555053710938
0,15,oracle_chunk,8,0.0,256,256.0,0.8459770083427429,0.7747268676757812
0,15,oracle_chunk,8,0.0,512,512.0,0.8963902592658997,0.9769439697265625
0,15,landmark,8,0.0,64,64.0,0.28351521492004395,0.23023223876953125
0,15,landmark,8,0.0,128,128.0,0.41223034262657166,0.357391357421875
0,15,landmark,8,0.0,256,256.0,0.5505865812301636,0.51995849609375
0,15,landmark,8,0.0,512,512.0,0.6984215378761292,0.6951980590820312
0,15,landmark,8,0.005,64,88.0,0.7187219858169556,0.2580413818359375
0,15,landmark,8,0.005,128,152.0,0.7494529485702515,0.38108062744140625
0,15,landmark,8,0.005,256,280.0,0.7922282814979553,0.5378494262695312
0,15,landmark,8,0.005,512,536.0,0.8454614281654358,0.70623779296875
0,15,landmark,8,0.01,64,104.0,0.7206969261169434,0.2619781494140625
0,15,landmark,8,0.01,128,168.0,0.7514033317565918,0.38498687744140625
0,15,landmark,8,0.01,256,296.0,0.7940414547920227,0.5415420532226562
0,15,landmark,8,0.01,512,552.0,0.8470312356948853,0.70928955078125
0,15,landmark,8,0.02,64,144.0,0.7256679534912109,0.2742767333984375
0,15,landmark,8,0.02,128,208.0,0.7560112476348877,0.3968658447265625
0,15,landmark,8,0.02,256,336.0,0.7984012365341187,0.5524749755859375
0,15,landmark,8,0.02,512,592.0,0.8505217432975769,0.718597412109375
0,15,landmark,8,0.05,64,264.0,0.7379735112190247,0.30873870849609375
0,15,landmark,8,0.05,128,328.0,0.7681335806846619,0.4294281005859375
0,15,landmark,8,0.05,256,456.0,0.8096026182174683,0.5813522338867188
0,15,landmark,8,0.05,512,712.0,0.8606824278831482,0.7414016723632812
0,15,oracle_chunk,16,0.0,64,64.0,0.7302213311195374,0.22998046875
0,15,oracle_chunk,16,0.0,128,128.0,0.7732446193695068,0.40079498291015625
0,15,oracle_chunk,16,0.0,256,256.0,0.822842538356781,0.619873046875
0,15,oracle_chunk,16,0.0,512,512.0,0.8761492371559143,0.8454513549804688
0,15,landmark,16,0.0,64,64.0,0.1719563603401184,0.20059967041015625
0,15,landmark,16,0.0,128,128.0,0.28155717253685,0.3126220703125
0,15,landmark,16,0.0,256,256.0,0.3939213156700134,0.458831787109375
0,15,landmark,16,0.0,512,512.0,0.6025009751319885,0.6276473999023438
0,15,landmark,16,0.005,64,80.0,0.7091912627220154,0.2226715087890625
0,15,landmark,16,0.005,128,144.0,0.7371871471405029,0.33172607421875
0,15,landmark,16,0.005,256,272.0,0.7768228054046631,0.47504425048828125
0,15,landmark,16,0.005,512,528.0,0.8277095556259155,0.6389236450195312
0,15,landmark,16,0.01,64,112.0,0.7145518064498901,0.2353973388671875
0,15,landmark,16,0.01,128,176.0,0.7422773838043213,0.34371185302734375
0,15,landmark,16,0.01,256,304.0,0.7813615798950195,0.485137939453125
0,15,landmark,16,0.01,512,560.0,0.8311088681221008,0.646514892578125
0,15,landmark,16,0.02,64,144.0,0.7172414660453796,0.2424774169921875
0,15,landmark,16,0.02,128,208.0,0.7451069951057434,0.35086822509765625
0,15,landmark,16,0.02,256,336.0,0.784070611000061,0.4918060302734375
0,15,landmark,16,0.02,512,592.0,0.8337740302085876,0.6525726318359375
0,15,landmark,16,0.05,64,272.0,0.7307911515235901,0.28145599365234375
0,15,landmark,16,0.05,128,336.0,0.7579643726348877,0.3861541748046875
0,15,landmark,16,0.05,256,464.0,0.7955790758132935,0.5215377807617188
0,15,landmark,16,0.05,512,720.0,0.8438550233840942,0.6760940551757812
0,15,oracle_chunk,32,0.0,64,64.0,0.7052415013313293,0.161895751953125
0,15,oracle_chunk,32,0.0,128,128.0,0.7494911551475525,0.313629150390625
0,15,oracle_chunk,32,0.0,256,256.0,0.8000550866127014,0.5092620849609375
0,15,oracle_chunk,32,0.0,512,512.0,0.8558570146560669,0.7216873168945312
0,15,landmark,32,0.0,64,64.0,0.1254565715789795,0.1739654541015625
0,15,landmark,32,0.0,128,128.0,0.25092220306396484,0.27223968505859375
0,15,landmark,32,0.0,256,256.0,0.40003901720046997,0.4114837646484375
0,15,landmark,32,0.0,512,512.0,0.621719479560852,0.5761337280273438
0,15,landmark,32,0.005,64,96.0,0.7066177129745483,0.20639801025390625
0,15,landmark,32,0.005,128,160.0,0.7329928278923035,0.302093505859375
0,15,landmark,32,0.005,256,288.0,0.7698646783828735,0.43659210205078125
0,15,landmark,32,0.005,512,544.0,0.818684995174408,0.5928192138671875
0,15,landmark,32,0.01,64,96.0,0.7066177129745483,0.20639801025390625
0,15,landmark,32,0.01,128,160.0,0.7329928278923035,0.302093505859375
0,15,landmark,32,0.01,256,288.0,0.7698646783828735,0.43659210205078125
0,15,landmark,32,0.01,512,544.0,0.818684995174408,0.5928192138671875
0,15,landmark,32,0.02,64,160.0,0.7110344171524048,0.21901702880859375
0,15,landmark,32,0.02,128,224.0,0.7375537753105164,0.31500244140625
0,15,landmark,32,0.02,256,352.0,0.7745475769042969,0.4493408203125
0,15,landmark,32,0.02,512,608.0,0.8228941559791565,0.6029205322265625
0,15,landmark,32,0.05,64,256.0,0.7258418202400208,0.26567840576171875
0,15,landmark,32,0.05,128,320.0,0.7507666349411011,0.3561553955078125
0,15,landmark,32,0.05,256,448.0,0.7855831980705261,0.47957611083984375
0,15,landmark,32,0.05,512,704.0,0.8315967321395874,0.6233139038085938
1,0,oracle_token,1,0.0,64,64.0,0.4117284417152405,1.0
1,0,oracle_token,1,0.0,128,128.0,0.5177229046821594,1.0
1,0,oracle_token,1,0.0,256,256.0,0.6350665092468262,1.0
1,0,oracle_token,1,0.0,512,512.0,0.7568012475967407,1.0
1,0,oracle_chunk,4,0.0,64,64.0,0.3001946210861206,0.4144287109375
1,0,oracle_chunk,4,0.0,128,128.0,0.39410480856895447,0.6604461669921875
1,0,oracle_chunk,4,0.0,256,256.0,0.5070717334747314,0.9312210083007812
1,0,oracle_chunk,4,0.0,512,512.0,0.6385822296142578,0.9973907470703125
1,0,landmark,4,0.0,64,64.0,0.23007787764072418,0.31183624267578125
1,0,landmark,4,0.0,128,128.0,0.3099386692047119,0.45197296142578125
1,0,landmark,4,0.0,256,256.0,0.4107447862625122,0.6051712036132812
1,0,landmark,4,0.0,512,512.0,0.5377829074859619,0.7565765380859375
1,0,landmark,4,0.005,64,84.0,0.2386019378900528,0.3260498046875
1,0,landmark,4,0.005,128,148.0,0.31844562292099,0.4661865234375
1,0,landmark,4,0.005,256,276.0,0.41905051469802856,0.6187744140625
1,0,landmark,4,0.005,512,532.0,0.5454774498939514,0.7684249877929688
1,0,landmark,4,0.01,64,104.0,0.24570834636688232,0.33783721923828125
1,0,landmark,4,0.01,128,168.0,0.3253626823425293,0.4775238037109375
1,0,landmark,4,0.01,256,296.0,0.42572176456451416,0.6295623779296875
1,0,landmark,4,0.01,512,552.0,0.5516858696937561,0.7779998779296875
1,0,landmark,4,0.02,64,144.0,0.26472002267837524,0.3664093017578125
1,0,landmark,4,0.02,128,208.0,0.34312498569488525,0.5052413940429688
1,0,landmark,4,0.02,256,336.0,0.44201546907424927,0.654266357421875
1,0,landmark,4,0.02,512,592.0,0.5657352209091187,0.7974166870117188
1,0,landmark,4,0.05,64,264.0,0.3076256513595581,0.42873382568359375
1,0,landmark,4,0.05,128,328.0,0.3821425437927246,0.5591583251953125
1,0,landmark,4,0.05,256,456.0,0.4771142899990082,0.699462890625
1,0,landmark,4,0.05,512,712.0,0.5959968566894531,0.83135986328125
1,0,oracle_chunk,8,0.0,64,64.0,0.2670365273952484,0.3476104736328125
1,0,oracle_chunk,8,0.0,128,128.0,0.35422495007514954,0.5314254760742188
1,0,oracle_chunk,8,0.0,256,256.0,0.46207550168037415,0.750030517578125
1,0,oracle_chunk,8,0.0,512,512.0,0.5933749079704285,0.9441146850585938
1,0,landmark,8,0.0,64,64.0,0.2132376730442047,0.28696441650390625
1,0,landmark,8,0.0,128,128.0,0.28478729724884033,0.40906524658203125
1,0,landmark,8,0.0,256,256.0,0.37734368443489075,0.5440444946289062
1,0,landmark,8,0.0,512,512.0,0.5003383755683899,0.6911087036132812
1,0,landmark,8,0.005,64,88.0,0.2213938683271408,0.29866790771484375
1,0,landmark,8,0.005,128,152.0,0.292673259973526,0.420318603515625
1,0,landmark,8,0.005,256,280.0,0.38447487354278564,0.5537185668945312
1,0,landmark,8,0.005,512,536.0,0.506730854511261,0.6996917724609375
1,0,landmark,8,0.01,64,104.0,0.2253396064043045,0.30393218994140625
1,0,landmark,8,0.01,128,168.0,0.29675352573394775,0.4258270263671875
1,0,landmark,8,0.01,256,296.0,0.38843926787376404,0.5591888427734375
1,0,landmark,8,0.01,512,552.0,0.5105806589126587,0.7047500610351562
1,0,landmark,8,0.02,64,144.0,0.242113396525383,0.32857513427734375
1,0,landmark,8,0.02,128,208.0,0.3126200735569,0.448455810546875
1,0,landmark,8,0.02,256,336.0,0.40239715576171875,0.5782394409179688
1,0,landmark,8,0.02,512,592.0,0.5224679708480835,0.7202682495117188
1,0,landmark,8,0.05,64,264.0,0.2797470986843109,0.374725341796875
1,0,landmark,8,0.05,128,328.0,0.3490011990070343,0.492767333984375
1,0,landmark,8,0.05,256,456.0,0.4375338852405548,0.6205825805664062
1,0,landmark,8,0.05,512,712.0,0.5546143651008606,0.7578277587890625
1,0,oracle_chunk,16,0.0,64,64.0,0.24614223837852478,0.31664276123046875
1,0,oracle_chunk,16,0.0,128,128.0,0.32730597257614136,0.46981048583984375
1,0,oracle_chunk,16,0.0,256,256.0,0.4311864674091339,0.6548385620117188
1,0,oracle_chunk,16,0.0,512,512.0,0.5618757009506226,0.8461837768554688
1,0,landmark,16,0.0,64,64.0,0.20952259004116058,0.27989959716796875
1,0,landmark,16,0.0,128,128.0,0.2743523120880127,0.39012908935546875
1,0,landmark,16,0.0,256,256.0,0.3609285354614258,0.516632080078125
1,0,landmark,16,0.0,512,512.0,0.48139095306396484,0.6618881225585938
1,0,landmark,16,0.005,64,80.0,0.21393507719039917,0.28751373291015625
1,0,landmark,16,0.005,128,144.0,0.27864870429039,0.3972015380859375
1,0,landmark,16,0.005,256,272.0,0.3650861084461212,0.5233612060546875
1,0,landmark,16,0.005,512,528.0,0.48527950048446655,0.6676712036132812
1,0,landmark,16,0.01,64,112.0,0.21968422830104828,0.29383087158203125
1,0,landmark,16,0.01,128,176.0,0.28437721729278564,0.4034881591796875
1,0,landmark,16,0.01,256,304.0,0.37078601121902466,0.5295333862304688
1,0,landmark,16,0.01,512,560.0,0.4908679723739624,0.6734161376953125
1,0,landmark,16,0.02,64,144.0,0.23016975820064545,0.3074951171875
1,0,landmark,16,0.02,128,208.0,0.2938297688961029,0.41519927978515625
1,0,landmark,16,0.02,256,336.0,0.3789372146129608,0.5381698608398438
1,0,landmark,16,0.02,512,592.0,0.4978061318397522,0.6803207397460938
1,0,landmark,16,0.05,64,272.0,0.2626645863056183,0.3472137451171875
1,0,landmark,16,0.05,128,336.0,0.32633885741233826,0.4547271728515625
1,0,landmark,16,0.05,256,464.0,0.41100338101387024,0.576568603515625
1,0,landmark,16,0.05,512,720.0,0.5277149081230164,0.7137451171875
1,0,oracle_chunk,32,0.0,64,64.0,0.23076453804969788,0.3003387451171875
1,0,oracle_chunk,32,0.0,128,128.0,0.30545493960380554,0.43072509765625
1,0,oracle_chunk,32,0.0,256,256.0,0.4048626124858856,0.595794677734375
1,0,oracle_chunk,32,0.0,512,512.0,0.5342934131622314,0.7785415649414062
1,0,landmark,32,0.0,64,64.0,0.2038625329732895,0.27680206298828125
1,0,landmark,32,0.0,128,128.0,0.265657514333725,0.37842559814453125
1,0,landmark,32,0.0,256,256.0,0.34799879789352417,0.49633026123046875
1,0,landmark,32,0.0,512,512.0,0.4654456079006195,0.638946533203125
1,0,landmark,32,0.005,64,96.0,0.21636751294136047,0.295501708984375
1,0,landmark,32,0.005,128,160.0,0.2777395248413086,0.39537811279296875
1,0,landmark,32,0.005,256,288.0,0.35861530900001526,0.5093994140625
1,0,landmark,32,0.005,512,544.0,0.475249320268631,0.6500015258789062
1,0,landmark,32,0.01,64,96.0,0.21636751294136047,0.295501708984375
1,0,landmark,32,0.01,128,160.0,0.2777395248413086,0.39537811279296875
1,0,landmark,32,0.01,256,288.0,0.35861530900001526,0.5093994140625
1,0,landmark,32,0.01,512,544.0,0.475249320268631,0.6500015258789062
1,0,landmark,32,0.02,64,160.0,0.23316943645477295,0.31591796875
1,0,landmark,32,0.02,128,224.0,0.29388323426246643,0.41483306884765625
1,0,landmark,32,0.02,256,352.0,0.37282928824424744,0.5251998901367188
1,0,landmark,32,0.02,512,608.0,0.4875929653644562,0.6630020141601562
1,0,landmark,32,0.05,64,256.0,0.25640764832496643,0.3424530029296875
1,0,landmark,32,0.05,128,320.0,0.31637024879455566,0.4396514892578125
1,0,landmark,32,0.05,256,448.0,0.3930984437465668,0.5457839965820312
1,0,landmark,32,0.05,512,704.0,0.5063860416412354,0.6803741455078125
1,1,oracle_token,1,0.0,64,64.0,0.9248918294906616,1.0
1,1,oracle_token,1,0.0,128,128.0,0.9401822090148926,1.0
1,1,oracle_token,1,0.0,256,256.0,0.9559844136238098,1.0
1,1,oracle_token,1,0.0,512,512.0,0.9717249870300293,1.0
1,1,oracle_chunk,4,0.0,64,64.0,0.9052582383155823,0.3973846435546875
1,1,oracle_chunk,4,0.0,128,128.0,0.9234256744384766,0.7080459594726562
1,1,oracle_chunk,4,0.0,256,256.0,0.941226601600647,0.974395751953125
1,1,oracle_chunk,4,0.0,512,512.0,0.9593844413757324,0.9995803833007812
1,1,landmark,4,0.0,64,64.0,0.3256758451461792,0.3108367919921875
1,1,landmark,4,0.0,128,128.0,0.5322654247283936,0.46623992919921875
1,1,landmark,4,0.0,256,256.0,0.7184445261955261,0.6356887817382812
1,1,landmark,4,0.0,512,512.0,0.8588459491729736,0.7934188842773438
1,1,landmark,4,0.005,64,84.0,0.8818467259407043,0.38622283935546875
1,1,landmark,4,0.005,128,148.0,0.8987010717391968,0.5253982543945312
1,1,landmark,4,0.005,256,276.0,0.9171018004417419,0.6742706298828125
1,1,landmark,4,0.005,512,532.0,0.9397698640823364,0.8136138916015625
1,1,landmark,4,0.01,64,104.0,0.8850200176239014,0.40460205078125
1,1,landmark,4,0.01,128,168.0,0.9014816284179688,0.54217529296875
1,1,landmark,4,0.01,256,296.0,0.9197537899017334,0.6883468627929688
1,1,landmark,4,0.01,512,552.0,0.9416475296020508,0.8238067626953125
1,1,landmark,4,0.02,64,144.0,0.8889467120170593,0.42543792724609375
1,1,landmark,4,0.02,128,208.0,0.904689371585846,0.5604095458984375
1,1,landmark,4,0.02,256,336.0,0.9223428964614868,0.7027435302734375
1,1,landmark,4,0.02,512,592.0,0.9434678554534912,0.8333206176757812
1,1,landmark,4,0.05,64,264.0,0.8956784605979919,0.4632720947265625
1,1,landmark,4,0.05,128,328.0,0.910327672958374,0.5933761596679688
1,1,landmark,4,0.05,256,456.0,0.9271034598350525,0.7296905517578125
1,1,landmark,4,0.05,512,712.0,0.9471514821052551,0.8523635864257812
1,1,oracle_chunk,8,0.0,64,64.0,0.8935558199882507,0.2678375244140625
1,1,oracle_chunk,8,0.0,128,128.0,0.9148193597793579,0.5366287231445312
1,1,oracle_chunk,8,0.0,256,256.0,0.9344978928565979,0.8167953491210938
1,1,oracle_chunk,8,0.0,512,512.0,0.9536734819412231,0.985870361328125
1,1,landmark,8,0.0,64,64.0,0.10132820904254913,0.251800537109375
1,1,landmark,8,0.0,128,128.0,0.195273756980896,0.3822174072265625
1,1,landmark,8,0.0,256,256.0,0.3453409969806671,0.5447616577148438
1,1,landmark,8,0.0,512,512.0,0.6099079847335815,0.71490478515625
1,1,landmark,8,0.005,64,88.0,0.8515859842300415,0.3106689453125
1,1,landmark,8,0.005,128,152.0,0.8717883825302124,0.436370849609375
1,1,landmark,8,0.005,256,280.0,0.8967767357826233,0.5855560302734375
1,1,landmark,8,0.005,512,536.0,0.92415452003479,0.7402801513671875
1,1,landmark,8,0.01,64,104.0,0.869858980178833,0.342315673828125
1,1,landmark,8,0.01,128,168.0,0.8863090872764587,0.46392059326171875
1,1,landmark,8,0.01,256,296.0,0.9072952270507812,0.6074752807617188
1,1,landmark,8,0.01,512,552.0,0.9308891892433167,0.7553482055664062
1,1,landmark,8,0.02,64,144.0,0.8757725954055786,0.3641204833984375
1,1,landmark,8,0.02,128,208.0,0.8915709257125854,0.483184814453125
1,1,landmark,8,0.02,256,336.0,0.9117106795310974,0.623687744140625
1,1,landmark,8,0.02,512,592.0,0.9339837431907654,0.7673263549804688
1,1,landmark,8,0.05,64,264.0,0.8842860460281372,0.4012451171875
1,1,landmark,8,0.05,128,328.0,0.899271547794342,0.517608642578125
1,1,landmark,8,0.05,256,456.0,0.917762041091919,0.65252685546875
1,1,landmark,8,0.05,512,712.0,0.9380669593811035,0.7872390747070312
1,1,oracle_chunk,16,0.0,64,64.0,0.8765692114830017,0.166290283203125
1,1,oracle_chunk,16,0.0,128,128.0,0.9041081666946411,0.37018585205078125
1,1,oracle_chunk,16,0.0,256,256.0,0.9266401529312134,0.6451492309570312
1,1,oracle_chunk,16,0.0,512,512.0,0.9479125142097473,0.8881149291992188
1,1,landmark,16,0.0,64,64.0,0.051202915608882904,0.21448516845703125
1,1,landmark,16,0.0,128,128.0,0.09614752233028412,0.32845306396484375
1,1,landmark,16,0.0,256,256.0,0.1730871945619583,0.46915435791015625
1,1,landmark,16,0.0,512,512.0,0.30642935633659363,0.6342849731445312
1,1,landmark,16,0.005,64,80.0,0.7918846607208252,0.23174285888671875
1,1,landmark,16,0.005,128,144.0,0.8218538761138916,0.34568023681640625
1,1,landmark,16,0.005,256,272.0,0.8551976680755615,0.4854736328125
1,1,landmark,16,0.005,512,528.0,0.8956090807914734,0.6487045288085938
1,1,landmark,16,0.01,64,112.0,0.8494303226470947,0.287017822265625
1,1,landmark,16,0.01,128,176.0,0.8638424873352051,0.39321136474609375
1,1,landmark,16,0.01,256,304.0,0.8843370676040649,0.5228347778320312
1,1,landmark,16,0.01,512,560.0,0.9110720753669739,0.671783447265625
1,1,landmark,16,0.02,64,144.0,0.862058162689209,0.30997467041015625
1,1,landmark,16,0.02,128,208.0,0.8758803009986877,0.41532135009765625
1,1,landmark,16,0.02,256,336.0,0.8944254517555237,0.542572021484375
1,1,landmark,16,0.02,512,592.0,0.918419361114502,0.6869583129882812
1,1,landmark,16,0.05,64,272.0,0.8730999231338501,0.35262298583984375
1,1,landmark,16,0.05,128,336.0,0.8866595029830933,0.45600128173828125
1,1,landmark,16,0.05,256,464.0,0.9040536284446716,0.5787811279296875
1,1,landmark,16,0.05,512,720.0,0.9264039397239685,0.7161483764648438
1,1,oracle_chunk,32,0.0,64,64.0,0.8357952237129211,0.10236358642578125
1,1,oracle_chunk,32,0.0,128,128.0,0.8860056400299072,0.24408721923828125
1,1,oracle_chunk,32,0.0,256,256.0,0.917438268661499,0.5064163208007812
1,1,oracle_chunk,32,0.0,512,512.0,0.9418842196464539,0.7706527709960938
1,1,landmark,32,0.0,64,64.0,0.03674885630607605,0.18706512451171875
1,1,landmark,32,0.0,128,128.0,0.06169018894433975,0.2853851318359375
1,1,landmark,32,0.0,256,256.0,0.09665755182504654,0.41448211669921875
1,1,landmark,32,0.0,512,512.0,0.17278820276260376,0.5731048583984375
1,1,landmark,32,0.005,64,96.0,0.7812353372573853,0.2059173583984375
1,1,landmark,32,0.005,128,160.0,0.8061765432357788,0.30423736572265625
1,1,landmark,32,0.005,256,288.0,0.8393482565879822,0.4333343505859375
1,1,landmark,32,0.005,512,544.0,0.8828850388526917,0.5913543701171875
1,1,landmark,32,0.01,64,96.0,0.7812353372573853,0.2059173583984375
1,1,landmark,32,0.01,128,160.0,0.8061765432357788,0.30423736572265625
1,1,landmark,32,0.01,256,288.0,0.8393482565879822,0.4333343505859375
1,1,landmark,32,0.01,512,544.0,0.8828850388526917,0.5913543701171875
1,1,landmark,32,0.02,64,160.0,0.848534345626831,0.27667236328125
1,1,landmark,32,0.02,128,224.0,0.8616414070129395,0.37009429931640625
1,1,landmark,32,0.02,256,352.0,0.8776493072509766,0.48705291748046875
1,1,landmark,32,0.02,512,608.0,0.9039655923843384,0.6266708374023438
1,1,landmark,32,0.05,64,256.0,0.8631340265274048,0.31340789794921875
1,1,landmark,32,0.05,128,320.0,0.8755345940589905,0.4051513671875
1,1,landmark,32,0.05,256,448.0,0.890438973903656,0.5186309814453125
1,1,landmark,32,0.05,512,704.0,0.913312554359436,0.6515045166015625
1,2,oracle_token,1,0.0,64,64.0,0.9249406456947327,1.0
1,2,oracle_token,1,0.0,128,128.0,0.941874086856842,1.0
1,2,oracle_token,1,0.0,256,256.0,0.9587709307670593,1.0
1,2,oracle_token,1,0.0,512,512.0,0.9747461080551147,1.0
1,2,oracle_chunk,4,0.0,64,64.0,0.909450888633728,0.48178863525390625
1,2,oracle_chunk,4,0.0,128,128.0,0.9279149174690247,0.7565460205078125
1,2,oracle_chunk,4,0.0,256,256.0,0.9465675950050354,0.9766082763671875
1,2,oracle_chunk,4,0.0,512,512.0,0.964677095413208,0.9999847412109375
1,2,landmark,4,0.0,64,64.0,0.6568370461463928,0.29933929443359375
1,2,landmark,4,0.0,128,128.0,0.7806476950645447,0.47023773193359375
1,2,landmark,4,0.0,256,256.0,0.8822080492973328,0.6642684936523438
1,2,landmark,4,0.0,512,512.0,0.9309951066970825,0.8331985473632812
1,2,landmark,4,0.005,64,84.0,0.8894674181938171,0.316650390625
1,2,landmark,4,0.005,128,148.0,0.9058951735496521,0.483917236328125
1,2,landmark,4,0.005,256,276.0,0.9259315133094788,0.672698974609375
1,2,landmark,4,0.005,512,532.0,0.9466768503189087,0.8378143310546875
1,2,landmark,4,0.01,64,104.0,0.8902390599250793,0.32012939453125
1,2,landmark,4,0.01,128,168.0,0.9066615104675293,0.48720550537109375
1,2,landmark,4,0.01,256,296.0,0.9266907572746277,0.6756591796875
1,2,landmark,4,0.01,512,552.0,0.9474242329597473,0.8400650024414062
1,2,landmark,4,0.02,64,144.0,0.8913972973823547,0.33040618896484375
1,2,landmark,4,0.02,128,208.0,0.907873272895813,0.49695587158203125
1,2,landmark,4,0.02,256,336.0,0.9278395175933838,0.6838226318359375
1,2,landmark,4,0.02,512,592.0,0.9484707713127136,0.8453826904296875
1,2,landmark,4,0.05,64,264.0,0.8952772617340088,0.35935211181640625
1,2,landmark,4,0.05,128,328.0,0.9116434454917908,0.5232009887695312
1,2,landmark,4,0.05,256,456.0,0.9311320185661316,0.7046890258789062
1,2,landmark,4,0.05,512,712.0,0.9510104060173035,0.8587265014648438
1,2,oracle_chunk,8,0.0,64,64.0,0.9002645611763,0.36797332763671875
1,2,oracle_chunk,8,0.0,128,128.0,0.9200333952903748,0.5957412719726562
1,2,oracle_chunk,8,0.0,256,256.0,0.9399104118347168,0.836151123046875
1,2,oracle_chunk,8,0.0,512,512.0,0.9590917229652405,0.985321044921875
1,2,landmark,8,0.0,64,64.0,0.3723050057888031,0.24735260009765625
1,2,landmark,8,0.0,128,128.0,0.4938569664955139,0.3931732177734375
1,2,landmark,8,0.0,256,256.0,0.6725744009017944,0.5703659057617188
1,2,landmark,8,0.0,512,512.0,0.8377249836921692,0.7483444213867188
1,2,landmark,8,0.005,64,88.0,0.8806533813476562,0.26952362060546875
1,2,landmark,8,0.005,128,152.0,0.8978574872016907,0.4120635986328125
1,2,landmark,8,0.005,256,280.0,0.9180404543876648,0.5840835571289062
1,2,landmark,8,0.005,512,536.0,0.9388766288757324,0.756805419921875
1,2,landmark,8,0.01,64,104.0,0.8808716535568237,0.2710418701171875
1,2,landmark,8,0.01,128,168.0,0.8980773091316223,0.413665771484375
1,2,landmark,8,0.01,256,296.0,0.9182806015014648,0.585601806640625
1,2,landmark,8,0.01,512,552.0,0.9391424655914307,0.7581329345703125
1,2,landmark,8,0.02,64,144.0,0.8822848796844482,0.28289794921875
1,2,landmark,8,0.02,128,208.0,0.8995636701583862,0.42482757568359375
1,2,landmark,8,0.02,256,336.0,0.9196610450744629,0.5951004028320312
1,2,landmark,8,0.02,512,592.0,0.940305769443512,0.7647628784179688
1,2,landmark,8,0.05,64,264.0,0.8861372470855713,0.3105621337890625
1,2,landmark,8,0.05,128,328.0,0.9034309387207031,0.45074462890625
1,2,landmark,8,0.05,256,456.0,0.9233070611953735,0.6177597045898438
1,2,landmark,8,0.05,512,712.0,0.9436873197555542,0.7826156616210938
1,2,oracle_chunk,16,0.0,64,64.0,0.8903124332427979,0.2766876220703125
1,2,oracle_chunk,16,0.0,128,128.0,0.9118639826774597,0.4753875732421875
1,2,oracle_chunk,16,0.0,256,256.0,0.9330143928527832,0.69891357421875
1,2,oracle_chunk,16,0.0,512,512.0,0.9533790349960327,0.8986968994140625
1,2,landmark,16,0.0,64,64.0,0.120456762611866,0.2123870849609375
1,2,landmark,16,0.0,128,128.0,0.1957947313785553,0.3367919921875
1,2,landmark,16,0.0,256,256.0,0.30448025465011597,0.49094390869140625
1,2,landmark,16,0.0,512,512.0,0.4896417260169983,0.669952392578125
1,2,landmark,16,0.005,64,80.0,0.8771383762359619,0.234344482421875
1,2,landmark,16,0.005,128,144.0,0.8935932517051697,0.357330322265625
1,2,landmark,16,0.005,256,272.0,0.9115439653396606,0.5087814331054688
1,2,landmark,16,0.005,512,528.0,0.9322043061256409,0.6827239990234375
1,2,landmark,16,0.01,64,112.0,0.8784247636795044,0.24282073974609375
1,2,landmark,16,0.01,128,176.0,0.8949032425880432,0.3655853271484375
1,2,landmark,16,0.01,256,304.0,0.9127790927886963,0.5163345336914062
1,2,landmark,16,0.01,512,560.0,0.9332230687141418,0.6881179809570312
1,2,landmark,16,0.02,64,144.0,0.8791494369506836,0.250335693359375
1,2,landmark,16,0.02,128,208.0,0.895656943321228,0.37252044677734375
1,2,landmark,16,0.02,256,336.0,0.9135114550590515,0.5224533081054688
1,2,landmark,16,0.02,512,592.0,0.9339494705200195,0.6934356689453125
1,2,landmark,16,0.05,64,272.0,0.8828356266021729,0.27808380126953125
1,2,landmark,16,0.05,128,336.0,0.8989881277084351,0.39815521240234375
1,2,landmark,16,0.05,256,464.0,0.9166567921638489,0.5456390380859375
1,2,landmark,16,0.05,512,720.0,0.9369449019432068,0.7109756469726562
1,2,oracle_chunk,32,0.0,64,64.0,0.8769247531890869,0.17653656005859375
1,2,oracle_chunk,32,0.0,128,128.0,0.9020312428474426,0.3673248291015625
1,2,oracle_chunk,32,0.0,256,256.0,0.9262046813964844,0.5802154541015625
1,2,oracle_chunk,32,0.0,512,512.0,0.9477849006652832,0.7921218872070312
1,2,landmark,32,0.0,64,64.0,0.07378924638032913,0.184478759765625
1,2,landmark,32,0.0,128,128.0,0.11924494802951813,0.29135894775390625
1,2,landmark,32,0.0,256,256.0,0.21086694300174713,0.428466796875
1,2,landmark,32,0.0,512,512.0,0.39370524883270264,0.594085693359375
1,2,landmark,32,0.005,64,96.0,0.8760650753974915,0.2126922607421875
1,2,landmark,32,0.005,128,160.0,0.8914533257484436,0.31819915771484375
1,2,landmark,32,0.005,256,288.0,0.9095908999443054,0.45352935791015625
1,2,landmark,32,0.005,512,544.0,0.9290614128112793,0.6135330200195312
1,2,landmark,32,0.01,64,96.0,0.8760650753974915,0.2126922607421875
1,2,landmark,32,0.01,128,160.0,0.8914533257484436,0.31819915771484375
1,2,landmark,32,0.01,256,288.0,0.9095908999443054,0.45352935791015625
1,2,landmark,32,0.01,512,544.0,0.9290614128112793,0.6135330200195312
1,2,landmark,32,0.02,64,160.0,0.8776441812515259,0.22682952880859375
1,2,landmark,32,0.02,128,224.0,0.8930422067642212,0.33257293701171875
1,2,landmark,32,0.02,256,352.0,0.9112012386322021,0.46788787841796875
1,2,landmark,32,0.02,512,608.0,0.9306139349937439,0.626434326171875
1,2,landmark,32,0.05,64,256.0,0.8797584176063538,0.24636077880859375
1,2,landmark,32,0.05,128,320.0,0.8951689004898071,0.35179901123046875
1,2,landmark,32,0.05,256,448.0,0.913276731967926,0.48668670654296875
1,2,landmark,32,0.05,512,704.0,0.9325339198112488,0.6427993774414062
1,3,oracle_token,1,0.0,64,64.0,0.8789294362068176,1.0
1,3,oracle_token,1,0.0,128,128.0,0.9038198590278625,1.0
1,3,oracle_token,1,0.0,256,256.0,0.9309706687927246,1.0
1,3,oracle_token,1,0.0,512,512.0,0.9579803943634033,1.0
1,3,oracle_chunk,4,0.0,64,64.0,0.8589999079704285,0.4900970458984375
1,3,oracle_chunk,4,0.0,128,128.0,0.8828026056289673,0.76373291015625
1,3,oracle_chunk,4,0.0,256,256.0,0.9099464416503906,0.9719085693359375
1,3,oracle_chunk,4,0.0,512,512.0,0.939693808555603,0.999786376953125
1,3,landmark,4,0.0,64,64.0,0.5913762450218201,0.34581756591796875
1,3,landmark,4,0.0,128,128.0,0.6967803835868835,0.5276107788085938
1,3,landmark,4,0.0,256,256.0,0.8110863566398621,0.7201004028320312
1,3,landmark,4,0.0,512,512.0,0.8860893845558167,0.873565673828125
1,3,landmark,4,0.005,64,84.0,0.8460242748260498,0.36441802978515625
1,3,landmark,4,0.005,128,148.0,0.8671786189079285,0.5411300659179688
1,3,landmark,4,0.005,256,276.0,0.8925849199295044,0.7278518676757812
1,3,landmark,4,0.005,512,532.0,0.9225810766220093,0.8765792846679688
1,3,landmark,4,0.01,64,104.0,0.8473401069641113,0.37244415283203125
1,3,landmark,4,0.01,128,168.0,0.8684612512588501,0.5483474731445312
1,3,landmark,4,0.01,256,296.0,0.8937862515449524,0.732757568359375
1,3,landmark,4,0.01,512,552.0,0.9235735535621643,0.8796234130859375
1,3,landmark,4,0.02,64,144.0,0.8485203981399536,0.3782806396484375
1,3,landmark,4,0.02,128,208.0,0.8696380853652954,0.5538482666015625
1,3,landmark,4,0.02,256,336.0,0.8949313759803772,0.7371978759765625
1,3,landmark,4,0.02,512,592.0,0.9246224164962769,0.8826370239257812
1,3,landmark,4,0.05,64,264.0,0.8534812331199646,0.4041748046875
1,3,landmark,4,0.05,128,328.0,0.8743700385093689,0.5764236450195312
1,3,landmark,4,0.05,256,456.0,0.8993038535118103,0.75457763671875
1,3,landmark,4,0.05,512,712.0,0.9283345937728882,0.8931732177734375
1,3,oracle_chunk,8,0.0,64,64.0,0.8496424555778503,0.37487030029296875
1,3,oracle_chunk,8,0.0,128,128.0,0.8737741708755493,0.6074371337890625
1,3,oracle_chunk,8,0.0,256,256.0,0.9007684588432312,0.8472900390625
1,3,oracle_chunk,8,0.0,512,512.0,0.9308462142944336,0.9831008911132812
1,3,landmark,8,0.0,64,64.0,0.39118313789367676,0.28063201904296875
1,3,landmark,8,0.0,128,128.0,0.5269894599914551,0.44481658935546875
1,3,landmark,8,0.0,256,256.0,0.6516729593276978,0.632232666015625
1,3,landmark,8,0.0,512,512.0,0.8044337630271912,0.8037872314453125
1,3,landmark,8,0.005,64,88.0,0.8404238820075989,0.30657958984375
1,3,landmark,8,0.005,128,152.0,0.8614779114723206,0.4666290283203125
1,3,landmark,8,0.005,256,280.0,0.8860971927642822,0.6461105346679688
1,3,landmark,8,0.005,512,536.0,0.9152523279190063,0.8113784790039062
1,3,landmark,8,0.01,64,104.0,0.8409144282341003,0.3087158203125
1,3,landmark,8,0.01,128,168.0,0.8619503378868103,0.46856689453125
1,3,landmark,8,0.01,256,296.0,0.8865650296211243,0.647857666015625
1,3,landmark,8,0.01,512,552.0,0.9157221913337708,0.812835693359375
1,3,landmark,8,0.02,64,144.0,0.8427107930183411,0.3192138671875
1,3,landmark,8,0.02,128,208.0,0.8637140989303589,0.47777557373046875
1,3,landmark,8,0.02,256,336.0,0.8881555199623108,0.6549758911132812
1,3,landmark,8,0.02,512,592.0,0.9171152710914612,0.817840576171875
1,3,landmark,8,0.05,64,264.0,0.8495002388954163,0.358184814453125
1,3,landmark,8,0.05,128,328.0,0.8701460361480713,0.5123443603515625
1,3,landmark,8,0.05,256,456.0,0.8939836025238037,0.6828384399414062
1,3,landmark,8,0.05,512,712.0,0.9219500422477722,0.8364486694335938
1,3,oracle_chunk,16,0.0,64,64.0,0.8401023149490356,0.28424072265625
1,3,oracle_chunk,16,0.0,128,128.0,0.865606963634491,0.49230194091796875
1,3,oracle_chunk,16,0.0,256,256.0,0.8933817744255066,0.7224655151367188
1,3,oracle_chunk,16,0.0,512,512.0,0.9239120483398438,0.9142379760742188
1,3,landmark,16,0.0,64,64.0,0.273678719997406,0.23792266845703125
1,3,landmark,16,0.0,128,128.0,0.37983304262161255,0.3845367431640625
1,3,landmark,16,0.0,256,256.0,0.5326699614524841,0.5611648559570312
1,3,landmark,16,0.0,512,512.0,0.6798887848854065,0.7424697875976562
1,3,landmark,16,0.005,64,80.0,0.8362497091293335,0.2651519775390625
1,3,landmark,16,0.005,128,144.0,0.8573289513587952,0.40834808349609375
1,3,landmark,16,0.005,256,272.0,0.8812236785888672,0.5775909423828125
1,3,landmark,16,0.005,512,528.0,0.9102945327758789,0.751953125
1,3,landmark,16,0.01,64,112.0,0.8376665115356445,0.27239990234375
1,3,landmark,16,0.01,128,176.0,0.8587474226951599,0.41548919677734375
1,3,landmark,16,0.01,256,304.0,0.8825972080230713,0.5841445922851562
1,3,landmark,16,0.01,512,560.0,0.9115127325057983,0.7568283081054688
1,3,landmark,16,0.02,64,144.0,0.8387478590011597,0.278045654296875
1,3,landmark,16,0.02,128,208.0,0.8598318099975586,0.42099761962890625
1,3,landmark,16,0.02,256,336.0,0.8836734890937805,0.5895919799804688
1,3,landmark,16,0.02,512,592.0,0.9124476313591003,0.7603836059570312
1,3,landmark,16,0.05,64,272.0,0.8433336615562439,0.30654144287109375
1,3,landmark,16,0.05,128,336.0,0.864025890827179,0.4452667236328125
1,3,landmark,16,0.05,256,464.0,0.8875949382781982,0.6094284057617188
1,3,landmark,16,0.05,512,720.0,0.9158351421356201,0.7741317749023438
1,3,oracle_chunk,32,0.0,64,64.0,0.8286183476448059,0.19116973876953125
1,3,oracle_chunk,32,0.0,128,128.0,0.8564402461051941,0.38860321044921875
1,3,oracle_chunk,32,0.0,256,256.0,0.8863478899002075,0.61114501953125
1,3,oracle_chunk,32,0.0,512,512.0,0.9172419905662537,0.8192596435546875
1,3,landmark,32,0.0,64,64.0,0.16894544661045074,0.2039947509765625
1,3,landmark,32,0.0,128,128.0,0.2695280909538269,0.33487701416015625
1,3,landmark,32,0.0,256,256.0,0.44491297006607056,0.4991607666015625
1,3,landmark,32,0.0,512,512.0,0.6336356401443481,0.6735305786132812
1,3,landmark,32,0.005,64,96.0,0.8362872004508972,0.2424774169921875
1,3,landmark,32,0.005,128,160.0,0.8560635447502136,0.3715057373046875
1,3,landmark,32,0.005,256,288.0,0.879188060760498,0.5250015258789062
1,3,landmark,32,0.005,512,544.0,0.9065413475036621,0.6894989013671875
1,3,landmark,32,0.01,64,96.0,0.8362872004508972,0.2424774169921875
1,3,landmark,32,0.01,128,160.0,0.8560635447502136,0.3715057373046875
1,3,landmark,32,0.01,256,288.0,0.879188060760498,0.5250015258789062
1,3,landmark,32,0.01,512,544.0,0.9065413475036621,0.6894989013671875
1,3,landmark,32,0.02,64,160.0,0.8386800289154053,0.26190948486328125
1,3,landmark,32,0.02,128,224.0,0.8584128618240356,0.3898468017578125
1,3,landmark,32,0.02,256,352.0,0.881524920463562,0.5420455932617188
1,3,landmark,32,0.02,512,608.0,0.9086347818374634,0.7027511596679688
1,3,landmark,32,0.05,64,256.0,0.8414388298988342,0.27664947509765625
1,3,landmark,32,0.05,128,320.0,0.8611645698547363,0.40404510498046875
1,3,landmark,32,0.05,256,448.0,0.8843178153038025,0.55517578125
1,3,landmark,32,0.05,512,704.0,0.9112327694892883,0.7134323120117188
1,4,oracle_token,1,0.0,64,64.0,0.8498698472976685,1.0
1,4,oracle_token,1,0.0,128,128.0,0.8829165697097778,1.0
1,4,oracle_token,1,0.0,256,256.0,0.9169872999191284,1.0
1,4,oracle_token,1,0.0,512,512.0,0.9495738744735718,1.0
1,4,oracle_chunk,4,0.0,64,64.0,0.817410409450531,0.482025146484375
1,4,oracle_chunk,4,0.0,128,128.0,0.8520535230636597,0.758148193359375
1,4,oracle_chunk,4,0.0,256,256.0,0.8889564275741577,0.9754714965820312
1,4,oracle_chunk,4,0.0,512,512.0,0.9266638159751892,0.9998245239257812
1,4,landmark,4,0.0,64,64.0,0.5962768197059631,0.32445526123046875
1,4,landmark,4,0.0,128,128.0,0.7095468640327454,0.5027389526367188
1,4,landmark,4,0.0,256,256.0,0.8153867721557617,0.69720458984375
1,4,landmark,4,0.0,512,512.0,0.8947621583938599,0.857025146484375
1,4,landmark,4,0.005,64,84.0,0.7865911722183228,0.3511810302734375
1,4,landmark,4,0.005,128,148.0,0.8192595839500427,0.5238189697265625
1,4,landmark,4,0.005,256,276.0,0.8561551570892334,0.7114791870117188
1,4,landmark,4,0.005,512,532.0,0.8984147310256958,0.8644180297851562
1,4,landmark,4,0.01,64,104.0,0.7877205610275269,0.35610198974609375
1,4,landmark,4,0.01,128,168.0,0.8203967809677124,0.528533935546875
1,4,landmark,4,0.01,256,296.0,0.8571813106536865,0.7154617309570312
1,4,landmark,4,0.01,512,552.0,0.8994302749633789,0.8673248291015625
1,4,landmark,4,0.02,64,144.0,0.7912000417709351,0.37030792236328125
1,4,landmark,4,0.02,128,208.0,0.8236258029937744,0.541534423828125
1,4,landmark,4,0.02,256,336.0,0.8599995374679565,0.7251663208007812
1,4,landmark,4,0.02,512,592.0,0.9016363024711609,0.8732757568359375
1,4,landmark,4,0.05,64,264.0,0.8003939986228943,0.40415191650390625
1,4,landmark,4,0.05,128,328.0,0.8323120474815369,0.572998046875
1,4,landmark,4,0.05,256,456.0,0.8676777482032776,0.75006103515625
1,4,landmark,4,0.05,512,712.0,0.9077033400535583,0.8882522583007812
1,4,oracle_chunk,8,0.0,64,64.0,0.8004540205001831,0.3730316162109375
1,4,oracle_chunk,8,0.0,128,128.0,0.8369768261909485,0.6053085327148438
1,4,oracle_chunk,8,0.0,256,256.0,0.8749716281890869,0.8456802368164062
1,4,oracle_chunk,8,0.0,512,512.0,0.914341151714325,0.98406982421875
1,4,landmark,8,0.0,64,64.0,0.37569186091423035,0.27248382568359375
1,4,landmark,8,0.0,128,128.0,0.5092712640762329,0.42920684814453125
1,4,landmark,8,0.0,256,256.0,0.6837432384490967,0.6112442016601562
1,4,landmark,8,0.0,512,512.0,0.8250938653945923,0.784393310546875
1,4,landmark,8,0.005,64,88.0,0.7746963500976562,0.30445098876953125
1,4,landmark,8,0.005,128,152.0,0.8068194389343262,0.4565277099609375
1,4,landmark,8,0.005,256,280.0,0.8444148898124695,0.6311569213867188
1,4,landmark,8,0.005,512,536.0,0.884361207485199,0.7955245971679688
1,4,landmark,8,0.01,64,104.0,0.7762435078620911,0.31130218505859375
1,4,landmark,8,0.01,128,168.0,0.8084828853607178,0.46346282958984375
1,4,landmark,8,0.01,256,296.0,0.8457353711128235,0.636627197265625
1,4,landmark,8,0.01,512,552.0,0.8854565024375916,0.7992706298828125
1,4,landmark,8,0.02,64,144.0,0.7795497179031372,0.32775115966796875
1,4,landmark,8,0.02,128,208.0,0.8115342855453491,0.4780426025390625
1,4,landmark,8,0.02,256,336.0,0.848461925983429,0.648590087890625
1,4,landmark,8,0.02,512,592.0,0.8879980444908142,0.8067474365234375
1,4,landmark,8,0.05,64,264.0,0.7872545719146729,0.358367919921875
1,4,landmark,8,0.05,128,328.0,0.8191707730293274,0.506561279296875
1,4,landmark,8,0.05,256,456.0,0.8551304340362549,0.6720046997070312
1,4,landmark,8,0.05,512,712.0,0.8940312266349792,0.8235397338867188
1,4,oracle_chunk,16,0.0,64,64.0,0.7840144634246826,0.290374755859375
1,4,oracle_chunk,16,0.0,128,128.0,0.8230615854263306,0.50018310546875
1,4,oracle_chunk,16,0.0,256,256.0,0.8629748225212097,0.7281265258789062
1,4,oracle_chunk,16,0.0,512,512.0,0.9037804007530212,0.9122314453125
1,4,landmark,16,0.0,64,64.0,0.21689200401306152,0.24050140380859375
1,4,landmark,16,0.0,128,128.0,0.3833824098110199,0.38352203369140625
1,4,landmark,16,0.0,256,256.0,0.5709590315818787,0.5559463500976562
1,4,landmark,16,0.0,512,512.0,0.7564505934715271,0.7274398803710938
1,4,landmark,16,0.005,64,80.0,0.7660976648330688,0.26904296875
1,4,landmark,16,0.005,128,144.0,0.7966670989990234,0.4087677001953125
1,4,landmark,16,0.005,256,272.0,0.8328916430473328,0.5725860595703125
1,4,landmark,16,0.005,512,528.0,0.8749161958694458,0.7361297607421875
1,4,landmark,16,0.01,64,112.0,0.7703434824943542,0.2850341796875
1,4,landmark,16,0.01,128,176.0,0.8009501695632935,0.42450714111328125
1,4,landmark,16,0.01,256,304.0,0.8368560075759888,0.5869903564453125
1,4,landmark,16,0.01,512,560.0,0.8775988817214966,0.746307373046875
1,4,landmark,16,0.02,64,144.0,0.773159921169281,0.294158935546875
1,4,landmark,16,0.02,128,208.0,0.8038268089294434,0.4329681396484375
1,4,landmark,16,0.02,256,336.0,0.8392272591590881,0.5942459106445312
1,4,landmark,16,0.02,512,592.0,0.8798843026161194,0.752532958984375
1,4,landmark,16,0.05,64,272.0,0.7814915776252747,0.3274078369140625
1,4,landmark,16,0.05,128,336.0,0.8119053244590759,0.46355438232421875
1,4,landmark,16,0.05,256,464.0,0.8469926118850708,0.6188278198242188
1,4,landmark,16,0.05,512,720.0,0.8858349323272705,0.7704238891601562
1,4,oracle_chunk,32,0.0,64,64.0,0.761042058467865,0.18848419189453125
1,4,oracle_chunk,32,0.0,128,128.0,0.8056100010871887,0.3975982666015625
1,4,oracle_chunk,32,0.0,256,256.0,0.8506617546081543,0.6274642944335938
1,4,oracle_chunk,32,0.0,512,512.0,0.8939767479896545,0.828460693359375
1,4,landmark,32,0.0,64,64.0,0.11260544508695602,0.205657958984375
1,4,landmark,32,0.0,128,128.0,0.2013348937034607,0.34405517578125
1,4,landmark,32,0.0,256,256.0,0.43374910950660706,0.5086746215820312
1,4,landmark,32,0.0,512,512.0,0.695703387260437,0.6787796020507812
1,4,landmark,32,0.005,64,96.0,0.7599477767944336,0.240478515625
1,4,landmark,32,0.005,128,160.0,0.791789710521698,0.37749481201171875
1,4,landmark,32,0.005,256,288.0,0.8274117112159729,0.5361328125
1,4,landmark,32,0.005,512,544.0,0.8677483201026917,0.694000244140625
1,4,landmark,32,0.01,64,96.0,0.7599477767944336,0.240478515625
1,4,landmark,32,0.01,128,160.0,0.791789710521698,0.37749481201171875
1,4,landmark,32,0.01,256,288.0,0.8274117112159729,0.5361328125
1,4,landmark,32,0.01,512,544.0,0.8677483201026917,0.694000244140625
1,4,landmark,32,0.02,64,160.0,0.7660555243492126,0.26308441162109375
1,4,landmark,32,0.02,128,224.0,0.7978799343109131,0.39971923828125
1,4,landmark,32,0.02,256,352.0,0.8333341479301453,0.5569000244140625
1,4,landmark,32,0.02,512,608.0,0.8724503517150879,0.7098541259765625
1,4,landmark,32,0.05,64,256.0,0.7702350616455078,0.28128814697265625
1,4,landmark,32,0.05,128,320.0,0.8024513125419617,0.4168243408203125
1,4,landmark,32,0.05,256,448.0,0.8375630378723145,0.5733489990234375
1,4,landmark,32,0.05,512,704.0,0.8765786290168762,0.723724365234375
1,5,oracle_token,1,0.0,64,64.0,0.8679141998291016,1.0
1,5,oracle_token,1,0.0,128,128.0,0.905860185623169,1.0
1,5,oracle_token,1,0.0,256,256.0,0.9397609233856201,1.0
1,5,oracle_token,1,0.0,512,512.0,0.9674533605575562,1.0
1,5,oracle_chunk,4,0.0,64,64.0,0.829730212688446,0.5160903930664062
1,5,oracle_chunk,4,0.0,128,128.0,0.8735175132751465,0.8035125732421875
1,5,oracle_chunk,4,0.0,256,256.0,0.9138244986534119,0.989776611328125
1,5,oracle_chunk,4,0.0,512,512.0,0.9496943354606628,1.0
1,5,landmark,4,0.0,64,64.0,0.5161690711975098,0.3829498291015625
1,5,landmark,4,0.0,128,128.0,0.6731356978416443,0.5743637084960938
1,5,landmark,4,0.0,256,256.0,0.791541337966919,0.75738525390625
1,5,landmark,4,0.0,512,512.0,0.898716390132904,0.8921737670898438
1,5,landmark,4,0.005,64,84.0,0.7896292209625244,0.412933349609375
1,5,landmark,4,0.005,128,148.0,0.8363174200057983,0.599212646484375
1,5,landmark,4,0.005,256,276.0,0.8816863298416138,0.7754669189453125
1,5,landmark,4,0.005,512,532.0,0.9254457950592041,0.9030380249023438
1,5,landmark,4,0.01,64,104.0,0.7922755479812622,0.42350006103515625
1,5,landmark,4,0.01,128,168.0,0.8388219475746155,0.6089859008789062
1,5,landmark,4,0.01,256,296.0,0.8836483955383301,0.7830810546875
1,5,landmark,4,0.01,512,552.0,0.9266989827156067,0.9071807861328125
1,5,landmark,4,0.02,64,144.0,0.7960991263389587,0.43582916259765625
1,5,landmark,4,0.02,128,208.0,0.8425858616828918,0.6205062866210938
1,5,landmark,4,0.02,256,336.0,0.8868499398231506,0.7924880981445312
1,5,landmark,4,0.02,512,592.0,0.9290932416915894,0.9128570556640625
1,5,landmark,4,0.05,64,264.0,0.8075202703475952,0.4698333740234375
1,5,landmark,4,0.05,128,328.0,0.8534215092658997,0.6511383056640625
1,5,landmark,4,0.05,256,456.0,0.89548659324646,0.816131591796875
1,5,landmark,4,0.05,512,712.0,0.9353382587432861,0.925262451171875
1,5,oracle_chunk,8,0.0,64,64.0,0.8060270547866821,0.39948272705078125
1,5,oracle_chunk,8,0.0,128,128.0,0.8559460043907166,0.6507186889648438
1,5,oracle_chunk,8,0.0,256,256.0,0.8990675806999207,0.8830413818359375
1,5,oracle_chunk,8,0.0,512,512.0,0.9384616613388062,0.9933700561523438
1,5,landmark,8,0.0,64,64.0,0.3476957678794861,0.3152923583984375
1,5,landmark,8,0.0,128,128.0,0.5401723384857178,0.49558258056640625
1,5,landmark,8,0.0,256,256.0,0.7186161875724792,0.6746826171875
1,5,landmark,8,0.0,512,512.0,0.8324554562568665,0.8224639892578125
1,5,landmark,8,0.005,64,88.0,0.7666258811950684,0.35073089599609375
1,5,landmark,8,0.005,128,152.0,0.8160549402236938,0.5261459350585938
1,5,landmark,8,0.005,256,280.0,0.8635278344154358,0.6964492797851562
1,5,landmark,8,0.005,512,536.0,0.9093944430351257,0.8373184204101562
1,5,landmark,8,0.01,64,104.0,0.7686702609062195,0.3563385009765625
1,5,landmark,8,0.01,128,168.0,0.8177955150604248,0.531341552734375
1,5,landmark,8,0.01,256,296.0,0.8648037910461426,0.7005386352539062
1,5,landmark,8,0.01,512,552.0,0.9104373455047607,0.8404617309570312
1,5,landmark,8,0.02,64,144.0,0.7721124887466431,0.36898040771484375
1,5,landmark,8,0.02,128,208.0,0.8210974335670471,0.5429306030273438
1,5,landmark,8,0.02,256,336.0,0.8676390051841736,0.7103118896484375
1,5,landmark,8,0.02,512,592.0,0.9129579067230225,0.8475112915039062
1,5,landmark,8,0.05,64,264.0,0.7815064191818237,0.40210723876953125
1,5,landmark,8,0.05,128,328.0,0.8297052383422852,0.5724563598632812
1,5,landmark,8,0.05,256,456.0,0.8749887347221375,0.7328948974609375
1,5,landmark,8,0.05,512,712.0,0.9185179471969604,0.8628387451171875
1,5,oracle_chunk,16,0.0,64,64.0,0.7815172076225281,0.30975341796875
1,5,oracle_chunk,16,0.0,128,128.0,0.8386866450309753,0.5432968139648438
1,5,oracle_chunk,16,0.0,256,256.0,0.8858502507209778,0.7702484130859375
1,5,oracle_chunk,16,0.0,512,512.0,0.9283808469772339,0.9375534057617188
1,5,landmark,16,0.0,64,64.0,0.18270567059516907,0.27434539794921875
1,5,landmark,16,0.0,128,128.0,0.3213549256324768,0.43746185302734375
1,5,landmark,16,0.0,256,256.0,0.5327495336532593,0.6048660278320312
1,5,landmark,16,0.0,512,512.0,0.7284514307975769,0.7663497924804688
1,5,landmark,16,0.005,64,80.0,0.7464727163314819,0.3003387451171875
1,5,landmark,16,0.005,128,144.0,0.7986014485359192,0.461181640625
1,5,landmark,16,0.005,256,272.0,0.8446346521377563,0.62225341796875
1,5,landmark,16,0.005,512,528.0,0.8948895931243896,0.775482177734375
1,5,landmark,16,0.01,64,112.0,0.7516908645629883,0.31601715087890625
1,5,landmark,16,0.01,128,176.0,0.8038294911384583,0.4768218994140625
1,5,landmark,16,0.01,256,304.0,0.8496962189674377,0.6370773315429688
1,5,landmark,16,0.01,512,560.0,0.8987790942192078,0.786834716796875
1,5,landmark,16,0.02,64,144.0,0.7531881332397461,0.32219696044921875
1,5,landmark,16,0.02,128,208.0,0.8055180311203003,0.483062744140625
1,5,landmark,16,0.02,256,336.0,0.8513151407241821,0.6429672241210938
1,5,landmark,16,0.02,512,592.0,0.9003310799598694,0.791900634765625
1,5,landmark,16,0.05,64,272.0,0.7678300738334656,0.36309051513671875
1,5,landmark,16,0.05,128,336.0,0.8167060613632202,0.5182418823242188
1,5,landmark,16,0.05,256,464.0,0.8606519103050232,0.67138671875
1,5,landmark,16,0.05,512,720.0,0.9073814153671265,0.8124847412109375
1,5,oracle_chunk,32,0.0,64,64.0,0.7384812235832214,0.20195770263671875
1,5,oracle_chunk,32,0.0,128,128.0,0.8128398656845093,0.43091583251953125
1,5,oracle_chunk,32,0.0,256,256.0,0.8693810701370239,0.6596755981445312
1,5,oracle_chunk,32,0.0,512,512.0,0.9176139831542969,0.8537445068359375
1,5,landmark,32,0.0,64,64.0,0.12963257730007172,0.235321044921875
1,5,landmark,32,0.0,128,128.0,0.21847501397132874,0.3879547119140625
1,5,landmark,32,0.0,256,256.0,0.3661811053752899,0.5420608520507812
1,5,landmark,32,0.0,512,512.0,0.609915018081665,0.705291748046875
1,5,landmark,32,0.005,64,96.0,0.7296262383460999,0.2670135498046875
1,5,landmark,32,0.005,128,160.0,0.7815557718276978,0.41767120361328125
1,5,landmark,32,0.005,256,288.0,0.8322685360908508,0.5670242309570312
1,5,landmark,32,0.005,512,544.0,0.8831292390823364,0.7227783203125
1,5,landmark,32,0.01,64,96.0,0.7296262383460999,0.2670135498046875
1,5,landmark,32,0.01,128,160.0,0.7815557718276978,0.41767120361328125
1,5,landmark,32,0.01,256,288.0,0.8322685360908508,0.5670242309570312
1,5,landmark,32,0.01,512,544.0,0.8831292390823364,0.7227783203125
1,5,landmark,32,0.02,64,160.0,0.7356717586517334,0.28290557861328125
1,5,landmark,32,0.02,128,224.0,0.7872098684310913,0.43341827392578125
1,5,landmark,32,0.02,256,352.0,0.8380799293518066,0.5830307006835938
1,5,landmark,32,0.02,512,608.0,0.8890988826751709,0.7371749877929688
1,5,landmark,32,0.05,64,256.0,0.7414185404777527,0.29912567138671875
1,5,landmark,32,0.05,128,320.0,0.7929672598838806,0.44875335693359375
1,5,landmark,32,0.05,256,448.0,0.8438453674316406,0.5970001220703125
1,5,landmark,32,0.05,512,704.0,0.8934112191200256,0.7493667602539062
1,6,oracle_token,1,0.0,64,64.0,0.8045899271965027,1.0
1,6,oracle_token,1,0.0,128,128.0,0.8567444682121277,1.0
1,6,oracle_token,1,0.0,256,256.0,0.9058552384376526,1.0
1,6,oracle_token,1,0.0,512,512.0,0.9480074644088745,1.0
1,6,oracle_chunk,4,0.0,64,64.0,0.7563343048095703,0.5104827880859375
1,6,oracle_chunk,4,0.0,128,128.0,0.8133894801139832,0.7888336181640625
1,6,oracle_chunk,4,0.0,256,256.0,0.8687098026275635,0.9869918823242188
1,6,oracle_chunk,4,0.0,512,512.0,0.9210053086280823,1.0
1,6,landmark,4,0.0,64,64.0,0.4498059153556824,0.41075897216796875
1,6,landmark,4,0.0,128,128.0,0.6438658237457275,0.6001052856445312
1,6,landmark,4,0.0,256,256.0,0.769513726234436,0.7691497802734375
1,6,landmark,4,0.0,512,512.0,0.8605660796165466,0.8964996337890625
1,6,landmark,4,0.005,64,84.0,0.7183035612106323,0.43909454345703125
1,6,landmark,4,0.005,128,148.0,0.7748041152954102,0.621826171875
1,6,landmark,4,0.005,256,276.0,0.8314628005027771,0.7856597900390625
1,6,landmark,4,0.005,512,532.0,0.8904238939285278,0.90716552734375
1,6,landmark,4,0.01,64,104.0,0.7201263904571533,0.4449005126953125
1,6,landmark,4,0.01,128,168.0,0.7766282558441162,0.6273422241210938
1,6,landmark,4,0.01,256,296.0,0.8331456184387207,0.7903060913085938
1,6,landmark,4,0.01,512,552.0,0.8918018341064453,0.9097671508789062
1,6,landmark,4,0.02,64,144.0,0.724913477897644,0.45641326904296875
1,6,landmark,4,0.02,128,208.0,0.7809576392173767,0.6379013061523438
1,6,landmark,4,0.02,256,336.0,0.8371322154998779,0.7984771728515625
1,6,landmark,4,0.02,512,592.0,0.8948379755020142,0.9149932861328125
1,6,landmark,4,0.05,64,264.0,0.734499990940094,0.47893524169921875
1,6,landmark,4,0.05,128,328.0,0.7900382280349731,0.657440185546875
1,6,landmark,4,0.05,256,456.0,0.8454360365867615,0.8135223388671875
1,6,landmark,4,0.05,512,712.0,0.9015217423439026,0.9239578247070312
1,6,oracle_chunk,8,0.0,64,64.0,0.7267013192176819,0.39348602294921875
1,6,oracle_chunk,8,0.0,128,128.0,0.7907077074050903,0.6392440795898438
1,6,oracle_chunk,8,0.0,256,256.0,0.8492181301116943,0.8711318969726562
1,6,oracle_chunk,8,0.0,512,512.0,0.9053786396980286,0.99298095703125
1,6,landmark,8,0.0,64,64.0,0.3004738390445709,0.336700439453125
1,6,landmark,8,0.0,128,128.0,0.48668503761291504,0.51202392578125
1,6,landmark,8,0.0,256,256.0,0.6811232566833496,0.6834564208984375
1,6,landmark,8,0.0,512,512.0,0.8007519841194153,0.8295745849609375
1,6,landmark,8,0.005,64,88.0,0.6839308142662048,0.36542510986328125
1,6,landmark,8,0.005,128,152.0,0.7482005953788757,0.538299560546875
1,6,landmark,8,0.005,256,280.0,0.8084685802459717,0.70196533203125
1,6,landmark,8,0.005,512,536.0,0.8716312050819397,0.84173583984375
1,6,landmark,8,0.01,64,104.0,0.6866027116775513,0.3730010986328125
1,6,landmark,8,0.01,128,168.0,0.7505660653114319,0.54461669921875
1,6,landmark,8,0.01,256,296.0,0.8104605078697205,0.7071533203125
1,6,landmark,8,0.01,512,552.0,0.873347818851471,0.845611572265625
1,6,landmark,8,0.02,64,144.0,0.6907655000686646,0.384002685546875
1,6,landmark,8,0.02,128,208.0,0.7543888092041016,0.5543975830078125
1,6,landmark,8,0.02,256,336.0,0.8138678073883057,0.7155075073242188
1,6,landmark,8,0.02,512,592.0,0.8762405514717102,0.8515853881835938
1,6,landmark,8,0.05,64,264.0,0.7017098665237427,0.40700531005859375
1,6,landmark,8,0.05,128,328.0,0.7647968530654907,0.575653076171875
1,6,landmark,8,0.05,256,456.0,0.8231496214866638,0.7342376708984375
1,6,landmark,8,0.05,512,712.0,0.8840189576148987,0.8657302856445312
1,6,oracle_chunk,16,0.0,64,64.0,0.694580078125,0.3053436279296875
1,6,oracle_chunk,16,0.0,128,128.0,0.7676428556442261,0.5343017578125
1,6,oracle_chunk,16,0.0,256,256.0,0.8315671682357788,0.7546310424804688
1,6,oracle_chunk,16,0.0,512,512.0,0.8919917941093445,0.932586669921875
1,6,landmark,16,0.0,64,64.0,0.20356012880802155,0.29622650146484375
1,6,landmark,16,0.0,128,128.0,0.3327285647392273,0.45818328857421875
1,6,landmark,16,0.0,256,256.0,0.5387160778045654,0.6175079345703125
1,6,landmark,16,0.0,512,512.0,0.7142163515090942,0.7745590209960938
1,6,landmark,16,0.005,64,80.0,0.6605725288391113,0.31687164306640625
1,6,landmark,16,0.005,128,144.0,0.7242023348808289,0.47837066650390625
1,6,landmark,16,0.005,256,272.0,0.7840847373008728,0.6331558227539062
1,6,landmark,16,0.005,512,528.0,0.8503826260566711,0.782867431640625
1,6,landmark,16,0.01,64,112.0,0.6652770042419434,0.32953643798828125
1,6,landmark,16,0.01,128,176.0,0.7289144992828369,0.49094390869140625
1,6,landmark,16,0.01,256,304.0,0.788684606552124,0.6452407836914062
1,6,landmark,16,0.01,512,560.0,0.8541914224624634,0.7930145263671875
1,6,landmark,16,0.02,64,144.0,0.6674864292144775,0.3339691162109375
1,6,landmark,16,0.02,128,208.0,0.7311654090881348,0.4954376220703125
1,6,landmark,16,0.02,256,336.0,0.7908767461776733,0.64923095703125
1,6,landmark,16,0.02,512,592.0,0.856560468673706,0.7970428466796875
1,6,landmark,16,0.05,64,272.0,0.6761205196380615,0.35358428955078125
1,6,landmark,16,0.05,128,336.0,0.7396866679191589,0.5146026611328125
1,6,landmark,16,0.05,256,464.0,0.7994608283042908,0.6671142578125
1,6,landmark,16,0.05,512,720.0,0.8637877106666565,0.8112106323242188
1,6,oracle_chunk,32,0.0,64,64.0,0.6415125727653503,0.20021820068359375
1,6,oracle_chunk,32,0.0,128,128.0,0.7336385250091553,0.42484283447265625
1,6,oracle_chunk,32,0.0,256,256.0,0.8108895421028137,0.6547393798828125
1,6,oracle_chunk,32,0.0,512,512.0,0.8772389888763428,0.8457183837890625
1,6,landmark,32,0.0,64,64.0,0.15098918974399567,0.2569732666015625
1,6,landmark,32,0.0,128,128.0,0.24521547555923462,0.41350555419921875
1,6,landmark,32,0.0,256,256.0,0.40242302417755127,0.5694656372070312
1,6,landmark,32,0.0,512,512.0,0.6121742725372314,0.7199249267578125
1,6,landmark,32,0.005,64,96.0,0.638576328754425,0.28168487548828125
1,6,landmark,32,0.005,128,160.0,0.7050783038139343,0.43819427490234375
1,6,landmark,32,0.005,256,288.0,0.7689730525016785,0.5912857055664062
1,6,landmark,32,0.005,512,544.0,0.8315649032592773,0.7349853515625
1,6,landmark,32,0.01,64,96.0,0.638576328754425,0.28168487548828125
1,6,landmark,32,0.01,128,160.0,0.7050783038139343,0.43819427490234375
1,6,landmark,32,0.01,256,288.0,0.7689730525016785,0.5912857055664062
1,6,landmark,32,0.01,512,544.0,0.8315649032592773,0.7349853515625
1,6,landmark,32,0.02,64,160.0,0.6457425951957703,0.2989654541015625
1,6,landmark,32,0.02,128,224.0,0.7122451066970825,0.45529937744140625
1,6,landmark,32,0.02,256,352.0,0.7761110663414001,0.6081161499023438
1,6,landmark,32,0.02,512,608.0,0.8378207683563232,0.7496337890625
1,6,landmark,32,0.05,64,256.0,0.650387704372406,0.30957794189453125
1,6,landmark,32,0.05,128,320.0,0.7172238826751709,0.46617889404296875
1,6,landmark,32,0.05,256,448.0,0.7810338139533997,0.6182632446289062
1,6,landmark,32,0.05,512,704.0,0.8429513573646545,0.759033203125
1,7,oracle_token,1,0.0,64,64.0,0.6898058652877808,1.0
1,7,oracle_token,1,0.0,128,128.0,0.7694855332374573,1.0
1,7,oracle_token,1,0.0,256,256.0,0.84601229429245,1.0
1,7,oracle_token,1,0.0,512,512.0,0.9129713177680969,1.0
1,7,oracle_chunk,4,0.0,64,64.0,0.625659167766571,0.544219970703125
1,7,oracle_chunk,4,0.0,128,128.0,0.7100521326065063,0.8173828125
1,7,oracle_chunk,4,0.0,256,256.0,0.7941694259643555,0.9843368530273438
1,7,oracle_chunk,4,0.0,512,512.0,0.8744741082191467,0.9999160766601562
1,7,landmark,4,0.0,64,64.0,0.3301740884780884,0.40415191650390625
1,7,landmark,4,0.0,128,128.0,0.48598015308380127,0.5936279296875
1,7,landmark,4,0.0,256,256.0,0.6541355848312378,0.7702865600585938
1,7,landmark,4,0.0,512,512.0,0.7961565852165222,0.8983001708984375
1,7,landmark,4,0.005,64,84.0,0.5782644748687744,0.4358062744140625
1,7,landmark,4,0.005,128,148.0,0.655678391456604,0.6225967407226562
1,7,landmark,4,0.005,256,276.0,0.7395123839378357,0.7921600341796875
1,7,landmark,4,0.005,512,532.0,0.8279888033866882,0.9121322631835938
1,7,landmark,4,0.01,64,104.0,0.5823758840560913,0.44329071044921875
1,7,landmark,4,0.01,128,168.0,0.6597568988800049,0.6299972534179688
1,7,landmark,4,0.01,256,296.0,0.743340253829956,0.7983627319335938
1,7,landmark,4,0.01,512,552.0,0.8311383724212646,0.9164581298828125
1,7,landmark,4,0.02,64,144.0,0.5891764163970947,0.45365142822265625
1,7,landmark,4,0.02,128,208.0,0.6660376787185669,0.6390304565429688
1,7,landmark,4,0.02,256,336.0,0.7489759922027588,0.8055343627929688
1,7,landmark,4,0.02,512,592.0,0.8355304598808289,0.9209213256835938
1,7,landmark,4,0.05,64,264.0,0.6086219549179077,0.48777008056640625
1,7,landmark,4,0.05,128,328.0,0.6839259266853333,0.668060302734375
1,7,landmark,4,0.05,256,456.0,0.7642583250999451,0.8258514404296875
1,7,landmark,4,0.05,512,712.0,0.8477398157119751,0.933074951171875
1,7,oracle_chunk,8,0.0,64,64.0,0.5872064232826233,0.4302215576171875
1,7,oracle_chunk,8,0.0,128,128.0,0.6789129972457886,0.68536376953125
1,7,oracle_chunk,8,0.0,256,256.0,0.7667474746704102,0.8946609497070312
1,7,oracle_chunk,8,0.0,512,512.0,0.8523336052894592,0.9902420043945312
1,7,landmark,8,0.0,64,64.0,0.24135801196098328,0.34889984130859375
1,7,landmark,8,0.0,128,128.0,0.3632977604866028,0.5251007080078125
1,7,landmark,8,0.0,256,256.0,0.5414152145385742,0.6913681030273438
1,7,landmark,8,0.0,512,512.0,0.7356141805648804,0.8361358642578125
1,7,landmark,8,0.005,64,88.0,0.5442034006118774,0.37691497802734375
1,7,landmark,8,0.005,128,152.0,0.6276155114173889,0.5524063110351562
1,7,landmark,8,0.005,256,280.0,0.7115267515182495,0.7144546508789062
1,7,landmark,8,0.005,512,536.0,0.8021118640899658,0.8516845703125
1,7,landmark,8,0.01,64,104.0,0.5513531565666199,0.38802337646484375
1,7,landmark,8,0.01,128,168.0,0.631823718547821,0.5605850219726562
1,7,landmark,8,0.01,256,296.0,0.7146064043045044,0.72015380859375
1,7,landmark,8,0.01,512,552.0,0.8045016527175903,0.8554840087890625
1,7,landmark,8,0.02,64,144.0,0.5573587417602539,0.401031494140625
1,7,landmark,8,0.02,128,208.0,0.6374251842498779,0.5721588134765625
1,7,landmark,8,0.02,256,336.0,0.7197518944740295,0.72998046875
1,7,landmark,8,0.02,512,592.0,0.808817446231842,0.8628005981445312
1,7,landmark,8,0.05,64,264.0,0.5800384283065796,0.44207763671875
1,7,landmark,8,0.05,128,328.0,0.6557755470275879,0.6035003662109375
1,7,landmark,8,0.05,256,456.0,0.7343448400497437,0.7510299682617188
1,7,landmark,8,0.05,512,712.0,0.8205177783966064,0.8770828247070312
1,7,oracle_chunk,16,0.0,64,64.0,0.5476702451705933,0.34343719482421875
1,7,oracle_chunk,16,0.0,128,128.0,0.646307647228241,0.5839996337890625
1,7,oracle_chunk,16,0.0,256,256.0,0.7393696308135986,0.7977981567382812
1,7,oracle_chunk,16,0.0,512,512.0,0.8308891654014587,0.9458541870117188
1,7,landmark,16,0.0,64,64.0,0.19650352001190186,0.3147125244140625
1,7,landmark,16,0.0,128,128.0,0.29584747552871704,0.47246551513671875
1,7,landmark,16,0.0,256,256.0,0.4192395508289337,0.6272735595703125
1,7,landmark,16,0.0,512,512.0,0.6127768754959106,0.7818374633789062
1,7,landmark,16,0.005,64,80.0,0.5225182175636292,0.333740234375
1,7,landmark,16,0.005,128,144.0,0.6001919507980347,0.49095916748046875
1,7,landmark,16,0.005,256,272.0,0.6830400824546814,0.644317626953125
1,7,landmark,16,0.005,512,528.0,0.7777948975563049,0.793060302734375
1,7,landmark,16,0.01,64,112.0,0.5289949774742126,0.34709930419921875
1,7,landmark,16,0.01,128,176.0,0.6066735982894897,0.50433349609375
1,7,landmark,16,0.01,256,304.0,0.6895321607589722,0.6576995849609375
1,7,landmark,16,0.01,512,560.0,0.7837932109832764,0.8049850463867188
1,7,landmark,16,0.02,64,144.0,0.5393012762069702,0.36138153076171875
1,7,landmark,16,0.02,128,208.0,0.6137605309486389,0.5162277221679688
1,7,landmark,16,0.02,256,336.0,0.6953862309455872,0.6671142578125
1,7,landmark,16,0.02,512,592.0,0.7884581089019775,0.8116455078125
1,7,landmark,16,0.05,64,272.0,0.5510567426681519,0.3792266845703125
1,7,landmark,16,0.05,128,336.0,0.6247338652610779,0.53131103515625
1,7,landmark,16,0.05,256,464.0,0.7057281136512756,0.67950439453125
1,7,landmark,16,0.05,512,720.0,0.796864926815033,0.8205032348632812
1,7,oracle_chunk,32,0.0,64,64.0,0.48439154028892517,0.23630523681640625
1,7,oracle_chunk,32,0.0,128,128.0,0.6022568345069885,0.472869873046875
1,7,oracle_chunk,32,0.0,256,256.0,0.7095479965209961,0.7077560424804688
1,7,oracle_chunk,32,0.0,512,512.0,0.8091441988945007,0.8853683471679688
1,7,landmark,32,0.0,64,64.0,0.16717121005058289,0.26752471923828125
1,7,landmark,32,0.0,128,128.0,0.25908327102661133,0.42226409912109375
1,7,landmark,32,0.0,256,256.0,0.3749280869960785,0.5852127075195312
1,7,landmark,32,0.0,512,512.0,0.5557719469070435,0.744476318359375
1,7,landmark,32,0.005,64,96.0,0.4966059923171997,0.28893280029296875
1,7,landmark,32,0.005,128,160.0,0.5796723365783691,0.44361114501953125
1,7,landmark,32,0.005,256,288.0,0.6693827509880066,0.6061325073242188
1,7,landmark,32,0.005,512,544.0,0.7642624378204346,0.76129150390625
1,7,landmark,32,0.01,64,96.0,0.4966059923171997,0.28893280029296875
1,7,landmark,32,0.01,128,160.0,0.5796723365783691,0.44361114501953125
1,7,landmark,32,0.01,256,288.0,0.6693827509880066,0.6061325073242188
1,7,landmark,32,0.01,512,544.0,0.7642624378204346,0.76129150390625
1,7,landmark,32,0.02,64,160.0,0.5141936540603638,0.3169097900390625
1,7,landmark,32,0.02,128,224.0,0.59263014793396,0.464996337890625
1,7,landmark,32,0.02,256,352.0,0.6809622049331665,0.6241607666015625
1,7,landmark,32,0.02,512,608.0,0.7742853164672852,0.7760391235351562
1,7,landmark,32,0.05,64,256.0,0.5278099179267883,0.3360137939453125
1,7,landmark,32,0.05,128,320.0,0.6062572002410889,0.4841461181640625
1,7,landmark,32,0.05,256,448.0,0.6941633224487305,0.6419296264648438
1,7,landmark,32,0.05,512,704.0,0.7848697304725647,0.7894821166992188
1,8,oracle_token,1,0.0,64,64.0,0.7537428140640259,1.0
1,8,oracle_token,1,0.0,128,128.0,0.8224682211875916,1.0
1,8,oracle_token,1,0.0,256,256.0,0.8848261833190918,1.0
1,8,oracle_token,1,0.0,512,512.0,0.937021017074585,1.0
1,8,oracle_chunk,4,0.0,64,64.0,0.6882039904594421,0.52490234375
1,8,oracle_chunk,4,0.0,128,128.0,0.7656324505805969,0.8012237548828125
1,8,oracle_chunk,4,0.0,256,256.0,0.8395197987556458,0.9880828857421875
1,8,oracle_chunk,4,0.0,512,512.0,0.9051090478897095,0.9999771118164062
1,8,landmark,4,0.0,64,64.0,0.3520176112651825,0.404296875
1,8,landmark,4,0.0,128,128.0,0.5005462169647217,0.5924911499023438
1,8,landmark,4,0.0,256,256.0,0.6790077686309814,0.7679290771484375
1,8,landmark,4,0.0,512,512.0,0.8376708030700684,0.8913955688476562
1,8,landmark,4,0.005,64,84.0,0.6373656988143921,0.43451690673828125
1,8,landmark,4,0.005,128,148.0,0.7127946615219116,0.61944580078125
1,8,landmark,4,0.005,256,276.0,0.7915412783622742,0.7887191772460938
1,8,landmark,4,0.005,512,532.0,0.8667974472045898,0.9031219482421875
1,8,landmark,4,0.01,64,104.0,0.6406108736991882,0.44074249267578125
1,8,landmark,4,0.01,128,168.0,0.7159704566001892,0.6250076293945312
1,8,landmark,4,0.01,256,296.0,0.7943956851959229,0.7932815551757812
1,8,landmark,4,0.01,512,552.0,0.8691031336784363,0.9061813354492188
1,8,landmark,4,0.02,64,144.0,0.6461220979690552,0.45221710205078125
1,8,landmark,4,0.02,128,208.0,0.7209489345550537,0.6351776123046875
1,8,landmark,4,0.02,256,336.0,0.7987310886383057,0.8011627197265625
1,8,landmark,4,0.02,512,592.0,0.8724379539489746,0.9112319946289062
1,8,landmark,4,0.05,64,264.0,0.66134113073349,0.47718048095703125
1,8,landmark,4,0.05,128,328.0,0.7348372936248779,0.6571884155273438
1,8,landmark,4,0.05,256,456.0,0.8108907341957092,0.8182296752929688
1,8,landmark,4,0.05,512,712.0,0.8817691802978516,0.9214248657226562
1,8,oracle_chunk,8,0.0,64,64.0,0.6505563259124756,0.41466522216796875
1,8,oracle_chunk,8,0.0,128,128.0,0.7342478036880493,0.659088134765625
1,8,oracle_chunk,8,0.0,256,256.0,0.813671886920929,0.883209228515625
1,8,oracle_chunk,8,0.0,512,512.0,0.8859855532646179,0.993194580078125
1,8,landmark,8,0.0,64,64.0,0.2755575180053711,0.34154510498046875
1,8,landmark,8,0.0,128,128.0,0.3860306441783905,0.507720947265625
1,8,landmark,8,0.0,256,256.0,0.5356992483139038,0.6811752319335938
1,8,landmark,8,0.0,512,512.0,0.7355244159698486,0.8250961303710938
1,8,landmark,8,0.005,64,88.0,0.6045823693275452,0.36901092529296875
1,8,landmark,8,0.005,128,152.0,0.6796417832374573,0.5345916748046875
1,8,landmark,8,0.005,256,280.0,0.75883948802948,0.7042312622070312
1,8,landmark,8,0.005,512,536.0,0.8397083282470703,0.8404159545898438
1,8,landmark,8,0.01,64,104.0,0.6094452142715454,0.38040924072265625
1,8,landmark,8,0.01,128,168.0,0.6837356686592102,0.5434722900390625
1,8,landmark,8,0.01,256,296.0,0.7619494795799255,0.7101211547851562
1,8,landmark,8,0.01,512,552.0,0.8419370055198669,0.8440093994140625
1,8,landmark,8,0.02,64,144.0,0.6164674758911133,0.3931121826171875
1,8,landmark,8,0.02,128,208.0,0.6890692114830017,0.5537643432617188
1,8,landmark,8,0.02,256,336.0,0.766107439994812,0.717193603515625
1,8,landmark,8,0.02,512,592.0,0.8451218008995056,0.8486785888671875
1,8,landmark,8,0.05,64,264.0,0.6329397559165955,0.423980712890625
1,8,landmark,8,0.05,128,328.0,0.7020730972290039,0.578582763671875
1,8,landmark,8,0.05,256,456.0,0.7770113945007324,0.7360687255859375
1,8,landmark,8,0.05,512,712.0,0.8539895415306091,0.8620681762695312
1,8,oracle_chunk,16,0.0,64,64.0,0.6111155152320862,0.33119964599609375
1,8,oracle_chunk,16,0.0,128,128.0,0.7017442584037781,0.5528564453125
1,8,oracle_chunk,16,0.0,256,256.0,0.7873491048812866,0.7726287841796875
1,8,oracle_chunk,16,0.0,512,512.0,0.866270899772644,0.9375762939453125
1,8,landmark,16,0.0,64,64.0,0.23201313614845276,0.3044586181640625
1,8,landmark,16,0.0,128,128.0,0.3168106973171234,0.448486328125
1,8,landmark,16,0.0,256,256.0,0.44555601477622986,0.610992431640625
1,8,landmark,16,0.0,512,512.0,0.6272056698799133,0.7668380737304688
1,8,landmark,16,0.005,64,80.0,0.5760776400566101,0.3217315673828125
1,8,landmark,16,0.005,128,144.0,0.6458401679992676,0.4656982421875
1,8,landmark,16,0.005,256,272.0,0.7277200222015381,0.626983642578125
1,8,landmark,16,0.005,512,528.0,0.8130002021789551,0.7791290283203125
1,8,landmark,16,0.01,64,112.0,0.5828142166137695,0.33559417724609375
1,8,landmark,16,0.01,128,176.0,0.6525192260742188,0.47933197021484375
1,8,landmark,16,0.01,256,304.0,0.7335177063941956,0.638580322265625
1,8,landmark,16,0.01,512,560.0,0.8172198534011841,0.7878341674804688
1,8,landmark,16,0.02,64,144.0,0.5868245959281921,0.34267425537109375
1,8,landmark,16,0.02,128,208.0,0.6565235257148743,0.48638916015625
1,8,landmark,16,0.02,256,336.0,0.7372516989707947,0.6450958251953125
1,8,landmark,16,0.02,512,592.0,0.8201931118965149,0.792755126953125
1,8,landmark,16,0.05,64,272.0,0.6036030054092407,0.37656402587890625
1,8,landmark,16,0.05,128,336.0,0.6730534434318542,0.5193252563476562
1,8,landmark,16,0.05,256,464.0,0.7522605061531067,0.6741790771484375
1,8,landmark,16,0.05,512,720.0,0.8329624533653259,0.81396484375
1,8,oracle_chunk,32,0.0,64,64.0,0.5458880662918091,0.22406768798828125
1,8,oracle_chunk,32,0.0,128,128.0,0.6573488712310791,0.441558837890625
1,8,oracle_chunk,32,0.0,256,256.0,0.75679612159729,0.673095703125
1,8,oracle_chunk,32,0.0,512,512.0,0.8446646928787231,0.8600540161132812
1,8,landmark,32,0.0,64,64.0,0.18338483572006226,0.25366973876953125
1,8,landmark,32,0.0,128,128.0,0.2734898328781128,0.398712158203125
1,8,landmark,32,0.0,256,256.0,0.3909814953804016,0.5607528686523438
1,8,landmark,32,0.0,512,512.0,0.5621607899665833,0.7189102172851562
1,8,landmark,32,0.005,64,96.0,0.5406203269958496,0.27295684814453125
1,8,landmark,32,0.005,128,160.0,0.6184177398681641,0.41820526123046875
1,8,landmark,32,0.005,256,288.0,0.7068836688995361,0.579803466796875
1,8,landmark,32,0.005,512,544.0,0.7947301864624023,0.7346420288085938
1,8,landmark,32,0.01,64,96.0,0.5406203269958496,0.27295684814453125
1,8,landmark,32,0.01,128,160.0,0.6184177398681641,0.41820526123046875
1,8,landmark,32,0.01,256,288.0,0.7068836688995361,0.579803466796875
1,8,landmark,32,0.01,512,544.0,0.7947301864624023,0.7346420288085938
1,8,landmark,32,0.02,64,160.0,0.5494719743728638,0.2878570556640625
1,8,landmark,32,0.02,128,224.0,0.6277883052825928,0.4336700439453125
1,8,landmark,32,0.02,256,352.0,0.7154808044433594,0.5938262939453125
1,8,landmark,32,0.02,512,608.0,0.8012874722480774,0.7457504272460938
1,8,landmark,32,0.05,64,256.0,0.5598315000534058,0.3075714111328125
1,8,landmark,32,0.05,128,320.0,0.6376591920852661,0.4531707763671875
1,8,landmark,32,0.05,256,448.0,0.7249212265014648,0.6110153198242188
1,8,landmark,32,0.05,512,704.0,0.8102165460586548,0.7601547241210938
1,9,oracle_token,1,0.0,64,64.0,0.7812394499778748,1.0
1,9,oracle_token,1,0.0,128,128.0,0.8397042751312256,1.0
1,9,oracle_token,1,0.0,256,256.0,0.8950212001800537,1.0
1,9,oracle_token,1,0.0,512,512.0,0.942299485206604,1.0
1,9,oracle_chunk,4,0.0,64,64.0,0.7254173159599304,0.49456787109375
1,9,oracle_chunk,4,0.0,128,128.0,0.7874454259872437,0.7701187133789062
1,9,oracle_chunk,4,0.0,256,256.0,0.8507750630378723,0.9796905517578125
1,9,oracle_chunk,4,0.0,512,512.0,0.9103632569313049,0.9999465942382812
1,9,landmark,4,0.0,64,64.0,0.4064261019229889,0.34980010986328125
1,9,landmark,4,0.0,128,128.0,0.5798126459121704,0.5252838134765625
1,9,landmark,4,0.0,256,256.0,0.7365456819534302,0.7039413452148438
1,9,landmark,4,0.0,512,512.0,0.8414314985275269,0.8552017211914062
1,9,landmark,4,0.005,64,84.0,0.6841312646865845,0.37946319580078125
1,9,landmark,4,0.005,128,148.0,0.7382833957672119,0.550628662109375
1,9,landmark,4,0.005,256,276.0,0.799331784248352,0.72198486328125
1,9,landmark,4,0.005,512,532.0,0.8660463094711304,0.8666610717773438
1,9,landmark,4,0.01,64,104.0,0.6864141225814819,0.38616180419921875
1,9,landmark,4,0.01,128,168.0,0.7405020594596863,0.556884765625
1,9,landmark,4,0.01,256,296.0,0.801345705986023,0.7274246215820312
1,9,landmark,4,0.01,512,552.0,0.867779552936554,0.870452880859375
1,9,landmark,4,0.02,64,144.0,0.6908741593360901,0.398193359375
1,9,landmark,4,0.02,128,208.0,0.7445553541183472,0.5676651000976562
1,9,landmark,4,0.02,256,336.0,0.8048278093338013,0.7356414794921875
1,9,landmark,4,0.02,512,592.0,0.8706124424934387,0.8761520385742188
1,9,landmark,4,0.05,64,264.0,0.7009997367858887,0.42403411865234375
1,9,landmark,4,0.05,128,328.0,0.7544321417808533,0.5912322998046875
1,9,landmark,4,0.05,256,456.0,0.8138765096664429,0.7548980712890625
1,9,landmark,4,0.05,512,712.0,0.8781635761260986,0.8887557983398438
1,9,oracle_chunk,8,0.0,64,64.0,0.6953811645507812,0.38238525390625
1,9,oracle_chunk,8,0.0,128,128.0,0.7602087259292603,0.6188507080078125
1,9,oracle_chunk,8,0.0,256,256.0,0.8261090517044067,0.8532333374023438
1,9,oracle_chunk,8,0.0,512,512.0,0.8911693096160889,0.9869918823242188
1,9,landmark,8,0.0,64,64.0,0.2154412567615509,0.298919677734375
1,9,landmark,8,0.0,128,128.0,0.3606104850769043,0.452667236328125
1,9,landmark,8,0.0,256,256.0,0.5727958679199219,0.6200714111328125
1,9,landmark,8,0.0,512,512.0,0.771753191947937,0.7846832275390625
1,9,landmark,8,0.005,64,88.0,0.66374671459198,0.330169677734375
1,9,landmark,8,0.005,128,152.0,0.7171465754508972,0.48224639892578125
1,9,landmark,8,0.005,256,280.0,0.7768880128860474,0.6427993774414062
1,9,landmark,8,0.005,512,536.0,0.844943106174469,0.7991485595703125
1,9,landmark,8,0.01,64,104.0,0.6659975647926331,0.336212158203125
1,9,landmark,8,0.01,128,168.0,0.7191756367683411,0.48748779296875
1,9,landmark,8,0.01,256,296.0,0.7786744832992554,0.6468429565429688
1,9,landmark,8,0.01,512,552.0,0.8461771011352539,0.8015823364257812
1,9,landmark,8,0.02,64,144.0,0.6710880398750305,0.34993743896484375
1,9,landmark,8,0.02,128,208.0,0.7234882116317749,0.49883270263671875
1,9,landmark,8,0.02,256,336.0,0.7824292182922363,0.6561965942382812
1,9,landmark,8,0.02,512,592.0,0.849252462387085,0.8079681396484375
1,9,landmark,8,0.05,64,264.0,0.6812402606010437,0.37302398681640625
1,9,landmark,8,0.05,128,328.0,0.7334407567977905,0.5209121704101562
1,9,landmark,8,0.05,256,456.0,0.7920090556144714,0.6762466430664062
1,9,landmark,8,0.05,512,712.0,0.8575605750083923,0.8236923217773438
1,9,oracle_chunk,16,0.0,64,64.0,0.6653651595115662,0.30127716064453125
1,9,oracle_chunk,16,0.0,128,128.0,0.7341257333755493,0.5133285522460938
1,9,oracle_chunk,16,0.0,256,256.0,0.8031914234161377,0.7355728149414062
1,9,oracle_chunk,16,0.0,512,512.0,0.8725078105926514,0.9167709350585938
1,9,landmark,16,0.0,64,64.0,0.15449313819408417,0.2681732177734375
1,9,landmark,16,0.0,128,128.0,0.2348719835281372,0.40756988525390625
1,9,landmark,16,0.0,256,256.0,0.38658979535102844,0.5621414184570312
1,9,landmark,16,0.0,512,512.0,0.6171169281005859,0.7275924682617188
1,9,landmark,16,0.005,64,80.0,0.6453373432159424,0.28887176513671875
1,9,landmark,16,0.005,128,144.0,0.6956353187561035,0.42806243896484375
1,9,landmark,16,0.005,256,272.0,0.7561156749725342,0.579803466796875
1,9,landmark,16,0.005,512,528.0,0.8253815174102783,0.7386016845703125
1,9,landmark,16,0.01,64,112.0,0.6523182392120361,0.30461883544921875
1,9,landmark,16,0.01,128,176.0,0.7026332020759583,0.44380950927734375
1,9,landmark,16,0.01,256,304.0,0.7625941038131714,0.5946807861328125
1,9,landmark,16,0.01,512,560.0,0.8304309248924255,0.7503585815429688
1,9,landmark,16,0.02,64,144.0,0.6544638872146606,0.30931854248046875
1,9,landmark,16,0.02,128,208.0,0.7047857642173767,0.4485321044921875
1,9,landmark,16,0.02,256,336.0,0.764751672744751,0.5993728637695312
1,9,landmark,16,0.02,512,592.0,0.8326985836029053,0.7549896240234375
1,9,landmark,16,0.05,64,272.0,0.664680004119873,0.334625244140625
1,9,landmark,16,0.05,128,336.0,0.7140747308731079,0.4712066650390625
1,9,landmark,16,0.05,256,464.0,0.7731278538703918,0.6191864013671875
1,9,landmark,16,0.05,512,720.0,0.8399099707603455,0.7703628540039062
1,9,oracle_chunk,32,0.0,64,64.0,0.6177351474761963,0.19734954833984375
1,9,oracle_chunk,32,0.0,128,128.0,0.7001498937606812,0.40643310546875
1,9,oracle_chunk,32,0.0,256,256.0,0.7786885499954224,0.6321945190429688
1,9,oracle_chunk,32,0.0,512,512.0,0.8536339402198792,0.8293609619140625
1,9,landmark,32,0.0,64,64.0,0.11129369586706161,0.2262420654296875
1,9,landmark,32,0.0,128,128.0,0.18912792205810547,0.36214447021484375
1,9,landmark,32,0.0,256,256.0,0.31660738587379456,0.5153427124023438
1,9,landmark,32,0.0,512,512.0,0.5565711855888367,0.6800384521484375
1,9,landmark,32,0.005,64,96.0,0.6243282556533813,0.252227783203125
1,9,landmark,32,0.005,128,160.0,0.6815627813339233,0.3878173828125
1,9,landmark,32,0.005,256,288.0,0.7440471053123474,0.5394363403320312
1,9,landmark,32,0.005,512,544.0,0.813946545124054,0.6972274780273438
1,9,landmark,32,0.01,64,96.0,0.6243282556533813,0.252227783203125
1,9,landmark,32,0.01,128,160.0,0.6815627813339233,0.3878173828125
1,9,landmark,32,0.01,256,288.0,0.7440471053123474,0.5394363403320312
1,9,landmark,32,0.01,512,544.0,0.813946545124054,0.6972274780273438
1,9,landmark,32,0.02,64,160.0,0.634739875793457,0.2761077880859375
1,9,landmark,32,0.02,128,224.0,0.691963791847229,0.4112091064453125
1,9,landmark,32,0.02,256,352.0,0.7542401552200317,0.5620040893554688
1,9,landmark,32,0.02,512,608.0,0.8218167424201965,0.7151412963867188
1,9,landmark,32,0.05,64,256.0,0.6391335725784302,0.2860565185546875
1,9,landmark,32,0.05,128,320.0,0.6963590979576111,0.42119598388671875
1,9,landmark,32,0.05,256,448.0,0.7586371898651123,0.5718536376953125
1,9,landmark,32,0.05,512,704.0,0.826415479183197,0.724822998046875
1,10,oracle_token,1,0.0,64,64.0,0.8257681727409363,1.0
1,10,oracle_token,1,0.0,128,128.0,0.8721927404403687,1.0
1,10,oracle_token,1,0.0,256,256.0,0.9153996706008911,1.0
1,10,oracle_token,1,0.0,512,512.0,0.9520613551139832,1.0
1,10,oracle_chunk,4,0.0,64,64.0,0.7765697836875916,0.49166107177734375
1,10,oracle_chunk,4,0.0,128,128.0,0.8286097645759583,0.7671279907226562
1,10,oracle_chunk,4,0.0,256,256.0,0.8800127506256104,0.9811248779296875
1,10,oracle_chunk,4,0.0,512,512.0,0.9271584749221802,0.999969482421875
1,10,landmark,4,0.0,64,64.0,0.4136013686656952,0.3398284912109375
1,10,landmark,4,0.0,128,128.0,0.5600420236587524,0.51361083984375
1,10,landmark,4,0.0,256,256.0,0.7122834324836731,0.69940185546875
1,10,landmark,4,0.0,512,512.0,0.8465411067008972,0.8544921875
1,10,landmark,4,0.005,64,84.0,0.7299784421920776,0.3633880615234375
1,10,landmark,4,0.005,128,148.0,0.7792577743530273,0.5341949462890625
1,10,landmark,4,0.005,256,276.0,0.8321545124053955,0.7147064208984375
1,10,landmark,4,0.005,512,532.0,0.887453019618988,0.863494873046875
1,10,landmark,4,0.01,64,104.0,0.7317284345626831,0.36944580078125
1,10,landmark,4,0.01,128,168.0,0.780843198299408,0.539306640625
1,10,landmark,4,0.01,256,296.0,0.8335976600646973,0.718719482421875
1,10,landmark,4,0.01,512,552.0,0.8887817859649658,0.8663864135742188
1,10,landmark,4,0.02,64,144.0,0.7345220446586609,0.379241943359375
1,10,landmark,4,0.02,128,208.0,0.7835870385169983,0.5484161376953125
1,10,landmark,4,0.02,256,336.0,0.8362035751342773,0.7262954711914062
1,10,landmark,4,0.02,512,592.0,0.8911080360412598,0.87139892578125
1,10,landmark,4,0.05,64,264.0,0.7453525066375732,0.4099273681640625
1,10,landmark,4,0.05,128,328.0,0.7936531901359558,0.5759735107421875
1,10,landmark,4,0.05,256,456.0,0.8450499773025513,0.7481231689453125
1,10,landmark,4,0.05,512,712.0,0.8983101844787598,0.8858489990234375
1,10,oracle_chunk,8,0.0,64,64.0,0.7486530542373657,0.37640380859375
1,10,oracle_chunk,8,0.0,128,128.0,0.8038996458053589,0.6085357666015625
1,10,oracle_chunk,8,0.0,256,256.0,0.8588987588882446,0.849273681640625
1,10,oracle_chunk,8,0.0,512,512.0,0.910900354385376,0.986968994140625
1,10,landmark,8,0.0,64,64.0,0.24504442512989044,0.27805328369140625
1,10,landmark,8,0.0,128,128.0,0.36855730414390564,0.42675018310546875
1,10,landmark,8,0.0,256,256.0,0.5394799709320068,0.6030349731445312
1,10,landmark,8,0.0,512,512.0,0.7277629375457764,0.7713241577148438
1,10,landmark,8,0.005,64,88.0,0.7102219462394714,0.304443359375
1,10,landmark,8,0.005,128,152.0,0.7552670240402222,0.45182037353515625
1,10,landmark,8,0.005,256,280.0,0.8091280460357666,0.6241073608398438
1,10,landmark,8,0.005,512,536.0,0.8665302395820618,0.7863006591796875
1,10,landmark,8,0.01,64,104.0,0.7117171883583069,0.30855560302734375
1,10,landmark,8,0.01,128,168.0,0.7565594911575317,0.45566558837890625
1,10,landmark,8,0.01,256,296.0,0.8104307651519775,0.6275177001953125
1,10,landmark,8,0.01,512,552.0,0.8674447536468506,0.7887191772460938
1,10,landmark,8,0.02,64,144.0,0.7152101397514343,0.31859588623046875
1,10,landmark,8,0.02,128,208.0,0.7600006461143494,0.46480560302734375
1,10,landmark,8,0.02,256,336.0,0.8134400248527527,0.6355361938476562
1,10,landmark,8,0.02,512,592.0,0.8701649308204651,0.7947311401367188
1,10,landmark,8,0.05,64,264.0,0.7257508039474487,0.35016632080078125
1,10,landmark,8,0.05,128,328.0,0.7698847651481628,0.49440765380859375
1,10,landmark,8,0.05,256,456.0,0.8218264579772949,0.6616287231445312
1,10,landmark,8,0.05,512,712.0,0.8771961331367493,0.8137969970703125
1,10,oracle_chunk,16,0.0,64,64.0,0.7152597904205322,0.28238677978515625
1,10,oracle_chunk,16,0.0,128,128.0,0.7761822938919067,0.486968994140625
1,10,oracle_chunk,16,0.0,256,256.0,0.8358635902404785,0.7162017822265625
1,10,oracle_chunk,16,0.0,512,512.0,0.8933839201927185,0.9119491577148438
1,10,landmark,16,0.0,64,64.0,0.15521617233753204,0.23036956787109375
1,10,landmark,16,0.0,128,128.0,0.23550696671009064,0.3581695556640625
1,10,landmark,16,0.0,256,256.0,0.3766481280326843,0.5220260620117188
1,10,landmark,16,0.0,512,512.0,0.5695465207099915,0.6942291259765625
1,10,landmark,16,0.005,64,80.0,0.6834335327148438,0.24958038330078125
1,10,landmark,16,0.005,128,144.0,0.7275226712226868,0.37713623046875
1,10,landmark,16,0.005,256,272.0,0.7820166349411011,0.5387344360351562
1,10,landmark,16,0.005,512,528.0,0.8431515693664551,0.7071075439453125
1,10,landmark,16,0.01,64,112.0,0.685729444026947,0.25861358642578125
1,10,landmark,16,0.01,128,176.0,0.7298288941383362,0.38617706298828125
1,10,landmark,16,0.01,256,304.0,0.7842712998390198,0.5475387573242188
1,10,landmark,16,0.01,512,560.0,0.8452634811401367,0.7156448364257812
1,10,landmark,16,0.02,64,144.0,0.6876937747001648,0.26357269287109375
1,10,landmark,16,0.02,128,208.0,0.7317377924919128,0.3910064697265625
1,10,landmark,16,0.02,256,336.0,0.7861616015434265,0.55206298828125
1,10,landmark,16,0.02,512,592.0,0.8470134735107422,0.7195358276367188
1,10,landmark,16,0.05,64,272.0,0.696908712387085,0.29122161865234375
1,10,landmark,16,0.05,128,336.0,0.7410466074943542,0.418975830078125
1,10,landmark,16,0.05,256,464.0,0.7948232293128967,0.5780715942382812
1,10,landmark,16,0.05,512,720.0,0.8546884655952454,0.7418060302734375
1,10,oracle_chunk,32,0.0,64,64.0,0.6692135334014893,0.18018341064453125
1,10,oracle_chunk,32,0.0,128,128.0,0.7401403784751892,0.37277984619140625
1,10,oracle_chunk,32,0.0,256,256.0,0.8090976476669312,0.5959625244140625
1,10,oracle_chunk,32,0.0,512,512.0,0.8738617897033691,0.8112869262695312
1,10,landmark,32,0.0,64,64.0,0.10620783269405365,0.18364715576171875
1,10,landmark,32,0.0,128,128.0,0.19447077810764313,0.3043060302734375
1,10,landmark,32,0.0,256,256.0,0.34528201818466187,0.45180511474609375
1,10,landmark,32,0.0,512,512.0,0.5095532536506653,0.6272430419921875
1,10,landmark,32,0.005,64,96.0,0.658271312713623,0.207550048828125
1,10,landmark,32,0.005,128,160.0,0.7067457437515259,0.32860565185546875
1,10,landmark,32,0.005,256,288.0,0.7591239213943481,0.473846435546875
1,10,landmark,32,0.005,512,544.0,0.8236355781555176,0.6452178955078125
1,10,landmark,32,0.01,64,96.0,0.658271312713623,0.207550048828125
1,10,landmark,32,0.01,128,160.0,0.7067457437515259,0.32860565185546875
1,10,landmark,32,0.01,256,288.0,0.7591239213943481,0.473846435546875
1,10,landmark,32,0.01,512,544.0,0.8236355781555176,0.6452178955078125
1,10,landmark,32,0.02,64,160.0,0.6616060733795166,0.21862030029296875
1,10,landmark,32,0.02,128,224.0,0.7101100087165833,0.339630126953125
1,10,landmark,32,0.02,256,352.0,0.7624658346176147,0.48488616943359375
1,10,landmark,32,0.02,512,608.0,0.826906144618988,0.6561813354492188
1,10,landmark,32,0.05,64,256.0,0.6666748523712158,0.23180389404296875
1,10,landmark,32,0.05,128,320.0,0.7151744961738586,0.35272979736328125
1,10,landmark,32,0.05,256,448.0,0.7673802971839905,0.49805450439453125
1,10,landmark,32,0.05,512,704.0,0.8313144445419312,0.6679763793945312
1,11,oracle_token,1,0.0,64,64.0,0.8573887348175049,1.0
1,11,oracle_token,1,0.0,128,128.0,0.8936448097229004,1.0
1,11,oracle_token,1,0.0,256,256.0,0.9287996292114258,1.0
1,11,oracle_token,1,0.0,512,512.0,0.9597203135490417,1.0
1,11,oracle_chunk,4,0.0,64,64.0,0.8183972835540771,0.4669952392578125
1,11,oracle_chunk,4,0.0,128,128.0,0.8570777773857117,0.7427444458007812
1,11,oracle_chunk,4,0.0,256,256.0,0.8972218632698059,0.9744949340820312
1,11,oracle_chunk,4,0.0,512,512.0,0.9359927177429199,1.0
1,11,landmark,4,0.0,64,64.0,0.5311888456344604,0.34741973876953125
1,11,landmark,4,0.0,128,128.0,0.6863316893577576,0.518707275390625
1,11,landmark,4,0.0,256,256.0,0.8090768456459045,0.6979522705078125
1,11,landmark,4,0.0,512,512.0,0.8906506299972534,0.8479156494140625
1,11,landmark,4,0.005,64,84.0,0.7920473217964172,0.37383270263671875
1,11,landmark,4,0.005,128,148.0,0.8262186050415039,0.538818359375
1,11,landmark,4,0.005,256,276.0,0.8650952577590942,0.711212158203125
1,11,landmark,4,0.005,512,532.0,0.9073328375816345,0.8563385009765625
1,11,landmark,4,0.01,64,104.0,0.7934889197349548,0.3796539306640625
1,11,landmark,4,0.01,128,168.0,0.827645480632782,0.5445556640625
1,11,landmark,4,0.01,256,296.0,0.8664132952690125,0.7159423828125
1,11,landmark,4,0.01,512,552.0,0.9083877801895142,0.8599090576171875
1,11,landmark,4,0.02,64,144.0,0.7957478165626526,0.3884124755859375
1,11,landmark,4,0.02,128,208.0,0.8298672437667847,0.5528640747070312
1,11,landmark,4,0.02,256,336.0,0.8685348629951477,0.7229156494140625
1,11,landmark,4,0.02,512,592.0,0.9103613495826721,0.8657913208007812
1,11,landmark,4,0.05,64,264.0,0.8035136461257935,0.41928863525390625
1,11,landmark,4,0.05,128,328.0,0.8372145295143127,0.5808792114257812
1,11,landmark,4,0.05,256,456.0,0.8750472664833069,0.7459869384765625
1,11,landmark,4,0.05,512,712.0,0.9157363772392273,0.8808822631835938
1,11,oracle_chunk,8,0.0,64,64.0,0.7968978881835938,0.3478240966796875
1,11,oracle_chunk,8,0.0,128,128.0,0.8369787931442261,0.5730514526367188
1,11,oracle_chunk,8,0.0,256,256.0,0.879277229309082,0.8216323852539062
1,11,oracle_chunk,8,0.0,512,512.0,0.921492338180542,0.9821090698242188
1,11,landmark,8,0.0,64,64.0,0.2714278995990753,0.28293609619140625
1,11,landmark,8,0.0,128,128.0,0.39718759059906006,0.42986297607421875
1,11,landmark,8,0.0,256,256.0,0.5733824968338013,0.599334716796875
1,11,landmark,8,0.0,512,512.0,0.7578951120376587,0.7658843994140625
1,11,landmark,8,0.005,64,88.0,0.7769949436187744,0.3096160888671875
1,11,landmark,8,0.005,128,152.0,0.8097438812255859,0.4535064697265625
1,11,landmark,8,0.005,256,280.0,0.8488706350326538,0.6187515258789062
1,11,landmark,8,0.005,512,536.0,0.8918987512588501,0.7783966064453125
1,11,landmark,8,0.01,64,104.0,0.7782398462295532,0.31409454345703125
1,11,landmark,8,0.01,128,168.0,0.8108417987823486,0.457305908203125
1,11,landmark,8,0.01,256,296.0,0.8499053120613098,0.6220550537109375
1,11,landmark,8,0.01,512,552.0,0.892840564250946,0.7811050415039062
1,11,landmark,8,0.02,64,144.0,0.7815796136856079,0.32875823974609375
1,11,landmark,8,0.02,128,208.0,0.8141591548919678,0.471038818359375
1,11,landmark,8,0.02,256,336.0,0.8529495000839233,0.633544921875
1,11,landmark,8,0.02,512,592.0,0.8953778743743896,0.789459228515625
1,11,landmark,8,0.05,64,264.0,0.7906694412231445,0.3653717041015625
1,11,landmark,8,0.05,128,328.0,0.8225411176681519,0.5043182373046875
1,11,landmark,8,0.05,256,456.0,0.8605135083198547,0.6614151000976562
1,11,landmark,8,0.05,512,712.0,0.9019201993942261,0.8105316162109375
1,11,oracle_chunk,16,0.0,64,64.0,0.7749138474464417,0.25811767578125
1,11,oracle_chunk,16,0.0,128,128.0,0.8172787427902222,0.4535064697265625
1,11,oracle_chunk,16,0.0,256,256.0,0.8621577024459839,0.682220458984375
1,11,oracle_chunk,16,0.0,512,512.0,0.9076245427131653,0.8915023803710938
1,11,landmark,16,0.0,64,64.0,0.15734341740608215,0.23355865478515625
1,11,landmark,16,0.0,128,128.0,0.25028812885284424,0.36428070068359375
1,11,landmark,16,0.0,256,256.0,0.4178425073623657,0.5275802612304688
1,11,landmark,16,0.0,512,512.0,0.6246542930603027,0.7001495361328125
1,11,landmark,16,0.005,64,80.0,0.7633116841316223,0.25490570068359375
1,11,landmark,16,0.005,128,144.0,0.7947781682014465,0.38409423828125
1,11,landmark,16,0.005,256,272.0,0.8348779678344727,0.544219970703125
1,11,landmark,16,0.005,512,528.0,0.8791144490242004,0.7114639282226562
1,11,landmark,16,0.01,64,112.0,0.7658855319023132,0.26355743408203125
1,11,landmark,16,0.01,128,176.0,0.7973211407661438,0.39273834228515625
1,11,landmark,16,0.01,256,304.0,0.8374162912368774,0.5529403686523438
1,11,landmark,16,0.01,512,560.0,0.8812399506568909,0.7191238403320312
1,11,landmark,16,0.02,64,144.0,0.7690343260765076,0.27239227294921875
1,11,landmark,16,0.02,128,208.0,0.8004788160324097,0.40125274658203125
1,11,landmark,16,0.02,256,336.0,0.8401124477386475,0.5606918334960938
1,11,landmark,16,0.02,512,592.0,0.8832293748855591,0.7250213623046875
1,11,landmark,16,0.05,64,272.0,0.7762578129768372,0.2978515625
1,11,landmark,16,0.05,128,336.0,0.8077021837234497,0.4261627197265625
1,11,landmark,16,0.05,256,464.0,0.8470898270606995,0.5837936401367188
1,11,landmark,16,0.05,512,720.0,0.8895511031150818,0.7444915771484375
1,11,oracle_chunk,32,0.0,64,64.0,0.7456549406051636,0.16327667236328125
1,11,oracle_chunk,32,0.0,128,128.0,0.7944104671478271,0.345550537109375
1,11,oracle_chunk,32,0.0,256,256.0,0.8442049026489258,0.5639724731445312
1,11,oracle_chunk,32,0.0,512,512.0,0.8935283422470093,0.782928466796875
1,11,landmark,32,0.0,64,64.0,0.09363506734371185,0.19449615478515625
1,11,landmark,32,0.0,128,128.0,0.18644864857196808,0.3177337646484375
1,11,landmark,32,0.0,256,256.0,0.3610968589782715,0.46549224853515625
1,11,landmark,32,0.0,512,512.0,0.5888883471488953,0.6372528076171875
1,11,landmark,32,0.005,64,96.0,0.7539328932762146,0.222930908203125
1,11,landmark,32,0.005,128,160.0,0.7874956130981445,0.34474945068359375
1,11,landmark,32,0.005,256,288.0,0.8258530497550964,0.48778533935546875
1,11,landmark,32,0.005,512,544.0,0.8706347942352295,0.6548004150390625
1,11,landmark,32,0.01,64,96.0,0.7539328932762146,0.222930908203125
1,11,landmark,32,0.01,128,160.0,0.7874956130981445,0.34474945068359375
1,11,landmark,32,0.01,256,288.0,0.8258530497550964,0.48778533935546875
1,11,landmark,32,0.01,512,544.0,0.8706347942352295,0.6548004150390625
1,11,landmark,32,0.02,64,160.0,0.7580277323722839,0.23654937744140625
1,11,landmark,32,0.02,128,224.0,0.7915822863578796,0.3581695556640625
1,11,landmark,32,0.02,256,352.0,0.8298013806343079,0.5007476806640625
1,11,landmark,32,0.02,512,608.0,0.874211311340332,0.6660614013671875
1,11,landmark,32,0.05,64,256.0,0.763373851776123,0.25034332275390625
1,11,landmark,32,0.05,128,320.0,0.7969187498092651,0.37226104736328125
1,11,landmark,32,0.05,256,448.0,0.8351654410362244,0.514678955078125
1,11,landmark,32,0.05,512,704.0,0.879006564617157,0.6786727905273438
1,12,oracle_token,1,0.0,64,64.0,0.8815237283706665,1.0
1,12,oracle_token,1,0.0,128,128.0,0.9121801853179932,1.0
1,12,oracle_token,1,0.0,256,256.0,0.9409148693084717,1.0
1,12,oracle_token,1,0.0,512,512.0,0.965986430644989,1.0
1,12,oracle_chunk,4,0.0,64,64.0,0.8393231630325317,0.43186187744140625
1,12,oracle_chunk,4,0.0,128,128.0,0.8730661273002625,0.7033843994140625
1,12,oracle_chunk,4,0.0,256,256.0,0.9085714221000671,0.9647674560546875
1,12,oracle_chunk,4,0.0,512,512.0,0.9429380893707275,0.9999847412109375
1,12,landmark,4,0.0,64,64.0,0.6926015615463257,0.29746246337890625
1,12,landmark,4,0.0,128,128.0,0.7737237215042114,0.45714569091796875
1,12,landmark,4,0.0,256,256.0,0.8430806398391724,0.6371536254882812
1,12,landmark,4,0.0,512,512.0,0.9026710987091064,0.8035202026367188
1,12,landmark,4,0.005,64,84.0,0.8011124730110168,0.322021484375
1,12,landmark,4,0.005,128,148.0,0.8302440047264099,0.47643280029296875
1,12,landmark,4,0.005,256,276.0,0.8664677739143372,0.6508560180664062
1,12,landmark,4,0.005,512,532.0,0.9066800475120544,0.812255859375
1,12,landmark,4,0.01,64,104.0,0.803665816783905,0.33498382568359375
1,12,landmark,4,0.01,128,168.0,0.8324829339981079,0.48828125
1,12,landmark,4,0.01,256,296.0,0.868341863155365,0.66021728515625
1,12,landmark,4,0.01,512,552.0,0.9080268144607544,0.8184432983398438
1,12,landmark,4,0.02,64,144.0,0.8076127767562866,0.3544769287109375
1,12,landmark,4,0.02,128,208.0,0.8362768292427063,0.5052719116210938
1,12,landmark,4,0.02,256,336.0,0.87144935131073,0.6741714477539062
1,12,landmark,4,0.02,512,592.0,0.9105980396270752,0.8286209106445312
1,12,landmark,4,0.05,64,264.0,0.8176614046096802,0.3997344970703125
1,12,landmark,4,0.05,128,328.0,0.8455678224563599,0.546661376953125
1,12,landmark,4,0.05,256,456.0,0.8797417879104614,0.7092742919921875
1,12,landmark,4,0.05,512,712.0,0.917656421661377,0.8539886474609375
1,12,oracle_chunk,8,0.0,64,64.0,0.8165979385375977,0.3114776611328125
1,12,oracle_chunk,8,0.0,128,128.0,0.8510832190513611,0.519287109375
1,12,oracle_chunk,8,0.0,256,256.0,0.8881146311759949,0.7727203369140625
1,12,oracle_chunk,8,0.0,512,512.0,0.926618218421936,0.9719619750976562
1,12,landmark,8,0.0,64,64.0,0.46386587619781494,0.23351287841796875
1,12,landmark,8,0.0,128,128.0,0.5890306234359741,0.3617706298828125
1,12,landmark,8,0.0,256,256.0,0.7456369400024414,0.52215576171875
1,12,landmark,8,0.0,512,512.0,0.8525125980377197,0.69769287109375
1,12,landmark,8,0.005,64,88.0,0.7822659015655518,0.2601470947265625
1,12,landmark,8,0.005,128,152.0,0.8083186149597168,0.384674072265625
1,12,landmark,8,0.005,256,280.0,0.8438036441802979,0.5396041870117188
1,12,landmark,8,0.005,512,536.0,0.8848158717155457,0.7093353271484375
1,12,landmark,8,0.01,64,104.0,0.7839574217796326,0.2681884765625
1,12,landmark,8,0.01,128,168.0,0.8098400831222534,0.3920745849609375
1,12,landmark,8,0.01,256,296.0,0.8452332019805908,0.5463409423828125
1,12,landmark,8,0.01,512,552.0,0.8861066699028015,0.7149505615234375
1,12,landmark,8,0.02,64,144.0,0.7873228788375854,0.284637451171875
1,12,landmark,8,0.02,128,208.0,0.8132047057151794,0.40792083740234375
1,12,landmark,8,0.02,256,336.0,0.8480469584465027,0.5603561401367188
1,12,landmark,8,0.02,512,592.0,0.8883765339851379,0.7259750366210938
1,12,landmark,8,0.05,64,264.0,0.7966846227645874,0.3254547119140625
1,12,landmark,8,0.05,128,328.0,0.8221771121025085,0.4474945068359375
1,12,landmark,8,0.05,256,456.0,0.8569039702415466,0.595703125
1,12,landmark,8,0.05,512,712.0,0.895960807800293,0.7543106079101562
1,12,oracle_chunk,16,0.0,64,64.0,0.7930677533149719,0.22779083251953125
1,12,oracle_chunk,16,0.0,128,128.0,0.8304497003555298,0.39887237548828125
1,12,oracle_chunk,16,0.0,256,256.0,0.869212806224823,0.61956787109375
1,12,oracle_chunk,16,0.0,512,512.0,0.9105265140533447,0.8474197387695312
1,12,landmark,16,0.0,64,64.0,0.19247186183929443,0.18680572509765625
1,12,landmark,16,0.0,128,128.0,0.2911335527896881,0.29509735107421875
1,12,landmark,16,0.0,256,256.0,0.49324721097946167,0.44388580322265625
1,12,landmark,16,0.0,512,512.0,0.708745002746582,0.6206130981445312
1,12,landmark,16,0.005,64,80.0,0.7667180299758911,0.21291351318359375
1,12,landmark,16,0.005,128,144.0,0.79212886095047,0.31842803955078125
1,12,landmark,16,0.005,256,272.0,0.8248602151870728,0.46215057373046875
1,12,landmark,16,0.005,512,528.0,0.866132915019989,0.6320114135742188
1,12,landmark,16,0.01,64,112.0,0.7684832215309143,0.22258758544921875
1,12,landmark,16,0.01,128,176.0,0.7939612865447998,0.32793426513671875
1,12,landmark,16,0.01,256,304.0,0.8266031742095947,0.4708251953125
1,12,landmark,16,0.01,512,560.0,0.8677195310592651,0.6393508911132812
1,12,landmark,16,0.02,64,144.0,0.7704007625579834,0.2315216064453125
1,12,landmark,16,0.02,128,208.0,0.7958672642707825,0.33676910400390625
1,12,landmark,16,0.02,256,336.0,0.8285404443740845,0.4796142578125
1,12,landmark,16,0.02,512,592.0,0.8695516586303711,0.6468276977539062
1,12,landmark,16,0.05,64,272.0,0.7790346145629883,0.267578125
1,12,landmark,16,0.05,128,336.0,0.8043653964996338,0.37237548828125
1,12,landmark,16,0.05,256,464.0,0.8364866971969604,0.51275634765625
1,12,landmark,16,0.05,512,720.0,0.8770312070846558,0.676605224609375
1,12,oracle_chunk,32,0.0,64,64.0,0.7625038623809814,0.14939117431640625
1,12,oracle_chunk,32,0.0,128,128.0,0.8055498003959656,0.29807281494140625
1,12,oracle_chunk,32,0.0,256,256.0,0.8491889238357544,0.49474334716796875
1,12,oracle_chunk,32,0.0,512,512.0,0.893988311290741,0.7222976684570312
1,12,landmark,32,0.0,64,64.0,0.12951385974884033,0.14531707763671875
1,12,landmark,32,0.0,128,128.0,0.21564577519893646,0.23968505859375
1,12,landmark,32,0.0,256,256.0,0.42238399386405945,0.3766326904296875
1,12,landmark,32,0.0,512,512.0,0.6816851496696472,0.5502548217773438
1,12,landmark,32,0.005,64,96.0,0.7549408674240112,0.1821441650390625
1,12,landmark,32,0.005,128,160.0,0.7795668244361877,0.27486419677734375
1,12,landmark,32,0.005,256,288.0,0.81326824426651,0.40499114990234375
1,12,landmark,32,0.005,512,544.0,0.8548806309700012,0.569366455078125
1,12,landmark,32,0.01,64,96.0,0.7549408674240112,0.1821441650390625
1,12,landmark,32,0.01,128,160.0,0.7795668244361877,0.27486419677734375
1,12,landmark,32,0.01,256,288.0,0.81326824426651,0.40499114990234375
1,12,landmark,32,0.01,512,544.0,0.8548806309700012,0.569366455078125
1,12,landmark,32,0.02,64,160.0,0.7577609419822693,0.19561767578125
1,12,landmark,32,0.02,128,224.0,0.7823981642723083,0.28839111328125
1,12,landmark,32,0.02,256,352.0,0.8160851001739502,0.41815185546875
1,12,landmark,32,0.02,512,608.0,0.8575111031532288,0.5815277099609375
1,12,landmark,32,0.05,64,256.0,0.7633432745933533,0.21863555908203125
1,12,landmark,32,0.05,128,320.0,0.788017988204956,0.31134796142578125
1,12,landmark,32,0.05,256,448.0,0.8219009637832642,0.4404449462890625
1,12,landmark,32,0.05,512,704.0,0.8628943562507629,0.6026687622070312
1,13,oracle_token,1,0.0,64,64.0,0.8925546407699585,1.0
1,13,oracle_token,1,0.0,128,128.0,0.9208160638809204,1.0
1,13,oracle_token,1,0.0,256,256.0,0.9477499723434448,1.0
1,13,oracle_token,1,0.0,512,512.0,0.9709353446960449,1.0
1,13,oracle_chunk,4,0.0,64,64.0,0.8528275489807129,0.4036102294921875
1,13,oracle_chunk,4,0.0,128,128.0,0.8834819793701172,0.6778564453125
1,13,oracle_chunk,4,0.0,256,256.0,0.9156967997550964,0.96435546875
1,13,oracle_chunk,4,0.0,512,512.0,0.9473530650138855,0.9999771118164062
1,13,landmark,4,0.0,64,64.0,0.625024676322937,0.2849578857421875
1,13,landmark,4,0.0,128,128.0,0.7368416786193848,0.43145751953125
1,13,landmark,4,0.0,256,256.0,0.8345705270767212,0.601287841796875
1,13,landmark,4,0.0,512,512.0,0.895859956741333,0.7691726684570312
1,13,landmark,4,0.005,64,84.0,0.8153228163719177,0.3154144287109375
1,13,landmark,4,0.005,128,148.0,0.8402085304260254,0.45734405517578125
1,13,landmark,4,0.005,256,276.0,0.8721538782119751,0.6214065551757812
1,13,landmark,4,0.005,512,532.0,0.9099563956260681,0.783935546875
1,13,landmark,4,0.01,64,104.0,0.8176396489143372,0.32671356201171875
1,13,landmark,4,0.01,128,168.0,0.8423365950584412,0.46817779541015625
1,13,landmark,4,0.01,256,296.0,0.8741625547409058,0.6312789916992188
1,13,landmark,4,0.01,512,552.0,0.9116242527961731,0.7922515869140625
1,13,landmark,4,0.02,64,144.0,0.8222534656524658,0.34680938720703125
1,13,landmark,4,0.02,128,208.0,0.8464503884315491,0.4869232177734375
1,13,landmark,4,0.02,256,336.0,0.8775306344032288,0.6467742919921875
1,13,landmark,4,0.02,512,592.0,0.9142410755157471,0.8033370971679688
1,13,landmark,4,0.05,64,264.0,0.8347296118736267,0.39048004150390625
1,13,landmark,4,0.05,128,328.0,0.8582642078399658,0.527069091796875
1,13,landmark,4,0.05,256,456.0,0.8881039619445801,0.6803970336914062
1,13,landmark,4,0.05,512,712.0,0.9226532578468323,0.828460693359375
1,13,oracle_chunk,8,0.0,64,64.0,0.8322035074234009,0.28203582763671875
1,13,oracle_chunk,8,0.0,128,128.0,0.8633667230606079,0.48268890380859375
1,13,oracle_chunk,8,0.0,256,256.0,0.8969267010688782,0.7477035522460938
1,13,oracle_chunk,8,0.0,512,512.0,0.9318608045578003,0.9713592529296875
1,13,landmark,8,0.0,64,64.0,0.4454933702945709,0.2136688232421875
1,13,landmark,8,0.0,128,128.0,0.566279947757721,0.33188629150390625
1,13,landmark,8,0.0,256,256.0,0.7018195390701294,0.48424530029296875
1,13,landmark,8,0.0,512,512.0,0.8325816988945007,0.6601409912109375
1,13,landmark,8,0.005,64,88.0,0.7991937398910522,0.24267578125
1,13,landmark,8,0.005,128,152.0,0.8217159509658813,0.35681915283203125
1,13,landmark,8,0.005,256,280.0,0.8507962226867676,0.50433349609375
1,13,landmark,8,0.005,512,536.0,0.8885782361030579,0.6739883422851562
1,13,landmark,8,0.01,64,104.0,0.8006973266601562,0.25339508056640625
1,13,landmark,8,0.01,128,168.0,0.8232111930847168,0.3672637939453125
1,13,landmark,8,0.01,256,296.0,0.8522531986236572,0.5140838623046875
1,13,landmark,8,0.01,512,552.0,0.8899413347244263,0.682586669921875
1,13,landmark,8,0.02,64,144.0,0.80451899766922,0.2724761962890625
1,13,landmark,8,0.02,128,208.0,0.8268449306488037,0.3859710693359375
1,13,landmark,8,0.02,256,336.0,0.8555248975753784,0.531219482421875
1,13,landmark,8,0.02,512,592.0,0.8928619623184204,0.6970596313476562
1,13,landmark,8,0.05,64,264.0,0.8138083219528198,0.31298828125
1,13,landmark,8,0.05,128,328.0,0.8361145257949829,0.425201416015625
1,13,landmark,8,0.05,256,456.0,0.8643330335617065,0.5662918090820312
1,13,landmark,8,0.05,512,712.0,0.9004990458488464,0.7254257202148438
1,13,oracle_chunk,16,0.0,64,64.0,0.8113750219345093,0.2000274658203125
1,13,oracle_chunk,16,0.0,128,128.0,0.8440989851951599,0.35617828369140625
1,13,oracle_chunk,16,0.0,256,256.0,0.8791511058807373,0.5728607177734375
1,13,oracle_chunk,16,0.0,512,512.0,0.9166930317878723,0.8220748901367188
1,13,landmark,16,0.0,64,64.0,0.2062772661447525,0.16790008544921875
1,13,landmark,16,0.0,128,128.0,0.3673437535762787,0.26592254638671875
1,13,landmark,16,0.0,256,256.0,0.5492866039276123,0.40619659423828125
1,13,landmark,16,0.0,512,512.0,0.761283278465271,0.5811386108398438
1,13,landmark,16,0.005,64,80.0,0.7887185215950012,0.19289398193359375
1,13,landmark,16,0.005,128,144.0,0.8087947964668274,0.2890472412109375
1,13,landmark,16,0.005,256,272.0,0.8369714021682739,0.423004150390625
1,13,landmark,16,0.005,512,528.0,0.8730505108833313,0.5908660888671875
1,13,landmark,16,0.01,64,112.0,0.7919635772705078,0.2076873779296875
1,13,landmark,16,0.01,128,176.0,0.8120486736297607,0.30367279052734375
1,13,landmark,16,0.01,256,304.0,0.840158224105835,0.437286376953125
1,13,landmark,16,0.01,512,560.0,0.8760688304901123,0.60418701171875
1,13,landmark,16,0.02,64,144.0,0.7941682934761047,0.21762847900390625
1,13,landmark,16,0.02,128,208.0,0.8142748475074768,0.31348419189453125
1,13,landmark,16,0.02,256,336.0,0.8425612449645996,0.44683074951171875
1,13,landmark,16,0.02,512,592.0,0.8781133890151978,0.6124496459960938
1,13,landmark,16,0.05,64,272.0,0.8017023205757141,0.256683349609375
1,13,landmark,16,0.05,128,336.0,0.8217184543609619,0.35190582275390625
1,13,landmark,16,0.05,256,464.0,0.8497903347015381,0.48418426513671875
1,13,landmark,16,0.05,512,720.0,0.8850242495536804,0.6457290649414062
1,13,oracle_chunk,32,0.0,64,64.0,0.7853469848632812,0.12967681884765625
1,13,oracle_chunk,32,0.0,128,128.0,0.8226534724235535,0.26232147216796875
1,13,oracle_chunk,32,0.0,256,256.0,0.8611660003662109,0.44544219970703125
1,13,oracle_chunk,32,0.0,512,512.0,0.9013758301734924,0.6763534545898438
1,13,landmark,32,0.0,64,64.0,0.15284952521324158,0.13225555419921875
1,13,landmark,32,0.0,128,128.0,0.28087368607521057,0.219085693359375
1,13,landmark,32,0.0,256,256.0,0.5157251358032227,0.346099853515625
1,13,landmark,32,0.0,512,512.0,0.7232277989387512,0.5133895874023438
1,13,landmark,32,0.005,64,96.0,0.7809199094772339,0.16791534423828125
1,13,landmark,32,0.005,128,160.0,0.8011329174041748,0.251953125
1,13,landmark,32,0.005,256,288.0,0.828388512134552,0.37149810791015625
1,13,landmark,32,0.005,512,544.0,0.8638781309127808,0.53143310546875
1,13,landmark,32,0.01,64,96.0,0.7809199094772339,0.16791534423828125
1,13,landmark,32,0.01,128,160.0,0.8011329174041748,0.251953125
1,13,landmark,32,0.01,256,288.0,0.828388512134552,0.37149810791015625
1,13,landmark,32,0.01,512,544.0,0.8638781309127808,0.53143310546875
1,13,landmark,32,0.02,64,160.0,0.7853703498840332,0.1904754638671875
1,13,landmark,32,0.02,128,224.0,0.805298924446106,0.274200439453125
1,13,landmark,32,0.02,256,352.0,0.8325462937355042,0.39218902587890625
1,13,landmark,32,0.02,512,608.0,0.867511510848999,0.5495529174804688
1,13,landmark,32,0.05,64,256.0,0.7899950742721558,0.2148590087890625
1,13,landmark,32,0.05,128,320.0,0.8100123405456543,0.29885101318359375
1,13,landmark,32,0.05,256,448.0,0.8369192481040955,0.4158172607421875
1,13,landmark,32,0.05,512,704.0,0.8722275495529175,0.5715484619140625
1,14,oracle_token,1,0.0,64,64.0,0.8100355863571167,1.0
1,14,oracle_token,1,0.0,128,128.0,0.8596872091293335,1.0
1,14,oracle_token,1,0.0,256,256.0,0.9069146513938904,1.0
1,14,oracle_token,1,0.0,512,512.0,0.9475058913230896,1.0
1,14,oracle_chunk,4,0.0,64,64.0,0.7406715154647827,0.399322509765625
1,14,oracle_chunk,4,0.0,128,128.0,0.7931956648826599,0.6723709106445312
1,14,oracle_chunk,4,0.0,256,256.0,0.8495928049087524,0.9658203125
1,14,oracle_chunk,4,0.0,512,512.0,0.9056112766265869,0.9999923706054688
1,14,landmark,4,0.0,64,64.0,0.42764437198638916,0.28273773193359375
1,14,landmark,4,0.0,128,128.0,0.5686192512512207,0.43182373046875
1,14,landmark,4,0.0,256,256.0,0.7058660984039307,0.60595703125
1,14,landmark,4,0.0,512,512.0,0.8264143466949463,0.777587890625
1,14,landmark,4,0.005,64,84.0,0.6873190402984619,0.30522918701171875
1,14,landmark,4,0.005,128,148.0,0.7305979132652283,0.449249267578125
1,14,landmark,4,0.005,256,276.0,0.7843438982963562,0.6175384521484375
1,14,landmark,4,0.005,512,532.0,0.8471468091011047,0.7834625244140625
1,14,landmark,4,0.01,64,104.0,0.6919406652450562,0.31453704833984375
1,14,landmark,4,0.01,128,168.0,0.7346868515014648,0.457611083984375
1,14,landmark,4,0.01,256,296.0,0.7874753475189209,0.624542236328125
1,14,landmark,4,0.01,512,552.0,0.8495486974716187,0.7886810302734375
1,14,landmark,4,0.02,64,144.0,0.6967501640319824,0.32747650146484375
1,14,landmark,4,0.02,128,208.0,0.7393789291381836,0.46990203857421875
1,14,landmark,4,0.02,256,336.0,0.7918370962142944,0.63531494140625
1,14,landmark,4,0.02,512,592.0,0.8532813787460327,0.7969284057617188
1,14,landmark,4,0.05,64,264.0,0.7096397280693054,0.35987091064453125
1,14,landmark,4,0.05,128,328.0,0.7517372965812683,0.5004653930664062
1,14,landmark,4,0.05,256,456.0,0.8032188415527344,0.6623611450195312
1,14,landmark,4,0.05,512,712.0,0.8629201650619507,0.81719970703125
1,14,oracle_chunk,8,0.0,64,64.0,0.70682293176651,0.2816925048828125
1,14,oracle_chunk,8,0.0,128,128.0,0.7589453458786011,0.4823455810546875
1,14,oracle_chunk,8,0.0,256,256.0,0.8169397711753845,0.7467498779296875
1,14,oracle_chunk,8,0.0,512,512.0,0.8783235549926758,0.9726333618164062
1,14,landmark,8,0.0,64,64.0,0.2467951774597168,0.21843719482421875
1,14,landmark,8,0.0,128,128.0,0.3879008889198303,0.34156036376953125
1,14,landmark,8,0.0,256,256.0,0.5639219880104065,0.4979248046875
1,14,landmark,8,0.0,512,512.0,0.7135300040245056,0.67486572265625
1,14,landmark,8,0.005,64,88.0,0.6623733043670654,0.2417144775390625
1,14,landmark,8,0.005,128,152.0,0.7005258798599243,0.36119842529296875
1,14,landmark,8,0.005,256,280.0,0.7509090900421143,0.5128936767578125
1,14,landmark,8,0.005,512,536.0,0.8154029250144958,0.684906005859375
1,14,landmark,8,0.01,64,104.0,0.664806067943573,0.2484130859375
1,14,landmark,8,0.01,128,168.0,0.702926516532898,0.36757659912109375
1,14,landmark,8,0.01,256,296.0,0.7529207468032837,0.5180206298828125
1,14,landmark,8,0.01,512,552.0,0.8169569373130798,0.6889266967773438
1,14,landmark,8,0.02,64,144.0,0.669109582901001,0.26039886474609375
1,14,landmark,8,0.02,128,208.0,0.706914484500885,0.37847900390625
1,14,landmark,8,0.02,256,336.0,0.7566314935684204,0.5276947021484375
1,14,landmark,8,0.02,512,592.0,0.8200315237045288,0.69720458984375
1,14,landmark,8,0.05,64,264.0,0.6864950060844421,0.298248291015625
1,14,landmark,8,0.05,128,328.0,0.7229430079460144,0.41440582275390625
1,14,landmark,8,0.05,256,456.0,0.7712197303771973,0.5603179931640625
1,14,landmark,8,0.05,512,712.0,0.8318129777908325,0.7231063842773438
1,14,oracle_chunk,16,0.0,64,64.0,0.6734535098075867,0.20068359375
1,14,oracle_chunk,16,0.0,128,128.0,0.7282060980796814,0.36553955078125
1,14,oracle_chunk,16,0.0,256,256.0,0.7878475785255432,0.585906982421875
1,14,oracle_chunk,16,0.0,512,512.0,0.8528124094009399,0.8278350830078125
1,14,landmark,16,0.0,64,64.0,0.1475858986377716,0.1747894287109375
1,14,landmark,16,0.0,128,128.0,0.23531939089298248,0.281768798828125
1,14,landmark,16,0.0,256,256.0,0.4115658700466156,0.42879486083984375
1,14,landmark,16,0.0,512,512.0,0.6428985595703125,0.6025466918945312
1,14,landmark,16,0.005,64,80.0,0.6431665420532227,0.19720458984375
1,14,landmark,16,0.005,128,144.0,0.6801816821098328,0.30318450927734375
1,14,landmark,16,0.005,256,272.0,0.7302423715591431,0.446746826171875
1,14,landmark,16,0.005,512,528.0,0.7920696139335632,0.6136627197265625
1,14,landmark,16,0.01,64,112.0,0.6453030705451965,0.202667236328125
1,14,landmark,16,0.01,128,176.0,0.6823185682296753,0.30859375
1,14,landmark,16,0.01,256,304.0,0.7324928641319275,0.4521331787109375
1,14,landmark,16,0.01,512,560.0,0.7942475080490112,0.6188888549804688
1,14,landmark,16,0.02,64,144.0,0.6472651958465576,0.20867919921875
1,14,landmark,16,0.02,128,208.0,0.6842567920684814,0.314300537109375
1,14,landmark,16,0.02,256,336.0,0.7343336343765259,0.4573822021484375
1,14,landmark,16,0.02,512,592.0,0.7960305213928223,0.62347412109375
1,14,landmark,16,0.05,64,272.0,0.6610012054443359,0.2403717041015625
1,14,landmark,16,0.05,128,336.0,0.6975187659263611,0.3451080322265625
1,14,landmark,16,0.05,256,464.0,0.7464075684547424,0.48571014404296875
1,14,landmark,16,0.05,512,720.0,0.8064950704574585,0.6479721069335938
1,14,oracle_chunk,32,0.0,64,64.0,0.6302627325057983,0.12471771240234375
1,14,oracle_chunk,32,0.0,128,128.0,0.692000687122345,0.26544952392578125
1,14,oracle_chunk,32,0.0,256,256.0,0.7575476169586182,0.46173858642578125
1,14,oracle_chunk,32,0.0,512,512.0,0.8273071050643921,0.6937026977539062
1,14,landmark,32,0.0,64,64.0,0.11307477951049805,0.1394500732421875
1,14,landmark,32,0.0,128,128.0,0.20523212850093842,0.2359466552734375
1,14,landmark,32,0.0,256,256.0,0.3662101924419403,0.367919921875
1,14,landmark,32,0.0,512,512.0,0.5944658517837524,0.53692626953125
1,14,landmark,32,0.005,64,96.0,0.6292072534561157,0.169464111328125
1,14,landmark,32,0.005,128,160.0,0.6648526191711426,0.263702392578125
1,14,landmark,32,0.005,256,288.0,0.7130494117736816,0.392852783203125
1,14,landmark,32,0.005,512,544.0,0.7763019800186157,0.5551605224609375
1,14,landmark,32,0.01,64,96.0,0.6292072534561157,0.169464111328125
1,14,landmark,32,0.01,128,160.0,0.6648526191711426,0.263702392578125
1,14,landmark,32,0.01,256,288.0,0.7130494117736816,0.392852783203125
1,14,landmark,32,0.01,512,544.0,0.7763019800186157,0.5551605224609375
1,14,landmark,32,0.02,64,160.0,0.6333154439926147,0.18169403076171875
1,14,landmark,32,0.02,128,224.0,0.6689504384994507,0.27567291259765625
1,14,landmark,32,0.02,256,352.0,0.7169990539550781,0.40415191650390625
1,14,landmark,32,0.02,512,608.0,0.7802834510803223,0.5659103393554688
1,14,landmark,32,0.05,64,256.0,0.640323281288147,0.1992034912109375
1,14,landmark,32,0.05,128,320.0,0.6760420799255371,0.29259490966796875
1,14,landmark,32,0.05,256,448.0,0.7237614989280701,0.42034149169921875
1,14,landmark,32,0.05,512,704.0,0.7866625189781189,0.58062744140625
1,15,oracle_token,1,0.0,64,64.0,0.8349381685256958,1.0
1,15,oracle_token,1,0.0,128,128.0,0.8774070143699646,1.0
1,15,oracle_token,1,0.0,256,256.0,0.9182125329971313,1.0
1,15,oracle_token,1,0.0,512,512.0,0.9535844326019287,1.0
1,15,oracle_chunk,4,0.0,64,64.0,0.7742112874984741,0.40118408203125
1,15,oracle_chunk,4,0.0,128,128.0,0.8190829753875732,0.6740798950195312
1,15,oracle_chunk,4,0.0,256,256.0,0.8672506809234619,0.968841552734375
1,15,oracle_chunk,4,0.0,512,512.0,0.9156450033187866,0.9999923706054688
1,15,landmark,4,0.0,64,64.0,0.540368914604187,0.26471710205078125
1,15,landmark,4,0.0,128,128.0,0.6767244338989258,0.4133148193359375
1,15,landmark,4,0.0,256,256.0,0.7765819430351257,0.5896377563476562
1,15,landmark,4,0.0,512,512.0,0.8558458089828491,0.7656936645507812
1,15,landmark,4,0.005,64,84.0,0.71901935338974,0.2863922119140625
1,15,landmark,4,0.005,128,148.0,0.7565431594848633,0.42969512939453125
1,15,landmark,4,0.005,256,276.0,0.8041903376579285,0.6007156372070312
1,15,landmark,4,0.005,512,532.0,0.8602340817451477,0.7721023559570312
1,15,landmark,4,0.01,64,104.0,0.7222598791122437,0.29465484619140625
1,15,landmark,4,0.01,128,168.0,0.759395956993103,0.43733978271484375
1,15,landmark,4,0.01,256,296.0,0.8066137433052063,0.6071243286132812
1,15,landmark,4,0.01,512,552.0,0.8621301054954529,0.7768325805664062
1,15,landmark,4,0.02,64,144.0,0.7285351753234863,0.3083038330078125
1,15,landmark,4,0.02,128,208.0,0.7649157643318176,0.4500274658203125
1,15,landmark,4,0.02,256,336.0,0.8113506436347961,0.6180801391601562
1,15,landmark,4,0.02,512,592.0,0.8658692240715027,0.7848663330078125
1,15,landmark,4,0.05,64,264.0,0.7408949136734009,0.34223175048828125
1,15,landmark,4,0.05,128,328.0,0.7768007516860962,0.48194122314453125
1,15,landmark,4,0.05,256,456.0,0.8222103118896484,0.6459121704101562
1,15,landmark,4,0.05,512,712.0,0.8751376867294312,0.80645751953125
1,15,oracle_chunk,8,0.0,64,64.0,0.745023787021637,0.2803192138671875
1,15,oracle_chunk,8,0.0,128,128.0,0.7899500131607056,0.48349761962890625
1,15,oracle_chunk,8,0.0,256,256.0,0.8394559025764465,0.7497711181640625
1,15,oracle_chunk,8,0.0,512,512.0,0.89194655418396,0.9777755737304688
1,15,landmark,8,0.0,64,64.0,0.3570617735385895,0.1961669921875
1,15,landmark,8,0.0,128,128.0,0.48320698738098145,0.318328857421875
1,15,landmark,8,0.0,256,256.0,0.6343105435371399,0.4791717529296875
1,15,landmark,8,0.0,512,512.0,0.779595673084259,0.6618499755859375
1,15,landmark,8,0.005,64,88.0,0.6977058053016663,0.21900177001953125
1,15,landmark,8,0.005,128,152.0,0.7313404083251953,0.33728790283203125
1,15,landmark,8,0.005,256,280.0,0.7751423120498657,0.49312591552734375
1,15,landmark,8,0.005,512,536.0,0.8306398391723633,0.670318603515625
1,15,landmark,8,0.01,64,104.0,0.6993447542190552,0.22272491455078125
1,15,landmark,8,0.01,128,168.0,0.7325323820114136,0.3405914306640625
1,15,landmark,8,0.01,256,296.0,0.7761871814727783,0.4962158203125
1,15,landmark,8,0.01,512,552.0,0.831574559211731,0.6728134155273438
1,15,landmark,8,0.02,64,144.0,0.7043533325195312,0.2335205078125
1,15,landmark,8,0.02,128,208.0,0.7371952533721924,0.35045623779296875
1,15,landmark,8,0.02,256,336.0,0.7805269360542297,0.5053787231445312
1,15,landmark,8,0.02,512,592.0,0.8353047966957092,0.6802215576171875
1,15,landmark,8,0.05,64,264.0,0.7137420177459717,0.26043701171875
1,15,landmark,8,0.05,128,328.0,0.7465541362762451,0.37683868408203125
1,15,landmark,8,0.05,256,456.0,0.7894777655601501,0.5298614501953125
1,15,landmark,8,0.05,512,712.0,0.8436010479927063,0.701141357421875
1,15,oracle_chunk,16,0.0,64,64.0,0.7173506617546082,0.199249267578125
1,15,oracle_chunk,16,0.0,128,128.0,0.7638797760009766,0.36275482177734375
1,15,oracle_chunk,16,0.0,256,256.0,0.8149330615997314,0.5846099853515625
1,15,oracle_chunk,16,0.0,512,512.0,0.8703852295875549,0.8319015502929688
1,15,landmark,16,0.0,64,64.0,0.20197556912899017,0.16005706787109375
1,15,landmark,16,0.0,128,128.0,0.3122645318508148,0.26126861572265625
1,15,landmark,16,0.0,256,256.0,0.4974258244037628,0.4066162109375
1,15,landmark,16,0.0,512,512.0,0.7140287756919861,0.5877838134765625
1,15,landmark,16,0.005,64,80.0,0.6868158578872681,0.18328094482421875
1,15,landmark,16,0.005,128,144.0,0.7169407606124878,0.282562255859375
1,15,landmark,16,0.005,256,272.0,0.7596139311790466,0.4245147705078125
1,15,landmark,16,0.005,512,528.0,0.8135094046592712,0.5973892211914062
1,15,landmark,16,0.01,64,112.0,0.6890971660614014,0.189422607421875
1,15,landmark,16,0.01,128,176.0,0.7192930579185486,0.28864288330078125
1,15,landmark,16,0.01,256,304.0,0.761827290058136,0.4298858642578125
1,15,landmark,16,0.01,512,560.0,0.8156673908233643,0.6021347045898438
1,15,landmark,16,0.02,64,144.0,0.6910058856010437,0.19432830810546875
1,15,landmark,16,0.02,128,208.0,0.721199631690979,0.29344940185546875
1,15,landmark,16,0.02,256,336.0,0.7637215256690979,0.4344940185546875
1,15,landmark,16,0.02,512,592.0,0.8175389170646667,0.6063232421875
1,15,landmark,16,0.05,64,272.0,0.7018728256225586,0.2223968505859375
1,15,landmark,16,0.05,128,336.0,0.7321077585220337,0.321502685546875
1,15,landmark,16,0.05,256,464.0,0.7741731405258179,0.46112060546875
1,15,landmark,16,0.05,512,720.0,0.827168345451355,0.6296844482421875
1,15,oracle_chunk,32,0.0,64,64.0,0.6842963099479675,0.12857818603515625
1,15,oracle_chunk,32,0.0,128,128.0,0.7348235249519348,0.269775390625
1,15,oracle_chunk,32,0.0,256,256.0,0.7900313138961792,0.46288299560546875
1,15,oracle_chunk,32,0.0,512,512.0,0.8488281965255737,0.6936111450195312
1,15,landmark,32,0.0,64,64.0,0.11269552260637283,0.1324462890625
1,15,landmark,32,0.0,128,128.0,0.22214126586914062,0.2235260009765625
1,15,landmark,32,0.0,256,256.0,0.4017833471298218,0.35637664794921875
1,15,landmark,32,0.0,512,512.0,0.6590942144393921,0.5256881713867188
1,15,landmark,32,0.005,64,96.0,0.6786459684371948,0.1654510498046875
1,15,landmark,32,0.005,128,160.0,0.706961989402771,0.254302978515625
1,15,landmark,32,0.005,256,288.0,0.7490189075469971,0.382598876953125
1,15,landmark,32,0.005,512,544.0,0.8010239005088806,0.5425643920898438
1,15,landmark,32,0.01,64,96.0,0.6786459684371948,0.1654510498046875
1,15,landmark,32,0.01,128,160.0,0.706961989402771,0.254302978515625
1,15,landmark,32,0.01,256,288.0,0.7490189075469971,0.382598876953125
1,15,landmark,32,0.01,512,544.0,0.8010239005088806,0.5425643920898438
1,15,landmark,32,0.02,64,160.0,0.6814395785331726,0.17397308349609375
1,15,landmark,32,0.02,128,224.0,0.7097403407096863,0.262786865234375
1,15,landmark,32,0.02,256,352.0,0.751791775226593,0.39073944091796875
1,15,landmark,32,0.02,512,608.0,0.8037188053131104,0.5502243041992188
1,15,landmark,32,0.05,64,256.0,0.6889386773109436,0.19029998779296875
1,15,landmark,32,0.05,128,320.0,0.717375636100769,0.27927398681640625
1,15,landmark,32,0.05,256,448.0,0.759230375289917,0.40694427490234375
1,15,landmark,32,0.05,512,704.0,0.8104991912841797,0.565093994140625
