prompt,layer,method,chunk,outlier_frac,budget,tokens_used,mass,recall
0,0,oracle_token,1,0.0,64,64.0,0.2393779754638672,1.0
0,0,oracle_token,1,0.0,128,128.0,0.31807130575180054,1.0
0,0,oracle_token,1,0.0,256,256.0,0.421272337436676,1.0
0,0,oracle_token,1,0.0,512,512.0,0.5546233654022217,1.0
0,0,oracle_chunk,4,0.0,64,64.0,0.1942509412765503,0.49201202392578125
0,0,oracle_chunk,4,0.0,128,128.0,0.2711291015148163,0.726318359375
0,0,oracle_chunk,4,0.0,256,256.0,0.37456443905830383,0.8992767333984375
0,0,oracle_chunk,4,0.0,512,512.0,0.5122475624084473,0.9691543579101562
0,0,landmark,4,0.0,64,64.0,0.1300429105758667,0.232330322265625
0,0,landmark,4,0.0,128,128.0,0.2003636509180069,0.3878631591796875
0,0,landmark,4,0.0,256,256.0,0.29989999532699585,0.5737380981445312
0,0,landmark,4,0.0,512,512.0,0.4441932737827301,0.7708816528320312
0,0,landmark,4,0.005,64,84.0,0.1384250670671463,0.2456817626953125
0,0,landmark,4,0.005,128,148.0,0.20768947899341583,0.3999786376953125
0,0,landmark,4,0.005,256,276.0,0.3063504993915558,0.5840301513671875
0,0,landmark,4,0.005,512,532.0,0.4488489031791687,0.7756195068359375
0,0,landmark,4,0.01,64,104.0,0.14471592009067535,0.26031494140625
0,0,landmark,4,0.01,128,168.0,0.21351709961891174,0.4126739501953125
0,0,landmark,4,0.01,256,296.0,0.3112626075744629,0.5909652709960938
0,0,landmark,4,0.01,512,552.0,0.4530493915081024,0.7798843383789062
0,0,landmark,4,0.02,64,144.0,0.15319423377513885,0.2706146240234375
0,0,landmark,4,0.02,128,208.0,0.22199632227420807,0.423248291015625
0,0,landmark,4,0.02,256,336.0,0.3193041682243347,0.6002655029296875
0,0,landmark,4,0.02,512,592.0,0.4606783986091614,0.7867202758789062
0,0,landmark,4,0.05,64,264.0,0.18801847100257874,0.33209991455078125
0,0,landmark,4,0.05,128,328.0,0.25343742966651917,0.4719390869140625
0,0,landmark,4,0.05,256,456.0,0.34750881791114807,0.6331558227539062
0,0,landmark,4,0.05,512,712.0,0.48579463362693787,0.8070068359375
0,0,oracle_chunk,8,0.0,64,64.0,0.1731259822845459,0.38843536376953125
0,0,oracle_chunk,8,0.0,128,128.0,0.25111067295074463,0.6069183349609375
0,0,oracle_chunk,8,0.0,256,256.0,0.35677337646484375,0.81610107421875
0,0,oracle_chunk,8,0.0,512,512.0,0.49834901094436646,0.937713623046875
0,0,landmark,8,0.0,64,64.0,0.11154921352863312,0.197357177734375
0,0,landmark,8,0.0,128,128.0,0.17871016263961792,0.331085205078125
0,0,landmark,8,0.0,256,256.0,0.2851376533508301,0.519012451171875
0,0,landmark,8,0.0,512,512.0,0.4337107241153717,0.7290420532226562
0,0,landmark,8,0.005,64,88.0,0.12559100985527039,0.22771453857421875
0,0,landmark,8,0.005,128,152.0,0.19176512956619263,0.358184814453125
0,0,landmark,8,0.005,256,280.0,0.2957153022289276,0.5370712280273438
0,0,landmark,8,0.005,512,536.0,0.44113409519195557,0.7371902465820312
0,0,landmark,8,0.01,64,104.0,0.13350868225097656,0.24343109130859375
0,0,landmark,8,0.01,128,168.0,0.19866737723350525,0.3718719482421875
0,0,landmark,8,0.01,256,296.0,0.3011648952960968,0.5457992553710938
0,0,landmark,8,0.01,512,552.0,0.4455777704715729,0.7418136596679688
0,0,landmark,8,0.02,64,144.0,0.13965144753456116,0.25418853759765625
0,0,landmark,8,0.02,128,208.0,0.20452772080898285,0.38115692138671875
0,0,landmark,8,0.02,256,336.0,0.3065250515937805,0.5530014038085938
0,0,landmark,8,0.02,512,592.0,0.4507240653038025,0.7464370727539062
0,0,landmark,8,0.05,64,264.0,0.17157110571861267,0.3267059326171875
0,0,landmark,8,0.05,128,328.0,0.23371729254722595,0.44110107421875
0,0,landmark,8,0.05,256,456.0,0.3327999711036682,0.5976715087890625
0,0,landmark,8,0.05,512,712.0,0.47389334440231323,0.7738037109375
0,0,oracle_chunk,16,0.0,64,64.0,0.15442049503326416,0.332489013671875
0,0,oracle_chunk,16,0.0,128,128.0,0.2327529639005661,0.5298538208007812
0,0,oracle_chunk,16,0.0,256,256.0,0.34190139174461365,0.7438430786132812
0,0,oracle_chunk,16,0.0,512,512.0,0.4881712794303894,0.8990859985351562
0,0,landmark,16,0.0,64,64.0,0.09870994091033936,0.18450164794921875
0,0,landmark,16,0.0,128,128.0,0.16496260464191437,0.3042755126953125
0,0,landmark,16,0.0,256,256.0,0.27000027894973755,0.48284149169921875
0,0,landmark,16,0.0,512,512.0,0.42629876732826233,0.7029266357421875
0,0,landmark,16,0.005,64,80.0,0.11571862548589706,0.21848297119140625
0,0,landmark,16,0.005,128,144.0,0.1787213385105133,0.330291748046875
0,0,landmark,16,0.005,256,272.0,0.28082168102264404,0.4998931884765625
0,0,landmark,16,0.005,512,528.0,0.43377313017845154,0.7119064331054688
0,0,landmark,16,0.01,64,112.0,0.12673179805278778,0.2453155517578125
0,0,landmark,16,0.01,128,176.0,0.18909461796283722,0.353546142578125
0,0,landmark,16,0.01,256,304.0,0.28876152634620667,0.5151214599609375
0,0,landmark,16,0.01,512,560.0,0.43981075286865234,0.7195587158203125
0,0,landmark,16,0.02,64,144.0,0.13777807354927063,0.2748870849609375
0,0,landmark,16,0.02,128,208.0,0.19893229007720947,0.3791351318359375
0,0,landmark,16,0.02,256,336.0,0.29663416743278503,0.531585693359375
0,0,landmark,16,0.02,512,592.0,0.44594690203666687,0.727447509765625
0,0,landmark,16,0.05,64,272.0,0.1561984419822693,0.291473388671875
0,0,landmark,16,0.05,128,336.0,0.21725445985794067,0.3948516845703125
0,0,landmark,16,0.05,256,464.0,0.31462568044662476,0.5461502075195312
0,0,landmark,16,0.05,512,720.0,0.4637691378593445,0.7403030395507812
0,0,oracle_chunk,32,0.0,64,64.0,0.13595913350582123,0.28515625
0,0,oracle_chunk,32,0.0,128,128.0,0.21440230309963226,0.46685028076171875
0,0,oracle_chunk,32,0.0,256,256.0,0.32714003324508667,0.6826629638671875
0,0,oracle_chunk,32,0.0,512,512.0,0.47926050424575806,0.8623733520507812
0,0,landmark,32,0.0,64,64.0,0.08915597945451736,0.1670379638671875
0,0,landmark,32,0.0,128,128.0,0.15149247646331787,0.28505706787109375
0,0,landmark,32,0.0,256,256.0,0.2595847547054291,0.4618988037109375
0,0,landmark,32,0.0,512,512.0,0.4198284447193146,0.685516357421875
0,0,landmark,32,0.005,64,96.0,0.1188516616821289,0.2230072021484375
0,0,landmark,32,0.005,128,160.0,0.17760984599590302,0.32526397705078125
0,0,landmark,32,0.005,256,288.0,0.2814936339855194,0.49481201171875
0,0,landmark,32,0.005,512,544.0,0.43499213457107544,0.70233154296875
0,0,landmark,32,0.01,64,96.0,0.1188516616821289,0.2230072021484375
0,0,landmark,32,0.01,128,160.0,0.17760984599590302,0.32526397705078125
0,0,landmark,32,0.01,256,288.0,0.2814936339855194,0.49481201171875
0,0,landmark,32,0.01,512,544.0,0.43499213457107544,0.70233154296875
0,0,landmark,32,0.02,64,160.0,0.13654232025146484,0.2616729736328125
0,0,landmark,32,0.02,128,224.0,0.19383443892002106,0.3585205078125
0,0,landmark,32,0.02,256,352.0,0.2948368191719055,0.5193939208984375
0,0,landmark,32,0.02,512,608.0,0.4459814429283142,0.7160491943359375
0,0,landmark,32,0.05,64,256.0,0.15774232149124146,0.28081512451171875
0,0,landmark,32,0.05,128,320.0,0.2145196944475174,0.37896728515625
0,0,landmark,32,0.05,256,448.0,0.3146701455116272,0.53607177734375
0,0,landmark,32,0.05,512,704.0,0.4651135206222534,0.7274856567382812
0,1,oracle_token,1,0.0,64,64.0,0.5046665668487549,1.0
0,1,oracle_token,1,0.0,128,128.0,0.641168475151062,1.0
0,1,oracle_token,1,0.0,256,256.0,0.7784773707389832,1.0
0,1,oracle_token,1,0.0,512,512.0,0.8959109783172607,1.0
0,1,oracle_chunk,4,0.0,64,64.0,0.4129924178123474,0.5456695556640625
0,1,oracle_chunk,4,0.0,128,128.0,0.563011646270752,0.83673095703125
0,1,oracle_chunk,4,0.0,256,256.0,0.721914529800415,0.9887161254882812
0,1,oracle_chunk,4,0.0,512,512.0,0.8635960817337036,0.9999313354492188
0,1,landmark,4,0.0,64,64.0,0.3077506721019745,0.38394927978515625
0,1,landmark,4,0.0,128,128.0,0.4637455940246582,0.6127700805664062
0,1,landmark,4,0.0,256,256.0,0.6444042921066284,0.8316574096679688
0,1,landmark,4,0.0,512,512.0,0.812201201915741,0.9478988647460938
0,1,landmark,4,0.005,64,84.0,0.3116966784000397,0.388885498046875
0,1,landmark,4,0.005,128,148.0,0.46746590733528137,0.6173324584960938
0,1,landmark,4,0.005,256,276.0,0.6479810476303101,0.835784912109375
0,1,landmark,4,0.005,512,532.0,0.815031886100769,0.9501876831054688
0,1,landmark,4,0.01,64,104.0,0.31817516684532166,0.39603424072265625
0,1,landmark,4,0.01,128,168.0,0.47343719005584717,0.6234359741210938
0,1,landmark,4,0.01,256,296.0,0.6526418924331665,0.8393936157226562
0,1,landmark,4,0.01,512,552.0,0.8179342746734619,0.9512939453125
0,1,landmark,4,0.02,64,144.0,0.32805073261260986,0.404327392578125
0,1,landmark,4,0.02,128,208.0,0.4828399419784546,0.6309890747070312
0,1,landmark,4,0.02,256,336.0,0.6607226133346558,0.84442138671875
0,1,landmark,4,0.02,512,592.0,0.82321697473526,0.9534759521484375
0,1,landmark,4,0.05,64,264.0,0.3772580623626709,0.45438385009765625
0,1,landmark,4,0.05,128,328.0,0.5257903337478638,0.6714096069335938
0,1,landmark,4,0.05,256,456.0,0.6931117177009583,0.8654937744140625
0,1,landmark,4,0.05,512,712.0,0.8419481515884399,0.9605026245117188
0,1,oracle_chunk,8,0.0,64,64.0,0.3622007668018341,0.44315338134765625
0,1,oracle_chunk,8,0.0,128,128.0,0.5171525478363037,0.70721435546875
0,1,oracle_chunk,8,0.0,256,256.0,0.6872113943099976,0.9247283935546875
0,1,oracle_chunk,8,0.0,512,512.0,0.8425473570823669,0.9965744018554688
0,1,landmark,8,0.0,64,64.0,0.26287350058555603,0.33975982666015625
0,1,landmark,8,0.0,128,128.0,0.4190885126590729,0.55322265625
0,1,landmark,8,0.0,256,256.0,0.605554461479187,0.7685317993164062
0,1,landmark,8,0.0,512,512.0,0.7889932990074158,0.91632080078125
0,1,landmark,8,0.005,64,88.0,0.27478596568107605,0.35414886474609375
0,1,landmark,8,0.005,128,152.0,0.43047794699668884,0.5671768188476562
0,1,landmark,8,0.005,256,280.0,0.6159816980361938,0.779571533203125
0,1,landmark,8,0.005,512,536.0,0.7943081259727478,0.9195175170898438
0,1,landmark,8,0.01,64,104.0,0.2748981714248657,0.35416412353515625
0,1,landmark,8,0.01,128,168.0,0.4305901825428009,0.5671920776367188
0,1,landmark,8,0.01,256,296.0,0.6160939335823059,0.7795867919921875
0,1,landmark,8,0.01,512,552.0,0.7944203615188599,0.9195327758789062
0,1,landmark,8,0.02,64,144.0,0.2758843004703522,0.35453033447265625
0,1,landmark,8,0.02,128,208.0,0.43157634139060974,0.5675582885742188
0,1,landmark,8,0.02,256,336.0,0.6170800924301147,0.7799530029296875
0,1,landmark,8,0.02,512,592.0,0.7954065203666687,0.9198989868164062
0,1,landmark,8,0.05,64,264.0,0.3228837549686432,0.40613555908203125
0,1,landmark,8,0.05,128,328.0,0.4719730019569397,0.6095199584960938
0,1,landmark,8,0.05,256,456.0,0.6466643810272217,0.8034439086914062
0,1,landmark,8,0.05,512,712.0,0.814960241317749,0.9307174682617188
0,1,oracle_chunk,16,0.0,64,64.0,0.3219146132469177,0.3893585205078125
0,1,oracle_chunk,16,0.0,128,128.0,0.4813086688518524,0.6301803588867188
0,1,oracle_chunk,16,0.0,256,256.0,0.658560037612915,0.8519058227539062
0,1,oracle_chunk,16,0.0,512,512.0,0.8235175609588623,0.9724807739257812
0,1,landmark,16,0.0,64,64.0,0.24643227458000183,0.32367706298828125
0,1,landmark,16,0.0,128,128.0,0.4038298726081848,0.5331497192382812
0,1,landmark,16,0.0,256,256.0,0.5860694646835327,0.7401580810546875
0,1,landmark,16,0.0,512,512.0,0.7725500464439392,0.8919448852539062
0,1,landmark,16,0.005,64,80.0,0.2709168791770935,0.35955047607421875
0,1,landmark,16,0.005,128,144.0,0.42681989073753357,0.5649337768554688
0,1,landmark,16,0.005,256,272.0,0.6023189425468445,0.75732421875
0,1,landmark,16,0.005,512,528.0,0.7794376015663147,0.89654541015625
0,1,landmark,16,0.01,64,112.0,0.2831839919090271,0.37770843505859375
0,1,landmark,16,0.01,128,176.0,0.43588802218437195,0.5774383544921875
0,1,landmark,16,0.01,256,304.0,0.6076071262359619,0.7617645263671875
0,1,landmark,16,0.01,512,560.0,0.7806271910667419,0.8967208862304688
0,1,landmark,16,0.02,64,144.0,0.2932625114917755,0.3910064697265625
0,1,landmark,16,0.02,128,208.0,0.44294723868370056,0.5854110717773438
0,1,landmark,16,0.02,256,336.0,0.6118797063827515,0.7655105590820312
0,1,landmark,16,0.02,512,592.0,0.783515214920044,0.8982696533203125
0,1,landmark,16,0.05,64,272.0,0.34185147285461426,0.443603515625
0,1,landmark,16,0.05,128,336.0,0.4853501617908478,0.6277542114257812
0,1,landmark,16,0.05,256,464.0,0.6415084600448608,0.7877960205078125
0,1,landmark,16,0.05,512,720.0,0.8037004470825195,0.9106369018554688
0,1,oracle_chunk,32,0.0,64,64.0,0.28154686093330383,0.3440704345703125
0,1,oracle_chunk,32,0.0,128,128.0,0.4467012882232666,0.57720947265625
0,1,oracle_chunk,32,0.0,256,256.0,0.6323977708816528,0.799285888671875
0,1,oracle_chunk,32,0.0,512,512.0,0.8073943257331848,0.9399337768554688
0,1,landmark,32,0.0,64,64.0,0.22459739446640015,0.29993438720703125
0,1,landmark,32,0.0,128,128.0,0.3876991868019104,0.5181732177734375
0,1,landmark,32,0.0,256,256.0,0.5756332874298096,0.7277603149414062
0,1,landmark,32,0.0,512,512.0,0.7617630958557129,0.8772811889648438
0,1,landmark,32,0.005,64,96.0,0.30699479579925537,0.40741729736328125
0,1,landmark,32,0.005,128,160.0,0.45357635617256165,0.598724365234375
0,1,landmark,32,0.005,256,288.0,0.608101487159729,0.7568817138671875
0,1,landmark,32,0.005,512,544.0,0.7766700387001038,0.886993408203125
0,1,landmark,32,0.01,64,96.0,0.30699479579925537,0.40741729736328125
0,1,landmark,32,0.01,128,160.0,0.45357635617256165,0.598724365234375
0,1,landmark,32,0.01,256,288.0,0.608101487159729,0.7568817138671875
0,1,landmark,32,0.01,512,544.0,0.7766700387001038,0.886993408203125
0,1,landmark,32,0.02,64,160.0,0.3079012334346771,0.407440185546875
0,1,landmark,32,0.02,128,224.0,0.4544828236103058,0.5987472534179688
0,1,landmark,32,0.02,256,352.0,0.6090079545974731,0.7569046020507812
0,1,landmark,32,0.02,512,608.0,0.7775765657424927,0.8870162963867188
0,1,landmark,32,0.05,64,256.0,0.3357379138469696,0.44245147705078125
0,1,landmark,32,0.05,128,320.0,0.47422146797180176,0.6195220947265625
0,1,landmark,32,0.05,256,448.0,0.621009111404419,0.7660369873046875
0,1,landmark,32,0.05,512,704.0,0.783909261226654,0.890106201171875
0,2,oracle_token,1,0.0,64,64.0,0.6705178618431091,1.0
0,2,oracle_token,1,0.0,128,128.0,0.7828381657600403,1.0
0,2,oracle_token,1,0.0,256,256.0,0.8830178380012512,1.0
0,2,oracle_token,1,0.0,512,512.0,0.9578320384025574,1.0
0,2,oracle_chunk,4,0.0,64,64.0,0.5493700504302979,0.477447509765625
0,2,oracle_chunk,4,0.0,128,128.0,0.686572790145874,0.7750778198242188
0,2,oracle_chunk,4,0.0,256,256.0,0.8196332454681396,0.9847869873046875
0,2,oracle_chunk,4,0.0,512,512.0,0.9287685751914978,0.9999847412109375
0,2,landmark,4,0.0,64,64.0,0.42737165093421936,0.3905792236328125
0,2,landmark,4,0.0,128,128.0,0.5823816061019897,0.5936203002929688
0,2,landmark,4,0.0,256,256.0,0.7451793551445007,0.8100051879882812
0,2,landmark,4,0.0,512,512.0,0.8883113861083984,0.94390869140625
0,2,landmark,4,0.005,64,84.0,0.4369877576828003,0.40265655517578125
0,2,landmark,4,0.005,128,148.0,0.5913069844245911,0.6048049926757812
0,2,landmark,4,0.005,256,276.0,0.7520010471343994,0.8177719116210938
0,2,landmark,4,0.005,512,532.0,0.8920394778251648,0.9474716186523438
0,2,landmark,4,0.01,64,104.0,0.44328832626342773,0.40950775146484375
0,2,landmark,4,0.01,128,168.0,0.596088707447052,0.6090927124023438
0,2,landmark,4,0.01,256,296.0,0.7557253241539001,0.8204879760742188
0,2,landmark,4,0.01,512,552.0,0.8947301506996155,0.9486083984375
0,2,landmark,4,0.02,64,144.0,0.45163869857788086,0.4192657470703125
0,2,landmark,4,0.02,128,208.0,0.6043859124183655,0.618194580078125
0,2,landmark,4,0.02,256,336.0,0.762274444103241,0.8266448974609375
0,2,landmark,4,0.02,512,592.0,0.8991566300392151,0.9512939453125
0,2,landmark,4,0.05,64,264.0,0.5164492726325989,0.49615478515625
0,2,landmark,4,0.05,128,328.0,0.6553230285644531,0.67633056640625
0,2,landmark,4,0.05,256,456.0,0.7957103848457336,0.8563690185546875
0,2,landmark,4,0.05,512,712.0,0.9163925051689148,0.9609756469726562
0,2,oracle_chunk,8,0.0,64,64.0,0.4823148846626282,0.373016357421875
0,2,oracle_chunk,8,0.0,128,128.0,0.6343019604682922,0.6324234008789062
0,2,oracle_chunk,8,0.0,256,256.0,0.7877160310745239,0.9003982543945312
0,2,oracle_chunk,8,0.0,512,512.0,0.9124362468719482,0.9953689575195312
0,2,landmark,8,0.0,64,64.0,0.34405049681663513,0.3207550048828125
0,2,landmark,8,0.0,128,128.0,0.5042023658752441,0.5150985717773438
0,2,landmark,8,0.0,256,256.0,0.6966392397880554,0.7532882690429688
0,2,landmark,8,0.0,512,512.0,0.8641548752784729,0.9165878295898438
0,2,landmark,8,0.005,64,88.0,0.363703191280365,0.34519195556640625
0,2,landmark,8,0.005,128,152.0,0.5219239592552185,0.536895751953125
0,2,landmark,8,0.005,256,280.0,0.7057914137840271,0.7630996704101562
0,2,landmark,8,0.005,512,536.0,0.867682158946991,0.918701171875
0,2,landmark,8,0.01,64,104.0,0.3651101589202881,0.34557342529296875
0,2,landmark,8,0.01,128,168.0,0.5233309268951416,0.5372772216796875
0,2,landmark,8,0.01,256,296.0,0.7071983218193054,0.7634811401367188
0,2,landmark,8,0.01,512,552.0,0.8690413236618042,0.9190216064453125
0,2,landmark,8,0.02,64,144.0,0.3889855146408081,0.37400054931640625
0,2,landmark,8,0.02,128,208.0,0.5439915060997009,0.5604934692382812
0,2,landmark,8,0.02,256,336.0,0.718828558921814,0.7752304077148438
0,2,landmark,8,0.02,512,592.0,0.8763774633407593,0.92376708984375
0,2,landmark,8,0.05,64,264.0,0.4385822117328644,0.428924560546875
0,2,landmark,8,0.05,128,328.0,0.5867964625358582,0.6086196899414062
0,2,landmark,8,0.05,256,456.0,0.7474647760391235,0.8018646240234375
0,2,landmark,8,0.05,512,712.0,0.8952205777168274,0.9347991943359375
0,2,oracle_chunk,16,0.0,64,64.0,0.4254915416240692,0.32323455810546875
0,2,oracle_chunk,16,0.0,128,128.0,0.5842766761779785,0.5460128784179688
0,2,oracle_chunk,16,0.0,256,256.0,0.7530595064163208,0.8107833862304688
0,2,oracle_chunk,16,0.0,512,512.0,0.8927225470542908,0.9639511108398438
0,2,landmark,16,0.0,64,64.0,0.3163859248161316,0.2935791015625
0,2,landmark,16,0.0,128,128.0,0.47268572449684143,0.48017120361328125
0,2,landmark,16,0.0,256,256.0,0.6670060753822327,0.716033935546875
0,2,landmark,16,0.0,512,512.0,0.8339482545852661,0.878631591796875
0,2,landmark,16,0.005,64,80.0,0.3489270508289337,0.335296630859375
0,2,landmark,16,0.005,128,144.0,0.4987674057483673,0.510528564453125
0,2,landmark,16,0.005,256,272.0,0.6796204447746277,0.7303390502929688
0,2,landmark,16,0.005,512,528.0,0.8407589197158813,0.8835220336914062
0,2,landmark,16,0.01,64,112.0,0.36314159631729126,0.34642791748046875
0,2,landmark,16,0.01,128,176.0,0.5113069415092468,0.5216140747070312
0,2,landmark,16,0.01,256,304.0,0.686369001865387,0.7347183227539062
0,2,landmark,16,0.01,512,560.0,0.8448445200920105,0.885955810546875
0,2,landmark,16,0.02,64,144.0,0.383539080619812,0.3678741455078125
0,2,landmark,16,0.02,128,208.0,0.5275571942329407,0.5387115478515625
0,2,landmark,16,0.02,256,336.0,0.6933978199958801,0.7421188354492188
0,2,landmark,16,0.02,512,592.0,0.8497432470321655,0.8902359008789062
0,2,landmark,16,0.05,64,272.0,0.4431638717651367,0.4272003173828125
0,2,landmark,16,0.05,128,336.0,0.574815571308136,0.5886688232421875
0,2,landmark,16,0.05,256,464.0,0.7252086400985718,0.7729339599609375
0,2,landmark,16,0.05,512,720.0,0.8775665163993835,0.9136581420898438
0,2,oracle_chunk,32,0.0,64,64.0,0.3761419951915741,0.2973785400390625
0,2,oracle_chunk,32,0.0,128,128.0,0.5386494398117065,0.49982452392578125
0,2,oracle_chunk,32,0.0,256,256.0,0.7245510816574097,0.7574844360351562
0,2,oracle_chunk,32,0.0,512,512.0,0.8772979974746704,0.9310836791992188
0,2,landmark,32,0.0,64,64.0,0.29829156398773193,0.27623748779296875
0,2,landmark,32,0.0,128,128.0,0.4426262378692627,0.453155517578125
0,2,landmark,32,0.0,256,256.0,0.6448257565498352,0.6908645629882812
0,2,landmark,32,0.0,512,512.0,0.8198839426040649,0.8652191162109375
0,2,landmark,32,0.005,64,96.0,0.3660171627998352,0.34925079345703125
0,2,landmark,32,0.005,128,160.0,0.49464839696884155,0.510009765625
0,2,landmark,32,0.005,256,288.0,0.6671223640441895,0.713531494140625
0,2,landmark,32,0.005,512,544.0,0.8322253227233887,0.8743820190429688
0,2,landmark,32,0.01,64,96.0,0.3660171627998352,0.34925079345703125
0,2,landmark,32,0.01,128,160.0,0.49464839696884155,0.510009765625
0,2,landmark,32,0.01,256,288.0,0.6671223640441895,0.713531494140625
0,2,landmark,32,0.01,512,544.0,0.8322253227233887,0.8743820190429688
0,2,landmark,32,0.02,64,160.0,0.39600008726119995,0.38129425048828125
0,2,landmark,32,0.02,128,224.0,0.5228686928749084,0.543914794921875
0,2,landmark,32,0.02,256,352.0,0.6849461197853088,0.7319564819335938
0,2,landmark,32,0.02,512,608.0,0.8456846475601196,0.8862686157226562
0,2,landmark,32,0.05,64,256.0,0.4225752651691437,0.41135406494140625
0,2,landmark,32,0.05,128,320.0,0.5476174354553223,0.5705795288085938
0,2,landmark,32,0.05,256,448.0,0.6998805999755859,0.7424468994140625
0,2,landmark,32,0.05,512,704.0,0.8570591807365417,0.8937225341796875
0,3,oracle_token,1,0.0,64,64.0,0.4716653823852539,1.0
0,3,oracle_token,1,0.0,128,128.0,0.6312384605407715,1.0
0,3,oracle_token,1,0.0,256,256.0,0.790075957775116,1.0
0,3,oracle_token,1,0.0,512,512.0,0.9151345491409302,1.0
0,3,oracle_chunk,4,0.0,64,64.0,0.3693692088127136,0.5330429077148438
0,3,oracle_chunk,4,0.0,128,128.0,0.5337243676185608,0.8125839233398438
0,3,oracle_chunk,4,0.0,256,256.0,0.7203854918479919,0.9885787963867188
0,3,oracle_chunk,4,0.0,512,512.0,0.8811596632003784,1.0
0,3,landmark,4,0.0,64,64.0,0.28348827362060547,0.38747406005859375
0,3,landmark,4,0.0,128,128.0,0.44530707597732544,0.6086959838867188
0,3,landmark,4,0.0,256,256.0,0.6480609774589539,0.8355789184570312
0,3,landmark,4,0.0,512,512.0,0.8426656723022461,0.9690933227539062
0,3,landmark,4,0.005,64,84.0,0.2964250147342682,0.4027252197265625
0,3,landmark,4,0.005,128,148.0,0.4576188623905182,0.6230926513671875
0,3,landmark,4,0.005,256,276.0,0.6589362621307373,0.847259521484375
0,3,landmark,4,0.005,512,532.0,0.8494306206703186,0.9746170043945312
0,3,landmark,4,0.01,64,104.0,0.30030107498168945,0.40545654296875
0,3,landmark,4,0.01,128,168.0,0.4616297483444214,0.6259536743164062
0,3,landmark,4,0.01,256,296.0,0.6627150774002075,0.8496475219726562
0,3,landmark,4,0.01,512,552.0,0.8520795702934265,0.9755630493164062
0,3,landmark,4,0.02,64,144.0,0.31605011224746704,0.420562744140625
0,3,landmark,4,0.02,128,208.0,0.4761742055416107,0.6395950317382812
0,3,landmark,4,0.02,256,336.0,0.6745058298110962,0.8582611083984375
0,3,landmark,4,0.02,512,592.0,0.8590438365936279,0.9781265258789062
0,3,landmark,4,0.05,64,264.0,0.3625781536102295,0.4676971435546875
0,3,landmark,4,0.05,128,328.0,0.5185391902923584,0.67926025390625
0,3,landmark,4,0.05,256,456.0,0.708651602268219,0.8836212158203125
0,3,landmark,4,0.05,512,712.0,0.8790757060050964,0.9845809936523438
0,3,oracle_chunk,8,0.0,64,64.0,0.32358068227767944,0.44098663330078125
0,3,oracle_chunk,8,0.0,128,128.0,0.48922815918922424,0.6952896118164062
0,3,oracle_chunk,8,0.0,256,256.0,0.6877851486206055,0.928680419921875
0,3,oracle_chunk,8,0.0,512,512.0,0.8646806478500366,0.998260498046875
0,3,landmark,8,0.0,64,64.0,0.2491716593503952,0.33150482177734375
0,3,landmark,8,0.0,128,128.0,0.4085213243961334,0.5417022705078125
0,3,landmark,8,0.0,256,256.0,0.6228758096694946,0.7898330688476562
0,3,landmark,8,0.0,512,512.0,0.8300097584724426,0.9542999267578125
0,3,landmark,8,0.005,64,88.0,0.2602124810218811,0.34258270263671875
0,3,landmark,8,0.005,128,152.0,0.41966670751571655,0.552947998046875
0,3,landmark,8,0.005,256,280.0,0.6335077881813049,0.7998504638671875
0,3,landmark,8,0.005,512,536.0,0.837410569190979,0.9599227905273438
0,3,landmark,8,0.01,64,104.0,0.2626418173313141,0.34363555908203125
0,3,landmark,8,0.01,128,168.0,0.4220961034297943,0.5540008544921875
0,3,landmark,8,0.01,256,296.0,0.6359638571739197,0.8010330200195312
0,3,landmark,8,0.01,512,552.0,0.8394519090652466,0.9606704711914062
0,3,landmark,8,0.02,64,144.0,0.2832115590572357,0.3653564453125
0,3,landmark,8,0.02,128,208.0,0.44053080677986145,0.5720443725585938
0,3,landmark,8,0.02,256,336.0,0.6508815288543701,0.8131866455078125
0,3,landmark,8,0.02,512,592.0,0.8469628691673279,0.9640731811523438
0,3,landmark,8,0.05,64,264.0,0.3492662310600281,0.43709564208984375
0,3,landmark,8,0.05,128,328.0,0.49622440338134766,0.6253814697265625
0,3,landmark,8,0.05,256,456.0,0.6919167041778564,0.8435516357421875
0,3,landmark,8,0.05,512,712.0,0.8705266714096069,0.9736328125
0,3,oracle_chunk,16,0.0,64,64.0,0.2865072190761566,0.37894439697265625
0,3,oracle_chunk,16,0.0,128,128.0,0.45390748977661133,0.6203765869140625
0,3,oracle_chunk,16,0.0,256,256.0,0.662778913974762,0.8703079223632812
0,3,oracle_chunk,16,0.0,512,512.0,0.8519765138626099,0.98809814453125
0,3,landmark,16,0.0,64,64.0,0.22347630560398102,0.28739166259765625
0,3,landmark,16,0.0,128,128.0,0.38557496666908264,0.5044479370117188
0,3,landmark,16,0.0,256,256.0,0.6047780513763428,0.7594375610351562
0,3,landmark,16,0.0,512,512.0,0.8248464465141296,0.94964599609375
0,3,landmark,16,0.005,64,80.0,0.24410668015480042,0.316070556640625
0,3,landmark,16,0.005,128,144.0,0.4035075306892395,0.5264205932617188
0,3,landmark,16,0.005,256,272.0,0.6190766096115112,0.7733993530273438
0,3,landmark,16,0.005,512,528.0,0.8327313661575317,0.9560394287109375
0,3,landmark,16,0.01,64,112.0,0.2567801773548126,0.331085205078125
0,3,landmark,16,0.01,128,176.0,0.41208332777023315,0.5357894897460938
0,3,landmark,16,0.01,256,304.0,0.6250938773155212,0.7789459228515625
0,3,landmark,16,0.01,512,560.0,0.8355927467346191,0.957244873046875
0,3,landmark,16,0.02,64,144.0,0.26612696051597595,0.33860015869140625
0,3,landmark,16,0.02,128,208.0,0.42154398560523987,0.5435028076171875
0,3,landmark,16,0.02,256,336.0,0.6346167922019958,0.7862319946289062
0,3,landmark,16,0.02,512,592.0,0.841145932674408,0.9596405029296875
0,3,landmark,16,0.05,64,272.0,0.3241680860519409,0.39826202392578125
0,3,landmark,16,0.05,128,336.0,0.47264569997787476,0.5884323120117188
0,3,landmark,16,0.05,256,464.0,0.6776154637336731,0.8189697265625
0,3,landmark,16,0.05,512,720.0,0.8654269576072693,0.9687423706054688
0,3,oracle_chunk,32,0.0,64,64.0,0.25637388229370117,0.337127685546875
0,3,oracle_chunk,32,0.0,128,128.0,0.4225386679172516,0.5672378540039062
0,3,oracle_chunk,32,0.0,256,256.0,0.6390537619590759,0.8257064819335938
0,3,oracle_chunk,32,0.0,512,512.0,0.841468334197998,0.9727935791015625
0,3,landmark,32,0.0,64,64.0,0.20659393072128296,0.2654571533203125
0,3,landmark,32,0.0,128,128.0,0.36904722452163696,0.47902679443359375
0,3,landmark,32,0.0,256,256.0,0.5911607146263123,0.73883056640625
0,3,landmark,32,0.0,512,512.0,0.818601667881012,0.9401779174804688
0,3,landmark,32,0.005,64,96.0,0.2668674886226654,0.3465576171875
0,3,landmark,32,0.005,128,160.0,0.41754958033561707,0.53839111328125
0,3,landmark,32,0.005,256,288.0,0.6244444847106934,0.7727584838867188
0,3,landmark,32,0.005,512,544.0,0.8327163457870483,0.9509658813476562
0,3,landmark,32,0.01,64,96.0,0.2668674886226654,0.3465576171875
0,3,landmark,32,0.01,128,160.0,0.41754958033561707,0.53839111328125
0,3,landmark,32,0.01,256,288.0,0.6244444847106934,0.7727584838867188
0,3,landmark,32,0.01,512,544.0,0.8327163457870483,0.9509658813476562
0,3,landmark,32,0.02,64,160.0,0.29854822158813477,0.38144683837890625
0,3,landmark,32,0.02,128,224.0,0.4414430260658264,0.5613327026367188
0,3,landmark,32,0.02,256,352.0,0.6468891501426697,0.7933731079101562
0,3,landmark,32,0.02,512,608.0,0.846206784248352,0.958984375
0,3,landmark,32,0.05,64,256.0,0.3080908954143524,0.38459014892578125
0,3,landmark,32,0.05,128,320.0,0.4513395130634308,0.5649642944335938
0,3,landmark,32,0.05,256,448.0,0.6579582095146179,0.799072265625
0,3,landmark,32,0.05,512,704.0,0.8542038202285767,0.9612960815429688
0,4,oracle_token,1,0.0,64,64.0,0.7863621711730957,1.0
0,4,oracle_token,1,0.0,128,128.0,0.8760266900062561,1.0
0,4,oracle_token,1,0.0,256,256.0,0.9426648020744324,1.0
0,4,oracle_token,1,0.0,512,512.0,0.9831827282905579,1.0
0,4,oracle_chunk,4,0.0,64,64.0,0.6909089088439941,0.5325851440429688
0,4,oracle_chunk,4,0.0,128,128.0,0.81500244140625,0.8527755737304688
0,4,oracle_chunk,4,0.0,256,256.0,0.913826584815979,0.9959716796875
0,4,oracle_chunk,4,0.0,512,512.0,0.9718620181083679,1.0
0,4,landmark,4,0.0,64,64.0,0.5883727073669434,0.47960662841796875
0,4,landmark,4,0.0,128,128.0,0.7552525997161865,0.7271347045898438
0,4,landmark,4,0.0,256,256.0,0.8791990876197815,0.9166030883789062
0,4,landmark,4,0.0,512,512.0,0.9565865993499756,0.9857711791992188
0,4,landmark,4,0.005,64,84.0,0.5926459431648254,0.48873138427734375
0,4,landmark,4,0.005,128,148.0,0.759347677230835,0.7357864379882812
0,4,landmark,4,0.005,256,276.0,0.8825063705444336,0.9236068725585938
0,4,landmark,4,0.005,512,532.0,0.9576128125190735,0.9868240356445312
0,4,landmark,4,0.01,64,104.0,0.6035244464874268,0.4988555908203125
0,4,landmark,4,0.01,128,168.0,0.7633008360862732,0.742156982421875
0,4,landmark,4,0.01,256,296.0,0.8841623663902283,0.9256134033203125
0,4,landmark,4,0.01,512,552.0,0.9578192830085754,0.9868392944335938
0,4,landmark,4,0.02,64,144.0,0.6171091794967651,0.5120010375976562
0,4,landmark,4,0.02,128,208.0,0.7707463502883911,0.7522430419921875
0,4,landmark,4,0.02,256,336.0,0.8883562684059143,0.929931640625
0,4,landmark,4,0.02,512,592.0,0.9596485495567322,0.98822021484375
0,4,landmark,4,0.05,64,264.0,0.6597058176994324,0.5665359497070312
0,4,landmark,4,0.05,128,328.0,0.797422468662262,0.7892684936523438
0,4,landmark,4,0.05,256,456.0,0.9041443467140198,0.9465255737304688
0,4,landmark,4,0.05,512,712.0,0.9673425555229187,0.993408203125
0,4,oracle_chunk,8,0.0,64,64.0,0.6326491236686707,0.44071197509765625
0,4,oracle_chunk,8,0.0,128,128.0,0.7771586775779724,0.7279205322265625
0,4,oracle_chunk,8,0.0,256,256.0,0.8977656364440918,0.9665679931640625
0,4,oracle_chunk,8,0.0,512,512.0,0.966048002243042,0.9994583129882812
0,4,landmark,8,0.0,64,64.0,0.5463460087776184,0.414703369140625
0,4,landmark,8,0.0,128,128.0,0.7160094380378723,0.656646728515625
0,4,landmark,8,0.0,256,256.0,0.8638160228729248,0.8900146484375
0,4,landmark,8,0.0,512,512.0,0.9521381258964539,0.982025146484375
0,4,landmark,8,0.005,64,88.0,0.5525839328765869,0.42608642578125
0,4,landmark,8,0.005,128,152.0,0.7222472429275513,0.66802978515625
0,4,landmark,8,0.005,256,280.0,0.8693627715110779,0.8995132446289062
0,4,landmark,8,0.005,512,536.0,0.9539254903793335,0.983184814453125
0,4,landmark,8,0.01,64,104.0,0.5613462328910828,0.4336700439453125
0,4,landmark,8,0.01,128,168.0,0.7265837788581848,0.6740570068359375
0,4,landmark,8,0.01,256,296.0,0.8700931072235107,0.901275634765625
0,4,landmark,8,0.01,512,552.0,0.9539542198181152,0.983184814453125
0,4,landmark,8,0.02,64,144.0,0.5889537334442139,0.46947479248046875
0,4,landmark,8,0.02,128,208.0,0.7407175302505493,0.6989593505859375
0,4,landmark,8,0.02,256,336.0,0.8750581741333008,0.9075546264648438
0,4,landmark,8,0.02,512,592.0,0.9546244144439697,0.9831924438476562
0,4,landmark,8,0.05,64,264.0,0.6430251598358154,0.5464096069335938
0,4,landmark,8,0.05,128,328.0,0.7829378247261047,0.7643966674804688
0,4,landmark,8,0.05,256,456.0,0.8972123265266418,0.9323577880859375
0,4,landmark,8,0.05,512,712.0,0.9626284837722778,0.9872894287109375
0,4,oracle_chunk,16,0.0,64,64.0,0.5782210230827332,0.39174652099609375
0,4,oracle_chunk,16,0.0,128,128.0,0.7417768836021423,0.6548309326171875
0,4,oracle_chunk,16,0.0,256,256.0,0.8807293176651001,0.9202728271484375
0,4,oracle_chunk,16,0.0,512,512.0,0.9595010876655579,0.9936065673828125
0,4,landmark,16,0.0,64,64.0,0.49383968114852905,0.37976837158203125
0,4,landmark,16,0.0,128,128.0,0.6813279390335083,0.6141586303710938
0,4,landmark,16,0.0,256,256.0,0.8438218235969543,0.8655471801757812
0,4,landmark,16,0.0,512,512.0,0.9424773454666138,0.9729080200195312
0,4,landmark,16,0.005,64,80.0,0.5165441632270813,0.41707611083984375
0,4,landmark,16,0.005,128,144.0,0.7004119157791138,0.6479034423828125
0,4,landmark,16,0.005,256,272.0,0.856210470199585,0.884796142578125
0,4,landmark,16,0.005,512,528.0,0.9451308250427246,0.9748153686523438
0,4,landmark,16,0.01,64,112.0,0.5252367854118347,0.4315948486328125
0,4,landmark,16,0.01,128,176.0,0.709209680557251,0.6610336303710938
0,4,landmark,16,0.01,256,304.0,0.8607149124145508,0.8921966552734375
0,4,landmark,16,0.01,512,560.0,0.9477799534797668,0.9778823852539062
0,4,landmark,16,0.02,64,144.0,0.5363950729370117,0.44586181640625
0,4,landmark,16,0.02,128,208.0,0.7192007303237915,0.674957275390625
0,4,landmark,16,0.02,256,336.0,0.8637016415596008,0.8953628540039062
0,4,landmark,16,0.02,512,592.0,0.9480020403862,0.9778900146484375
0,4,landmark,16,0.05,64,272.0,0.6485946774482727,0.5768051147460938
0,4,landmark,16,0.05,128,336.0,0.7840943336486816,0.7709808349609375
0,4,landmark,16,0.05,256,464.0,0.8903948664665222,0.9220657348632812
0,4,landmark,16,0.05,512,720.0,0.9600054621696472,0.984405517578125
0,4,oracle_chunk,32,0.0,64,64.0,0.4856877326965332,0.3263702392578125
0,4,oracle_chunk,32,0.0,128,128.0,0.680961012840271,0.582366943359375
0,4,oracle_chunk,32,0.0,256,256.0,0.8639848232269287,0.8857650756835938
0,4,oracle_chunk,32,0.0,512,512.0,0.9528417587280273,0.9843292236328125
0,4,landmark,32,0.0,64,64.0,0.361139178276062,0.33429718017578125
0,4,landmark,32,0.0,128,128.0,0.5761628150939941,0.5736312866210938
0,4,landmark,32,0.0,256,256.0,0.8369495868682861,0.8575210571289062
0,4,landmark,32,0.0,512,512.0,0.92960524559021,0.9627456665039062
0,4,landmark,32,0.005,64,96.0,0.5383468866348267,0.45235443115234375
0,4,landmark,32,0.005,128,160.0,0.6903349757194519,0.6689224243164062
0,4,landmark,32,0.005,256,288.0,0.8576163649559021,0.88470458984375
0,4,landmark,32,0.005,512,544.0,0.934801459312439,0.9659271240234375
0,4,landmark,32,0.01,64,96.0,0.5383468866348267,0.45235443115234375
0,4,landmark,32,0.01,128,160.0,0.6903349757194519,0.6689224243164062
0,4,landmark,32,0.01,256,288.0,0.8576163649559021,0.88470458984375
0,4,landmark,32,0.01,512,544.0,0.934801459312439,0.9659271240234375
0,4,landmark,32,0.02,64,160.0,0.563444197177887,0.490081787109375
0,4,landmark,32,0.02,128,224.0,0.7136260271072388,0.6994094848632812
0,4,landmark,32,0.02,256,352.0,0.8695890307426453,0.9032363891601562
0,4,landmark,32,0.02,512,608.0,0.9400725364685059,0.9703903198242188
0,4,landmark,32,0.05,64,256.0,0.6182073354721069,0.5513763427734375
0,4,landmark,32,0.05,128,320.0,0.7664788961410522,0.7466354370117188
0,4,landmark,32,0.05,256,448.0,0.8852347731590271,0.9202117919921875
0,4,landmark,32,0.05,512,704.0,0.9480815529823303,0.9741134643554688
0,5,oracle_token,1,0.0,64,64.0,0.693728506565094,1.0
0,5,oracle_token,1,0.0,128,128.0,0.8000228404998779,1.0
0,5,oracle_token,1,0.0,256,256.0,0.8956282138824463,1.0
0,5,oracle_token,1,0.0,512,512.0,0.965357780456543,1.0
0,5,oracle_chunk,4,0.0,64,64.0,0.5959929823875427,0.515350341796875
0,5,oracle_chunk,4,0.0,128,128.0,0.7225623726844788,0.81768798828125
0,5,oracle_chunk,4,0.0,256,256.0,0.8470755219459534,0.9956436157226562
0,5,oracle_chunk,4,0.0,512,512.0,0.9454439878463745,1.0
0,5,landmark,4,0.0,64,64.0,0.49544161558151245,0.4165496826171875
0,5,landmark,4,0.0,128,128.0,0.6247352361679077,0.616363525390625
0,5,landmark,4,0.0,256,256.0,0.7708981037139893,0.8247909545898438
0,5,landmark,4,0.0,512,512.0,0.9067059755325317,0.9581069946289062
0,5,landmark,4,0.005,64,84.0,0.5005016326904297,0.42548370361328125
0,5,landmark,4,0.005,128,148.0,0.6293152570724487,0.6230392456054688
0,5,landmark,4,0.005,256,276.0,0.7747670412063599,0.82952880859375
0,5,landmark,4,0.005,512,532.0,0.9093877673149109,0.9607162475585938
0,5,landmark,4,0.01,64,104.0,0.509097158908844,0.433990478515625
0,5,landmark,4,0.01,128,168.0,0.6360709071159363,0.62921142578125
0,5,landmark,4,0.01,256,296.0,0.7797452211380005,0.8337554931640625
0,5,landmark,4,0.01,512,552.0,0.912158727645874,0.961761474609375
0,5,landmark,4,0.02,64,144.0,0.5266414880752563,0.46124267578125
0,5,landmark,4,0.02,128,208.0,0.6518908739089966,0.6527252197265625
0,5,landmark,4,0.02,256,336.0,0.7927285432815552,0.8515701293945312
0,5,landmark,4,0.02,512,592.0,0.9190558791160583,0.9683303833007812
0,5,landmark,4,0.05,64,264.0,0.5702013969421387,0.513275146484375
0,5,landmark,4,0.05,128,328.0,0.6910445094108582,0.6996917724609375
0,5,landmark,4,0.05,256,456.0,0.8218007683753967,0.8821640014648438
0,5,landmark,4,0.05,512,712.0,0.9345800280570984,0.97821044921875
0,5,oracle_chunk,8,0.0,64,64.0,0.550221860408783,0.43186187744140625
0,5,oracle_chunk,8,0.0,128,128.0,0.6858721971511841,0.6914901733398438
0,5,oracle_chunk,8,0.0,256,256.0,0.8242964744567871,0.9436187744140625
0,5,oracle_chunk,8,0.0,512,512.0,0.9354360103607178,0.999481201171875
0,5,landmark,8,0.0,64,64.0,0.458101361989975,0.3664703369140625
0,5,landmark,8,0.0,128,128.0,0.5933576822280884,0.5583724975585938
0,5,landmark,8,0.0,256,256.0,0.7487387657165527,0.7782821655273438
0,5,landmark,8,0.0,512,512.0,0.8957651257514954,0.9423904418945312
0,5,landmark,8,0.005,64,88.0,0.4676210582256317,0.38014984130859375
0,5,landmark,8,0.005,128,152.0,0.6011359691619873,0.567779541015625
0,5,landmark,8,0.005,256,280.0,0.7542644143104553,0.7852249145507812
0,5,landmark,8,0.005,512,536.0,0.8989704251289368,0.9447479248046875
0,5,landmark,8,0.01,64,104.0,0.4726332128047943,0.386322021484375
0,5,landmark,8,0.01,128,168.0,0.6055532097816467,0.5733261108398438
0,5,landmark,8,0.01,256,296.0,0.7580264806747437,0.7891082763671875
0,5,landmark,8,0.01,512,552.0,0.9007217884063721,0.9455413818359375
0,5,landmark,8,0.02,64,144.0,0.5022464394569397,0.42429351806640625
0,5,landmark,8,0.02,128,208.0,0.6292952299118042,0.6037750244140625
0,5,landmark,8,0.02,256,336.0,0.7760365605354309,0.8095779418945312
0,5,landmark,8,0.02,512,592.0,0.9089341163635254,0.95196533203125
0,5,landmark,8,0.05,64,264.0,0.5260315537452698,0.45656585693359375
0,5,landmark,8,0.05,128,328.0,0.6516278982162476,0.6317214965820312
0,5,landmark,8,0.05,256,456.0,0.7945578694343567,0.82940673828125
0,5,landmark,8,0.05,512,712.0,0.9218593239784241,0.9614944458007812
0,5,oracle_chunk,16,0.0,64,64.0,0.49942731857299805,0.36589813232421875
0,5,oracle_chunk,16,0.0,128,128.0,0.6445832848548889,0.5988006591796875
0,5,oracle_chunk,16,0.0,256,256.0,0.7977291345596313,0.8557281494140625
0,5,oracle_chunk,16,0.0,512,512.0,0.9241163730621338,0.9904022216796875
0,5,landmark,16,0.0,64,64.0,0.36877620220184326,0.31426239013671875
0,5,landmark,16,0.0,128,128.0,0.5134548544883728,0.48657989501953125
0,5,landmark,16,0.0,256,256.0,0.6998206377029419,0.7146987915039062
0,5,landmark,16,0.0,512,512.0,0.8805088996887207,0.919158935546875
0,5,landmark,16,0.005,64,80.0,0.3805275559425354,0.32646942138671875
0,5,landmark,16,0.005,128,144.0,0.5238924026489258,0.49730682373046875
0,5,landmark,16,0.005,256,272.0,0.7098203897476196,0.7245101928710938
0,5,landmark,16,0.005,512,528.0,0.884939968585968,0.9217300415039062
0,5,landmark,16,0.01,64,112.0,0.3876327872276306,0.33756256103515625
0,5,landmark,16,0.01,128,176.0,0.5311157703399658,0.5077743530273438
0,5,landmark,16,0.01,256,304.0,0.7170143127441406,0.7340469360351562
0,5,landmark,16,0.01,512,560.0,0.8886871337890625,0.9260330200195312
0,5,landmark,16,0.02,64,144.0,0.3939706087112427,0.3455352783203125
0,5,landmark,16,0.02,128,208.0,0.5374385118484497,0.5155258178710938
0,5,landmark,16,0.02,256,336.0,0.7216846942901611,0.739898681640625
0,5,landmark,16,0.02,512,592.0,0.8917505741119385,0.9284515380859375
0,5,landmark,16,0.05,64,272.0,0.43982627987861633,0.40425872802734375
0,5,landmark,16,0.05,128,336.0,0.5815539360046387,0.5699920654296875
0,5,landmark,16,0.05,256,464.0,0.7578490376472473,0.781097412109375
0,5,landmark,16,0.05,512,720.0,0.910586953163147,0.9452590942382812
0,5,oracle_chunk,32,0.0,64,64.0,0.4518355429172516,0.3352508544921875
0,5,oracle_chunk,32,0.0,128,128.0,0.6062539219856262,0.5400390625
0,5,oracle_chunk,32,0.0,256,256.0,0.7720568776130676,0.7903060913085938
0,5,oracle_chunk,32,0.0,512,512.0,0.913781464099884,0.96929931640625
0,5,landmark,32,0.0,64,64.0,0.3641267418861389,0.28948211669921875
0,5,landmark,32,0.0,128,128.0,0.5128830671310425,0.463775634765625
0,5,landmark,32,0.0,256,256.0,0.6929624676704407,0.6942291259765625
0,5,landmark,32,0.0,512,512.0,0.8637916445732117,0.9005508422851562
0,5,landmark,32,0.005,64,96.0,0.3930984437465668,0.32199859619140625
0,5,landmark,32,0.005,128,160.0,0.5360308289527893,0.489227294921875
0,5,landmark,32,0.005,256,288.0,0.71314537525177,0.7153778076171875
0,5,landmark,32,0.005,512,544.0,0.8736279010772705,0.90740966796875
0,5,landmark,32,0.01,64,96.0,0.3930984437465668,0.32199859619140625
0,5,landmark,32,0.01,128,160.0,0.5360308289527893,0.489227294921875
0,5,landmark,32,0.01,256,288.0,0.71314537525177,0.7153778076171875
0,5,landmark,32,0.01,512,544.0,0.8736279010772705,0.90740966796875
0,5,landmark,32,0.02,64,160.0,0.4032549262046814,0.33414459228515625
0,5,landmark,32,0.02,128,224.0,0.5461872816085815,0.501373291015625
0,5,landmark,32,0.02,256,352.0,0.7235701084136963,0.7267379760742188
0,5,landmark,32,0.02,512,608.0,0.8813390731811523,0.9139328002929688
0,5,landmark,32,0.05,64,256.0,0.458231121301651,0.3968048095703125
0,5,landmark,32,0.05,128,320.0,0.5927132368087769,0.5597305297851562
0,5,landmark,32,0.05,256,448.0,0.7537514567375183,0.76300048828125
0,5,landmark,32,0.05,512,704.0,0.8966702222824097,0.9281234741210938
0,6,oracle_token,1,0.0,64,64.0,0.7466261386871338,1.0
0,6,oracle_token,1,0.0,128,128.0,0.8573429584503174,1.0
0,6,oracle_token,1,0.0,256,256.0,0.9362553358078003,1.0
0,6,oracle_token,1,0.0,512,512.0,0.9789955019950867,1.0
0,6,oracle_chunk,4,0.0,64,64.0,0.632546603679657,0.5589675903320312
0,6,oracle_chunk,4,0.0,128,128.0,0.7818629145622253,0.86199951171875
0,6,oracle_chunk,4,0.0,256,256.0,0.9021283984184265,0.9997329711914062
0,6,oracle_chunk,4,0.0,512,512.0,0.9695911407470703,1.0
0,6,landmark,4,0.0,64,64.0,0.5021170377731323,0.501739501953125
0,6,landmark,4,0.0,128,128.0,0.6700499057769775,0.7243576049804688
0,6,landmark,4,0.0,256,256.0,0.849275529384613,0.9108352661132812
0,6,landmark,4,0.0,512,512.0,0.9555944204330444,0.9904937744140625
0,6,landmark,4,0.005,64,84.0,0.5078039765357971,0.5087966918945312
0,6,landmark,4,0.005,128,148.0,0.6757313013076782,0.731353759765625
0,6,landmark,4,0.005,256,276.0,0.8547062873840332,0.9174041748046875
0,6,landmark,4,0.005,512,532.0,0.9578215479850769,0.9918899536132812
0,6,landmark,4,0.01,64,104.0,0.508984386920929,0.5091705322265625
0,6,landmark,4,0.01,128,168.0,0.6769118309020996,0.7317276000976562
0,6,landmark,4,0.01,256,296.0,0.8558867573738098,0.9177780151367188
0,6,landmark,4,0.01,512,552.0,0.9588357210159302,0.99200439453125
0,6,landmark,4,0.02,64,144.0,0.515886664390564,0.5182037353515625
0,6,landmark,4,0.02,128,208.0,0.6835022568702698,0.7400283813476562
0,6,landmark,4,0.02,256,336.0,0.8617430925369263,0.924041748046875
0,6,landmark,4,0.02,512,592.0,0.9613164067268372,0.9932632446289062
0,6,landmark,4,0.05,64,264.0,0.5549802184104919,0.56207275390625
0,6,landmark,4,0.05,128,328.0,0.7185089588165283,0.7762908935546875
0,6,landmark,4,0.05,256,456.0,0.8859702348709106,0.945098876953125
0,6,landmark,4,0.05,512,712.0,0.9675018787384033,0.9953079223632812
0,6,oracle_chunk,8,0.0,64,64.0,0.5612757802009583,0.46581268310546875
0,6,oracle_chunk,8,0.0,128,128.0,0.728123128414154,0.7258071899414062
0,6,oracle_chunk,8,0.0,256,256.0,0.8777299523353577,0.9617996215820312
0,6,oracle_chunk,8,0.0,512,512.0,0.9642814993858337,0.9999008178710938
0,6,landmark,8,0.0,64,64.0,0.41891759634017944,0.43682861328125
0,6,landmark,8,0.0,128,128.0,0.5814121961593628,0.6459808349609375
0,6,landmark,8,0.0,256,256.0,0.8007243871688843,0.8590469360351562
0,6,landmark,8,0.0,512,512.0,0.9493967294692993,0.9853439331054688
0,6,landmark,8,0.005,64,88.0,0.42793989181518555,0.4478912353515625
0,6,landmark,8,0.005,128,152.0,0.588864803314209,0.6553497314453125
0,6,landmark,8,0.005,256,280.0,0.8072990775108337,0.8666152954101562
0,6,landmark,8,0.005,512,536.0,0.9520061016082764,0.9871444702148438
0,6,landmark,8,0.01,64,104.0,0.4285861849784851,0.4479827880859375
0,6,landmark,8,0.01,128,168.0,0.5895110964775085,0.6554412841796875
0,6,landmark,8,0.01,256,296.0,0.8079454302787781,0.8667068481445312
0,6,landmark,8,0.01,512,552.0,0.9526564478874207,0.98724365234375
0,6,landmark,8,0.02,64,144.0,0.4358760416507721,0.45745086669921875
0,6,landmark,8,0.02,128,208.0,0.5969710350036621,0.6629638671875
0,6,landmark,8,0.02,256,336.0,0.8155394196510315,0.8733367919921875
0,6,landmark,8,0.02,512,592.0,0.9557188749313354,0.9889602661132812
0,6,landmark,8,0.05,64,264.0,0.4812624156475067,0.5139236450195312
0,6,landmark,8,0.05,128,328.0,0.6315510272979736,0.7028732299804688
0,6,landmark,8,0.05,256,456.0,0.8371152281761169,0.8938751220703125
0,6,landmark,8,0.05,512,712.0,0.9634926915168762,0.9923934936523438
0,6,oracle_chunk,16,0.0,64,64.0,0.49752363562583923,0.4154205322265625
0,6,oracle_chunk,16,0.0,128,128.0,0.6784887313842773,0.6480255126953125
0,6,oracle_chunk,16,0.0,256,256.0,0.853005588054657,0.9005355834960938
0,6,oracle_chunk,16,0.0,512,512.0,0.9589840173721313,0.9982528686523438
0,6,landmark,16,0.0,64,64.0,0.36358410120010376,0.398895263671875
0,6,landmark,16,0.0,128,128.0,0.5550514459609985,0.6014633178710938
0,6,landmark,16,0.0,256,256.0,0.780253529548645,0.8336029052734375
0,6,landmark,16,0.0,512,512.0,0.9435333609580994,0.9766998291015625
0,6,landmark,16,0.005,64,80.0,0.4039928913116455,0.4257659912109375
0,6,landmark,16,0.005,128,144.0,0.5814640522003174,0.622528076171875
0,6,landmark,16,0.005,256,272.0,0.7880285978317261,0.8421401977539062
0,6,landmark,16,0.005,512,528.0,0.9462332725524902,0.9787826538085938
0,6,landmark,16,0.01,64,112.0,0.40563902258872986,0.42583465576171875
0,6,landmark,16,0.01,128,176.0,0.5831101536750793,0.6225967407226562
0,6,landmark,16,0.01,256,304.0,0.789674699306488,0.8422088623046875
0,6,landmark,16,0.01,512,560.0,0.9475111365318298,0.9788055419921875
0,6,landmark,16,0.02,64,144.0,0.41969436407089233,0.4424591064453125
0,6,landmark,16,0.02,128,208.0,0.5979943871498108,0.6359786987304688
0,6,landmark,16,0.02,256,336.0,0.7992638945579529,0.8512191772460938
0,6,landmark,16,0.02,512,592.0,0.9505631923675537,0.9803466796875
0,6,landmark,16,0.05,64,272.0,0.4619206190109253,0.48336029052734375
0,6,landmark,16,0.05,128,336.0,0.626740574836731,0.6656417846679688
0,6,landmark,16,0.05,256,464.0,0.820846676826477,0.8688888549804688
0,6,landmark,16,0.05,512,720.0,0.9588367342948914,0.9855422973632812
0,6,oracle_chunk,32,0.0,64,64.0,0.4360673725605011,0.3847198486328125
0,6,oracle_chunk,32,0.0,128,128.0,0.6207653880119324,0.591156005859375
0,6,oracle_chunk,32,0.0,256,256.0,0.8203128576278687,0.8416824340820312
0,6,oracle_chunk,32,0.0,512,512.0,0.9532501101493835,0.990966796875
0,6,landmark,32,0.0,64,64.0,0.3676643371582031,0.389739990234375
0,6,landmark,32,0.0,128,128.0,0.5361852645874023,0.5819244384765625
0,6,landmark,32,0.0,256,256.0,0.7581857442855835,0.8045578002929688
0,6,landmark,32,0.0,512,512.0,0.9375494718551636,0.9695510864257812
0,6,landmark,32,0.005,64,96.0,0.40310075879096985,0.43169403076171875
0,6,landmark,32,0.005,128,160.0,0.562015175819397,0.6153564453125
0,6,landmark,32,0.005,256,288.0,0.7721571922302246,0.8182830810546875
0,6,landmark,32,0.005,512,544.0,0.9421557188034058,0.9727325439453125
0,6,landmark,32,0.01,64,96.0,0.40310075879096985,0.43169403076171875
0,6,landmark,32,0.01,128,160.0,0.562015175819397,0.6153564453125
0,6,landmark,32,0.01,256,288.0,0.7721571922302246,0.8182830810546875
0,6,landmark,32,0.01,512,544.0,0.9421557188034058,0.9727325439453125
0,6,landmark,32,0.02,64,160.0,0.47306692600250244,0.514923095703125
0,6,landmark,32,0.02,128,224.0,0.6349284052848816,0.6802978515625
0,6,landmark,32,0.02,256,352.0,0.8178592324256897,0.8530502319335938
0,6,landmark,32,0.02,512,608.0,0.9477503895759583,0.9758529663085938
0,6,landmark,32,0.05,64,256.0,0.48576727509498596,0.53009033203125
0,6,landmark,32,0.05,128,320.0,0.647628664970398,0.695465087890625
0,6,landmark,32,0.05,256,448.0,0.8276126384735107,0.8617401123046875
0,6,landmark,32,0.05,512,704.0,0.9558402299880981,0.9801559448242188
0,7,oracle_token,1,0.0,64,64.0,0.5261974334716797,1.0
0,7,oracle_token,1,0.0,128,128.0,0.6704847812652588,1.0
0,7,oracle_token,1,0.0,256,256.0,0.8093602061271667,1.0
0,7,oracle_token,1,0.0,512,512.0,0.921027660369873,1.0
0,7,oracle_chunk,4,0.0,64,64.0,0.4380449950695038,0.56658935546875
0,7,oracle_chunk,4,0.0,128,128.0,0.5933244824409485,0.843414306640625
0,7,oracle_chunk,4,0.0,256,256.0,0.7564042806625366,0.9877700805664062
0,7,oracle_chunk,4,0.0,512,512.0,0.8970446586608887,0.9997100830078125
0,7,landmark,4,0.0,64,64.0,0.3651817739009857,0.4449615478515625
0,7,landmark,4,0.0,128,128.0,0.5219433307647705,0.6701126098632812
0,7,landmark,4,0.0,256,256.0,0.6943020224571228,0.8565673828125
0,7,landmark,4,0.0,512,512.0,0.858928382396698,0.9630584716796875
0,7,landmark,4,0.005,64,84.0,0.3708502948284149,0.45127105712890625
0,7,landmark,4,0.005,128,148.0,0.5276118516921997,0.676422119140625
0,7,landmark,4,0.005,256,276.0,0.699970543384552,0.8628768920898438
0,7,landmark,4,0.005,512,532.0,0.8632797002792358,0.9677581787109375
0,7,landmark,4,0.01,64,104.0,0.3781977891921997,0.4580841064453125
0,7,landmark,4,0.01,128,168.0,0.5341864824295044,0.6818389892578125
0,7,landmark,4,0.01,256,296.0,0.7051288485527039,0.86553955078125
0,7,landmark,4,0.01,512,552.0,0.8665190935134888,0.9684677124023438
0,7,landmark,4,0.02,64,144.0,0.3970496654510498,0.47447967529296875
0,7,landmark,4,0.02,128,208.0,0.5507893562316895,0.6940689086914062
0,7,landmark,4,0.02,256,336.0,0.7173789143562317,0.8711776733398438
0,7,landmark,4,0.02,512,592.0,0.8738792538642883,0.970367431640625
0,7,landmark,4,0.05,64,264.0,0.45240887999534607,0.5345840454101562
0,7,landmark,4,0.05,128,328.0,0.5954939723014832,0.7389907836914062
0,7,landmark,4,0.05,256,456.0,0.7495399713516235,0.8929214477539062
0,7,landmark,4,0.05,512,712.0,0.8927767872810364,0.9774169921875
0,7,oracle_chunk,8,0.0,64,64.0,0.3941021263599396,0.4742279052734375
0,7,oracle_chunk,8,0.0,128,128.0,0.554490327835083,0.7267990112304688
0,7,oracle_chunk,8,0.0,256,256.0,0.7291343808174133,0.9290771484375
0,7,oracle_chunk,8,0.0,512,512.0,0.8849754333496094,0.99761962890625
0,7,landmark,8,0.0,64,64.0,0.324136883020401,0.3847808837890625
0,7,landmark,8,0.0,128,128.0,0.48169609904289246,0.5919113159179688
0,7,landmark,8,0.0,256,256.0,0.6608685255050659,0.7880783081054688
0,7,landmark,8,0.0,512,512.0,0.8452367782592773,0.9399032592773438
0,7,landmark,8,0.005,64,88.0,0.33721914887428284,0.39875030517578125
0,7,landmark,8,0.005,128,152.0,0.4947783946990967,0.6058807373046875
0,7,landmark,8,0.005,256,280.0,0.6737511157989502,0.8017349243164062
0,7,landmark,8,0.005,512,536.0,0.8510555028915405,0.943572998046875
0,7,landmark,8,0.01,64,104.0,0.3426622748374939,0.4033966064453125
0,7,landmark,8,0.01,128,168.0,0.5001146793365479,0.610443115234375
0,7,landmark,8,0.01,256,296.0,0.678867518901825,0.8055953979492188
0,7,landmark,8,0.01,512,552.0,0.8552939295768738,0.9456710815429688
0,7,landmark,8,0.02,64,144.0,0.36314135789871216,0.42669677734375
0,7,landmark,8,0.02,128,208.0,0.5179404616355896,0.6292266845703125
0,7,landmark,8,0.02,256,336.0,0.6916459202766418,0.8145828247070312
0,7,landmark,8,0.02,512,592.0,0.8638226985931396,0.9499588012695312
0,7,landmark,8,0.05,64,264.0,0.4001319110393524,0.4624481201171875
0,7,landmark,8,0.05,128,328.0,0.5514587759971619,0.660675048828125
0,7,landmark,8,0.05,256,456.0,0.7183708548545837,0.83502197265625
0,7,landmark,8,0.05,512,712.0,0.8803831338882446,0.959716796875
0,7,oracle_chunk,16,0.0,64,64.0,0.3558177053928375,0.41384124755859375
0,7,oracle_chunk,16,0.0,128,128.0,0.5219584107398987,0.6523590087890625
0,7,oracle_chunk,16,0.0,256,256.0,0.7057666778564453,0.8689346313476562
0,7,oracle_chunk,16,0.0,512,512.0,0.8737773895263672,0.9860153198242188
0,7,landmark,16,0.0,64,64.0,0.29684877395629883,0.34958648681640625
0,7,landmark,16,0.0,128,128.0,0.4561154842376709,0.5473861694335938
0,7,landmark,16,0.0,256,256.0,0.6460931301116943,0.7566070556640625
0,7,landmark,16,0.0,512,512.0,0.8349098563194275,0.9198455810546875
0,7,landmark,16,0.005,64,80.0,0.321336567401886,0.37686920166015625
0,7,landmark,16,0.005,128,144.0,0.4771062135696411,0.5698471069335938
0,7,landmark,16,0.005,256,272.0,0.6590293049812317,0.7678985595703125
0,7,landmark,16,0.005,512,528.0,0.8392841219902039,0.9219436645507812
0,7,landmark,16,0.01,64,112.0,0.33279910683631897,0.38397216796875
0,7,landmark,16,0.01,128,176.0,0.48842287063598633,0.5767364501953125
0,7,landmark,16,0.01,256,304.0,0.6703227162361145,0.774505615234375
0,7,landmark,16,0.01,512,560.0,0.8470330834388733,0.9257125854492188
0,7,landmark,16,0.02,64,144.0,0.3376968502998352,0.38617706298828125
0,7,landmark,16,0.02,128,208.0,0.4933205842971802,0.5789413452148438
0,7,landmark,16,0.02,256,336.0,0.6752204895019531,0.7767105102539062
0,7,landmark,16,0.02,512,592.0,0.8508170247077942,0.9274368286132812
0,7,landmark,16,0.05,64,272.0,0.3588865101337433,0.39807891845703125
0,7,landmark,16,0.05,128,336.0,0.5144471526145935,0.5904998779296875
0,7,landmark,16,0.05,256,464.0,0.6962565779685974,0.7878570556640625
0,7,landmark,16,0.05,512,720.0,0.8692739009857178,0.9371490478515625
0,7,oracle_chunk,32,0.0,64,64.0,0.31320738792419434,0.358245849609375
0,7,oracle_chunk,32,0.0,128,128.0,0.48803430795669556,0.5933303833007812
0,7,oracle_chunk,32,0.0,256,256.0,0.6820360422134399,0.8208236694335938
0,7,oracle_chunk,32,0.0,512,512.0,0.8623878359794617,0.9660110473632812
0,7,landmark,32,0.0,64,64.0,0.2595498561859131,0.30619049072265625
0,7,landmark,32,0.0,128,128.0,0.4292207360267639,0.5100479125976562
0,7,landmark,32,0.0,256,256.0,0.6220816373825073,0.7211532592773438
0,7,landmark,32,0.0,512,512.0,0.8234989643096924,0.8993988037109375
0,7,landmark,32,0.005,64,96.0,0.32091575860977173,0.380157470703125
0,7,landmark,32,0.005,128,160.0,0.4693083167076111,0.5538787841796875
0,7,landmark,32,0.005,256,288.0,0.6478456854820251,0.7413864135742188
0,7,landmark,32,0.005,512,544.0,0.835368275642395,0.9071807861328125
0,7,landmark,32,0.01,64,96.0,0.32091575860977173,0.380157470703125
0,7,landmark,32,0.01,128,160.0,0.4693083167076111,0.5538787841796875
0,7,landmark,32,0.01,256,288.0,0.6478456854820251,0.7413864135742188
0,7,landmark,32,0.01,512,544.0,0.835368275642395,0.9071807861328125
0,7,landmark,32,0.02,64,160.0,0.3254224956035614,0.3826751708984375
0,7,landmark,32,0.02,128,224.0,0.47381505370140076,0.556396484375
0,7,landmark,32,0.02,256,352.0,0.6523523926734924,0.7439041137695312
0,7,landmark,32,0.02,512,608.0,0.8388653993606567,0.90966796875
0,7,landmark,32,0.05,64,256.0,0.37778252363204956,0.44260406494140625
0,7,landmark,32,0.05,128,320.0,0.5157556533813477,0.5991897583007812
0,7,landmark,32,0.05,256,448.0,0.6824632883071899,0.7687454223632812
0,7,landmark,32,0.05,512,704.0,0.8609804511070251,0.9245147705078125
0,8,oracle_token,1,0.0,64,64.0,0.7208458185195923,1.0
0,8,oracle_token,1,0.0,128,128.0,0.8223167657852173,1.0
0,8,oracle_token,1,0.0,256,256.0,0.9095175862312317,1.0
0,8,oracle_token,1,0.0,512,512.0,0.966783881187439,1.0
0,8,oracle_chunk,4,0.0,64,64.0,0.6340492367744446,0.558502197265625
0,8,oracle_chunk,4,0.0,128,128.0,0.7488831281661987,0.8256301879882812
0,8,oracle_chunk,4,0.0,256,256.0,0.8574970364570618,0.9827957153320312
0,8,oracle_chunk,4,0.0,512,512.0,0.9426195025444031,0.9932174682617188
0,8,landmark,4,0.0,64,64.0,0.5113986730575562,0.41835784912109375
0,8,landmark,4,0.0,128,128.0,0.6280543804168701,0.5930328369140625
0,8,landmark,4,0.0,256,256.0,0.7579138278961182,0.7548980712890625
0,8,landmark,4,0.0,512,512.0,0.8910415172576904,0.8963088989257812
0,8,landmark,4,0.005,64,84.0,0.5150718092918396,0.427978515625
0,8,landmark,4,0.005,128,148.0,0.6313601732254028,0.5997238159179688
0,8,landmark,4,0.005,256,276.0,0.7610369920730591,0.7605133056640625
0,8,landmark,4,0.005,512,532.0,0.8934403657913208,0.8998336791992188
0,8,landmark,4,0.01,64,104.0,0.5194718837738037,0.436676025390625
0,8,landmark,4,0.01,128,168.0,0.634829580783844,0.6057891845703125
0,8,landmark,4,0.01,256,296.0,0.764228880405426,0.765625
0,8,landmark,4,0.01,512,552.0,0.8955338001251221,0.9036788940429688
0,8,landmark,4,0.02,64,144.0,0.5359206199645996,0.461395263671875
0,8,landmark,4,0.02,128,208.0,0.6483689546585083,0.6272048950195312
0,8,landmark,4,0.02,256,336.0,0.7741614580154419,0.78118896484375
0,8,landmark,4,0.02,512,592.0,0.9022314548492432,0.9133071899414062
0,8,landmark,4,0.05,64,264.0,0.5768237113952637,0.5172119140625
0,8,landmark,4,0.05,128,328.0,0.6833354830741882,0.6733627319335938
0,8,landmark,4,0.05,256,456.0,0.8037131428718567,0.8165054321289062
0,8,landmark,4,0.05,512,712.0,0.9191703200340271,0.931915283203125
0,8,oracle_chunk,8,0.0,64,64.0,0.5910475254058838,0.47347259521484375
0,8,oracle_chunk,8,0.0,128,128.0,0.7123211622238159,0.7137603759765625
0,8,oracle_chunk,8,0.0,256,256.0,0.8304951190948486,0.9129791259765625
0,8,oracle_chunk,8,0.0,512,512.0,0.9270018339157104,0.9861221313476562
0,8,landmark,8,0.0,64,64.0,0.2891221046447754,0.3831787109375
0,8,landmark,8,0.0,128,128.0,0.40128418803215027,0.5390548706054688
0,8,landmark,8,0.0,256,256.0,0.539290189743042,0.706634521484375
0,8,landmark,8,0.0,512,512.0,0.6853759288787842,0.8569107055664062
0,8,landmark,8,0.005,64,88.0,0.4776073396205902,0.39731597900390625
0,8,landmark,8,0.005,128,152.0,0.5897694826126099,0.553192138671875
0,8,landmark,8,0.005,256,280.0,0.7275340557098389,0.7203598022460938
0,8,landmark,8,0.005,512,536.0,0.8701431155204773,0.8673629760742188
0,8,landmark,8,0.01,64,104.0,0.47797921299934387,0.39794158935546875
0,8,landmark,8,0.01,128,168.0,0.5901412963867188,0.5538177490234375
0,8,landmark,8,0.01,256,296.0,0.7279059290885925,0.7209854125976562
0,8,landmark,8,0.01,512,552.0,0.870520293712616,0.8679275512695312
0,8,landmark,8,0.02,64,144.0,0.4835316836833954,0.40375518798828125
0,8,landmark,8,0.02,128,208.0,0.5956941246986389,0.5596542358398438
0,8,landmark,8,0.02,256,336.0,0.7334792017936707,0.7269515991210938
0,8,landmark,8,0.02,512,592.0,0.8743568062782288,0.872161865234375
0,8,landmark,8,0.05,64,264.0,0.510180652141571,0.444244384765625
0,8,landmark,8,0.05,128,328.0,0.6196082830429077,0.593902587890625
0,8,landmark,8,0.05,256,456.0,0.7561827898025513,0.75384521484375
0,8,landmark,8,0.05,512,712.0,0.887676477432251,0.8866653442382812
0,8,oracle_chunk,16,0.0,64,64.0,0.551424503326416,0.411163330078125
0,8,oracle_chunk,16,0.0,128,128.0,0.6770464181900024,0.6398773193359375
0,8,oracle_chunk,16,0.0,256,256.0,0.8034558296203613,0.8368377685546875
0,8,oracle_chunk,16,0.0,512,512.0,0.9107824563980103,0.9607620239257812
0,8,landmark,16,0.0,64,64.0,0.2844364643096924,0.35396575927734375
0,8,landmark,16,0.0,128,128.0,0.40073737502098083,0.5116729736328125
0,8,landmark,16,0.0,256,256.0,0.5256259441375732,0.6756973266601562
0,8,landmark,16,0.0,512,512.0,0.6525858640670776,0.8260345458984375
0,8,landmark,16,0.005,64,80.0,0.47802039980888367,0.37577056884765625
0,8,landmark,16,0.005,128,144.0,0.5948765277862549,0.533203125
0,8,landmark,16,0.005,256,272.0,0.7173601984977722,0.693145751953125
0,8,landmark,16,0.005,512,528.0,0.8403587341308594,0.8375015258789062
0,8,landmark,16,0.01,64,112.0,0.48437047004699707,0.38250732421875
0,8,landmark,16,0.01,128,176.0,0.6012266874313354,0.5399398803710938
0,8,landmark,16,0.01,256,304.0,0.7236660718917847,0.6999282836914062
0,8,landmark,16,0.01,512,560.0,0.8458096385002136,0.8431625366210938
0,8,landmark,16,0.02,64,144.0,0.48714983463287354,0.38681793212890625
0,8,landmark,16,0.02,128,208.0,0.6043317317962646,0.544281005859375
0,8,landmark,16,0.02,256,336.0,0.7261868715286255,0.7040252685546875
0,8,landmark,16,0.02,512,592.0,0.8477060794830322,0.8461761474609375
0,8,landmark,16,0.05,64,272.0,0.5256558656692505,0.43683624267578125
0,8,landmark,16,0.05,128,336.0,0.6299691796302795,0.5796585083007812
0,8,landmark,16,0.05,256,464.0,0.7438326478004456,0.7271652221679688
0,8,landmark,16,0.05,512,720.0,0.8598283529281616,0.860015869140625
0,8,oracle_chunk,32,0.0,64,64.0,0.5030930638313293,0.34532928466796875
0,8,oracle_chunk,32,0.0,128,128.0,0.642747163772583,0.5751876831054688
0,8,oracle_chunk,32,0.0,256,256.0,0.7799862027168274,0.7836685180664062
0,8,oracle_chunk,32,0.0,512,512.0,0.8959672451019287,0.9278945922851562
0,8,landmark,32,0.0,64,64.0,0.26258736848831177,0.33316802978515625
0,8,landmark,32,0.0,128,128.0,0.38672447204589844,0.4959869384765625
0,8,landmark,32,0.0,256,256.0,0.5119763016700745,0.649200439453125
0,8,landmark,32,0.0,512,512.0,0.638907790184021,0.8040313720703125
0,8,landmark,32,0.005,64,96.0,0.47002264857292175,0.3702392578125
0,8,landmark,32,0.005,128,160.0,0.5923765897750854,0.5309677124023438
0,8,landmark,32,0.005,256,288.0,0.7114563584327698,0.6743087768554688
0,8,landmark,32,0.005,512,544.0,0.8326740264892578,0.819000244140625
0,8,landmark,32,0.01,64,96.0,0.47002264857292175,0.3702392578125
0,8,landmark,32,0.01,128,160.0,0.5923765897750854,0.5309677124023438
0,8,landmark,32,0.01,256,288.0,0.7114563584327698,0.6743087768554688
0,8,landmark,32,0.01,512,544.0,0.8326740264892578,0.819000244140625
0,8,landmark,32,0.02,64,160.0,0.49446678161621094,0.39897918701171875
0,8,landmark,32,0.02,128,224.0,0.607632040977478,0.5481185913085938
0,8,landmark,32,0.02,256,352.0,0.7244874238967896,0.6889190673828125
0,8,landmark,32,0.02,512,608.0,0.844351053237915,0.8271026611328125
0,8,landmark,32,0.05,64,256.0,0.5450097322463989,0.4624786376953125
0,8,landmark,32,0.05,128,320.0,0.6459974050521851,0.5942840576171875
0,8,landmark,32,0.05,256,448.0,0.7495532631874084,0.7154922485351562
0,8,landmark,32,0.05,512,704.0,0.8667169809341431,0.8443603515625
0,9,oracle_token,1,0.0,64,64.0,0.6783349514007568,1.0
0,9,oracle_token,1,0.0,128,128.0,0.8020705580711365,1.0
0,9,oracle_token,1,0.0,256,256.0,0.9030169248580933,1.0
0,9,oracle_token,1,0.0,512,512.0,0.9690717458724976,1.0
0,9,oracle_chunk,4,0.0,64,64.0,0.5739963054656982,0.5628662109375
0,9,oracle_chunk,4,0.0,128,128.0,0.7268223762512207,0.8558731079101562
0,9,oracle_chunk,4,0.0,256,256.0,0.8609455227851868,0.9952163696289062
0,9,oracle_chunk,4,0.0,512,512.0,0.9533520340919495,1.0
0,9,landmark,4,0.0,64,64.0,0.47625282406806946,0.47573089599609375
0,9,landmark,4,0.0,128,128.0,0.6513422727584839,0.7094573974609375
0,9,landmark,4,0.0,256,256.0,0.8183003664016724,0.9079055786132812
0,9,landmark,4,0.0,512,512.0,0.9354315996170044,0.990203857421875
0,9,landmark,4,0.005,64,84.0,0.49041569232940674,0.4854278564453125
0,9,landmark,4,0.005,128,148.0,0.663948655128479,0.7177963256835938
0,9,landmark,4,0.005,256,276.0,0.8249912261962891,0.9126052856445312
0,9,landmark,4,0.005,512,532.0,0.9377027750015259,0.9906845092773438
0,9,landmark,4,0.01,64,104.0,0.4960992932319641,0.49060821533203125
0,9,landmark,4,0.01,128,168.0,0.6691547632217407,0.7224273681640625
0,9,landmark,4,0.01,256,296.0,0.8292641639709473,0.9152755737304688
0,9,landmark,4,0.01,512,552.0,0.9401021003723145,0.9912948608398438
0,9,landmark,4,0.02,64,144.0,0.5085833072662354,0.505279541015625
0,9,landmark,4,0.02,128,208.0,0.6784451603889465,0.7312774658203125
0,9,landmark,4,0.02,256,336.0,0.8351587653160095,0.9190597534179688
0,9,landmark,4,0.02,512,592.0,0.9430588483810425,0.9917984008789062
0,9,landmark,4,0.05,64,264.0,0.5586405992507935,0.5606307983398438
0,9,landmark,4,0.05,128,328.0,0.7151836156845093,0.770843505859375
0,9,landmark,4,0.05,256,456.0,0.8590143322944641,0.9382781982421875
0,9,landmark,4,0.05,512,712.0,0.9546838402748108,0.9950332641601562
0,9,oracle_chunk,8,0.0,64,64.0,0.5192052721977234,0.48154449462890625
0,9,oracle_chunk,8,0.0,128,128.0,0.6848001480102539,0.7464447021484375
0,9,oracle_chunk,8,0.0,256,256.0,0.8379552364349365,0.9584808349609375
0,9,oracle_chunk,8,0.0,512,512.0,0.9432390332221985,0.999664306640625
0,9,landmark,8,0.0,64,64.0,0.41404077410697937,0.4213104248046875
0,9,landmark,8,0.0,128,128.0,0.6084022521972656,0.648651123046875
0,9,landmark,8,0.0,256,256.0,0.796019971370697,0.867279052734375
0,9,landmark,8,0.0,512,512.0,0.9222815632820129,0.9743118286132812
0,9,landmark,8,0.005,64,88.0,0.4432787001132965,0.44898223876953125
0,9,landmark,8,0.005,128,152.0,0.6294070482254028,0.6705780029296875
0,9,landmark,8,0.005,256,280.0,0.8051321506500244,0.8768081665039062
0,9,landmark,8,0.005,512,536.0,0.9253354668617249,0.9753952026367188
0,9,landmark,8,0.01,64,104.0,0.44398629665374756,0.4489898681640625
0,9,landmark,8,0.01,128,168.0,0.6301146149635315,0.6705856323242188
0,9,landmark,8,0.01,256,296.0,0.8058397769927979,0.8768157958984375
0,9,landmark,8,0.01,512,552.0,0.9260516166687012,0.9755401611328125
0,9,landmark,8,0.02,64,144.0,0.45587393641471863,0.4603118896484375
0,9,landmark,8,0.02,128,208.0,0.6401652097702026,0.6801681518554688
0,9,landmark,8,0.02,256,336.0,0.8107538819313049,0.8805618286132812
0,9,landmark,8,0.02,512,592.0,0.9284487366676331,0.9767837524414062
0,9,landmark,8,0.05,64,264.0,0.5000345706939697,0.507720947265625
0,9,landmark,8,0.05,128,328.0,0.6739588379859924,0.7161636352539062
0,9,landmark,8,0.05,256,456.0,0.8344011306762695,0.9013900756835938
0,9,landmark,8,0.05,512,712.0,0.9415921568870544,0.9825592041015625
0,9,oracle_chunk,16,0.0,64,64.0,0.4578168988227844,0.4123992919921875
0,9,oracle_chunk,16,0.0,128,128.0,0.6362524032592773,0.6585617065429688
0,9,oracle_chunk,16,0.0,256,256.0,0.8108646273612976,0.9013290405273438
0,9,oracle_chunk,16,0.0,512,512.0,0.932339608669281,0.9945449829101562
0,9,landmark,16,0.0,64,64.0,0.36566489934921265,0.37059783935546875
0,9,landmark,16,0.0,128,128.0,0.5653058886528015,0.5899734497070312
0,9,landmark,16,0.0,256,256.0,0.7670844793319702,0.823333740234375
0,9,landmark,16,0.0,512,512.0,0.9111505150794983,0.9625015258789062
0,9,landmark,16,0.005,64,80.0,0.40072256326675415,0.4065093994140625
0,9,landmark,16,0.005,128,144.0,0.5903463363647461,0.6166000366210938
0,9,landmark,16,0.005,256,272.0,0.7776567339897156,0.8338165283203125
0,9,landmark,16,0.005,512,528.0,0.9134399890899658,0.963348388671875
0,9,landmark,16,0.01,64,112.0,0.4029903709888458,0.40729522705078125
0,9,landmark,16,0.01,128,176.0,0.5926141142845154,0.6173858642578125
0,9,landmark,16,0.01,256,304.0,0.7799245119094849,0.8346023559570312
0,9,landmark,16,0.01,512,560.0,0.9156109094619751,0.9639968872070312
0,9,landmark,16,0.02,64,144.0,0.40974247455596924,0.41350555419921875
0,9,landmark,16,0.02,128,208.0,0.5969805121421814,0.6212005615234375
0,9,landmark,16,0.02,256,336.0,0.7833884358406067,0.837493896484375
0,9,landmark,16,0.02,512,592.0,0.9175671935081482,0.9646987915039062
0,9,landmark,16,0.05,64,272.0,0.4605681896209717,0.46688079833984375
0,9,landmark,16,0.05,128,336.0,0.6400604248046875,0.668914794921875
0,9,landmark,16,0.05,256,464.0,0.8151240348815918,0.8709640502929688
0,9,landmark,16,0.05,512,720.0,0.9349243640899658,0.9770355224609375
0,9,oracle_chunk,32,0.0,64,64.0,0.3947307765483856,0.35459136962890625
0,9,oracle_chunk,32,0.0,128,128.0,0.5810143351554871,0.5815277099609375
0,9,oracle_chunk,32,0.0,256,256.0,0.7786903977394104,0.8376922607421875
0,9,oracle_chunk,32,0.0,512,512.0,0.91958087682724,0.9771881103515625
0,9,landmark,32,0.0,64,64.0,0.33329325914382935,0.3277587890625
0,9,landmark,32,0.0,128,128.0,0.5229374766349792,0.5404891967773438
0,9,landmark,32,0.0,256,256.0,0.7434852123260498,0.7897720336914062
0,9,landmark,32,0.0,512,512.0,0.902563214302063,0.9508590698242188
0,9,landmark,32,0.005,64,96.0,0.3922673165798187,0.38895416259765625
0,9,landmark,32,0.005,128,160.0,0.5624969601631165,0.5855178833007812
0,9,landmark,32,0.005,256,288.0,0.7691242694854736,0.8160858154296875
0,9,landmark,32,0.005,512,544.0,0.9079322218894958,0.9533843994140625
0,9,landmark,32,0.01,64,96.0,0.3922673165798187,0.38895416259765625
0,9,landmark,32,0.01,128,160.0,0.5624969601631165,0.5855178833007812
0,9,landmark,32,0.01,256,288.0,0.7691242694854736,0.8160858154296875
0,9,landmark,32,0.01,512,544.0,0.9079322218894958,0.9533843994140625
0,9,landmark,32,0.02,64,160.0,0.39414218068122864,0.389434814453125
0,9,landmark,32,0.02,128,224.0,0.5643718838691711,0.58599853515625
0,9,landmark,32,0.02,256,352.0,0.7709992527961731,0.8165664672851562
0,9,landmark,32,0.02,512,608.0,0.9094122648239136,0.9537200927734375
0,9,landmark,32,0.05,64,256.0,0.3982618749141693,0.39078521728515625
0,9,landmark,32,0.05,128,320.0,0.568491518497467,0.5873489379882812
0,9,landmark,32,0.05,256,448.0,0.775118887424469,0.8179168701171875
0,9,landmark,32,0.05,512,704.0,0.9131320118904114,0.9544601440429688
0,10,oracle_token,1,0.0,64,64.0,0.5742150545120239,1.0
0,10,oracle_token,1,0.0,128,128.0,0.6954543590545654,1.0
0,10,oracle_token,1,0.0,256,256.0,0.8083739876747131,1.0
0,10,oracle_token,1,0.0,512,512.0,0.896631121635437,1.0
0,10,oracle_chunk,4,0.0,64,64.0,0.5055574178695679,0.58648681640625
0,10,oracle_chunk,4,0.0,128,128.0,0.6303873658180237,0.84161376953125
0,10,oracle_chunk,4,0.0,256,256.0,0.7562984228134155,0.9766845703125
0,10,oracle_chunk,4,0.0,512,512.0,0.8623972535133362,0.9998779296875
0,10,landmark,4,0.0,64,64.0,0.4400116503238678,0.3957672119140625
0,10,landmark,4,0.0,128,128.0,0.5435081720352173,0.5545196533203125
0,10,landmark,4,0.0,256,256.0,0.658105731010437,0.7080154418945312
0,10,landmark,4,0.0,512,512.0,0.7695967555046082,0.856842041015625
0,10,landmark,4,0.005,64,84.0,0.45270201563835144,0.41606903076171875
0,10,landmark,4,0.005,128,148.0,0.5535751581192017,0.5696182250976562
0,10,landmark,4,0.005,256,276.0,0.66463702917099,0.716461181640625
0,10,landmark,4,0.005,512,532.0,0.7741532921791077,0.8621826171875
0,10,landmark,4,0.01,64,104.0,0.45519545674324036,0.41963958740234375
0,10,landmark,4,0.01,128,168.0,0.5560747981071472,0.573272705078125
0,10,landmark,4,0.01,256,296.0,0.6670687794685364,0.7201309204101562
0,10,landmark,4,0.01,512,552.0,0.7764091491699219,0.8654708862304688
0,10,landmark,4,0.02,64,144.0,0.4652179479598999,0.4325714111328125
0,10,landmark,4,0.02,128,208.0,0.5650274753570557,0.584197998046875
0,10,landmark,4,0.02,256,336.0,0.6746156811714172,0.729522705078125
0,10,landmark,4,0.02,512,592.0,0.7826390862464905,0.87335205078125
0,10,landmark,4,0.05,64,264.0,0.5054067373275757,0.4881439208984375
0,10,landmark,4,0.05,128,328.0,0.6025850176811218,0.6341018676757812
0,10,landmark,4,0.05,256,456.0,0.7037593722343445,0.7649383544921875
0,10,landmark,4,0.05,512,712.0,0.805121660232544,0.898590087890625
0,10,oracle_chunk,8,0.0,64,64.0,0.4698290228843689,0.49423980712890625
0,10,oracle_chunk,8,0.0,128,128.0,0.597934365272522,0.73614501953125
0,10,oracle_chunk,8,0.0,256,256.0,0.7302135825157166,0.9036407470703125
0,10,oracle_chunk,8,0.0,512,512.0,0.844291090965271,0.9843673706054688
0,10,landmark,8,0.0,64,64.0,0.27650904655456543,0.33594512939453125
0,10,landmark,8,0.0,128,128.0,0.3963151276111603,0.4944000244140625
0,10,landmark,8,0.0,256,256.0,0.515460193157196,0.6478805541992188
0,10,landmark,8,0.0,512,512.0,0.6284862160682678,0.7924346923828125
0,10,landmark,8,0.005,64,88.0,0.42621058225631714,0.37180328369140625
0,10,landmark,8,0.005,128,152.0,0.5302408337593079,0.5211639404296875
0,10,landmark,8,0.005,256,280.0,0.6437616944313049,0.6662673950195312
0,10,landmark,8,0.005,512,536.0,0.7535877823829651,0.806610107421875
0,10,landmark,8,0.01,64,104.0,0.42910030484199524,0.37686920166015625
0,10,landmark,8,0.01,128,168.0,0.5331304669380188,0.5262298583984375
0,10,landmark,8,0.01,256,296.0,0.6466513872146606,0.6713333129882812
0,10,landmark,8,0.01,512,552.0,0.7564774751663208,0.811676025390625
0,10,landmark,8,0.02,64,144.0,0.43973061442375183,0.39125823974609375
0,10,landmark,8,0.02,128,208.0,0.5430818796157837,0.5396881103515625
0,10,landmark,8,0.02,256,336.0,0.6545395851135254,0.6801910400390625
0,10,landmark,8,0.02,512,592.0,0.7615286707878113,0.81597900390625
0,10,landmark,8,0.05,64,264.0,0.47352683544158936,0.4346923828125
0,10,landmark,8,0.05,128,328.0,0.5748226046562195,0.579193115234375
0,10,landmark,8,0.05,256,456.0,0.6799768209457397,0.7121963500976562
0,10,landmark,8,0.05,512,712.0,0.7813515067100525,0.8380966186523438
0,10,oracle_chunk,16,0.0,64,64.0,0.42821672558784485,0.40969085693359375
0,10,oracle_chunk,16,0.0,128,128.0,0.5611199140548706,0.6490249633789062
0,10,oracle_chunk,16,0.0,256,256.0,0.7009463310241699,0.825592041015625
0,10,oracle_chunk,16,0.0,512,512.0,0.8234040141105652,0.9418792724609375
0,10,landmark,16,0.0,64,64.0,0.22259721159934998,0.282928466796875
0,10,landmark,16,0.0,128,128.0,0.3330698013305664,0.43167877197265625
0,10,landmark,16,0.0,256,256.0,0.46069422364234924,0.5836181640625
0,10,landmark,16,0.0,512,512.0,0.6073877811431885,0.7462921142578125
0,10,landmark,16,0.005,64,80.0,0.40135741233825684,0.33695220947265625
0,10,landmark,16,0.005,128,144.0,0.49908170104026794,0.466156005859375
0,10,landmark,16,0.005,256,272.0,0.6121097803115845,0.6060791015625
0,10,landmark,16,0.005,512,528.0,0.732515811920166,0.7606964111328125
0,10,landmark,16,0.01,64,112.0,0.41030192375183105,0.34818267822265625
0,10,landmark,16,0.01,128,176.0,0.5074548721313477,0.47641754150390625
0,10,landmark,16,0.01,256,304.0,0.6191333532333374,0.6140213012695312
0,10,landmark,16,0.01,512,560.0,0.7374966740608215,0.765289306640625
0,10,landmark,16,0.02,64,144.0,0.413577675819397,0.35186767578125
0,10,landmark,16,0.02,128,208.0,0.5107306241989136,0.4801025390625
0,10,landmark,16,0.02,256,336.0,0.6224091649055481,0.617706298828125
0,10,landmark,16,0.02,512,592.0,0.7407724857330322,0.7689743041992188
0,10,landmark,16,0.05,64,272.0,0.43463802337646484,0.37894439697265625
0,10,landmark,16,0.05,128,336.0,0.5317603349685669,0.5072174072265625
0,10,landmark,16,0.05,256,464.0,0.6433240175247192,0.6441421508789062
0,10,landmark,16,0.05,512,720.0,0.7597652077674866,0.791412353515625
0,10,oracle_chunk,32,0.0,64,64.0,0.38945549726486206,0.32903289794921875
0,10,oracle_chunk,32,0.0,128,128.0,0.5325222015380859,0.5791778564453125
0,10,oracle_chunk,32,0.0,256,256.0,0.6744853258132935,0.7731857299804688
0,10,oracle_chunk,32,0.0,512,512.0,0.8040768504142761,0.8992080688476562
0,10,landmark,32,0.0,64,64.0,0.20358383655548096,0.255462646484375
0,10,landmark,32,0.0,128,128.0,0.3225381672382355,0.407928466796875
0,10,landmark,32,0.0,256,256.0,0.43333154916763306,0.5393829345703125
0,10,landmark,32,0.0,512,512.0,0.5632427930831909,0.7113418579101562
0,10,landmark,32,0.005,64,96.0,0.4091217815876007,0.334381103515625
0,10,landmark,32,0.005,128,160.0,0.4979816675186157,0.450592041015625
0,10,landmark,32,0.005,256,288.0,0.5979853272438049,0.5684967041015625
0,10,landmark,32,0.005,512,544.0,0.7215437293052673,0.7366561889648438
0,10,landmark,32,0.01,64,96.0,0.4091217815876007,0.334381103515625
0,10,landmark,32,0.01,128,160.0,0.4979816675186157,0.450592041015625
0,10,landmark,32,0.01,256,288.0,0.5979853272438049,0.5684967041015625
0,10,landmark,32,0.01,512,544.0,0.7215437293052673,0.7366561889648438
0,10,landmark,32,0.02,64,160.0,0.4245558977127075,0.3572845458984375
0,10,landmark,32,0.02,128,224.0,0.5130873322486877,0.47287750244140625
0,10,landmark,32,0.02,256,352.0,0.6123707294464111,0.5906906127929688
0,10,landmark,32,0.02,512,608.0,0.7337802052497864,0.7564163208007812
0,10,landmark,32,0.05,64,256.0,0.4384276568889618,0.37131500244140625
0,10,landmark,32,0.05,128,320.0,0.5269590616226196,0.486907958984375
0,10,landmark,32,0.05,256,448.0,0.6262425184249878,0.6047210693359375
0,10,landmark,32,0.05,512,704.0,0.747086763381958,0.7692184448242188
0,11,oracle_token,1,0.0,64,64.0,0.7006514668464661,1.0
0,11,oracle_token,1,0.0,128,128.0,0.8091970086097717,1.0
0,11,oracle_token,1,0.0,256,256.0,0.903892457485199,1.0
0,11,oracle_token,1,0.0,512,512.0,0.9673411846160889,1.0
0,11,oracle_chunk,4,0.0,64,64.0,0.601228654384613,0.5319671630859375
0,11,oracle_chunk,4,0.0,128,128.0,0.7251244783401489,0.8149642944335938
0,11,oracle_chunk,4,0.0,256,256.0,0.8506056070327759,0.9932327270507812
0,11,oracle_chunk,4,0.0,512,512.0,0.9488586187362671,1.0
0,11,landmark,4,0.0,64,64.0,0.4808868169784546,0.4381103515625
0,11,landmark,4,0.0,128,128.0,0.6195898652076721,0.6322555541992188
0,11,landmark,4,0.0,256,256.0,0.7613892555236816,0.8189620971679688
0,11,landmark,4,0.0,512,512.0,0.8978683948516846,0.934967041015625
0,11,landmark,4,0.005,64,84.0,0.5004353523254395,0.45127105712890625
0,11,landmark,4,0.005,128,148.0,0.6384630799293518,0.6436996459960938
0,11,landmark,4,0.005,256,276.0,0.7784144878387451,0.8268051147460938
0,11,landmark,4,0.005,512,532.0,0.9021620750427246,0.9383316040039062
0,11,landmark,4,0.01,64,104.0,0.5029575228691101,0.45270538330078125
0,11,landmark,4,0.01,128,168.0,0.6410675048828125,0.645416259765625
0,11,landmark,4,0.01,256,296.0,0.7805795669555664,0.82781982421875
0,11,landmark,4,0.01,512,552.0,0.9041339755058289,0.9395751953125
0,11,landmark,4,0.02,64,144.0,0.5241336226463318,0.47960662841796875
0,11,landmark,4,0.02,128,208.0,0.6557935476303101,0.6638641357421875
0,11,landmark,4,0.02,256,336.0,0.7933903932571411,0.8423919677734375
0,11,landmark,4,0.02,512,592.0,0.9150155782699585,0.9515304565429688
0,11,landmark,4,0.05,64,264.0,0.5593856573104858,0.5213394165039062
0,11,landmark,4,0.05,128,328.0,0.6894305944442749,0.7038116455078125
0,11,landmark,4,0.05,256,456.0,0.8227909207344055,0.8748016357421875
0,11,landmark,4,0.05,512,712.0,0.9309461116790771,0.967498779296875
0,11,oracle_chunk,8,0.0,64,64.0,0.552836000919342,0.43946075439453125
0,11,oracle_chunk,8,0.0,128,128.0,0.6824042201042175,0.6771011352539062
0,11,oracle_chunk,8,0.0,256,256.0,0.8181546926498413,0.9094009399414062
0,11,oracle_chunk,8,0.0,512,512.0,0.934635579586029,0.9966583251953125
0,11,landmark,8,0.0,64,64.0,0.414754182100296,0.38979339599609375
0,11,landmark,8,0.0,128,128.0,0.5687313079833984,0.562408447265625
0,11,landmark,8,0.0,256,256.0,0.7144684195518494,0.7332839965820312
0,11,landmark,8,0.0,512,512.0,0.8657568097114563,0.8872528076171875
0,11,landmark,8,0.005,64,88.0,0.4370213747024536,0.40279388427734375
0,11,landmark,8,0.005,128,152.0,0.5894694328308105,0.57318115234375
0,11,landmark,8,0.005,256,280.0,0.7336257696151733,0.7419662475585938
0,11,landmark,8,0.005,512,536.0,0.8778387308120728,0.8935775756835938
0,11,landmark,8,0.01,64,104.0,0.45067915320396423,0.41846466064453125
0,11,landmark,8,0.01,128,168.0,0.5987379550933838,0.5855560302734375
0,11,landmark,8,0.01,256,296.0,0.7391616702079773,0.7483291625976562
0,11,landmark,8,0.01,512,552.0,0.8812148571014404,0.8967666625976562
0,11,landmark,8,0.02,64,144.0,0.4654436409473419,0.43881988525390625
0,11,landmark,8,0.02,128,208.0,0.6099782586097717,0.5981521606445312
0,11,landmark,8,0.02,256,336.0,0.7474508285522461,0.7560653686523438
0,11,landmark,8,0.02,512,592.0,0.886428713798523,0.9010467529296875
0,11,landmark,8,0.05,64,264.0,0.5028325915336609,0.4852142333984375
0,11,landmark,8,0.05,128,328.0,0.6444520354270935,0.6344833374023438
0,11,landmark,8,0.05,256,456.0,0.7750471234321594,0.7844390869140625
0,11,landmark,8,0.05,512,712.0,0.9028475880622864,0.9191131591796875
0,11,oracle_chunk,16,0.0,64,64.0,0.5160897374153137,0.38327789306640625
0,11,oracle_chunk,16,0.0,128,128.0,0.6433067321777344,0.5856704711914062
0,11,oracle_chunk,16,0.0,256,256.0,0.787014365196228,0.8173370361328125
0,11,oracle_chunk,16,0.0,512,512.0,0.9183545708656311,0.975372314453125
0,11,landmark,16,0.0,64,64.0,0.353767454624176,0.3458251953125
0,11,landmark,16,0.0,128,128.0,0.49620434641838074,0.48648834228515625
0,11,landmark,16,0.0,256,256.0,0.6671837568283081,0.6763687133789062
0,11,landmark,16,0.0,512,512.0,0.8494606018066406,0.8468093872070312
0,11,landmark,16,0.005,64,80.0,0.3833908438682556,0.36902618408203125
0,11,landmark,16,0.005,128,144.0,0.5237939357757568,0.5069808959960938
0,11,landmark,16,0.005,256,272.0,0.6869850754737854,0.6884536743164062
0,11,landmark,16,0.005,512,528.0,0.855525016784668,0.85321044921875
0,11,landmark,16,0.01,64,112.0,0.3922582268714905,0.37984466552734375
0,11,landmark,16,0.01,128,176.0,0.534614622592926,0.5173492431640625
0,11,landmark,16,0.01,256,304.0,0.6930092573165894,0.695281982421875
0,11,landmark,16,0.01,512,560.0,0.8601099848747253,0.857818603515625
0,11,landmark,16,0.02,64,144.0,0.395408034324646,0.384429931640625
0,11,landmark,16,0.02,128,208.0,0.5377644300460815,0.5219345092773438
0,11,landmark,16,0.02,256,336.0,0.6961262226104736,0.6998291015625
0,11,landmark,16,0.02,512,592.0,0.8627966046333313,0.8601303100585938
0,11,landmark,16,0.05,64,272.0,0.45417672395706177,0.46929931640625
0,11,landmark,16,0.05,128,336.0,0.5877611041069031,0.5878219604492188
0,11,landmark,16,0.05,256,464.0,0.7332794070243835,0.7414474487304688
0,11,landmark,16,0.05,512,720.0,0.8867232203483582,0.8851776123046875
0,11,oracle_chunk,32,0.0,64,64.0,0.44479474425315857,0.31156158447265625
0,11,oracle_chunk,32,0.0,128,128.0,0.5962682962417603,0.510955810546875
0,11,oracle_chunk,32,0.0,256,256.0,0.7522203326225281,0.7351226806640625
0,11,oracle_chunk,32,0.0,512,512.0,0.9016971588134766,0.9311599731445312
0,11,landmark,32,0.0,64,64.0,0.32532843947410583,0.29340362548828125
0,11,landmark,32,0.0,128,128.0,0.44058796763420105,0.44970703125
0,11,landmark,32,0.0,256,256.0,0.5882915258407593,0.606842041015625
0,11,landmark,32,0.0,512,512.0,0.8351688385009766,0.816070556640625
0,11,landmark,32,0.005,64,96.0,0.3731321096420288,0.3446502685546875
0,11,landmark,32,0.005,128,160.0,0.4773413836956024,0.4875030517578125
0,11,landmark,32,0.005,256,288.0,0.6247870922088623,0.6392974853515625
0,11,landmark,32,0.005,512,544.0,0.849908173084259,0.83294677734375
0,11,landmark,32,0.01,64,96.0,0.3731321096420288,0.3446502685546875
0,11,landmark,32,0.01,128,160.0,0.4773413836956024,0.4875030517578125
0,11,landmark,32,0.01,256,288.0,0.6247870922088623,0.6392974853515625
0,11,landmark,32,0.01,512,544.0,0.849908173084259,0.83294677734375
0,11,landmark,32,0.02,64,160.0,0.3874446451663971,0.36412811279296875
0,11,landmark,32,0.02,128,224.0,0.49288395047187805,0.5082168579101562
0,11,landmark,32,0.02,256,352.0,0.638958215713501,0.6585617065429688
0,11,landmark,32,0.02,512,608.0,0.8612968325614929,0.8495559692382812
0,11,landmark,32,0.05,64,256.0,0.44679832458496094,0.4207305908203125
0,11,landmark,32,0.05,128,320.0,0.5273345112800598,0.5341033935546875
0,11,landmark,32,0.05,256,448.0,0.6650766134262085,0.6827621459960938
0,11,landmark,32,0.05,512,704.0,0.8744580149650574,0.8620452880859375
0,12,oracle_token,1,0.0,64,64.0,0.6416162848472595,1.0
0,12,oracle_token,1,0.0,128,128.0,0.7828262448310852,1.0
0,12,oracle_token,1,0.0,256,256.0,0.9013218879699707,1.0
0,12,oracle_token,1,0.0,512,512.0,0.9736089110374451,1.0
0,12,oracle_chunk,4,0.0,64,64.0,0.5516166687011719,0.6074371337890625
0,12,oracle_chunk,4,0.0,128,128.0,0.7097017765045166,0.8864517211914062
0,12,oracle_chunk,4,0.0,256,256.0,0.8586220145225525,0.9983673095703125
0,12,oracle_chunk,4,0.0,512,512.0,0.9589422345161438,1.0
0,12,landmark,4,0.0,64,64.0,0.48012515902519226,0.5097274780273438
0,12,landmark,4,0.0,128,128.0,0.6469665169715881,0.7479782104492188
0,12,landmark,4,0.0,256,256.0,0.814207911491394,0.914520263671875
0,12,landmark,4,0.0,512,512.0,0.9410772919654846,0.9857711791992188
0,12,landmark,4,0.005,64,84.0,0.4825483560562134,0.5116729736328125
0,12,landmark,4,0.005,128,148.0,0.6493897438049316,0.7499237060546875
0,12,landmark,4,0.005,256,276.0,0.8166311979293823,0.9164657592773438
0,12,landmark,4,0.005,512,532.0,0.9428987503051758,0.9869918823242188
0,12,landmark,4,0.01,64,104.0,0.4863700270652771,0.5160903930664062
0,12,landmark,4,0.01,128,168.0,0.6522632241249084,0.75225830078125
0,12,landmark,4,0.01,256,296.0,0.8185529708862305,0.9171066284179688
0,12,landmark,4,0.01,512,552.0,0.9441942572593689,0.987091064453125
0,12,landmark,4,0.02,64,144.0,0.49671390652656555,0.52789306640625
0,12,landmark,4,0.02,128,208.0,0.6622518301010132,0.76361083984375
0,12,landmark,4,0.02,256,336.0,0.8263173699378967,0.92425537109375
0,12,landmark,4,0.02,512,592.0,0.9466258883476257,0.98736572265625
0,12,landmark,4,0.05,64,264.0,0.5555122494697571,0.6014328002929688
0,12,landmark,4,0.05,128,328.0,0.7086721658706665,0.8140487670898438
0,12,landmark,4,0.05,256,456.0,0.8552150726318359,0.9444580078125
0,12,landmark,4,0.05,512,712.0,0.959719181060791,0.9941940307617188
0,12,oracle_chunk,8,0.0,64,64.0,0.5100384950637817,0.5262680053710938
0,12,oracle_chunk,8,0.0,128,128.0,0.6704105138778687,0.786102294921875
0,12,oracle_chunk,8,0.0,256,256.0,0.8323018550872803,0.9738693237304688
0,12,oracle_chunk,8,0.0,512,512.0,0.9499768018722534,0.999908447265625
0,12,landmark,8,0.0,64,64.0,0.4480828642845154,0.45545196533203125
0,12,landmark,8,0.0,128,128.0,0.6125820279121399,0.6834182739257812
0,12,landmark,8,0.0,256,256.0,0.7873967289924622,0.87542724609375
0,12,landmark,8,0.0,512,512.0,0.9321202635765076,0.9820556640625
0,12,landmark,8,0.005,64,88.0,0.4519001245498657,0.456817626953125
0,12,landmark,8,0.005,128,152.0,0.6163992881774902,0.684783935546875
0,12,landmark,8,0.005,256,280.0,0.7912083864212036,0.8767852783203125
0,12,landmark,8,0.005,512,536.0,0.9342566132545471,0.9824752807617188
0,12,landmark,8,0.01,64,104.0,0.4525819718837738,0.4568634033203125
0,12,landmark,8,0.01,128,168.0,0.6170810461044312,0.6848297119140625
0,12,landmark,8,0.01,256,296.0,0.7918901443481445,0.8768310546875
0,12,landmark,8,0.01,512,552.0,0.9349170923233032,0.9824981689453125
0,12,landmark,8,0.02,64,144.0,0.47158536314964294,0.477630615234375
0,12,landmark,8,0.02,128,208.0,0.6340138912200928,0.704315185546875
0,12,landmark,8,0.02,256,336.0,0.8049138188362122,0.8901214599609375
0,12,landmark,8,0.02,512,592.0,0.9406884908676147,0.9865493774414062
0,12,landmark,8,0.05,64,264.0,0.521178662776947,0.5374679565429688
0,12,landmark,8,0.05,128,328.0,0.6751493215560913,0.7490310668945312
0,12,landmark,8,0.05,256,456.0,0.834385097026825,0.9152679443359375
0,12,landmark,8,0.05,512,712.0,0.9515177607536316,0.990570068359375
0,12,oracle_chunk,16,0.0,64,64.0,0.4620809555053711,0.4517059326171875
0,12,oracle_chunk,16,0.0,128,128.0,0.6261210441589355,0.6971511840820312
0,12,oracle_chunk,16,0.0,256,256.0,0.8012027740478516,0.91558837890625
0,12,oracle_chunk,16,0.0,512,512.0,0.9383769631385803,0.9970855712890625
0,12,landmark,16,0.0,64,64.0,0.3744865655899048,0.411041259765625
0,12,landmark,16,0.0,128,128.0,0.5357243418693542,0.6094284057617188
0,12,landmark,16,0.0,256,256.0,0.7512644529342651,0.8272018432617188
0,12,landmark,16,0.0,512,512.0,0.9193373322486877,0.9704971313476562
0,12,landmark,16,0.005,64,80.0,0.4060729146003723,0.438079833984375
0,12,landmark,16,0.005,128,144.0,0.5605800151824951,0.6325454711914062
0,12,landmark,16,0.005,256,272.0,0.7663235664367676,0.8404388427734375
0,12,landmark,16,0.005,512,528.0,0.9232470393180847,0.9717864990234375
0,12,landmark,16,0.01,64,112.0,0.40803971886634827,0.43846893310546875
0,12,landmark,16,0.01,128,176.0,0.5625468492507935,0.6329345703125
0,12,landmark,16,0.01,256,304.0,0.7682903409004211,0.8408279418945312
0,12,landmark,16,0.01,512,560.0,0.9253082871437073,0.9727325439453125
0,12,landmark,16,0.02,64,144.0,0.41847437620162964,0.45085906982421875
0,12,landmark,16,0.02,128,208.0,0.571414589881897,0.6429824829101562
0,12,landmark,16,0.02,256,336.0,0.7751922607421875,0.848480224609375
0,12,landmark,16,0.02,512,592.0,0.9288778901100159,0.975677490234375
0,12,landmark,16,0.05,64,272.0,0.49696585536003113,0.5023269653320312
0,12,landmark,16,0.05,128,336.0,0.6407747268676758,0.687164306640625
0,12,landmark,16,0.05,256,464.0,0.8070166110992432,0.8754196166992188
0,12,landmark,16,0.05,512,720.0,0.9427863955497742,0.9823684692382812
0,12,oracle_chunk,32,0.0,64,64.0,0.4147692024707794,0.3867645263671875
0,12,oracle_chunk,32,0.0,128,128.0,0.5748687386512756,0.6141815185546875
0,12,oracle_chunk,32,0.0,256,256.0,0.7631481289863586,0.8558731079101562
0,12,oracle_chunk,32,0.0,512,512.0,0.9272253513336182,0.9871673583984375
0,12,landmark,32,0.0,64,64.0,0.35863950848579407,0.3397674560546875
0,12,landmark,32,0.0,128,128.0,0.5144318342208862,0.5306015014648438
0,12,landmark,32,0.0,256,256.0,0.719651460647583,0.780242919921875
0,12,landmark,32,0.0,512,512.0,0.9091953039169312,0.960418701171875
0,12,landmark,32,0.005,64,96.0,0.4143032431602478,0.3997802734375
0,12,landmark,32,0.005,128,160.0,0.5481599569320679,0.5699844360351562
0,12,landmark,32,0.005,256,288.0,0.7452139854431152,0.806121826171875
0,12,landmark,32,0.005,512,544.0,0.9202251434326172,0.9679641723632812
0,12,landmark,32,0.01,64,96.0,0.4143032431602478,0.3997802734375
0,12,landmark,32,0.01,128,160.0,0.5481599569320679,0.5699844360351562
0,12,landmark,32,0.01,256,288.0,0.7452139854431152,0.806121826171875
0,12,landmark,32,0.01,512,544.0,0.9202251434326172,0.9679641723632812
0,12,landmark,32,0.02,64,160.0,0.43305322527885437,0.41994476318359375
0,12,landmark,32,0.02,128,224.0,0.5651494264602661,0.585113525390625
0,12,landmark,32,0.02,256,352.0,0.7613145709037781,0.8207778930664062
0,12,landmark,32,0.02,512,608.0,0.9303620457649231,0.9746322631835938
0,12,landmark,32,0.05,64,256.0,0.4775139391422272,0.47115325927734375
0,12,landmark,32,0.05,128,320.0,0.6068205237388611,0.6319503784179688
0,12,landmark,32,0.05,256,448.0,0.7947237491607666,0.8544464111328125
0,12,landmark,32,0.05,512,704.0,0.9417741894721985,0.9821319580078125
0,13,oracle_token,1,0.0,64,64.0,0.5642759799957275,1.0
0,13,oracle_token,1,0.0,128,128.0,0.6772987842559814,1.0
0,13,oracle_token,1,0.0,256,256.0,0.7861442565917969,1.0
0,13,oracle_token,1,0.0,512,512.0,0.883803129196167,1.0
0,13,oracle_chunk,4,0.0,64,64.0,0.4963245391845703,0.651763916015625
0,13,oracle_chunk,4,0.0,128,128.0,0.6164902448654175,0.882965087890625
0,13,oracle_chunk,4,0.0,256,256.0,0.7394507527351379,0.9882431030273438
0,13,oracle_chunk,4,0.0,512,512.0,0.8575565218925476,0.9993515014648438
0,13,landmark,4,0.0,64,64.0,0.40589630603790283,0.5132904052734375
0,13,landmark,4,0.0,128,128.0,0.5226649641990662,0.7065277099609375
0,13,landmark,4,0.0,256,256.0,0.648625910282135,0.8594512939453125
0,13,landmark,4,0.0,512,512.0,0.7881495952606201,0.95257568359375
0,13,landmark,4,0.005,64,84.0,0.44547516107559204,0.52593994140625
0,13,landmark,4,0.005,128,148.0,0.5606039762496948,0.7165374755859375
0,13,landmark,4,0.005,256,276.0,0.6859555244445801,0.8685989379882812
0,13,landmark,4,0.005,512,532.0,0.8240092396736145,0.95953369140625
0,13,landmark,4,0.01,64,104.0,0.4509093761444092,0.5321426391601562
0,13,landmark,4,0.01,128,168.0,0.5658015608787537,0.72235107421875
0,13,landmark,4,0.01,256,296.0,0.6904298067092896,0.8726272583007812
0,13,landmark,4,0.01,512,552.0,0.8274034857749939,0.961273193359375
0,13,landmark,4,0.02,64,144.0,0.46163642406463623,0.5439987182617188
0,13,landmark,4,0.02,128,208.0,0.5749147534370422,0.7298431396484375
0,13,landmark,4,0.02,256,336.0,0.6974005699157715,0.8759078979492188
0,13,landmark,4,0.02,512,592.0,0.8322584629058838,0.962799072265625
0,13,landmark,4,0.05,64,264.0,0.4997630715370178,0.59014892578125
0,13,landmark,4,0.05,128,328.0,0.6089717149734497,0.76519775390625
0,13,landmark,4,0.05,256,456.0,0.7263475656509399,0.9012603759765625
0,13,landmark,4,0.05,512,712.0,0.8513333797454834,0.9746017456054688
0,13,oracle_chunk,8,0.0,64,64.0,0.45054495334625244,0.5469131469726562
0,13,oracle_chunk,8,0.0,128,128.0,0.5792278051376343,0.7813568115234375
0,13,oracle_chunk,8,0.0,256,256.0,0.7129576206207275,0.9323654174804688
0,13,oracle_chunk,8,0.0,512,512.0,0.8421523571014404,0.9930038452148438
0,13,landmark,8,0.0,64,64.0,0.34964269399642944,0.45244598388671875
0,13,landmark,8,0.0,128,128.0,0.4731503129005432,0.6379547119140625
0,13,landmark,8,0.0,256,256.0,0.6271278262138367,0.8123626708984375
0,13,landmark,8,0.0,512,512.0,0.766176164150238,0.914398193359375
0,13,landmark,8,0.005,64,88.0,0.38720405101776123,0.4599761962890625
0,13,landmark,8,0.005,128,152.0,0.5107116103172302,0.6454849243164062
0,13,landmark,8,0.005,256,280.0,0.6645529270172119,0.8196868896484375
0,13,landmark,8,0.005,512,536.0,0.8016011714935303,0.9191055297851562
0,13,landmark,8,0.01,64,104.0,0.3930456340312958,0.4668426513671875
0,13,landmark,8,0.01,128,168.0,0.5154889822006226,0.6509933471679688
0,13,landmark,8,0.01,256,296.0,0.6679006814956665,0.822845458984375
0,13,landmark,8,0.01,512,552.0,0.8040173053741455,0.9212493896484375
0,13,landmark,8,0.02,64,144.0,0.41331857442855835,0.49143218994140625
0,13,landmark,8,0.02,128,208.0,0.5319452285766602,0.6666488647460938
0,13,landmark,8,0.02,256,336.0,0.6764755249023438,0.8303451538085938
0,13,landmark,8,0.02,512,592.0,0.8102713823318481,0.9258880615234375
0,13,landmark,8,0.05,64,264.0,0.4636934697628021,0.5473556518554688
0,13,landmark,8,0.05,128,328.0,0.5769960880279541,0.7109298706054688
0,13,landmark,8,0.05,256,456.0,0.7047722935676575,0.8521728515625
0,13,landmark,8,0.05,512,712.0,0.8321300745010376,0.940948486328125
0,13,oracle_chunk,16,0.0,64,64.0,0.4144122004508972,0.47769927978515625
0,13,oracle_chunk,16,0.0,128,128.0,0.5486270785331726,0.7127227783203125
0,13,oracle_chunk,16,0.0,256,256.0,0.6868297457695007,0.8819808959960938
0,13,oracle_chunk,16,0.0,512,512.0,0.8239829540252686,0.9713897705078125
0,13,landmark,16,0.0,64,64.0,0.3231426477432251,0.42043304443359375
0,13,landmark,16,0.0,128,128.0,0.45888563990592957,0.6054229736328125
0,13,landmark,16,0.0,256,256.0,0.6086053252220154,0.7780609130859375
0,13,landmark,16,0.0,512,512.0,0.7474430203437805,0.8880767822265625
0,13,landmark,16,0.005,64,80.0,0.35895732045173645,0.4246978759765625
0,13,landmark,16,0.005,128,144.0,0.4947003126144409,0.6096878051757812
0,13,landmark,16,0.005,256,272.0,0.6444199681282043,0.7823257446289062
0,13,landmark,16,0.005,512,528.0,0.7832576036453247,0.8923416137695312
0,13,landmark,16,0.01,64,112.0,0.3644808232784271,0.43170928955078125
0,13,landmark,16,0.01,128,176.0,0.5002238154411316,0.61669921875
0,13,landmark,16,0.01,256,304.0,0.6499435305595398,0.789337158203125
0,13,landmark,16,0.01,512,560.0,0.7879071235656738,0.8979721069335938
0,13,landmark,16,0.02,64,144.0,0.37540826201438904,0.44326019287109375
0,13,landmark,16,0.02,128,208.0,0.5085411071777344,0.6254653930664062
0,13,landmark,16,0.02,256,336.0,0.6558563709259033,0.7946014404296875
0,13,landmark,16,0.02,512,592.0,0.7917472720146179,0.9007034301757812
0,13,landmark,16,0.05,64,272.0,0.423150897026062,0.493377685546875
0,13,landmark,16,0.05,128,336.0,0.5535926818847656,0.6697921752929688
0,13,landmark,16,0.05,256,464.0,0.6864138245582581,0.819793701171875
0,13,landmark,16,0.05,512,720.0,0.8152223825454712,0.9187393188476562
0,13,oracle_chunk,32,0.0,64,64.0,0.3606019616127014,0.38494873046875
0,13,oracle_chunk,32,0.0,128,128.0,0.5035876035690308,0.6336517333984375
0,13,oracle_chunk,32,0.0,256,256.0,0.6599526405334473,0.8335189819335938
0,13,oracle_chunk,32,0.0,512,512.0,0.8076893091201782,0.9530105590820312
0,13,landmark,32,0.0,64,64.0,0.2881857752799988,0.3828582763671875
0,13,landmark,32,0.0,128,128.0,0.42358559370040894,0.5554656982421875
0,13,landmark,32,0.0,256,256.0,0.5820167660713196,0.73577880859375
0,13,landmark,32,0.0,512,512.0,0.7335306406021118,0.8715972900390625
0,13,landmark,32,0.005,64,96.0,0.3288024365901947,0.3902435302734375
0,13,landmark,32,0.005,128,160.0,0.46420222520828247,0.5628509521484375
0,13,landmark,32,0.005,256,288.0,0.6225853562355042,0.7431640625
0,13,landmark,32,0.005,512,544.0,0.7736042141914368,0.8784713745117188
0,13,landmark,32,0.01,64,96.0,0.3288024365901947,0.3902435302734375
0,13,landmark,32,0.01,128,160.0,0.46420222520828247,0.5628509521484375
0,13,landmark,32,0.01,256,288.0,0.6225853562355042,0.7431640625
0,13,landmark,32,0.01,512,544.0,0.7736042141914368,0.8784713745117188
0,13,landmark,32,0.02,64,160.0,0.3351244628429413,0.39644622802734375
0,13,landmark,32,0.02,128,224.0,0.47052425146102905,0.5690536499023438
0,13,landmark,32,0.02,256,352.0,0.628907322883606,0.7493667602539062
0,13,landmark,32,0.02,512,608.0,0.7799263000488281,0.884674072265625
0,13,landmark,32,0.05,64,256.0,0.38135862350463867,0.44319915771484375
0,13,landmark,32,0.05,128,320.0,0.5113839507102966,0.613250732421875
0,13,landmark,32,0.05,256,448.0,0.6574854850769043,0.77825927734375
0,13,landmark,32,0.05,512,704.0,0.7978534698486328,0.8998794555664062
0,14,oracle_token,1,0.0,64,64.0,0.4466787576675415,1.0
0,14,oracle_token,1,0.0,128,128.0,0.5818137526512146,1.0
0,14,oracle_token,1,0.0,256,256.0,0.7259652018547058,1.0
0,14,oracle_token,1,0.0,512,512.0,0.8588767647743225,1.0
0,14,oracle_chunk,4,0.0,64,64.0,0.37314629554748535,0.5919723510742188
0,14,oracle_chunk,4,0.0,128,128.0,0.5159803628921509,0.8481597900390625
0,14,oracle_chunk,4,0.0,256,256.0,0.6772883534431458,0.9762954711914062
0,14,oracle_chunk,4,0.0,512,512.0,0.8311232924461365,0.9951248168945312
0,14,landmark,4,0.0,64,64.0,0.23048502206802368,0.3161468505859375
0,14,landmark,4,0.0,128,128.0,0.3485719859600067,0.5138320922851562
0,14,landmark,4,0.0,256,256.0,0.5139294862747192,0.7450637817382812
0,14,landmark,4,0.0,512,512.0,0.7038671374320984,0.90802001953125
0,14,landmark,4,0.005,64,84.0,0.28164172172546387,0.3306427001953125
0,14,landmark,4,0.005,128,148.0,0.39627835154533386,0.528076171875
0,14,landmark,4,0.005,256,276.0,0.5567497611045837,0.7564544677734375
0,14,landmark,4,0.005,512,532.0,0.741308867931366,0.9156036376953125
0,14,landmark,4,0.01,64,104.0,0.28587397933006287,0.33478546142578125
0,14,landmark,4,0.01,128,168.0,0.4003755450248718,0.5322341918945312
0,14,landmark,4,0.01,256,296.0,0.5605891942977905,0.7604904174804688
0,14,landmark,4,0.01,512,552.0,0.7443995475769043,0.9184112548828125
0,14,landmark,4,0.02,64,144.0,0.2954772710800171,0.3428955078125
0,14,landmark,4,0.02,128,208.0,0.40934938192367554,0.5392837524414062
0,14,landmark,4,0.02,256,336.0,0.5689404010772705,0.7665252685546875
0,14,landmark,4,0.02,512,592.0,0.7504040598869324,0.9212875366210938
0,14,landmark,4,0.05,64,264.0,0.33240729570388794,0.38423919677734375
0,14,landmark,4,0.05,128,328.0,0.4436451494693756,0.5763015747070312
0,14,landmark,4,0.05,256,456.0,0.5986995100975037,0.7948226928710938
0,14,landmark,4,0.05,512,712.0,0.7718888521194458,0.9340591430664062
0,14,oracle_chunk,8,0.0,64,64.0,0.33905228972435,0.5036849975585938
0,14,oracle_chunk,8,0.0,128,128.0,0.485504686832428,0.7589569091796875
0,14,oracle_chunk,8,0.0,256,256.0,0.653160572052002,0.9256210327148438
0,14,oracle_chunk,8,0.0,512,512.0,0.8165832161903381,0.9838638305664062
0,14,landmark,8,0.0,64,64.0,0.20485280454158783,0.27509307861328125
0,14,landmark,8,0.0,128,128.0,0.3205223083496094,0.472259521484375
0,14,landmark,8,0.0,256,256.0,0.4872902035713196,0.7105636596679688
0,14,landmark,8,0.0,512,512.0,0.6765455007553101,0.8814010620117188
0,14,landmark,8,0.005,64,88.0,0.2580752968788147,0.2932586669921875
0,14,landmark,8,0.005,128,152.0,0.3738088309764862,0.490478515625
0,14,landmark,8,0.005,256,280.0,0.5405814051628113,0.7284622192382812
0,14,landmark,8,0.005,512,536.0,0.7286390066146851,0.8970184326171875
0,14,landmark,8,0.01,64,104.0,0.2606079876422882,0.29575347900390625
0,14,landmark,8,0.01,128,168.0,0.3763415217399597,0.49297332763671875
0,14,landmark,8,0.01,256,296.0,0.5431123971939087,0.73095703125
0,14,landmark,8,0.01,512,552.0,0.7311863899230957,0.8992919921875
0,14,landmark,8,0.02,64,144.0,0.27213340997695923,0.30573272705078125
0,14,landmark,8,0.02,128,208.0,0.38728684186935425,0.5019149780273438
0,14,landmark,8,0.02,256,336.0,0.5534062385559082,0.7394027709960938
0,14,landmark,8,0.02,512,592.0,0.7388134002685547,0.9036102294921875
0,14,landmark,8,0.05,64,264.0,0.3080862760543823,0.34018707275390625
0,14,landmark,8,0.05,128,328.0,0.42219895124435425,0.5349807739257812
0,14,landmark,8,0.05,256,456.0,0.5842432975769043,0.7656631469726562
0,14,landmark,8,0.05,512,712.0,0.7609274983406067,0.916015625
0,14,oracle_chunk,16,0.0,64,64.0,0.30239468812942505,0.43056488037109375
0,14,oracle_chunk,16,0.0,128,128.0,0.45129114389419556,0.6828689575195312
0,14,oracle_chunk,16,0.0,256,256.0,0.6264653205871582,0.8698043823242188
0,14,oracle_chunk,16,0.0,512,512.0,0.8000816702842712,0.9662933349609375
0,14,landmark,16,0.0,64,64.0,0.18176189064979553,0.242034912109375
0,14,landmark,16,0.0,128,128.0,0.29103031754493713,0.4248504638671875
0,14,landmark,16,0.0,256,256.0,0.45794495940208435,0.6607284545898438
0,14,landmark,16,0.0,512,512.0,0.6581437587738037,0.8493728637695312
0,14,landmark,16,0.005,64,80.0,0.23086264729499817,0.2545318603515625
0,14,landmark,16,0.005,128,144.0,0.3401310443878174,0.437347412109375
0,14,landmark,16,0.005,256,272.0,0.5070457458496094,0.6732254028320312
0,14,landmark,16,0.005,512,528.0,0.7060670256614685,0.85980224609375
0,14,landmark,16,0.01,64,112.0,0.23760411143302917,0.26251220703125
0,14,landmark,16,0.01,128,176.0,0.3468725085258484,0.4453277587890625
0,14,landmark,16,0.01,256,304.0,0.5137871503829956,0.6812057495117188
0,14,landmark,16,0.01,512,560.0,0.712591826915741,0.8660964965820312
0,14,landmark,16,0.02,64,144.0,0.243841290473938,0.270111083984375
0,14,landmark,16,0.02,128,208.0,0.3531097173690796,0.4529266357421875
0,14,landmark,16,0.02,256,336.0,0.5200243592262268,0.6888046264648438
0,14,landmark,16,0.02,512,592.0,0.7188292145729065,0.8737335205078125
0,14,landmark,16,0.05,64,272.0,0.2874658405780792,0.32386016845703125
0,14,landmark,16,0.05,128,336.0,0.3911137878894806,0.4985198974609375
0,14,landmark,16,0.05,256,464.0,0.5532976388931274,0.7201156616210938
0,14,landmark,16,0.05,512,720.0,0.7413797974586487,0.8851089477539062
0,14,oracle_chunk,32,0.0,64,64.0,0.2640928328037262,0.371826171875
0,14,oracle_chunk,32,0.0,128,128.0,0.41639459133148193,0.6175765991210938
0,14,oracle_chunk,32,0.0,256,256.0,0.5966101288795471,0.815185546875
0,14,oracle_chunk,32,0.0,512,512.0,0.7811444997787476,0.9421310424804688
0,14,landmark,32,0.0,64,64.0,0.14923693239688873,0.18947601318359375
0,14,landmark,32,0.0,128,128.0,0.2593393921852112,0.36388397216796875
0,14,landmark,32,0.0,256,256.0,0.44118136167526245,0.6300201416015625
0,14,landmark,32,0.0,512,512.0,0.6417306661605835,0.8236083984375
0,14,landmark,32,0.005,64,96.0,0.2190079540014267,0.22957611083984375
0,14,landmark,32,0.005,128,160.0,0.3259447515010834,0.39867401123046875
0,14,landmark,32,0.005,256,288.0,0.5004284381866455,0.6529388427734375
0,14,landmark,32,0.005,512,544.0,0.6947423219680786,0.8374557495117188
0,14,landmark,32,0.01,64,96.0,0.2190079540014267,0.22957611083984375
0,14,landmark,32,0.01,128,160.0,0.3259447515010834,0.39867401123046875
0,14,landmark,32,0.01,256,288.0,0.5004284381866455,0.6529388427734375
0,14,landmark,32,0.01,512,544.0,0.6947423219680786,0.8374557495117188
0,14,landmark,32,0.02,64,160.0,0.23175464570522308,0.2443389892578125
0,14,landmark,32,0.02,128,224.0,0.33869144320487976,0.4134368896484375
0,14,landmark,32,0.02,256,352.0,0.5131751298904419,0.6677017211914062
0,14,landmark,32,0.02,512,608.0,0.7072893381118774,0.8482284545898438
0,14,landmark,32,0.05,64,256.0,0.262701153755188,0.282379150390625
0,14,landmark,32,0.05,128,320.0,0.3701019585132599,0.453033447265625
0,14,landmark,32,0.05,256,448.0,0.5411153435707092,0.6977005004882812
0,14,landmark,32,0.05,512,704.0,0.7297297120094299,0.8665313720703125
0,15,oracle_token,1,0.0,64,64.0,0.5523943901062012,1.0
0,15,oracle_token,1,0.0,128,128.0,0.6572951674461365,1.0
0,15,oracle_token,1,0.0,256,256.0,0.7611755728721619,1.0
0,15,oracle_token,1,0.0,512,512.0,0.853725254535675,1.0
0,15,oracle_chunk,4,0.0,64,64.0,0.48947674036026,0.5812301635742188
0,15,oracle_chunk,4,0.0,128,128.0,0.6038978099822998,0.8380203247070312
0,15,oracle_chunk,4,0.0,256,256.0,0.7220155000686646,0.95733642578125
0,15,oracle_chunk,4,0.0,512,512.0,0.8287385702133179,0.9931106567382812
0,15,landmark,4,0.0,64,64.0,0.2652038335800171,0.31479644775390625
0,15,landmark,4,0.0,128,128.0,0.35589247941970825,0.47623443603515625
0,15,landmark,4,0.0,256,256.0,0.47569674253463745,0.6643829345703125
0,15,landmark,4,0.0,512,512.0,0.6194553971290588,0.8452301025390625
0,15,landmark,4,0.005,64,84.0,0.39801013469696045,0.3300323486328125
0,15,landmark,4,0.005,128,148.0,0.4866243004798889,0.487518310546875
0,15,landmark,4,0.005,256,276.0,0.605549693107605,0.6734619140625
0,15,landmark,4,0.005,512,532.0,0.7441079616546631,0.8530807495117188
0,15,landmark,4,0.01,64,104.0,0.4044937789440155,0.33831787109375
0,15,landmark,4,0.01,128,168.0,0.4928590655326843,0.49566650390625
0,15,landmark,4,0.01,256,296.0,0.6114135384559631,0.68060302734375
0,15,landmark,4,0.01,512,552.0,0.7477622032165527,0.8563003540039062
0,15,landmark,4,0.02,64,144.0,0.41300103068351746,0.34957122802734375
0,15,landmark,4,0.02,128,208.0,0.5013192296028137,0.506622314453125
0,15,landmark,4,0.02,256,336.0,0.6197246313095093,0.6908111572265625
0,15,landmark,4,0.02,512,592.0,0.7541745901107788,0.8626708984375
0,15,landmark,4,0.05,64,264.0,0.4376136362552643,0.3843994140625
0,15,landmark,4,0.05,128,328.0,0.5236854553222656,0.53558349609375
0,15,landmark,4,0.05,256,456.0,0.6398870944976807,0.71575927734375
0,15,landmark,4,0.05,512,712.0,0.7706741094589233,0.8814468383789062
0,15,oracle_chunk,8,0.0,64,64.0,0.45716392993927,0.4850006103515625
0,15,oracle_chunk,8,0.0,128,128.0,0.5743422508239746,0.7312850952148438
0,15,oracle_chunk,8,0.0,256,256.0,0.7025609612464905,0.9004669189453125
0,15,oracle_chunk,8,0.0,512,512.0,0.8164336085319519,0.9679641723632812
0,15,landmark,8,0.0,64,64.0,0.20025944709777832,0.264617919921875
0,15,landmark,8,0.0,128,128.0,0.2871358394622803,0.40633392333984375
0,15,landmark,8,0.0,256,256.0,0.4188915491104126,0.6049957275390625
0,15,landmark,8,0.0,512,512.0,0.5823953747749329,0.7917861938476562
0,15,landmark,8,0.005,64,88.0,0.3765503168106079,0.28862762451171875
0,15,landmark,8,0.005,128,152.0,0.4620872437953949,0.42801666259765625
0,15,landmark,8,0.005,256,280.0,0.5862454175949097,0.6223983764648438
0,15,landmark,8,0.005,512,536.0,0.7271270155906677,0.8039016723632812
0,15,landmark,8,0.01,64,104.0,0.3798030912876129,0.2941741943359375
0,15,landmark,8,0.01,128,168.0,0.46524325013160706,0.43329620361328125
0,15,landmark,8,0.01,256,296.0,0.5891863107681274,0.6261978149414062
0,15,landmark,8,0.01,512,552.0,0.7291451692581177,0.8057785034179688
0,15,landmark,8,0.02,64,144.0,0.3841024339199066,0.29973602294921875
0,15,landmark,8,0.02,128,208.0,0.46954256296157837,0.4388580322265625
0,15,landmark,8,0.02,256,336.0,0.5934856534004211,0.6317596435546875
0,15,landmark,8,0.02,512,592.0,0.7334161400794983,0.8112564086914062
0,15,landmark,8,0.05,64,264.0,0.42128604650497437,0.35147857666015625
0,15,landmark,8,0.05,128,328.0,0.5067150592803955,0.48950958251953125
0,15,landmark,8,0.05,256,456.0,0.6255921721458435,0.67352294921875
0,15,landmark,8,0.05,512,712.0,0.7574277520179749,0.839813232421875
0,15,oracle_chunk,16,0.0,64,64.0,0.4198659360408783,0.39977264404296875
0,15,oracle_chunk,16,0.0,128,128.0,0.542740523815155,0.6450042724609375
0,15,oracle_chunk,16,0.0,256,256.0,0.6826024055480957,0.8500900268554688
0,15,oracle_chunk,16,0.0,512,512.0,0.8055927157402039,0.9456024169921875
0,15,landmark,16,0.0,64,64.0,0.16352206468582153,0.2092132568359375
0,15,landmark,16,0.0,128,128.0,0.2603766918182373,0.34375762939453125
0,15,landmark,16,0.0,256,256.0,0.39219382405281067,0.5533447265625
0,15,landmark,16,0.0,512,512.0,0.5465837717056274,0.7484054565429688
0,15,landmark,16,0.005,64,80.0,0.3462877571582794,0.24330902099609375
0,15,landmark,16,0.005,128,144.0,0.44104301929473877,0.375335693359375
0,15,landmark,16,0.005,256,272.0,0.5673756003379822,0.5757293701171875
0,15,landmark,16,0.005,512,528.0,0.7147420048713684,0.7659149169921875
0,15,landmark,16,0.01,64,112.0,0.35202816128730774,0.251434326171875
0,15,landmark,16,0.01,128,176.0,0.44678401947021484,0.38349151611328125
0,15,landmark,16,0.01,256,304.0,0.5730544924736023,0.5834884643554688
0,15,landmark,16,0.01,512,560.0,0.7200794219970703,0.7714920043945312
0,15,landmark,16,0.02,64,144.0,0.3532552123069763,0.25354766845703125
0,15,landmark,16,0.02,128,208.0,0.4480110704898834,0.3856048583984375
0,15,landmark,16,0.02,256,336.0,0.5742815136909485,0.585601806640625
0,15,landmark,16,0.02,512,592.0,0.7213064432144165,0.7736053466796875
0,15,landmark,16,0.05,64,272.0,0.3764391541481018,0.2762451171875
0,15,landmark,16,0.05,128,336.0,0.47039827704429626,0.4072418212890625
0,15,landmark,16,0.05,256,464.0,0.5945293307304382,0.6050033569335938
0,15,landmark,16,0.05,512,720.0,0.7385308146476746,0.7882232666015625
0,15,oracle_chunk,32,0.0,64,64.0,0.3861234784126282,0.3254852294921875
0,15,oracle_chunk,32,0.0,128,128.0,0.5148105621337891,0.57403564453125
0,15,oracle_chunk,32,0.0,256,256.0,0.6617276668548584,0.7969131469726562
0,15,oracle_chunk,32,0.0,512,512.0,0.7932177782058716,0.9209976196289062
0,15,landmark,32,0.0,64,64.0,0.15129660069942474,0.18630218505859375
0,15,landmark,32,0.0,128,128.0,0.24510551989078522,0.31244659423828125
0,15,landmark,32,0.0,256,256.0,0.3784659504890442,0.5104522705078125
0,15,landmark,32,0.0,512,512.0,0.5307873487472534,0.7152633666992188
0,15,landmark,32,0.005,64,96.0,0.35230714082717896,0.24279022216796875
0,15,landmark,32,0.005,128,160.0,0.4330126941204071,0.35262298583984375
0,15,landmark,32,0.005,256,288.0,0.5634461641311646,0.5459213256835938
0,15,landmark,32,0.005,512,544.0,0.7093705534934998,0.740386962890625
0,15,landmark,32,0.01,64,96.0,0.35230714082717896,0.24279022216796875
0,15,landmark,32,0.01,128,160.0,0.4330126941204071,0.35262298583984375
0,15,landmark,32,0.01,256,288.0,0.5634461641311646,0.5459213256835938
0,15,landmark,32,0.01,512,544.0,0.7093705534934998,0.740386962890625
0,15,landmark,32,0.02,64,160.0,0.3617108166217804,0.25589752197265625
0,15,landmark,32,0.02,128,224.0,0.44241636991500854,0.36573028564453125
0,15,landmark,32,0.02,256,352.0,0.5728497505187988,0.5590286254882812
0,15,landmark,32,0.02,512,608.0,0.7178527116775513,0.7469940185546875
0,15,landmark,32,0.05,64,256.0,0.3752215504646301,0.26735687255859375
0,15,landmark,32,0.05,128,320.0,0.45592716336250305,0.37718963623046875
0,15,landmark,32,0.05,256,448.0,0.5863605737686157,0.5704879760742188
0,15,landmark,32,0.05,512,704.0,0.7310177087783813,0.7583160400390625
0,16,oracle_token,1,0.0,64,64.0,0.7397665977478027,1.0
0,16,oracle_token,1,0.0,128,128.0,0.8536083698272705,1.0
0,16,oracle_token,1,0.0,256,256.0,0.9355777502059937,1.0
0,16,oracle_token,1,0.0,512,512.0,0.9826992154121399,1.0
0,16,oracle_chunk,4,0.0,64,64.0,0.6044360399246216,0.5164566040039062
0,16,oracle_chunk,4,0.0,128,128.0,0.7552576661109924,0.82025146484375
0,16,oracle_chunk,4,0.0,256,256.0,0.8850893974304199,0.9979705810546875
0,16,oracle_chunk,4,0.0,512,512.0,0.9678800702095032,1.0
0,16,landmark,4,0.0,64,64.0,0.4528866410255432,0.4104766845703125
0,16,landmark,4,0.0,128,128.0,0.6226077079772949,0.626373291015625
0,16,landmark,4,0.0,256,256.0,0.8020235896110535,0.8391876220703125
0,16,landmark,4,0.0,512,512.0,0.9352236390113831,0.9657516479492188
0,16,landmark,4,0.005,64,84.0,0.4556109607219696,0.412750244140625
0,16,landmark,4,0.005,128,148.0,0.6253320574760437,0.6286468505859375
0,16,landmark,4,0.005,256,276.0,0.8047478199005127,0.841461181640625
0,16,landmark,4,0.005,512,532.0,0.9376922845840454,0.9676971435546875
0,16,landmark,4,0.01,64,104.0,0.4668281376361847,0.42777252197265625
0,16,landmark,4,0.01,128,168.0,0.6363478899002075,0.64337158203125
0,16,landmark,4,0.01,256,296.0,0.811714768409729,0.8505172729492188
0,16,landmark,4,0.01,512,552.0,0.9398589134216309,0.969085693359375
0,16,landmark,4,0.02,64,144.0,0.4876961410045624,0.45230865478515625
0,16,landmark,4,0.02,128,208.0,0.6521064639091492,0.6617431640625
0,16,landmark,4,0.02,256,336.0,0.8229188919067383,0.8605880737304688
0,16,landmark,4,0.02,512,592.0,0.9445280432701111,0.9712066650390625
0,16,landmark,4,0.05,64,264.0,0.5330148935317993,0.5026168823242188
0,16,landmark,4,0.05,128,328.0,0.6887165307998657,0.7005233764648438
0,16,landmark,4,0.05,256,456.0,0.8491333723068237,0.8857879638671875
0,16,landmark,4,0.05,512,712.0,0.9574010372161865,0.98052978515625
0,16,oracle_chunk,8,0.0,64,64.0,0.525463342666626,0.41402435302734375
0,16,oracle_chunk,8,0.0,128,128.0,0.6974595785140991,0.6850128173828125
0,16,oracle_chunk,8,0.0,256,256.0,0.8537759780883789,0.9395599365234375
0,16,oracle_chunk,8,0.0,512,512.0,0.9593517780303955,1.0
0,16,landmark,8,0.0,64,64.0,0.3853165805339813,0.3472442626953125
0,16,landmark,8,0.0,128,128.0,0.5548936128616333,0.5432281494140625
0,16,landmark,8,0.0,256,256.0,0.7547577619552612,0.773193359375
0,16,landmark,8,0.0,512,512.0,0.9276599287986755,0.9569854736328125
0,16,landmark,8,0.005,64,88.0,0.3895810842514038,0.3505401611328125
0,16,landmark,8,0.005,128,152.0,0.5591581463813782,0.5465240478515625
0,16,landmark,8,0.005,256,280.0,0.7589448690414429,0.7763595581054688
0,16,landmark,8,0.005,512,536.0,0.9310177564620972,0.9594268798828125
0,16,landmark,8,0.01,64,104.0,0.3906034827232361,0.35121917724609375
0,16,landmark,8,0.01,128,168.0,0.5601804256439209,0.5472030639648438
0,16,landmark,8,0.01,256,296.0,0.7599672675132751,0.77703857421875
0,16,landmark,8,0.01,512,552.0,0.9321317672729492,0.9601593017578125
0,16,landmark,8,0.02,64,144.0,0.41424980759620667,0.3826751708984375
0,16,landmark,8,0.02,128,208.0,0.5786683559417725,0.5687713623046875
0,16,landmark,8,0.02,256,336.0,0.7719486355781555,0.7907791137695312
0,16,landmark,8,0.02,512,592.0,0.9379770755767822,0.9645309448242188
0,16,landmark,8,0.05,64,264.0,0.46529045701026917,0.435272216796875
0,16,landmark,8,0.05,128,328.0,0.624387264251709,0.6156845092773438
0,16,landmark,8,0.05,256,456.0,0.8059244751930237,0.8232421875
0,16,landmark,8,0.05,512,712.0,0.9526669383049011,0.9744873046875
0,16,oracle_chunk,16,0.0,64,64.0,0.4451475441455841,0.34186553955078125
0,16,oracle_chunk,16,0.0,128,128.0,0.6369072794914246,0.5883865356445312
0,16,oracle_chunk,16,0.0,256,256.0,0.8178961277008057,0.8644638061523438
0,16,oracle_chunk,16,0.0,512,512.0,0.9494854211807251,0.994171142578125
0,16,landmark,16,0.0,64,64.0,0.3236690163612366,0.28499603271484375
0,16,landmark,16,0.0,128,128.0,0.4975965917110443,0.46994781494140625
0,16,landmark,16,0.0,256,256.0,0.7025505900382996,0.7130966186523438
0,16,landmark,16,0.0,512,512.0,0.9168283939361572,0.9460296630859375
0,16,landmark,16,0.005,64,80.0,0.3381064832210541,0.30600738525390625
0,16,landmark,16,0.005,128,144.0,0.5114731788635254,0.49031829833984375
0,16,landmark,16,0.005,256,272.0,0.7105132341384888,0.7217941284179688
0,16,landmark,16,0.005,512,528.0,0.9221696257591248,0.9500503540039062
0,16,landmark,16,0.01,64,112.0,0.34124526381492615,0.3089141845703125
0,16,landmark,16,0.01,128,176.0,0.5146120190620422,0.49322509765625
0,16,landmark,16,0.01,256,304.0,0.7136520147323608,0.724700927734375
0,16,landmark,16,0.01,512,560.0,0.9253427982330322,0.9530029296875
0,16,landmark,16,0.02,64,144.0,0.34320592880249023,0.3098297119140625
0,16,landmark,16,0.02,128,208.0,0.5165726542472839,0.494140625
0,16,landmark,16,0.02,256,336.0,0.7156127691268921,0.725616455078125
0,16,landmark,16,0.02,512,592.0,0.9274070858955383,0.9540557861328125
0,16,landmark,16,0.05,64,272.0,0.3729139566421509,0.33783721923828125
0,16,landmark,16,0.05,128,336.0,0.5459588170051575,0.5211410522460938
0,16,landmark,16,0.05,256,464.0,0.7504105567932129,0.7577133178710938
0,16,landmark,16,0.05,512,720.0,0.9456814527511597,0.968841552734375
0,16,oracle_chunk,32,0.0,64,64.0,0.3658962845802307,0.28272247314453125
0,16,oracle_chunk,32,0.0,128,128.0,0.5654910206794739,0.5087356567382812
0,16,oracle_chunk,32,0.0,256,256.0,0.7778099775314331,0.7972259521484375
0,16,oracle_chunk,32,0.0,512,512.0,0.9389215707778931,0.9803237915039062
0,16,landmark,32,0.0,64,64.0,0.24907973408699036,0.2281951904296875
0,16,landmark,32,0.0,128,128.0,0.4200165867805481,0.416290283203125
0,16,landmark,32,0.0,256,256.0,0.6688559651374817,0.6719818115234375
0,16,landmark,32,0.0,512,512.0,0.8963383436203003,0.91754150390625
0,16,landmark,32,0.005,64,96.0,0.3034156560897827,0.286041259765625
0,16,landmark,32,0.005,128,160.0,0.45822620391845703,0.45943450927734375
0,16,landmark,32,0.005,256,288.0,0.6896560788154602,0.6943817138671875
0,16,landmark,32,0.005,512,544.0,0.9144405126571655,0.936187744140625
0,16,landmark,32,0.01,64,96.0,0.3034156560897827,0.286041259765625
0,16,landmark,32,0.01,128,160.0,0.45822620391845703,0.45943450927734375
0,16,landmark,32,0.01,256,288.0,0.6896560788154602,0.6943817138671875
0,16,landmark,32,0.01,512,544.0,0.9144405126571655,0.936187744140625
0,16,landmark,32,0.02,64,160.0,0.30508172512054443,0.28633880615234375
0,16,landmark,32,0.02,128,224.0,0.45989227294921875,0.4597320556640625
0,16,landmark,32,0.02,256,352.0,0.6913220882415771,0.6946792602539062
0,16,landmark,32,0.02,512,608.0,0.916106641292572,0.9364852905273438
0,16,landmark,32,0.05,64,256.0,0.32104745507240295,0.29970550537109375
0,16,landmark,32,0.05,128,320.0,0.477434366941452,0.474273681640625
0,16,landmark,32,0.05,256,448.0,0.7094312310218811,0.7095794677734375
0,16,landmark,32,0.05,512,704.0,0.9338029026985168,0.9524002075195312
0,17,oracle_token,1,0.0,64,64.0,0.8956937193870544,1.0
0,17,oracle_token,1,0.0,128,128.0,0.9503333568572998,1.0
0,17,oracle_token,1,0.0,256,256.0,0.9823261499404907,1.0
0,17,oracle_token,1,0.0,512,512.0,0.9962649941444397,1.0
0,17,oracle_chunk,4,0.0,64,64.0,0.8201550245285034,0.5424118041992188
0,17,oracle_chunk,4,0.0,128,128.0,0.9055256843566895,0.859771728515625
0,17,oracle_chunk,4,0.0,256,256.0,0.9619449377059937,0.999847412109375
0,17,oracle_chunk,4,0.0,512,512.0,0.9908236265182495,1.0
0,17,landmark,4,0.0,64,64.0,0.6854803562164307,0.46045684814453125
0,17,landmark,4,0.0,128,128.0,0.7980800867080688,0.6662521362304688
0,17,landmark,4,0.0,256,256.0,0.8988108038902283,0.844085693359375
0,17,landmark,4,0.0,512,512.0,0.9738420844078064,0.9671478271484375
0,17,landmark,4,0.005,64,84.0,0.6936984658241272,0.4700469970703125
0,17,landmark,4,0.005,128,148.0,0.8058828115463257,0.6749267578125
0,17,landmark,4,0.005,256,276.0,0.9059869050979614,0.8509521484375
0,17,landmark,4,0.005,512,532.0,0.977689802646637,0.9687347412109375
0,17,landmark,4,0.01,64,104.0,0.7040604948997498,0.4886322021484375
0,17,landmark,4,0.01,128,168.0,0.8154528737068176,0.6930999755859375
0,17,landmark,4,0.01,256,296.0,0.9134714007377625,0.8663864135742188
0,17,landmark,4,0.01,512,552.0,0.9798280000686646,0.9743576049804688
0,17,landmark,4,0.02,64,144.0,0.7329568862915039,0.5217666625976562
0,17,landmark,4,0.02,128,208.0,0.8367109894752502,0.7201995849609375
0,17,landmark,4,0.02,256,336.0,0.9226630926132202,0.8791732788085938
0,17,landmark,4,0.02,512,592.0,0.9822485446929932,0.9771728515625
0,17,landmark,4,0.05,64,264.0,0.7698555588722229,0.5664291381835938
0,17,landmark,4,0.05,128,328.0,0.8567773699760437,0.7520751953125
0,17,landmark,4,0.05,256,456.0,0.9320383071899414,0.8926544189453125
0,17,landmark,4,0.05,512,712.0,0.9854194521903992,0.9816818237304688
0,17,oracle_chunk,8,0.0,64,64.0,0.7766525745391846,0.46738433837890625
0,17,oracle_chunk,8,0.0,128,128.0,0.876772940158844,0.74267578125
0,17,oracle_chunk,8,0.0,256,256.0,0.947266161441803,0.96185302734375
0,17,oracle_chunk,8,0.0,512,512.0,0.9866583943367004,1.0
0,17,landmark,8,0.0,64,64.0,0.6196038722991943,0.40163421630859375
0,17,landmark,8,0.0,128,128.0,0.758708119392395,0.6068954467773438
0,17,landmark,8,0.0,256,256.0,0.886921226978302,0.8089370727539062
0,17,landmark,8,0.0,512,512.0,0.968609631061554,0.9508819580078125
0,17,landmark,8,0.005,64,88.0,0.6291822791099548,0.41008758544921875
0,17,landmark,8,0.005,128,152.0,0.7682403922080994,0.6153030395507812
0,17,landmark,8,0.005,256,280.0,0.894111692905426,0.814361572265625
0,17,landmark,8,0.005,512,536.0,0.9695553183555603,0.9521636962890625
0,17,landmark,8,0.01,64,104.0,0.6346029043197632,0.41790771484375
0,17,landmark,8,0.01,128,168.0,0.7736610174179077,0.6231231689453125
0,17,landmark,8,0.01,256,296.0,0.898806631565094,0.8214569091796875
0,17,landmark,8,0.01,512,552.0,0.9708457589149475,0.9541473388671875
0,17,landmark,8,0.02,64,144.0,0.6482194066047668,0.4442596435546875
0,17,landmark,8,0.02,128,208.0,0.7880539894104004,0.6481704711914062
0,17,landmark,8,0.02,256,336.0,0.909721314907074,0.8438720703125
0,17,landmark,8,0.02,512,592.0,0.975207507610321,0.9641952514648438
0,17,landmark,8,0.05,64,264.0,0.6841987371444702,0.5160903930664062
0,17,landmark,8,0.05,128,328.0,0.8162994384765625,0.7010040283203125
0,17,landmark,8,0.05,256,456.0,0.9270687699317932,0.876068115234375
0,17,landmark,8,0.05,512,712.0,0.9806082248687744,0.9731292724609375
0,17,oracle_chunk,16,0.0,64,64.0,0.719437301158905,0.4035797119140625
0,17,oracle_chunk,16,0.0,128,128.0,0.8394624590873718,0.6548538208007812
0,17,oracle_chunk,16,0.0,256,256.0,0.9279962778091431,0.8913421630859375
0,17,oracle_chunk,16,0.0,512,512.0,0.9805822372436523,0.9950103759765625
0,17,landmark,16,0.0,64,64.0,0.5903247594833374,0.35317230224609375
0,17,landmark,16,0.0,128,128.0,0.747837483882904,0.5541534423828125
0,17,landmark,16,0.0,256,256.0,0.8639140129089355,0.7626800537109375
0,17,landmark,16,0.0,512,512.0,0.9590535759925842,0.9333038330078125
0,17,landmark,16,0.005,64,80.0,0.6002393960952759,0.365692138671875
0,17,landmark,16,0.005,128,144.0,0.7577520608901978,0.5666732788085938
0,17,landmark,16,0.005,256,272.0,0.8707890510559082,0.7667465209960938
0,17,landmark,16,0.005,512,528.0,0.9604649543762207,0.9352645874023438
0,17,landmark,16,0.01,64,112.0,0.6035508513450623,0.37158966064453125
0,17,landmark,16,0.01,128,176.0,0.7610634565353394,0.57257080078125
0,17,landmark,16,0.01,256,304.0,0.8741657733917236,0.772735595703125
0,17,landmark,16,0.01,512,560.0,0.9625526666641235,0.9389190673828125
0,17,landmark,16,0.02,64,144.0,0.6108989119529724,0.38222503662109375
0,17,landmark,16,0.02,128,208.0,0.7684115767478943,0.5832061767578125
0,17,landmark,16,0.02,256,336.0,0.8811984062194824,0.7838058471679688
0,17,landmark,16,0.02,512,592.0,0.9653810858726501,0.94366455078125
0,17,landmark,16,0.05,64,272.0,0.6343177556991577,0.42536163330078125
0,17,landmark,16,0.05,128,336.0,0.7890880107879639,0.6237335205078125
0,17,landmark,16,0.05,256,464.0,0.8974801898002625,0.819488525390625
0,17,landmark,16,0.05,512,720.0,0.9742338061332703,0.9597396850585938
0,17,oracle_chunk,32,0.0,64,64.0,0.6365627646446228,0.3484954833984375
0,17,oracle_chunk,32,0.0,128,128.0,0.7932908535003662,0.5869674682617188
0,17,oracle_chunk,32,0.0,256,256.0,0.8998101949691772,0.8119888305664062
0,17,oracle_chunk,32,0.0,512,512.0,0.9701655507087708,0.968994140625
0,17,landmark,32,0.0,64,64.0,0.4377816617488861,0.3144073486328125
0,17,landmark,32,0.0,128,128.0,0.7021466493606567,0.5240859985351562
0,17,landmark,32,0.0,256,256.0,0.8363831639289856,0.7205886840820312
0,17,landmark,32,0.0,512,512.0,0.9470934867858887,0.9143905639648438
0,17,landmark,32,0.005,64,96.0,0.4607292413711548,0.3424072265625
0,17,landmark,32,0.005,128,160.0,0.7291052341461182,0.5536651611328125
0,17,landmark,32,0.005,256,288.0,0.8488592505455017,0.7356796264648438
0,17,landmark,32,0.005,512,544.0,0.951601505279541,0.920318603515625
0,17,landmark,32,0.01,64,96.0,0.4607292413711548,0.3424072265625
0,17,landmark,32,0.01,128,160.0,0.7291052341461182,0.5536651611328125
0,17,landmark,32,0.01,256,288.0,0.8488592505455017,0.7356796264648438
0,17,landmark,32,0.01,512,544.0,0.951601505279541,0.920318603515625
0,17,landmark,32,0.02,64,160.0,0.4610878825187683,0.34281158447265625
0,17,landmark,32,0.02,128,224.0,0.7294639945030212,0.5540695190429688
0,17,landmark,32,0.02,256,352.0,0.8492178320884705,0.736083984375
0,17,landmark,32,0.02,512,608.0,0.9519602060317993,0.9207229614257812
0,17,landmark,32,0.05,64,256.0,0.5112799406051636,0.39029693603515625
0,17,landmark,32,0.05,128,320.0,0.7585669755935669,0.591766357421875
0,17,landmark,32,0.05,256,448.0,0.8677107095718384,0.7699508666992188
0,17,landmark,32,0.05,512,704.0,0.962092936038971,0.93634033203125
0,18,oracle_token,1,0.0,64,64.0,0.8985474109649658,1.0
0,18,oracle_token,1,0.0,128,128.0,0.9574066996574402,1.0
0,18,oracle_token,1,0.0,256,256.0,0.987859845161438,1.0
0,18,oracle_token,1,0.0,512,512.0,0.9980463981628418,1.0
0,18,oracle_chunk,4,0.0,64,64.0,0.8178675174713135,0.580413818359375
0,18,oracle_chunk,4,0.0,128,128.0,0.9134226441383362,0.8818588256835938
0,18,oracle_chunk,4,0.0,256,256.0,0.971173107624054,0.999969482421875
0,18,oracle_chunk,4,0.0,512,512.0,0.994450569152832,1.0
0,18,landmark,4,0.0,64,64.0,0.6461006999015808,0.45361328125
0,18,landmark,4,0.0,128,128.0,0.7748388648033142,0.6752777099609375
0,18,landmark,4,0.0,256,256.0,0.8878387212753296,0.8656539916992188
0,18,landmark,4,0.0,512,512.0,0.971550464630127,0.9649200439453125
0,18,landmark,4,0.005,64,84.0,0.6552282571792603,0.46797943115234375
0,18,landmark,4,0.005,128,148.0,0.7829914689064026,0.6884613037109375
0,18,landmark,4,0.005,256,276.0,0.8932092189788818,0.8715057373046875
0,18,landmark,4,0.005,512,532.0,0.9730417132377625,0.9673309326171875
0,18,landmark,4,0.01,64,104.0,0.6582075357437134,0.4754638671875
0,18,landmark,4,0.01,128,168.0,0.7846004366874695,0.6925430297851562
0,18,landmark,4,0.01,256,296.0,0.894048273563385,0.8729095458984375
0,18,landmark,4,0.01,512,552.0,0.9734054803848267,0.96783447265625
0,18,landmark,4,0.02,64,144.0,0.6624610424041748,0.48520660400390625
0,18,landmark,4,0.02,128,208.0,0.7874118685722351,0.69842529296875
0,18,landmark,4,0.02,256,336.0,0.8958882093429565,0.8760528564453125
0,18,landmark,4,0.02,512,592.0,0.9744167327880859,0.9693756103515625
0,18,landmark,4,0.05,64,264.0,0.6804591417312622,0.5099258422851562
0,18,landmark,4,0.05,128,328.0,0.8027396202087402,0.7201995849609375
0,18,landmark,4,0.05,256,456.0,0.904805064201355,0.8895416259765625
0,18,landmark,4,0.05,512,712.0,0.978400707244873,0.9759445190429688
0,18,oracle_chunk,8,0.0,64,64.0,0.757070779800415,0.4744415283203125
0,18,oracle_chunk,8,0.0,128,128.0,0.8773252367973328,0.7520675659179688
0,18,oracle_chunk,8,0.0,256,256.0,0.9555878043174744,0.9629135131835938
0,18,oracle_chunk,8,0.0,512,512.0,0.9902465343475342,1.0
0,18,landmark,8,0.0,64,64.0,0.5371391177177429,0.405487060546875
0,18,landmark,8,0.0,128,128.0,0.6917705535888672,0.615234375
0,18,landmark,8,0.0,256,256.0,0.8462052941322327,0.8116683959960938
0,18,landmark,8,0.0,512,512.0,0.952804446220398,0.93231201171875
0,18,landmark,8,0.005,64,88.0,0.5567530393600464,0.43357086181640625
0,18,landmark,8,0.005,128,152.0,0.7080206274986267,0.6379241943359375
0,18,landmark,8,0.005,256,280.0,0.8561869263648987,0.8206787109375
0,18,landmark,8,0.005,512,536.0,0.9555108547210693,0.93670654296875
0,18,landmark,8,0.01,64,104.0,0.5568066835403442,0.43357086181640625
0,18,landmark,8,0.01,128,168.0,0.7080740928649902,0.6379241943359375
0,18,landmark,8,0.01,256,296.0,0.8562405109405518,0.8206787109375
0,18,landmark,8,0.01,512,552.0,0.9555644392967224,0.93670654296875
0,18,landmark,8,0.02,64,144.0,0.5593505501747131,0.43776702880859375
0,18,landmark,8,0.02,128,208.0,0.7106180191040039,0.642120361328125
0,18,landmark,8,0.02,256,336.0,0.8582407832145691,0.8236160278320312
0,18,landmark,8,0.02,512,592.0,0.9566426277160645,0.9381484985351562
0,18,landmark,8,0.05,64,264.0,0.5735659003257751,0.45655059814453125
0,18,landmark,8,0.05,128,328.0,0.7191738486289978,0.6557388305664062
0,18,landmark,8,0.05,256,456.0,0.8652127981185913,0.8337249755859375
0,18,landmark,8,0.05,512,712.0,0.9596453309059143,0.943817138671875
0,18,oracle_chunk,16,0.0,64,64.0,0.6742241382598877,0.3958587646484375
0,18,oracle_chunk,16,0.0,128,128.0,0.8271856904029846,0.6487808227539062
0,18,oracle_chunk,16,0.0,256,256.0,0.9325279593467712,0.8858413696289062
0,18,oracle_chunk,16,0.0,512,512.0,0.9839051365852356,0.9940643310546875
0,18,landmark,16,0.0,64,64.0,0.42689549922943115,0.352447509765625
0,18,landmark,16,0.0,128,128.0,0.6240004301071167,0.5475234985351562
0,18,landmark,16,0.0,256,256.0,0.7788997292518616,0.746856689453125
0,18,landmark,16,0.0,512,512.0,0.9131465554237366,0.891326904296875
0,18,landmark,16,0.005,64,80.0,0.4464074671268463,0.38495635986328125
0,18,landmark,16,0.005,128,144.0,0.6394215226173401,0.5718002319335938
0,18,landmark,16,0.005,256,272.0,0.78626549243927,0.7551803588867188
0,18,landmark,16,0.005,512,528.0,0.9182558655738831,0.8955841064453125
0,18,landmark,16,0.01,64,112.0,0.45798254013061523,0.4008331298828125
0,18,landmark,16,0.01,128,176.0,0.6509965658187866,0.587677001953125
0,18,landmark,16,0.01,256,304.0,0.7970007658004761,0.7703628540039062
0,18,landmark,16,0.01,512,560.0,0.9258648753166199,0.9073410034179688
0,18,landmark,16,0.02,64,144.0,0.4595981538295746,0.40305328369140625
0,18,landmark,16,0.02,128,208.0,0.6526122093200684,0.5898971557617188
0,18,landmark,16,0.02,256,336.0,0.7985287308692932,0.7724838256835938
0,18,landmark,16,0.02,512,592.0,0.9262655973434448,0.9079818725585938
0,18,landmark,16,0.05,64,272.0,0.4695281386375427,0.41609954833984375
0,18,landmark,16,0.05,128,336.0,0.6624557971954346,0.6029281616210938
0,18,landmark,16,0.05,256,464.0,0.8087457418441772,0.78564453125
0,18,landmark,16,0.05,512,720.0,0.9338189363479614,0.9179153442382812
0,18,oracle_chunk,32,0.0,64,64.0,0.5723031759262085,0.33954620361328125
0,18,oracle_chunk,32,0.0,128,128.0,0.7503597140312195,0.5567474365234375
0,18,oracle_chunk,32,0.0,256,256.0,0.8984887599945068,0.8109283447265625
0,18,oracle_chunk,32,0.0,512,512.0,0.9751411080360413,0.9676666259765625
0,18,landmark,32,0.0,64,64.0,0.4134618639945984,0.3260650634765625
0,18,landmark,32,0.0,128,128.0,0.5602421164512634,0.49906158447265625
0,18,landmark,32,0.0,256,256.0,0.7565494179725647,0.7070159912109375
0,18,landmark,32,0.0,512,512.0,0.8986358642578125,0.8643035888671875
0,18,landmark,32,0.005,64,96.0,0.46737271547317505,0.402099609375
0,18,landmark,32,0.005,128,160.0,0.6124024391174316,0.5583572387695312
0,18,landmark,32,0.005,256,288.0,0.7824191451072693,0.7408218383789062
0,18,landmark,32,0.005,512,544.0,0.9079817533493042,0.8758468627929688
0,18,landmark,32,0.01,64,96.0,0.46737271547317505,0.402099609375
0,18,landmark,32,0.01,128,160.0,0.6124024391174316,0.5583572387695312
0,18,landmark,32,0.01,256,288.0,0.7824191451072693,0.7408218383789062
0,18,landmark,32,0.01,512,544.0,0.9079817533493042,0.8758468627929688
0,18,landmark,32,0.02,64,160.0,0.47305846214294434,0.4067230224609375
0,18,landmark,32,0.02,128,224.0,0.6180882453918457,0.5629806518554688
0,18,landmark,32,0.02,256,352.0,0.7881048917770386,0.7454452514648438
0,18,landmark,32,0.02,512,608.0,0.9135429263114929,0.88055419921875
0,18,landmark,32,0.05,64,256.0,0.4766441583633423,0.41175079345703125
0,18,landmark,32,0.05,128,320.0,0.6216739416122437,0.5680084228515625
0,18,landmark,32,0.05,256,448.0,0.7917665243148804,0.7506103515625
0,18,landmark,32,0.05,512,704.0,0.9146052002906799,0.8824539184570312
0,19,oracle_token,1,0.0,64,64.0,0.9323709011077881,1.0
0,19,oracle_token,1,0.0,128,128.0,0.9765170812606812,1.0
0,19,oracle_token,1,0.0,256,256.0,0.9958888292312622,1.0
0,19,oracle_token,1,0.0,512,512.0,0.9997515678405762,1.0
0,19,oracle_chunk,4,0.0,64,64.0,0.8513165712356567,0.5453262329101562
0,19,oracle_chunk,4,0.0,128,128.0,0.9386992454528809,0.876251220703125
0,19,oracle_chunk,4,0.0,256,256.0,0.9851848483085632,0.9997711181640625
0,19,oracle_chunk,4,0.0,512,512.0,0.9985881447792053,1.0
0,19,landmark,4,0.0,64,64.0,0.6687662601470947,0.5114059448242188
0,19,landmark,4,0.0,128,128.0,0.8383894562721252,0.7425460815429688
0,19,landmark,4,0.0,256,256.0,0.9438000321388245,0.923553466796875
0,19,landmark,4,0.0,512,512.0,0.991207480430603,0.987701416015625
0,19,landmark,4,0.005,64,84.0,0.6760271787643433,0.5184402465820312
0,19,landmark,4,0.005,128,148.0,0.8457868099212646,0.7495346069335938
0,19,landmark,4,0.005,256,276.0,0.950314998626709,0.9299850463867188
0,19,landmark,4,0.005,512,532.0,0.9916808009147644,0.9886016845703125
0,19,landmark,4,0.01,64,104.0,0.6762750744819641,0.5186614990234375
0,19,landmark,4,0.01,128,168.0,0.8460347652435303,0.749755859375
0,19,landmark,4,0.01,256,296.0,0.9505462646484375,0.9303054809570312
0,19,landmark,4,0.01,512,552.0,0.9916971325874329,0.9886245727539062
0,19,landmark,4,0.02,64,144.0,0.6812999844551086,0.5288543701171875
0,19,landmark,4,0.02,128,208.0,0.8488442301750183,0.7571487426757812
0,19,landmark,4,0.02,256,336.0,0.9516019821166992,0.932769775390625
0,19,landmark,4,0.02,512,592.0,0.9920013546943665,0.9890213012695312
0,19,landmark,4,0.05,64,264.0,0.6988669633865356,0.5538253784179688
0,19,landmark,4,0.05,128,328.0,0.8596249222755432,0.7764511108398438
0,19,landmark,4,0.05,256,456.0,0.956906795501709,0.9405517578125
0,19,landmark,4,0.05,512,712.0,0.9929043054580688,0.9899826049804688
0,19,oracle_chunk,8,0.0,64,64.0,0.7874714732170105,0.4537506103515625
0,19,oracle_chunk,8,0.0,128,128.0,0.9073554277420044,0.7528533935546875
0,19,oracle_chunk,8,0.0,256,256.0,0.9750860929489136,0.9751205444335938
0,19,oracle_chunk,8,0.0,512,512.0,0.9972352385520935,1.0
0,19,landmark,8,0.0,64,64.0,0.6069562435150146,0.4371337890625
0,19,landmark,8,0.0,128,128.0,0.7968448996543884,0.6798782348632812
0,19,landmark,8,0.0,256,256.0,0.9292564392089844,0.8901214599609375
0,19,landmark,8,0.0,512,512.0,0.9878138303756714,0.9800033569335938
0,19,landmark,8,0.005,64,88.0,0.6143041253089905,0.444671630859375
0,19,landmark,8,0.005,128,152.0,0.8041927814483643,0.6874160766601562
0,19,landmark,8,0.005,256,280.0,0.936604380607605,0.8976593017578125
0,19,landmark,8,0.005,512,536.0,0.9881321787834167,0.9803085327148438
0,19,landmark,8,0.01,64,104.0,0.6230485439300537,0.45470428466796875
0,19,landmark,8,0.01,128,168.0,0.8105381727218628,0.6953201293945312
0,19,landmark,8,0.01,256,296.0,0.93991619348526,0.9026870727539062
0,19,landmark,8,0.01,512,552.0,0.9898638129234314,0.9826431274414062
0,19,landmark,8,0.02,64,144.0,0.626986563205719,0.46215057373046875
0,19,landmark,8,0.02,128,208.0,0.8130560517311096,0.7013778686523438
0,19,landmark,8,0.02,256,336.0,0.9408951997756958,0.9050064086914062
0,19,landmark,8,0.02,512,592.0,0.9901555180549622,0.9832229614257812
0,19,landmark,8,0.05,64,264.0,0.645926296710968,0.48974609375
0,19,landmark,8,0.05,128,328.0,0.8259049654006958,0.7219314575195312
0,19,landmark,8,0.05,256,456.0,0.9479345083236694,0.9156265258789062
0,19,landmark,8,0.05,512,712.0,0.9911282062530518,0.9848709106445312
0,19,oracle_chunk,16,0.0,64,64.0,0.7099799513816833,0.39475250244140625
0,19,oracle_chunk,16,0.0,128,128.0,0.8638601303100586,0.6677932739257812
0,19,oracle_chunk,16,0.0,256,256.0,0.9611295461654663,0.9176864624023438
0,19,oracle_chunk,16,0.0,512,512.0,0.9956258535385132,0.9990310668945312
0,19,landmark,16,0.0,64,64.0,0.5179039835929871,0.385009765625
0,19,landmark,16,0.0,128,128.0,0.7228770852088928,0.632354736328125
0,19,landmark,16,0.0,256,256.0,0.9065561890602112,0.868408203125
0,19,landmark,16,0.0,512,512.0,0.987627387046814,0.9791183471679688
0,19,landmark,16,0.005,64,80.0,0.5524426102638245,0.41329193115234375
0,19,landmark,16,0.005,128,144.0,0.7572401165962219,0.6601715087890625
0,19,landmark,16,0.005,256,272.0,0.914567768573761,0.8785018920898438
0,19,landmark,16,0.005,512,528.0,0.9880070686340332,0.9796066284179688
0,19,landmark,16,0.01,64,112.0,0.5546977519989014,0.41648101806640625
0,19,landmark,16,0.01,128,176.0,0.759495198726654,0.663360595703125
0,19,landmark,16,0.01,256,304.0,0.9168229103088379,0.8816909790039062
0,19,landmark,16,0.01,512,560.0,0.9902621507644653,0.9827957153320312
0,19,landmark,16,0.02,64,144.0,0.5597400665283203,0.424652099609375
0,19,landmark,16,0.02,128,208.0,0.7643915414810181,0.6709060668945312
0,19,landmark,16,0.02,256,336.0,0.919748067855835,0.8862686157226562
0,19,landmark,16,0.02,512,592.0,0.9907863736152649,0.9838485717773438
0,19,landmark,16,0.05,64,272.0,0.5789570212364197,0.4369659423828125
0,19,landmark,16,0.05,128,336.0,0.7781645655632019,0.6818389892578125
0,19,landmark,16,0.05,256,464.0,0.923880934715271,0.8927536010742188
0,19,landmark,16,0.05,512,720.0,0.9919445514678955,0.9862823486328125
0,19,oracle_chunk,32,0.0,64,64.0,0.6166689395904541,0.344451904296875
0,19,oracle_chunk,32,0.0,128,128.0,0.8071498274803162,0.6048507690429688
0,19,oracle_chunk,32,0.0,256,256.0,0.9410038590431213,0.8738632202148438
0,19,oracle_chunk,32,0.0,512,512.0,0.9926458597183228,0.9878768920898438
0,19,landmark,32,0.0,64,64.0,0.4367877244949341,0.3469390869140625
0,19,landmark,32,0.0,128,128.0,0.6817697286605835,0.5916213989257812
0,19,landmark,32,0.0,256,256.0,0.8832409381866455,0.8468399047851562
0,19,landmark,32,0.0,512,512.0,0.9853897094726562,0.9739990234375
0,19,landmark,32,0.005,64,96.0,0.5034485459327698,0.4215240478515625
0,19,landmark,32,0.005,128,160.0,0.7321255207061768,0.6437835693359375
0,19,landmark,32,0.005,256,288.0,0.9047601819038391,0.8696441650390625
0,19,landmark,32,0.005,512,544.0,0.9868718981742859,0.976776123046875
0,19,landmark,32,0.01,64,96.0,0.5034485459327698,0.4215240478515625
0,19,landmark,32,0.01,128,160.0,0.7321255207061768,0.6437835693359375
0,19,landmark,32,0.01,256,288.0,0.9047601819038391,0.8696441650390625
0,19,landmark,32,0.01,512,544.0,0.9868718981742859,0.976776123046875
0,19,landmark,32,0.02,64,160.0,0.5034609436988831,0.4215240478515625
0,19,landmark,32,0.02,128,224.0,0.7321378588676453,0.6437835693359375
0,19,landmark,32,0.02,256,352.0,0.9047726392745972,0.8696441650390625
0,19,landmark,32,0.02,512,608.0,0.9868842363357544,0.976776123046875
0,19,landmark,32,0.05,64,256.0,0.5058891773223877,0.4248809814453125
0,19,landmark,32,0.05,128,320.0,0.7345660924911499,0.6471405029296875
0,19,landmark,32,0.05,256,448.0,0.9072009325027466,0.8730010986328125
0,19,landmark,32,0.05,512,704.0,0.9893057942390442,0.980133056640625
0,20,oracle_token,1,0.0,64,64.0,0.9301289916038513,1.0
0,20,oracle_token,1,0.0,128,128.0,0.9677076935768127,1.0
0,20,oracle_token,1,0.0,256,256.0,0.9891163110733032,1.0
0,20,oracle_token,1,0.0,512,512.0,0.9976180791854858,1.0
0,20,oracle_chunk,4,0.0,64,64.0,0.8700156211853027,0.49432373046875
0,20,oracle_chunk,4,0.0,128,128.0,0.9339717626571655,0.8133163452148438
0,20,oracle_chunk,4,0.0,256,256.0,0.9751337766647339,0.9996109008789062
0,20,oracle_chunk,4,0.0,512,512.0,0.9936155676841736,1.0
0,20,landmark,4,0.0,64,64.0,0.5694599747657776,0.34449005126953125
0,20,landmark,4,0.0,128,128.0,0.6911522150039673,0.567626953125
0,20,landmark,4,0.0,256,256.0,0.785747230052948,0.7946853637695312
0,20,landmark,4,0.0,512,512.0,0.9195994138717651,0.9347381591796875
0,20,landmark,4,0.005,64,84.0,0.7308495044708252,0.3712921142578125
0,20,landmark,4,0.005,128,148.0,0.8461695313453674,0.5884170532226562
0,20,landmark,4,0.005,256,276.0,0.9330846667289734,0.8055877685546875
0,20,landmark,4,0.005,512,532.0,0.976905107498169,0.940185546875
0,20,landmark,4,0.01,64,104.0,0.735316812992096,0.3777008056640625
0,20,landmark,4,0.01,128,168.0,0.8485208749771118,0.5926055908203125
0,20,landmark,4,0.01,256,296.0,0.9342077374458313,0.8076553344726562
0,20,landmark,4,0.01,512,552.0,0.9775952100753784,0.9416885375976562
0,20,landmark,4,0.02,64,144.0,0.7477617859840393,0.3989715576171875
0,20,landmark,4,0.02,128,208.0,0.8554902076721191,0.6098175048828125
0,20,landmark,4,0.02,256,336.0,0.9373469352722168,0.8160018920898438
0,20,landmark,4,0.02,512,592.0,0.978644073009491,0.9447708129882812
0,20,landmark,4,0.05,64,264.0,0.7719900608062744,0.4474334716796875
0,20,landmark,4,0.05,128,328.0,0.8728522062301636,0.6506576538085938
0,20,landmark,4,0.05,256,456.0,0.9468054175376892,0.8428421020507812
0,20,landmark,4,0.05,512,712.0,0.9833152890205383,0.9574203491210938
0,20,oracle_chunk,8,0.0,64,64.0,0.8284174799919128,0.38317108154296875
0,20,oracle_chunk,8,0.0,128,128.0,0.9084279537200928,0.6492691040039062
0,20,oracle_chunk,8,0.0,256,256.0,0.9635242819786072,0.9284286499023438
0,20,oracle_chunk,8,0.0,512,512.0,0.989955484867096,1.0
0,20,landmark,8,0.0,64,64.0,0.45855653285980225,0.30348968505859375
0,20,landmark,8,0.0,128,128.0,0.6464459300041199,0.49163818359375
0,20,landmark,8,0.0,256,256.0,0.7578620314598083,0.7251129150390625
0,20,landmark,8,0.0,512,512.0,0.9066488146781921,0.8880691528320312
0,20,landmark,8,0.005,64,88.0,0.672972559928894,0.32939910888671875
0,20,landmark,8,0.005,128,152.0,0.8011643886566162,0.5146484375
0,20,landmark,8,0.005,256,280.0,0.9073562622070312,0.7399368286132812
0,20,landmark,8,0.005,512,536.0,0.964226245880127,0.895416259765625
0,20,landmark,8,0.01,64,104.0,0.6924947500228882,0.345916748046875
0,20,landmark,8,0.01,128,168.0,0.8144550323486328,0.5300216674804688
0,20,landmark,8,0.01,256,296.0,0.9099528193473816,0.7461395263671875
0,20,landmark,8,0.01,512,552.0,0.9650919437408447,0.8978042602539062
0,20,landmark,8,0.02,64,144.0,0.7094771862030029,0.36544036865234375
0,20,landmark,8,0.02,128,208.0,0.8224141597747803,0.5458145141601562
0,20,landmark,8,0.02,256,336.0,0.91457599401474,0.7562942504882812
0,20,landmark,8,0.02,512,592.0,0.9666202068328857,0.9020156860351562
0,20,landmark,8,0.05,64,264.0,0.7184380292892456,0.39249420166015625
0,20,landmark,8,0.05,128,328.0,0.8304533362388611,0.56842041015625
0,20,landmark,8,0.05,256,456.0,0.9209494590759277,0.7748031616210938
0,20,landmark,8,0.05,512,712.0,0.9702677130699158,0.913665771484375
0,20,oracle_chunk,16,0.0,64,64.0,0.7748433351516724,0.3080596923828125
0,20,oracle_chunk,16,0.0,128,128.0,0.875876784324646,0.543060302734375
0,20,oracle_chunk,16,0.0,256,256.0,0.9484968185424805,0.8137969970703125
0,20,oracle_chunk,16,0.0,512,512.0,0.9846182465553284,0.9838714599609375
0,20,landmark,16,0.0,64,64.0,0.298990398645401,0.2669219970703125
0,20,landmark,16,0.0,128,128.0,0.580956220626831,0.44661712646484375
0,20,landmark,16,0.0,256,256.0,0.7475862503051758,0.6773681640625
0,20,landmark,16,0.0,512,512.0,0.8107796311378479,0.8578338623046875
0,20,landmark,16,0.005,64,80.0,0.6000640392303467,0.29741668701171875
0,20,landmark,16,0.005,128,144.0,0.7537490129470825,0.471893310546875
0,20,landmark,16,0.005,256,272.0,0.8944470882415771,0.6882400512695312
0,20,landmark,16,0.005,512,528.0,0.9561554193496704,0.864471435546875
0,20,landmark,16,0.01,64,112.0,0.6086527109146118,0.315948486328125
0,20,landmark,16,0.01,128,176.0,0.7603477835655212,0.48775482177734375
0,20,landmark,16,0.01,256,304.0,0.8994244337081909,0.6997604370117188
0,20,landmark,16,0.01,512,560.0,0.9589442014694214,0.871826171875
0,20,landmark,16,0.02,64,144.0,0.6102693676948547,0.31870269775390625
0,20,landmark,16,0.02,128,208.0,0.7619643211364746,0.490509033203125
0,20,landmark,16,0.02,256,336.0,0.9010410904884338,0.7025146484375
0,20,landmark,16,0.02,512,592.0,0.9602265357971191,0.8742904663085938
0,20,landmark,16,0.05,64,272.0,0.6333062648773193,0.3626251220703125
0,20,landmark,16,0.05,128,336.0,0.7819471955299377,0.53240966796875
0,20,landmark,16,0.05,256,464.0,0.9105460047721863,0.7333450317382812
0,20,landmark,16,0.05,512,720.0,0.9667731523513794,0.8947372436523438
0,20,oracle_chunk,32,0.0,64,64.0,0.687395453453064,0.240631103515625
0,20,oracle_chunk,32,0.0,128,128.0,0.8258973956108093,0.442596435546875
0,20,oracle_chunk,32,0.0,256,256.0,0.9250845909118652,0.71240234375
0,20,oracle_chunk,32,0.0,512,512.0,0.9758459329605103,0.9260940551757812
0,20,landmark,32,0.0,64,64.0,0.2567266523838043,0.23896026611328125
0,20,landmark,32,0.0,128,128.0,0.3978569805622101,0.3880462646484375
0,20,landmark,32,0.0,256,256.0,0.6404895782470703,0.6179580688476562
0,20,landmark,32,0.0,512,512.0,0.7946986556053162,0.82135009765625
0,20,landmark,32,0.005,64,96.0,0.5710358619689941,0.28820037841796875
0,20,landmark,32,0.005,128,160.0,0.711804211139679,0.43239593505859375
0,20,landmark,32,0.005,256,288.0,0.8567337393760681,0.6424407958984375
0,20,landmark,32,0.005,512,544.0,0.9408808350563049,0.831512451171875
0,20,landmark,32,0.01,64,96.0,0.5710358619689941,0.28820037841796875
0,20,landmark,32,0.01,128,160.0,0.711804211139679,0.43239593505859375
0,20,landmark,32,0.01,256,288.0,0.8567337393760681,0.6424407958984375
0,20,landmark,32,0.01,512,544.0,0.9408808350563049,0.831512451171875
0,20,landmark,32,0.02,64,160.0,0.5849926471710205,0.315948486328125
0,20,landmark,32,0.02,128,224.0,0.7230037450790405,0.4572906494140625
0,20,landmark,32,0.02,256,352.0,0.8657318353652954,0.6651382446289062
0,20,landmark,32,0.02,512,608.0,0.9470419883728027,0.845703125
0,20,landmark,32,0.05,64,256.0,0.6030732989311218,0.3314971923828125
0,20,landmark,32,0.05,128,320.0,0.7474097609519958,0.47841644287109375
0,20,landmark,32,0.05,256,448.0,0.8784611821174622,0.6828079223632812
0,20,landmark,32,0.05,512,704.0,0.9526962041854858,0.8574295043945312
0,21,oracle_token,1,0.0,64,64.0,0.9496360421180725,1.0
0,21,oracle_token,1,0.0,128,128.0,0.980858325958252,1.0
0,21,oracle_token,1,0.0,256,256.0,0.9953451156616211,1.0
0,21,oracle_token,1,0.0,512,512.0,0.9994689226150513,1.0
0,21,oracle_chunk,4,0.0,64,64.0,0.8858993649482727,0.4618072509765625
0,21,oracle_chunk,4,0.0,128,128.0,0.9500973224639893,0.7766876220703125
0,21,oracle_chunk,4,0.0,256,256.0,0.9852288961410522,0.9998779296875
0,21,oracle_chunk,4,0.0,512,512.0,0.9977627396583557,1.0
0,21,landmark,4,0.0,64,64.0,0.5248185396194458,0.36324310302734375
0,21,landmark,4,0.0,128,128.0,0.6720736026763916,0.56231689453125
0,21,landmark,4,0.0,256,256.0,0.7982515096664429,0.7659225463867188
0,21,landmark,4,0.0,512,512.0,0.9487679600715637,0.9163818359375
0,21,landmark,4,0.005,64,84.0,0.6502476930618286,0.3751678466796875
0,21,landmark,4,0.005,128,148.0,0.7972540259361267,0.5741500854492188
0,21,landmark,4,0.005,256,276.0,0.9194938540458679,0.776397705078125
0,21,landmark,4,0.005,512,532.0,0.9812487363815308,0.92095947265625
0,21,landmark,4,0.01,64,104.0,0.650651216506958,0.3761749267578125
0,21,landmark,4,0.01,128,168.0,0.7976575493812561,0.5751571655273438
0,21,landmark,4,0.01,256,296.0,0.919891357421875,0.7774810791015625
0,21,landmark,4,0.01,512,552.0,0.981630265712738,0.9221572875976562
0,21,landmark,4,0.02,64,144.0,0.669279158115387,0.39603424072265625
0,21,landmark,4,0.02,128,208.0,0.8081064820289612,0.5904388427734375
0,21,landmark,4,0.02,256,336.0,0.9261797666549683,0.7881240844726562
0,21,landmark,4,0.02,512,592.0,0.983047604560852,0.9272079467773438
0,21,landmark,4,0.05,64,264.0,0.6954149007797241,0.45011138916015625
0,21,landmark,4,0.05,128,328.0,0.8304582834243774,0.6377639770507812
0,21,landmark,4,0.05,256,456.0,0.9403099417686462,0.818878173828125
0,21,landmark,4,0.05,512,712.0,0.9865975975990295,0.9406661987304688
0,21,oracle_chunk,8,0.0,64,64.0,0.8272154927253723,0.34461212158203125
0,21,oracle_chunk,8,0.0,128,128.0,0.9196321368217468,0.5950088500976562
0,21,oracle_chunk,8,0.0,256,256.0,0.9741608500480652,0.8879852294921875
0,21,oracle_chunk,8,0.0,512,512.0,0.995296835899353,1.0
0,21,landmark,8,0.0,64,64.0,0.4156866669654846,0.29235076904296875
0,21,landmark,8,0.0,128,128.0,0.5840839147567749,0.4719085693359375
0,21,landmark,8,0.0,256,256.0,0.8056433796882629,0.6882705688476562
0,21,landmark,8,0.0,512,512.0,0.9571269750595093,0.8689651489257812
0,21,landmark,8,0.005,64,88.0,0.5141283869743347,0.3025665283203125
0,21,landmark,8,0.005,128,152.0,0.6824092864990234,0.48198699951171875
0,21,landmark,8,0.005,256,280.0,0.8353112936019897,0.6930084228515625
0,21,landmark,8,0.005,512,536.0,0.9578298330307007,0.8704147338867188
0,21,landmark,8,0.01,64,104.0,0.5425549745559692,0.30857086181640625
0,21,landmark,8,0.01,128,168.0,0.7108360528945923,0.4879913330078125
0,21,landmark,8,0.01,256,296.0,0.8619889616966248,0.6989364624023438
0,21,landmark,8,0.01,512,552.0,0.9659519195556641,0.8751144409179688
0,21,landmark,8,0.02,64,144.0,0.5546634793281555,0.33202362060546875
0,21,landmark,8,0.02,128,208.0,0.7198216915130615,0.509613037109375
0,21,landmark,8,0.02,256,336.0,0.8693695664405823,0.716766357421875
0,21,landmark,8,0.02,512,592.0,0.9677205085754395,0.883697509765625
0,21,landmark,8,0.05,64,264.0,0.5862911939620972,0.38892364501953125
0,21,landmark,8,0.05,128,328.0,0.7466425895690918,0.5619125366210938
0,21,landmark,8,0.05,256,456.0,0.888178825378418,0.7581863403320312
0,21,landmark,8,0.05,512,712.0,0.9749658107757568,0.9049530029296875
0,21,oracle_chunk,16,0.0,64,64.0,0.7410142421722412,0.2744140625
0,21,oracle_chunk,16,0.0,128,128.0,0.8687717318534851,0.47293853759765625
0,21,oracle_chunk,16,0.0,256,256.0,0.9537652730941772,0.7422103881835938
0,21,oracle_chunk,16,0.0,512,512.0,0.990860104560852,0.9601287841796875
0,21,landmark,16,0.0,64,64.0,0.3169826567173004,0.25135040283203125
0,21,landmark,16,0.0,128,128.0,0.49589523673057556,0.41252899169921875
0,21,landmark,16,0.0,256,256.0,0.7449777126312256,0.6094894409179688
0,21,landmark,16,0.0,512,512.0,0.9141684770584106,0.8145217895507812
0,21,landmark,16,0.005,64,80.0,0.4299180209636688,0.27330780029296875
0,21,landmark,16,0.005,128,144.0,0.5980496406555176,0.4293212890625
0,21,landmark,16,0.005,256,272.0,0.7513005137443542,0.6180648803710938
0,21,landmark,16,0.005,512,528.0,0.9153351783752441,0.8171844482421875
0,21,landmark,16,0.01,64,112.0,0.4314591586589813,0.2779083251953125
0,21,landmark,16,0.01,128,176.0,0.5995907783508301,0.43392181396484375
0,21,landmark,16,0.01,256,304.0,0.752841591835022,0.6226654052734375
0,21,landmark,16,0.01,512,560.0,0.9168314933776855,0.8216781616210938
0,21,landmark,16,0.02,64,144.0,0.44047969579696655,0.28784942626953125
0,21,landmark,16,0.02,128,208.0,0.6020102500915527,0.44188690185546875
0,21,landmark,16,0.02,256,336.0,0.7607241868972778,0.6288986206054688
0,21,landmark,16,0.02,512,592.0,0.9203449487686157,0.826446533203125
0,21,landmark,16,0.05,64,272.0,0.47645875811576843,0.3385162353515625
0,21,landmark,16,0.05,128,336.0,0.631670355796814,0.4916534423828125
0,21,landmark,16,0.05,256,464.0,0.784610390663147,0.6735458374023438
0,21,landmark,16,0.05,512,720.0,0.9295098781585693,0.856109619140625
0,21,oracle_chunk,32,0.0,64,64.0,0.6280282735824585,0.223358154296875
0,21,oracle_chunk,32,0.0,128,128.0,0.7986272573471069,0.39220428466796875
0,21,oracle_chunk,32,0.0,256,256.0,0.9210420250892639,0.6326141357421875
0,21,oracle_chunk,32,0.0,512,512.0,0.9821062684059143,0.870391845703125
0,21,landmark,32,0.0,64,64.0,0.27661019563674927,0.2163543701171875
0,21,landmark,32,0.0,128,128.0,0.45205628871917725,0.364501953125
0,21,landmark,32,0.0,256,256.0,0.7040426135063171,0.5654220581054688
0,21,landmark,32,0.0,512,512.0,0.8724594116210938,0.7674026489257812
0,21,landmark,32,0.005,64,96.0,0.4077373147010803,0.25159454345703125
0,21,landmark,32,0.005,128,160.0,0.5624082684516907,0.3909149169921875
0,21,landmark,32,0.005,256,288.0,0.7341823577880859,0.5837249755859375
0,21,landmark,32,0.005,512,544.0,0.8799773454666138,0.7749786376953125
0,21,landmark,32,0.01,64,96.0,0.4077373147010803,0.25159454345703125
0,21,landmark,32,0.01,128,160.0,0.5624082684516907,0.3909149169921875
0,21,landmark,32,0.01,256,288.0,0.7341823577880859,0.5837249755859375
0,21,landmark,32,0.01,512,544.0,0.8799773454666138,0.7749786376953125
0,21,landmark,32,0.02,64,160.0,0.43644577264785767,0.27582550048828125
0,21,landmark,32,0.02,128,224.0,0.576414167881012,0.41674041748046875
0,21,landmark,32,0.02,256,352.0,0.7468788623809814,0.6058883666992188
0,21,landmark,32,0.02,512,608.0,0.891769528388977,0.7951736450195312
0,21,landmark,32,0.05,64,256.0,0.4728683531284332,0.32059478759765625
0,21,landmark,32,0.05,128,320.0,0.6051077842712402,0.45807647705078125
0,21,landmark,32,0.05,256,448.0,0.7573920488357544,0.63427734375
0,21,landmark,32,0.05,512,704.0,0.8975547552108765,0.8147201538085938
1,0,oracle_token,1,0.0,64,64.0,0.23571360111236572,1.0
1,0,oracle_token,1,0.0,128,128.0,0.31434476375579834,1.0
1,0,oracle_token,1,0.0,256,256.0,0.41641443967819214,1.0
1,0,oracle_token,1,0.0,512,512.0,0.5472413897514343,1.0
1,0,oracle_chunk,4,0.0,64,64.0,0.18506363034248352,0.45955657958984375
1,0,oracle_chunk,4,0.0,128,128.0,0.2614370286464691,0.69281005859375
1,0,oracle_chunk,4,0.0,256,256.0,0.36484113335609436,0.8792572021484375
1,0,oracle_chunk,4,0.0,512,512.0,0.5019972920417786,0.95703125
1,0,landmark,4,0.0,64,64.0,0.12285954505205154,0.20311737060546875
1,0,landmark,4,0.0,128,128.0,0.18824587762355804,0.33701324462890625
1,0,landmark,4,0.0,256,256.0,0.2862570881843567,0.5185623168945312
1,0,landmark,4,0.0,512,512.0,0.42983949184417725,0.7240219116210938
1,0,landmark,4,0.005,64,84.0,0.12809833884239197,0.21068572998046875
1,0,landmark,4,0.005,128,148.0,0.19311204552650452,0.3444671630859375
1,0,landmark,4,0.005,256,276.0,0.29065877199172974,0.5250625610351562
1,0,landmark,4,0.005,512,532.0,0.4336930215358734,0.72808837890625
1,0,landmark,4,0.01,64,104.0,0.13240543007850647,0.21562957763671875
1,0,landmark,4,0.01,128,168.0,0.19725960493087769,0.34966278076171875
1,0,landmark,4,0.01,256,296.0,0.294315904378891,0.5302581787109375
1,0,landmark,4,0.01,512,552.0,0.4368409216403961,0.73175048828125
1,0,landmark,4,0.02,64,144.0,0.14448235929012299,0.23546600341796875
1,0,landmark,4,0.02,128,208.0,0.2085760533809662,0.36717987060546875
1,0,landmark,4,0.02,256,336.0,0.30455994606018066,0.5438461303710938
1,0,landmark,4,0.02,512,592.0,0.44543182849884033,0.7396011352539062
1,0,landmark,4,0.05,64,264.0,0.178328737616539,0.29620361328125
1,0,landmark,4,0.05,128,328.0,0.2402392476797104,0.41741943359375
1,0,landmark,4,0.05,256,456.0,0.3338083028793335,0.58221435546875
1,0,landmark,4,0.05,512,712.0,0.47120168805122375,0.7637939453125
1,0,oracle_chunk,8,0.0,64,64.0,0.16379207372665405,0.36171722412109375
1,0,oracle_chunk,8,0.0,128,128.0,0.24027696251869202,0.573089599609375
1,0,oracle_chunk,8,0.0,256,256.0,0.34666457772254944,0.7874984741210938
1,0,oracle_chunk,8,0.0,512,512.0,0.4886639714241028,0.9176254272460938
1,0,landmark,8,0.0,64,64.0,0.10138161480426788,0.1650238037109375
1,0,landmark,8,0.0,128,128.0,0.16574187576770782,0.28238677978515625
1,0,landmark,8,0.0,256,256.0,0.26819998025894165,0.46144866943359375
1,0,landmark,8,0.0,512,512.0,0.4207168221473694,0.683746337890625
1,0,landmark,8,0.005,64,88.0,0.10522729903459549,0.17488861083984375
1,0,landmark,8,0.005,128,152.0,0.16940419375896454,0.291259765625
1,0,landmark,8,0.005,256,280.0,0.2716315984725952,0.46871185302734375
1,0,landmark,8,0.005,512,536.0,0.42400774359703064,0.68896484375
1,0,landmark,8,0.01,64,104.0,0.11537612974643707,0.18845367431640625
1,0,landmark,8,0.01,128,168.0,0.17896993458271027,0.3042755126953125
1,0,landmark,8,0.01,256,296.0,0.2793979346752167,0.4791259765625
1,0,landmark,8,0.01,512,552.0,0.4296049475669861,0.6947250366210938
1,0,landmark,8,0.02,64,144.0,0.12314120680093765,0.203948974609375
1,0,landmark,8,0.02,128,208.0,0.1863744854927063,0.3188629150390625
1,0,landmark,8,0.02,256,336.0,0.2863316237926483,0.49054718017578125
1,0,landmark,8,0.02,512,592.0,0.43627500534057617,0.7028427124023438
1,0,landmark,8,0.05,64,264.0,0.14884839951992035,0.2490997314453125
1,0,landmark,8,0.05,128,328.0,0.21159511804580688,0.3619232177734375
1,0,landmark,8,0.05,256,456.0,0.3098107874393463,0.5274429321289062
1,0,landmark,8,0.05,512,712.0,0.4564967751502991,0.7276382446289062
1,0,oracle_chunk,16,0.0,64,64.0,0.1447521597146988,0.29878997802734375
1,0,oracle_chunk,16,0.0,128,128.0,0.22192004323005676,0.48419952392578125
1,0,oracle_chunk,16,0.0,256,256.0,0.3309968113899231,0.6993331909179688
1,0,oracle_chunk,16,0.0,512,512.0,0.47816091775894165,0.8704299926757812
1,0,landmark,16,0.0,64,64.0,0.08849195390939713,0.148895263671875
1,0,landmark,16,0.0,128,128.0,0.1526152789592743,0.259765625
1,0,landmark,16,0.0,256,256.0,0.2545468509197235,0.42348480224609375
1,0,landmark,16,0.0,512,512.0,0.41097375750541687,0.641815185546875
1,0,landmark,16,0.005,64,80.0,0.08998733013868332,0.15227508544921875
1,0,landmark,16,0.005,128,144.0,0.1541266143321991,0.2631683349609375
1,0,landmark,16,0.005,256,272.0,0.2560628652572632,0.4266815185546875
1,0,landmark,16,0.005,512,528.0,0.4124579131603241,0.6446533203125
1,0,landmark,16,0.01,64,112.0,0.09427259862422943,0.1584625244140625
1,0,landmark,16,0.01,128,176.0,0.1584140658378601,0.269439697265625
1,0,landmark,16,0.01,256,304.0,0.26024776697158813,0.43230438232421875
1,0,landmark,16,0.01,512,560.0,0.416420578956604,0.64892578125
1,0,landmark,16,0.02,64,144.0,0.10533519089221954,0.17345428466796875
1,0,landmark,16,0.02,128,208.0,0.16844257712364197,0.2837066650390625
1,0,landmark,16,0.02,256,336.0,0.2692806124687195,0.44370269775390625
1,0,landmark,16,0.02,512,592.0,0.4239739179611206,0.6578445434570312
1,0,landmark,16,0.05,64,272.0,0.13050895929336548,0.2194671630859375
1,0,landmark,16,0.05,128,336.0,0.1922363042831421,0.3271026611328125
1,0,landmark,16,0.05,256,464.0,0.29147639870643616,0.4790802001953125
1,0,landmark,16,0.05,512,720.0,0.4450337886810303,0.6844711303710938
1,0,oracle_chunk,32,0.0,64,64.0,0.12730666995048523,0.25977325439453125
1,0,oracle_chunk,32,0.0,128,128.0,0.2041366696357727,0.423828125
1,0,oracle_chunk,32,0.0,256,256.0,0.31603527069091797,0.6291961669921875
1,0,oracle_chunk,32,0.0,512,512.0,0.4685581624507904,0.8237457275390625
1,0,landmark,32,0.0,64,64.0,0.07845590263605118,0.1342010498046875
1,0,landmark,32,0.0,128,128.0,0.14112266898155212,0.2382049560546875
1,0,landmark,32,0.0,256,256.0,0.24423342943191528,0.40366363525390625
1,0,landmark,32,0.0,512,512.0,0.4037609100341797,0.6203842163085938
1,0,landmark,32,0.005,64,96.0,0.08349854499101639,0.1449737548828125
1,0,landmark,32,0.005,128,160.0,0.14614835381507874,0.24853515625
1,0,landmark,32,0.005,256,288.0,0.2490173876285553,0.41086578369140625
1,0,landmark,32,0.005,512,544.0,0.4081028401851654,0.624664306640625
1,0,landmark,32,0.01,64,96.0,0.08349854499101639,0.1449737548828125
1,0,landmark,32,0.01,128,160.0,0.14614835381507874,0.24853515625
1,0,landmark,32,0.01,256,288.0,0.2490173876285553,0.41086578369140625
1,0,landmark,32,0.01,512,544.0,0.4081028401851654,0.624664306640625
1,0,landmark,32,0.02,64,160.0,0.09149616956710815,0.148468017578125
1,0,landmark,32,0.02,128,224.0,0.15417879819869995,0.25209808349609375
1,0,landmark,32,0.02,256,352.0,0.2572813928127289,0.41489410400390625
1,0,landmark,32,0.02,512,608.0,0.41641464829444885,0.6287460327148438
1,0,landmark,32,0.05,64,256.0,0.11328159272670746,0.1682586669921875
1,0,landmark,32,0.05,128,320.0,0.17522791028022766,0.2704315185546875
1,0,landmark,32,0.05,256,448.0,0.2756951153278351,0.4297332763671875
1,0,landmark,32,0.05,512,704.0,0.43373343348503113,0.64227294921875
1,1,oracle_token,1,0.0,64,64.0,0.4755285084247589,1.0
1,1,oracle_token,1,0.0,128,128.0,0.619377613067627,1.0
1,1,oracle_token,1,0.0,256,256.0,0.7669527530670166,1.0
1,1,oracle_token,1,0.0,512,512.0,0.8916012048721313,1.0
1,1,oracle_chunk,4,0.0,64,64.0,0.3779022991657257,0.5238494873046875
1,1,oracle_chunk,4,0.0,128,128.0,0.5306216478347778,0.8116683959960938
1,1,oracle_chunk,4,0.0,256,256.0,0.7015141844749451,0.9876480102539062
1,1,oracle_chunk,4,0.0,512,512.0,0.8555874824523926,0.9999008178710938
1,1,landmark,4,0.0,64,64.0,0.2704169452190399,0.348175048828125
1,1,landmark,4,0.0,128,128.0,0.4192025363445282,0.5593414306640625
1,1,landmark,4,0.0,256,256.0,0.6111816167831421,0.7954330444335938
1,1,landmark,4,0.0,512,512.0,0.7974371910095215,0.9398727416992188
1,1,landmark,4,0.005,64,84.0,0.2777628004550934,0.35884857177734375
1,1,landmark,4,0.005,128,148.0,0.4263448417186737,0.56976318359375
1,1,landmark,4,0.005,256,276.0,0.6176971793174744,0.8043899536132812
1,1,landmark,4,0.005,512,532.0,0.8020617365837097,0.9454727172851562
1,1,landmark,4,0.01,64,104.0,0.294822096824646,0.383087158203125
1,1,landmark,4,0.01,128,168.0,0.4413732588291168,0.5908432006835938
1,1,landmark,4,0.01,256,296.0,0.6284176111221313,0.8171920776367188
1,1,landmark,4,0.01,512,552.0,0.8057525157928467,0.947601318359375
1,1,landmark,4,0.02,64,144.0,0.31347885727882385,0.405548095703125
1,1,landmark,4,0.02,128,208.0,0.45738282799720764,0.6099166870117188
1,1,landmark,4,0.02,256,336.0,0.6384977698326111,0.8268814086914062
1,1,landmark,4,0.02,512,592.0,0.8111473321914673,0.9503860473632812
1,1,landmark,4,0.05,64,264.0,0.34894227981567383,0.447784423828125
1,1,landmark,4,0.05,128,328.0,0.4885295629501343,0.6443862915039062
1,1,landmark,4,0.05,256,456.0,0.6611213088035583,0.8448028564453125
1,1,landmark,4,0.05,512,712.0,0.8244321346282959,0.9558258056640625
1,1,oracle_chunk,8,0.0,64,64.0,0.3259820342063904,0.4156494140625
1,1,oracle_chunk,8,0.0,128,128.0,0.4821782410144806,0.6745986938476562
1,1,oracle_chunk,8,0.0,256,256.0,0.6645379066467285,0.9130325317382812
1,1,oracle_chunk,8,0.0,512,512.0,0.832648754119873,0.9952316284179688
1,1,landmark,8,0.0,64,64.0,0.23021571338176727,0.2991790771484375
1,1,landmark,8,0.0,128,128.0,0.37555602192878723,0.49347686767578125
1,1,landmark,8,0.0,256,256.0,0.5728763341903687,0.730712890625
1,1,landmark,8,0.0,512,512.0,0.7740026712417603,0.9046554565429688
1,1,landmark,8,0.005,64,88.0,0.24678176641464233,0.32357025146484375
1,1,landmark,8,0.005,128,152.0,0.3912525773048401,0.515869140625
1,1,landmark,8,0.005,256,280.0,0.5862559676170349,0.7481536865234375
1,1,landmark,8,0.005,512,536.0,0.7797459363937378,0.9106674194335938
1,1,landmark,8,0.01,64,104.0,0.2517349421977997,0.33056640625
1,1,landmark,8,0.01,128,168.0,0.3960781991481781,0.5220718383789062
1,1,landmark,8,0.01,256,296.0,0.5898030400276184,0.7521820068359375
1,1,landmark,8,0.01,512,552.0,0.7811692953109741,0.91168212890625
1,1,landmark,8,0.02,64,144.0,0.25736767053604126,0.337799072265625
1,1,landmark,8,0.02,128,208.0,0.40167561173439026,0.529296875
1,1,landmark,8,0.02,256,336.0,0.5936556458473206,0.7558059692382812
1,1,landmark,8,0.02,512,592.0,0.782791256904602,0.9122314453125
1,1,landmark,8,0.05,64,264.0,0.2955494821071625,0.381072998046875
1,1,landmark,8,0.05,128,328.0,0.43449580669403076,0.5665512084960938
1,1,landmark,8,0.05,256,456.0,0.6161356568336487,0.7758712768554688
1,1,landmark,8,0.05,512,712.0,0.7945591807365417,0.91949462890625
1,1,oracle_chunk,16,0.0,64,64.0,0.2889510989189148,0.36229705810546875
1,1,oracle_chunk,16,0.0,128,128.0,0.44621139764785767,0.59869384765625
1,1,oracle_chunk,16,0.0,256,256.0,0.6347156167030334,0.8362579345703125
1,1,oracle_chunk,16,0.0,512,512.0,0.81293785572052,0.9681854248046875
1,1,landmark,16,0.0,64,64.0,0.21312057971954346,0.2795562744140625
1,1,landmark,16,0.0,128,128.0,0.359674334526062,0.472900390625
1,1,landmark,16,0.0,256,256.0,0.5579134225845337,0.7098236083984375
1,1,landmark,16,0.0,512,512.0,0.7578589916229248,0.880950927734375
1,1,landmark,16,0.005,64,80.0,0.24586349725723267,0.3261260986328125
1,1,landmark,16,0.005,128,144.0,0.38927072286605835,0.5143356323242188
1,1,landmark,16,0.005,256,272.0,0.576681911945343,0.7303543090820312
1,1,landmark,16,0.005,512,528.0,0.765592634677887,0.8860855102539062
1,1,landmark,16,0.01,64,112.0,0.24778765439987183,0.3298187255859375
1,1,landmark,16,0.01,128,176.0,0.3911948800086975,0.5180282592773438
1,1,landmark,16,0.01,256,304.0,0.5786060690879822,0.7340469360351562
1,1,landmark,16,0.01,512,560.0,0.7675146460533142,0.8897628784179688
1,1,landmark,16,0.02,64,144.0,0.24856579303741455,0.33050537109375
1,1,landmark,16,0.02,128,208.0,0.39197301864624023,0.5187149047851562
1,1,landmark,16,0.02,256,336.0,0.5793842077255249,0.7347335815429688
1,1,landmark,16,0.02,512,592.0,0.7682927846908569,0.8904495239257812
1,1,landmark,16,0.05,64,272.0,0.27284786105155945,0.36045074462890625
1,1,landmark,16,0.05,128,336.0,0.4117487668991089,0.5424346923828125
1,1,landmark,16,0.05,256,464.0,0.5947906970977783,0.74945068359375
1,1,landmark,16,0.05,512,720.0,0.7784804105758667,0.8983688354492188
1,1,oracle_chunk,32,0.0,64,64.0,0.2558552920818329,0.32349395751953125
1,1,oracle_chunk,32,0.0,128,128.0,0.41380181908607483,0.5448989868164062
1,1,oracle_chunk,32,0.0,256,256.0,0.6074259281158447,0.7787399291992188
1,1,oracle_chunk,32,0.0,512,512.0,0.7951614260673523,0.931121826171875
1,1,landmark,32,0.0,64,64.0,0.2052716314792633,0.2681732177734375
1,1,landmark,32,0.0,128,128.0,0.3488607108592987,0.46059417724609375
1,1,landmark,32,0.0,256,256.0,0.54818195104599,0.6981201171875
1,1,landmark,32,0.0,512,512.0,0.7463765144348145,0.864501953125
1,1,landmark,32,0.005,64,96.0,0.27676960825920105,0.36556243896484375
1,1,landmark,32,0.005,128,160.0,0.4143006205558777,0.54559326171875
1,1,landmark,32,0.005,256,288.0,0.5818802118301392,0.7307281494140625
1,1,landmark,32,0.005,512,544.0,0.7612140774726868,0.8749313354492188
1,1,landmark,32,0.01,64,96.0,0.27676960825920105,0.36556243896484375
1,1,landmark,32,0.01,128,160.0,0.4143006205558777,0.54559326171875
1,1,landmark,32,0.01,256,288.0,0.5818802118301392,0.7307281494140625
1,1,landmark,32,0.01,512,544.0,0.7612140774726868,0.8749313354492188
1,1,landmark,32,0.02,64,160.0,0.2787284553050995,0.36927032470703125
1,1,landmark,32,0.02,128,224.0,0.4162594676017761,0.5493011474609375
1,1,landmark,32,0.02,256,352.0,0.5838390588760376,0.73443603515625
1,1,landmark,32,0.02,512,608.0,0.7634192109107971,0.87890625
1,1,landmark,32,0.05,64,256.0,0.30747127532958984,0.406524658203125
1,1,landmark,32,0.05,128,320.0,0.44116830825805664,0.5781402587890625
1,1,landmark,32,0.05,256,448.0,0.6029577851295471,0.751190185546875
1,1,landmark,32,0.05,512,704.0,0.7752382755279541,0.8868637084960938
1,2,oracle_token,1,0.0,64,64.0,0.6351330876350403,1.0
1,2,oracle_token,1,0.0,128,128.0,0.7549906373023987,1.0
1,2,oracle_token,1,0.0,256,256.0,0.8648281097412109,1.0
1,2,oracle_token,1,0.0,512,512.0,0.94980788230896,1.0
1,2,oracle_chunk,4,0.0,64,64.0,0.516209065914154,0.47153472900390625
1,2,oracle_chunk,4,0.0,128,128.0,0.657448410987854,0.7647247314453125
1,2,oracle_chunk,4,0.0,256,256.0,0.7991572618484497,0.9830703735351562
1,2,oracle_chunk,4,0.0,512,512.0,0.9194684624671936,0.9998703002929688
1,2,landmark,4,0.0,64,64.0,0.4058056175708771,0.38547515869140625
1,2,landmark,4,0.0,128,128.0,0.5578885674476624,0.597015380859375
1,2,landmark,4,0.0,256,256.0,0.7221108675003052,0.80596923828125
1,2,landmark,4,0.0,512,512.0,0.8722538352012634,0.9392929077148438
1,2,landmark,4,0.005,64,84.0,0.42539310455322266,0.40573883056640625
1,2,landmark,4,0.005,128,148.0,0.5759799480438232,0.6159744262695312
1,2,landmark,4,0.005,256,276.0,0.7371690273284912,0.8210830688476562
1,2,landmark,4,0.005,512,532.0,0.8823071122169495,0.94818115234375
1,2,landmark,4,0.01,64,104.0,0.43829086422920227,0.4226531982421875
1,2,landmark,4,0.01,128,168.0,0.5869030952453613,0.63031005859375
1,2,landmark,4,0.01,256,296.0,0.7434816956520081,0.8274383544921875
1,2,landmark,4,0.01,512,552.0,0.8855543732643127,0.9500732421875
1,2,landmark,4,0.02,64,144.0,0.4529961943626404,0.4367828369140625
1,2,landmark,4,0.02,128,208.0,0.5993357300758362,0.6428604125976562
1,2,landmark,4,0.02,256,336.0,0.7527517080307007,0.8351058959960938
1,2,landmark,4,0.02,512,592.0,0.8914427757263184,0.9536056518554688
1,2,landmark,4,0.05,64,264.0,0.48860299587249756,0.47629547119140625
1,2,landmark,4,0.05,128,328.0,0.6294460296630859,0.6746139526367188
1,2,landmark,4,0.05,256,456.0,0.7746856808662415,0.8549041748046875
1,2,landmark,4,0.05,512,712.0,0.9062124490737915,0.962860107421875
1,2,oracle_chunk,8,0.0,64,64.0,0.4559933543205261,0.38375091552734375
1,2,oracle_chunk,8,0.0,128,128.0,0.6048761606216431,0.6260910034179688
1,2,oracle_chunk,8,0.0,256,256.0,0.7625264525413513,0.8828125
1,2,oracle_chunk,8,0.0,512,512.0,0.9015545845031738,0.994384765625
1,2,landmark,8,0.0,64,64.0,0.34742066264152527,0.3339080810546875
1,2,landmark,8,0.0,128,128.0,0.5037753582000732,0.5248031616210938
1,2,landmark,8,0.0,256,256.0,0.6804966926574707,0.7425613403320312
1,2,landmark,8,0.0,512,512.0,0.8480930924415588,0.9059829711914062
1,2,landmark,8,0.005,64,88.0,0.36362528800964355,0.3520965576171875
1,2,landmark,8,0.005,128,152.0,0.5196431279182434,0.5424957275390625
1,2,landmark,8,0.005,256,280.0,0.6939771175384521,0.7563400268554688
1,2,landmark,8,0.005,512,536.0,0.858264148235321,0.914703369140625
1,2,landmark,8,0.01,64,104.0,0.380245178937912,0.37256622314453125
1,2,landmark,8,0.01,128,168.0,0.534886360168457,0.5594482421875
1,2,landmark,8,0.01,256,296.0,0.7054740786552429,0.76666259765625
1,2,landmark,8,0.01,512,552.0,0.8661712408065796,0.9211273193359375
1,2,landmark,8,0.02,64,144.0,0.4044349789619446,0.40044403076171875
1,2,landmark,8,0.02,128,208.0,0.5576270818710327,0.5850601196289062
1,2,landmark,8,0.02,256,336.0,0.7222676873207092,0.7843093872070312
1,2,landmark,8,0.02,512,592.0,0.876253068447113,0.9299697875976562
1,2,landmark,8,0.05,64,264.0,0.4343973398208618,0.431182861328125
1,2,landmark,8,0.05,128,328.0,0.5853987336158752,0.6132888793945312
1,2,landmark,8,0.05,256,456.0,0.7458392381668091,0.8059768676757812
1,2,landmark,8,0.05,512,712.0,0.8933711051940918,0.9416885375976562
1,2,oracle_chunk,16,0.0,64,64.0,0.4000334143638611,0.31976318359375
1,2,oracle_chunk,16,0.0,128,128.0,0.5584262013435364,0.5431900024414062
1,2,oracle_chunk,16,0.0,256,256.0,0.731637716293335,0.8016433715820312
1,2,oracle_chunk,16,0.0,512,512.0,0.8849964737892151,0.9686203002929688
1,2,landmark,16,0.0,64,64.0,0.2863411605358124,0.28192901611328125
1,2,landmark,16,0.0,128,128.0,0.45802146196365356,0.476715087890625
1,2,landmark,16,0.0,256,256.0,0.6507179737091064,0.7020111083984375
1,2,landmark,16,0.0,512,512.0,0.8309762477874756,0.8824615478515625
1,2,landmark,16,0.005,64,80.0,0.30635619163513184,0.31012725830078125
1,2,landmark,16,0.005,128,144.0,0.47759270668029785,0.5030441284179688
1,2,landmark,16,0.005,256,272.0,0.6645130515098572,0.7173233032226562
1,2,landmark,16,0.005,512,528.0,0.8375295400619507,0.8887176513671875
1,2,landmark,16,0.01,64,112.0,0.3143376111984253,0.31638336181640625
1,2,landmark,16,0.01,128,176.0,0.4855740964412689,0.5093002319335938
1,2,landmark,16,0.01,256,304.0,0.6724944710731506,0.7235794067382812
1,2,landmark,16,0.01,512,560.0,0.8453291654586792,0.8949432373046875
1,2,landmark,16,0.02,64,144.0,0.3390803635120392,0.34740447998046875
1,2,landmark,16,0.02,128,208.0,0.5090035796165466,0.5362625122070312
1,2,landmark,16,0.02,256,336.0,0.6894449591636658,0.740020751953125
1,2,landmark,16,0.02,512,592.0,0.8563149571418762,0.9035720825195312
1,2,landmark,16,0.05,64,272.0,0.39066457748413086,0.4039154052734375
1,2,landmark,16,0.05,128,336.0,0.558269739151001,0.5896987915039062
1,2,landmark,16,0.05,256,464.0,0.7295425534248352,0.7822265625
1,2,landmark,16,0.05,512,720.0,0.8807011246681213,0.9254913330078125
1,2,oracle_chunk,32,0.0,64,64.0,0.34993505477905273,0.2824554443359375
1,2,oracle_chunk,32,0.0,128,128.0,0.5166888236999512,0.49391937255859375
1,2,oracle_chunk,32,0.0,256,256.0,0.7035248875617981,0.7444992065429688
1,2,oracle_chunk,32,0.0,512,512.0,0.8687247633934021,0.931915283203125
1,2,landmark,32,0.0,64,64.0,0.24740511178970337,0.25838470458984375
1,2,landmark,32,0.0,128,128.0,0.4250372648239136,0.45415496826171875
1,2,landmark,32,0.0,256,256.0,0.6379241943359375,0.6841201782226562
1,2,landmark,32,0.0,512,512.0,0.8212901949882507,0.8678131103515625
1,2,landmark,32,0.005,64,96.0,0.30776259303092957,0.29627227783203125
1,2,landmark,32,0.005,128,160.0,0.4789116084575653,0.49066162109375
1,2,landmark,32,0.005,256,288.0,0.659264862537384,0.7067718505859375
1,2,landmark,32,0.005,512,544.0,0.8312780261039734,0.877044677734375
1,2,landmark,32,0.01,64,96.0,0.30776259303092957,0.29627227783203125
1,2,landmark,32,0.01,128,160.0,0.4789116084575653,0.49066162109375
1,2,landmark,32,0.01,256,288.0,0.659264862537384,0.7067718505859375
1,2,landmark,32,0.01,512,544.0,0.8312780261039734,0.877044677734375
1,2,landmark,32,0.02,64,160.0,0.3422878682613373,0.33538055419921875
1,2,landmark,32,0.02,128,224.0,0.5061506032943726,0.5212860107421875
1,2,landmark,32,0.02,256,352.0,0.6750081777572632,0.7192840576171875
1,2,landmark,32,0.02,512,608.0,0.8414843082427979,0.8844375610351562
1,2,landmark,32,0.05,64,256.0,0.4007280468940735,0.40415191650390625
1,2,landmark,32,0.05,128,320.0,0.5550624132156372,0.5740814208984375
1,2,landmark,32,0.05,256,448.0,0.7105576395988464,0.7526397705078125
1,2,landmark,32,0.05,512,704.0,0.8628491163253784,0.9026947021484375
1,3,oracle_token,1,0.0,64,64.0,0.4422944188117981,1.0
1,3,oracle_token,1,0.0,128,128.0,0.5996142029762268,1.0
1,3,oracle_token,1,0.0,256,256.0,0.7648593187332153,1.0
1,3,oracle_token,1,0.0,512,512.0,0.9007186889648438,1.0
1,3,oracle_chunk,4,0.0,64,64.0,0.3440648317337036,0.523345947265625
1,3,oracle_chunk,4,0.0,128,128.0,0.5050271153450012,0.805084228515625
1,3,oracle_chunk,4,0.0,256,256.0,0.6968966722488403,0.9880218505859375
1,3,oracle_chunk,4,0.0,512,512.0,0.8666720986366272,1.0
1,3,landmark,4,0.0,64,64.0,0.2636505663394928,0.38378143310546875
1,3,landmark,4,0.0,128,128.0,0.4178124666213989,0.605499267578125
1,3,landmark,4,0.0,256,256.0,0.6231439113616943,0.8363723754882812
1,3,landmark,4,0.0,512,512.0,0.8201305866241455,0.9639968872070312
1,3,landmark,4,0.005,64,84.0,0.2891143262386322,0.411468505859375
1,3,landmark,4,0.005,128,148.0,0.44327616691589355,0.6331863403320312
1,3,landmark,4,0.005,256,276.0,0.648456335067749,0.8638153076171875
1,3,landmark,4,0.005,512,532.0,0.8398800492286682,0.98199462890625
1,3,landmark,4,0.01,64,104.0,0.29960349202156067,0.42241668701171875
1,3,landmark,4,0.01,128,168.0,0.453326940536499,0.64324951171875
1,3,landmark,4,0.01,256,296.0,0.656913697719574,0.8710556030273438
1,3,landmark,4,0.01,512,552.0,0.8444855213165283,0.9839553833007812
1,3,landmark,4,0.02,64,144.0,0.31907108426094055,0.44435882568359375
1,3,landmark,4,0.02,128,208.0,0.47110891342163086,0.6614227294921875
1,3,landmark,4,0.02,256,336.0,0.670673131942749,0.8808822631835938
1,3,landmark,4,0.02,512,592.0,0.8516736626625061,0.9857864379882812
1,3,landmark,4,0.05,64,264.0,0.3554094731807709,0.47595977783203125
1,3,landmark,4,0.05,128,328.0,0.504149854183197,0.6867828369140625
1,3,landmark,4,0.05,256,456.0,0.6988509893417358,0.8974456787109375
1,3,landmark,4,0.05,512,712.0,0.8683752417564392,0.9892807006835938
1,3,oracle_chunk,8,0.0,64,64.0,0.303075909614563,0.43410491943359375
1,3,oracle_chunk,8,0.0,128,128.0,0.4637567102909088,0.6918106079101562
1,3,oracle_chunk,8,0.0,256,256.0,0.667259693145752,0.9318161010742188
1,3,oracle_chunk,8,0.0,512,512.0,0.8522323369979858,0.9987106323242188
1,3,landmark,8,0.0,64,64.0,0.23773115873336792,0.33829498291015625
1,3,landmark,8,0.0,128,128.0,0.38875293731689453,0.5458297729492188
1,3,landmark,8,0.0,256,256.0,0.6044327020645142,0.8045806884765625
1,3,landmark,8,0.0,512,512.0,0.8105515837669373,0.9549026489257812
1,3,landmark,8,0.005,64,88.0,0.2602981626987457,0.365325927734375
1,3,landmark,8,0.005,128,152.0,0.41131991147994995,0.5728607177734375
1,3,landmark,8,0.005,256,280.0,0.6252207159996033,0.8280715942382812
1,3,landmark,8,0.005,512,536.0,0.8228709697723389,0.9653396606445312
1,3,landmark,8,0.01,64,104.0,0.2795636057853699,0.38480377197265625
1,3,landmark,8,0.01,128,168.0,0.43052875995635986,0.5924758911132812
1,3,landmark,8,0.01,256,296.0,0.6419558525085449,0.84332275390625
1,3,landmark,8,0.01,512,552.0,0.8356496095657349,0.9754562377929688
1,3,landmark,8,0.02,64,144.0,0.3025459051132202,0.41080474853515625
1,3,landmark,8,0.02,128,208.0,0.4517645239830017,0.6156234741210938
1,3,landmark,8,0.02,256,336.0,0.6583611965179443,0.8575897216796875
1,3,landmark,8,0.02,512,592.0,0.8431603312492371,0.9777755737304688
1,3,landmark,8,0.05,64,264.0,0.3518667221069336,0.4590606689453125
1,3,landmark,8,0.05,128,328.0,0.4989151060581207,0.6601181030273438
1,3,landmark,8,0.05,256,456.0,0.6957414746284485,0.8835830688476562
1,3,landmark,8,0.05,512,712.0,0.8633978962898254,0.9840240478515625
1,3,oracle_chunk,16,0.0,64,64.0,0.2708345949649811,0.37984466552734375
1,3,oracle_chunk,16,0.0,128,128.0,0.4312186539173126,0.62091064453125
1,3,oracle_chunk,16,0.0,256,256.0,0.6433186531066895,0.8770675659179688
1,3,oracle_chunk,16,0.0,512,512.0,0.8387376666069031,0.9898300170898438
1,3,landmark,16,0.0,64,64.0,0.21876008808612823,0.30509185791015625
1,3,landmark,16,0.0,128,128.0,0.3699997663497925,0.5121078491210938
1,3,landmark,16,0.0,256,256.0,0.5962189435958862,0.7884063720703125
1,3,landmark,16,0.0,512,512.0,0.8014506101608276,0.9444732666015625
1,3,landmark,16,0.005,64,80.0,0.2471744567155838,0.34531402587890625
1,3,landmark,16,0.005,128,144.0,0.3970545530319214,0.5500411987304688
1,3,landmark,16,0.005,256,272.0,0.6151183843612671,0.8097305297851562
1,3,landmark,16,0.005,512,528.0,0.8079409003257751,0.9487838745117188
1,3,landmark,16,0.01,64,112.0,0.25835809111595154,0.35588836669921875
1,3,landmark,16,0.01,128,176.0,0.4082382023334503,0.5606155395507812
1,3,landmark,16,0.01,256,304.0,0.6263020634651184,0.8203048706054688
1,3,landmark,16,0.01,512,560.0,0.818080723285675,0.958160400390625
1,3,landmark,16,0.02,64,144.0,0.286667138338089,0.38602447509765625
1,3,landmark,16,0.02,128,208.0,0.436822772026062,0.5913925170898438
1,3,landmark,16,0.02,256,336.0,0.6495041847229004,0.84130859375
1,3,landmark,16,0.02,512,592.0,0.8332619667053223,0.9692153930664062
1,3,landmark,16,0.05,64,272.0,0.344277024269104,0.4476165771484375
1,3,landmark,16,0.05,128,336.0,0.4910060167312622,0.6468658447265625
1,3,landmark,16,0.05,256,464.0,0.6900339126586914,0.8739166259765625
1,3,landmark,16,0.05,512,720.0,0.8526262640953064,0.9757614135742188
1,3,oracle_chunk,32,0.0,64,64.0,0.24606502056121826,0.346649169921875
1,3,oracle_chunk,32,0.0,128,128.0,0.4050961136817932,0.576171875
1,3,oracle_chunk,32,0.0,256,256.0,0.621688723564148,0.8334884643554688
1,3,oracle_chunk,32,0.0,512,512.0,0.8249850869178772,0.9720001220703125
1,3,landmark,32,0.0,64,64.0,0.21010726690292358,0.2900848388671875
1,3,landmark,32,0.0,128,128.0,0.35989657044410706,0.4959716796875
1,3,landmark,32,0.0,256,256.0,0.5891032814979553,0.7789154052734375
1,3,landmark,32,0.0,512,512.0,0.7962968945503235,0.9379196166992188
1,3,landmark,32,0.005,64,96.0,0.26728031039237976,0.36977386474609375
1,3,landmark,32,0.005,128,160.0,0.4155009090900421,0.5732040405273438
1,3,landmark,32,0.005,256,288.0,0.6220238208770752,0.8119354248046875
1,3,landmark,32,0.005,512,544.0,0.8082598447799683,0.944793701171875
1,3,landmark,32,0.01,64,96.0,0.26728031039237976,0.36977386474609375
1,3,landmark,32,0.01,128,160.0,0.4155009090900421,0.5732040405273438
1,3,landmark,32,0.01,256,288.0,0.6220238208770752,0.8119354248046875
1,3,landmark,32,0.01,512,544.0,0.8082598447799683,0.944793701171875
1,3,landmark,32,0.02,64,160.0,0.2790231704711914,0.3803558349609375
1,3,landmark,32,0.02,128,224.0,0.42724379897117615,0.5837860107421875
1,3,landmark,32,0.02,256,352.0,0.6337667107582092,0.8225173950195312
1,3,landmark,32,0.02,512,608.0,0.8199266195297241,0.9552841186523438
1,3,landmark,32,0.05,64,256.0,0.3273775577545166,0.4312896728515625
1,3,landmark,32,0.05,128,320.0,0.4724489450454712,0.6285171508789062
1,3,landmark,32,0.05,256,448.0,0.6709797382354736,0.8531494140625
1,3,landmark,32,0.05,512,704.0,0.8410887718200684,0.9683837890625
1,4,oracle_token,1,0.0,64,64.0,0.7943540215492249,1.0
1,4,oracle_token,1,0.0,128,128.0,0.8851860165596008,1.0
1,4,oracle_token,1,0.0,256,256.0,0.9495677351951599,1.0
1,4,oracle_token,1,0.0,512,512.0,0.9851913452148438,1.0
1,4,oracle_chunk,4,0.0,64,64.0,0.6911303997039795,0.5309600830078125
1,4,oracle_chunk,4,0.0,128,128.0,0.8226665258407593,0.8495712280273438
1,4,oracle_chunk,4,0.0,256,256.0,0.922655463218689,0.9966659545898438
1,4,oracle_chunk,4,0.0,512,512.0,0.9757108688354492,1.0
1,4,landmark,4,0.0,64,64.0,0.608231782913208,0.49651336669921875
1,4,landmark,4,0.0,128,128.0,0.7695335149765015,0.7399368286132812
1,4,landmark,4,0.0,256,256.0,0.8997469544410706,0.9287872314453125
1,4,landmark,4,0.0,512,512.0,0.9639380574226379,0.9831466674804688
1,4,landmark,4,0.005,64,84.0,0.6158844232559204,0.5068817138671875
1,4,landmark,4,0.005,128,148.0,0.7769550085067749,0.7500457763671875
1,4,landmark,4,0.005,256,276.0,0.9047932028770447,0.9357986450195312
1,4,landmark,4,0.005,512,532.0,0.9653170704841614,0.98388671875
1,4,landmark,4,0.01,64,104.0,0.6317368745803833,0.526763916015625
1,4,landmark,4,0.01,128,168.0,0.7880622148513794,0.7642593383789062
1,4,landmark,4,0.01,256,296.0,0.9089246392250061,0.9401702880859375
1,4,landmark,4,0.01,512,552.0,0.9668008089065552,0.9847640991210938
1,4,landmark,4,0.02,64,144.0,0.6375516653060913,0.5346908569335938
1,4,landmark,4,0.02,128,208.0,0.7931285500526428,0.7709503173828125
1,4,landmark,4,0.02,256,336.0,0.9124911427497864,0.9439926147460938
1,4,landmark,4,0.02,512,592.0,0.968784749507904,0.9866104125976562
1,4,landmark,4,0.05,64,264.0,0.6666198372840881,0.5771942138671875
1,4,landmark,4,0.05,128,328.0,0.8136413097381592,0.8002243041992188
1,4,landmark,4,0.05,256,456.0,0.9225060343742371,0.9549331665039062
1,4,landmark,4,0.05,512,712.0,0.9743648767471313,0.9913406372070312
1,4,oracle_chunk,8,0.0,64,64.0,0.6211357116699219,0.43085479736328125
1,4,oracle_chunk,8,0.0,128,128.0,0.7781829833984375,0.7194061279296875
1,4,oracle_chunk,8,0.0,256,256.0,0.9089237451553345,0.9719924926757812
1,4,oracle_chunk,8,0.0,512,512.0,0.9714784622192383,0.9996795654296875
1,4,landmark,8,0.0,64,64.0,0.5110054612159729,0.413787841796875
1,4,landmark,8,0.0,128,128.0,0.6957237720489502,0.6586151123046875
1,4,landmark,8,0.0,256,256.0,0.8830711841583252,0.9052047729492188
1,4,landmark,8,0.0,512,512.0,0.96378493309021,0.9876861572265625
1,4,landmark,8,0.005,64,88.0,0.5445992946624756,0.44197845458984375
1,4,landmark,8,0.005,128,152.0,0.722081184387207,0.6854248046875
1,4,landmark,8,0.005,256,280.0,0.8911911845207214,0.914703369140625
1,4,landmark,8,0.005,512,536.0,0.9650759696960449,0.9882125854492188
1,4,landmark,8,0.01,64,104.0,0.560311496257782,0.4654541015625
1,4,landmark,8,0.01,128,168.0,0.7368736267089844,0.707244873046875
1,4,landmark,8,0.01,256,296.0,0.897675096988678,0.922698974609375
1,4,landmark,8,0.01,512,552.0,0.9664475321769714,0.9888687133789062
1,4,landmark,8,0.02,64,144.0,0.5788429975509644,0.49167633056640625
1,4,landmark,8,0.02,128,208.0,0.75466388463974,0.7298431396484375
1,4,landmark,8,0.02,256,336.0,0.9083840847015381,0.934600830078125
1,4,landmark,8,0.02,512,592.0,0.9688850045204163,0.98980712890625
1,4,landmark,8,0.05,64,264.0,0.6021345257759094,0.520050048828125
1,4,landmark,8,0.05,128,328.0,0.7699413299560547,0.750579833984375
1,4,landmark,8,0.05,256,456.0,0.9186649322509766,0.94451904296875
1,4,landmark,8,0.05,512,712.0,0.973430335521698,0.9916763305664062
1,4,oracle_chunk,16,0.0,64,64.0,0.5572612881660461,0.3796844482421875
1,4,oracle_chunk,16,0.0,128,128.0,0.737812876701355,0.6500091552734375
1,4,oracle_chunk,16,0.0,256,256.0,0.8951650857925415,0.9285049438476562
1,4,oracle_chunk,16,0.0,512,512.0,0.9675135016441345,0.99688720703125
1,4,landmark,16,0.0,64,64.0,0.4423510432243347,0.3688201904296875
1,4,landmark,16,0.0,128,128.0,0.6668953895568848,0.6168441772460938
1,4,landmark,16,0.0,256,256.0,0.8733803033828735,0.883575439453125
1,4,landmark,16,0.0,512,512.0,0.9612882733345032,0.9858016967773438
1,4,landmark,16,0.005,64,80.0,0.5008004307746887,0.4334716796875
1,4,landmark,16,0.005,128,144.0,0.7086337208747864,0.6678085327148438
1,4,landmark,16,0.005,256,272.0,0.8856507539749146,0.90106201171875
1,4,landmark,16,0.005,512,528.0,0.9633411765098572,0.9870147705078125
1,4,landmark,16,0.01,64,112.0,0.5012369751930237,0.433685302734375
1,4,landmark,16,0.01,128,176.0,0.709070086479187,0.6680221557617188
1,4,landmark,16,0.01,256,304.0,0.88608717918396,0.901275634765625
1,4,landmark,16,0.01,512,560.0,0.9637776017189026,0.9872283935546875
1,4,landmark,16,0.02,64,144.0,0.5465036034584045,0.48960113525390625
1,4,landmark,16,0.02,128,208.0,0.7414708137512207,0.715484619140625
1,4,landmark,16,0.02,256,336.0,0.8970900774002075,0.9160690307617188
1,4,landmark,16,0.02,512,592.0,0.9662764072418213,0.9887237548828125
1,4,landmark,16,0.05,64,272.0,0.5679037570953369,0.5136947631835938
1,4,landmark,16,0.05,128,336.0,0.7630451917648315,0.739898681640625
1,4,landmark,16,0.05,256,464.0,0.915117084980011,0.93487548828125
1,4,landmark,16,0.05,512,720.0,0.9732286930084229,0.992340087890625
1,4,oracle_chunk,32,0.0,64,64.0,0.4963153302669525,0.35416412353515625
1,4,oracle_chunk,32,0.0,128,128.0,0.7047063112258911,0.6138458251953125
1,4,oracle_chunk,32,0.0,256,256.0,0.8861093521118164,0.9052200317382812
1,4,oracle_chunk,32,0.0,512,512.0,0.964980959892273,0.99163818359375
1,4,landmark,32,0.0,64,64.0,0.41367635130882263,0.35129547119140625
1,4,landmark,32,0.0,128,128.0,0.638521671295166,0.6004714965820312
1,4,landmark,32,0.0,256,256.0,0.8753495216369629,0.8849334716796875
1,4,landmark,32,0.0,512,512.0,0.9606756567955017,0.9834365844726562
1,4,landmark,32,0.005,64,96.0,0.5139400959014893,0.47510528564453125
1,4,landmark,32,0.005,128,160.0,0.7120234966278076,0.6915130615234375
1,4,landmark,32,0.005,256,288.0,0.8963785171508789,0.9164199829101562
1,4,landmark,32,0.005,512,544.0,0.9642441272735596,0.9854354858398438
1,4,landmark,32,0.01,64,96.0,0.5139400959014893,0.47510528564453125
1,4,landmark,32,0.01,128,160.0,0.7120234966278076,0.6915130615234375
1,4,landmark,32,0.01,256,288.0,0.8963785171508789,0.9164199829101562
1,4,landmark,32,0.01,512,544.0,0.9642441272735596,0.9854354858398438
1,4,landmark,32,0.02,64,160.0,0.514378011226654,0.47531890869140625
1,4,landmark,32,0.02,128,224.0,0.7124612927436829,0.6917266845703125
1,4,landmark,32,0.02,256,352.0,0.8968164324760437,0.9166336059570312
1,4,landmark,32,0.02,512,608.0,0.9646821022033691,0.9856491088867188
1,4,landmark,32,0.05,64,256.0,0.625032365322113,0.5810699462890625
1,4,landmark,32,0.05,128,320.0,0.7830666303634644,0.77783203125
1,4,landmark,32,0.05,256,448.0,0.9158521890640259,0.9402084350585938
1,4,landmark,32,0.05,512,704.0,0.9682782888412476,0.9873123168945312
1,5,oracle_token,1,0.0,64,64.0,0.6850993037223816,1.0
1,5,oracle_token,1,0.0,128,128.0,0.7935398817062378,1.0
1,5,oracle_token,1,0.0,256,256.0,0.8917762637138367,1.0
1,5,oracle_token,1,0.0,512,512.0,0.9631255865097046,1.0
1,5,oracle_chunk,4,0.0,64,64.0,0.5872167348861694,0.5290451049804688
1,5,oracle_chunk,4,0.0,128,128.0,0.7138575911521912,0.8174896240234375
1,5,oracle_chunk,4,0.0,256,256.0,0.8400083184242249,0.9962387084960938
1,5,oracle_chunk,4,0.0,512,512.0,0.941085159778595,1.0
1,5,landmark,4,0.0,64,64.0,0.49798405170440674,0.44475555419921875
1,5,landmark,4,0.0,128,128.0,0.6219583749771118,0.633392333984375
1,5,landmark,4,0.0,256,256.0,0.7610629796981812,0.8201675415039062
1,5,landmark,4,0.0,512,512.0,0.8893389105796814,0.9413375854492188
1,5,landmark,4,0.005,64,84.0,0.5250033140182495,0.47476959228515625
1,5,landmark,4,0.005,128,148.0,0.648977518081665,0.6634063720703125
1,5,landmark,4,0.005,256,276.0,0.787657618522644,0.8492965698242188
1,5,landmark,4,0.005,512,532.0,0.9132909774780273,0.965118408203125
1,5,landmark,4,0.01,64,104.0,0.5409557223320007,0.49770355224609375
1,5,landmark,4,0.01,128,168.0,0.6602789759635925,0.6795730590820312
1,5,landmark,4,0.01,256,296.0,0.7948330640792847,0.8566741943359375
1,5,landmark,4,0.01,512,552.0,0.9164599776268005,0.9674301147460938
1,5,landmark,4,0.02,64,144.0,0.561360239982605,0.5255584716796875
1,5,landmark,4,0.02,128,208.0,0.6782045364379883,0.7021713256835938
1,5,landmark,4,0.02,256,336.0,0.8058667182922363,0.8659286499023438
1,5,landmark,4,0.02,512,592.0,0.9221125245094299,0.9708023071289062
1,5,landmark,4,0.05,64,264.0,0.5928083658218384,0.5635833740234375
1,5,landmark,4,0.05,128,328.0,0.7065895795822144,0.73541259765625
1,5,landmark,4,0.05,256,456.0,0.8277814388275146,0.8873291015625
1,5,landmark,4,0.05,512,712.0,0.935535728931427,0.9806976318359375
1,5,oracle_chunk,8,0.0,64,64.0,0.5384296178817749,0.4393157958984375
1,5,oracle_chunk,8,0.0,128,128.0,0.6725714802742004,0.6800994873046875
1,5,oracle_chunk,8,0.0,256,256.0,0.8125044703483582,0.9275436401367188
1,5,oracle_chunk,8,0.0,512,512.0,0.9280168414115906,0.99957275390625
1,5,landmark,8,0.0,64,64.0,0.4472094178199768,0.3755035400390625
1,5,landmark,8,0.0,128,128.0,0.5848883986473083,0.57049560546875
1,5,landmark,8,0.0,256,256.0,0.7346206903457642,0.76873779296875
1,5,landmark,8,0.0,512,512.0,0.8713204264640808,0.9105987548828125
1,5,landmark,8,0.005,64,88.0,0.4637554883956909,0.394775390625
1,5,landmark,8,0.005,128,152.0,0.6014344096183777,0.5897674560546875
1,5,landmark,8,0.005,256,280.0,0.7506576776504517,0.7870254516601562
1,5,landmark,8,0.005,512,536.0,0.884954571723938,0.9250106811523438
1,5,landmark,8,0.01,64,104.0,0.4833035469055176,0.414825439453125
1,5,landmark,8,0.01,128,168.0,0.6190859079360962,0.6066055297851562
1,5,landmark,8,0.01,256,296.0,0.7668808698654175,0.8018035888671875
1,5,landmark,8,0.01,512,552.0,0.8988946676254272,0.9377670288085938
1,5,landmark,8,0.02,64,144.0,0.5002629160881042,0.43512725830078125
1,5,landmark,8,0.02,128,208.0,0.6346696615219116,0.6237335205078125
1,5,landmark,8,0.02,256,336.0,0.7777519226074219,0.8116836547851562
1,5,landmark,8,0.02,512,592.0,0.9036972522735596,0.941192626953125
1,5,landmark,8,0.05,64,264.0,0.5547768473625183,0.505950927734375
1,5,landmark,8,0.05,128,328.0,0.6777639985084534,0.6748123168945312
1,5,landmark,8,0.05,256,456.0,0.8072061538696289,0.8412399291992188
1,5,landmark,8,0.05,512,712.0,0.921439528465271,0.9572296142578125
1,5,oracle_chunk,16,0.0,64,64.0,0.4747958481311798,0.356536865234375
1,5,oracle_chunk,16,0.0,128,128.0,0.6204726696014404,0.5756454467773438
1,5,oracle_chunk,16,0.0,256,256.0,0.7787578105926514,0.8254013061523438
1,5,oracle_chunk,16,0.0,512,512.0,0.9125564694404602,0.9839324951171875
1,5,landmark,16,0.0,64,64.0,0.3677544891834259,0.30382537841796875
1,5,landmark,16,0.0,128,128.0,0.5158275961875916,0.48757171630859375
1,5,landmark,16,0.0,256,256.0,0.7005202174186707,0.7157440185546875
1,5,landmark,16,0.0,512,512.0,0.8561496734619141,0.8905792236328125
1,5,landmark,16,0.005,64,80.0,0.3779585659503937,0.3151702880859375
1,5,landmark,16,0.005,128,144.0,0.5260332822799683,0.49893951416015625
1,5,landmark,16,0.005,256,272.0,0.7098240256309509,0.725555419921875
1,5,landmark,16,0.005,512,528.0,0.8615730404853821,0.8952560424804688
1,5,landmark,16,0.01,64,112.0,0.388693630695343,0.3266448974609375
1,5,landmark,16,0.01,128,176.0,0.53676837682724,0.5104141235351562
1,5,landmark,16,0.01,256,304.0,0.7205591201782227,0.737030029296875
1,5,landmark,16,0.01,512,560.0,0.8723081350326538,0.9067306518554688
1,5,landmark,16,0.02,64,144.0,0.41220319271087646,0.3493194580078125
1,5,landmark,16,0.02,128,208.0,0.5607782006263733,0.5332565307617188
1,5,landmark,16,0.02,256,336.0,0.742088794708252,0.7569732666015625
1,5,landmark,16,0.02,512,592.0,0.8882884383201599,0.9205398559570312
1,5,landmark,16,0.05,64,272.0,0.48172616958618164,0.43192291259765625
1,5,landmark,16,0.05,128,336.0,0.6213478446006775,0.6093063354492188
1,5,landmark,16,0.05,256,464.0,0.7789359092712402,0.8008651733398438
1,5,landmark,16,0.05,512,720.0,0.903605580329895,0.9362869262695312
1,5,oracle_chunk,32,0.0,64,64.0,0.42241132259368896,0.31400299072265625
1,5,oracle_chunk,32,0.0,128,128.0,0.5711424946784973,0.5049667358398438
1,5,oracle_chunk,32,0.0,256,256.0,0.7433138489723206,0.7486190795898438
1,5,oracle_chunk,32,0.0,512,512.0,0.8953877091407776,0.944732666015625
1,5,landmark,32,0.0,64,64.0,0.3405153453350067,0.282958984375
1,5,landmark,32,0.0,128,128.0,0.49888014793395996,0.4488525390625
1,5,landmark,32,0.0,256,256.0,0.6700531840324402,0.6678848266601562
1,5,landmark,32,0.0,512,512.0,0.8430001139640808,0.8675384521484375
1,5,landmark,32,0.005,64,96.0,0.37289607524871826,0.32114410400390625
1,5,landmark,32,0.005,128,160.0,0.5295881628990173,0.4849853515625
1,5,landmark,32,0.005,256,288.0,0.6950582265853882,0.695159912109375
1,5,landmark,32,0.005,512,544.0,0.8542681336402893,0.8770599365234375
1,5,landmark,32,0.01,64,96.0,0.37289607524871826,0.32114410400390625
1,5,landmark,32,0.01,128,160.0,0.5295881628990173,0.4849853515625
1,5,landmark,32,0.01,256,288.0,0.6950582265853882,0.695159912109375
1,5,landmark,32,0.01,512,544.0,0.8542681336402893,0.8770599365234375
1,5,landmark,32,0.02,64,160.0,0.3836361765861511,0.33261871337890625
1,5,landmark,32,0.02,128,224.0,0.5403282642364502,0.4964599609375
1,5,landmark,32,0.02,256,352.0,0.705798327922821,0.706634521484375
1,5,landmark,32,0.02,512,608.0,0.8650082349777222,0.8885345458984375
1,5,landmark,32,0.05,64,256.0,0.4182415008544922,0.36750030517578125
1,5,landmark,32,0.05,128,320.0,0.5755425095558167,0.5325241088867188
1,5,landmark,32,0.05,256,448.0,0.7395713925361633,0.7415008544921875
1,5,landmark,32,0.05,512,704.0,0.8894119262695312,0.912841796875
1,6,oracle_token,1,0.0,64,64.0,0.7417005300521851,1.0
1,6,oracle_token,1,0.0,128,128.0,0.8470792770385742,1.0
1,6,oracle_token,1,0.0,256,256.0,0.9297652244567871,1.0
1,6,oracle_token,1,0.0,512,512.0,0.9770813584327698,1.0
1,6,oracle_chunk,4,0.0,64,64.0,0.6214300990104675,0.518890380859375
1,6,oracle_chunk,4,0.0,128,128.0,0.7668722867965698,0.8277740478515625
1,6,oracle_chunk,4,0.0,256,256.0,0.8913581371307373,0.9987258911132812
1,6,oracle_chunk,4,0.0,512,512.0,0.9666942358016968,1.0
1,6,landmark,4,0.0,64,64.0,0.45601481199264526,0.45392608642578125
1,6,landmark,4,0.0,128,128.0,0.6351599097251892,0.6680831909179688
1,6,landmark,4,0.0,256,256.0,0.8180146813392639,0.8770523071289062
1,6,landmark,4,0.0,512,512.0,0.9394771456718445,0.97503662109375
1,6,landmark,4,0.005,64,84.0,0.477670818567276,0.47756195068359375
1,6,landmark,4,0.005,128,148.0,0.6548869609832764,0.6892929077148438
1,6,landmark,4,0.005,256,276.0,0.8363183736801147,0.89532470703125
1,6,landmark,4,0.005,512,532.0,0.9561185836791992,0.9916305541992188
1,6,landmark,4,0.01,64,104.0,0.48158425092697144,0.48300933837890625
1,6,landmark,4,0.01,128,168.0,0.6589484810829163,0.6947860717773438
1,6,landmark,4,0.01,256,296.0,0.8395740985870361,0.8985977172851562
1,6,landmark,4,0.01,512,552.0,0.9574031829833984,0.9921875
1,6,landmark,4,0.02,64,144.0,0.4906159043312073,0.49251556396484375
1,6,landmark,4,0.02,128,208.0,0.6657823324203491,0.7016754150390625
1,6,landmark,4,0.02,256,336.0,0.843605637550354,0.9019241333007812
1,6,landmark,4,0.02,512,592.0,0.9592676162719727,0.9929351806640625
1,6,landmark,4,0.05,64,264.0,0.5338521003723145,0.547943115234375
1,6,landmark,4,0.05,128,328.0,0.6978686451911926,0.7373428344726562
1,6,landmark,4,0.05,256,456.0,0.8635781407356262,0.920074462890625
1,6,landmark,4,0.05,512,712.0,0.9676994681358337,0.9968032836914062
1,6,oracle_chunk,8,0.0,64,64.0,0.5522182583808899,0.42551422119140625
1,6,oracle_chunk,8,0.0,128,128.0,0.7142360806465149,0.6866531372070312
1,6,oracle_chunk,8,0.0,256,256.0,0.8660507202148438,0.9436264038085938
1,6,oracle_chunk,8,0.0,512,512.0,0.9610976576805115,0.9999465942382812
1,6,landmark,8,0.0,64,64.0,0.3816222548484802,0.39780426025390625
1,6,landmark,8,0.0,128,128.0,0.5649861097335815,0.6026763916015625
1,6,landmark,8,0.0,256,256.0,0.7469884157180786,0.8117141723632812
1,6,landmark,8,0.0,512,512.0,0.9316033720970154,0.96624755859375
1,6,landmark,8,0.005,64,88.0,0.39652612805366516,0.41413116455078125
1,6,landmark,8,0.005,128,152.0,0.5795825719833374,0.6186676025390625
1,6,landmark,8,0.005,256,280.0,0.7590523958206177,0.8240737915039062
1,6,landmark,8,0.005,512,536.0,0.9410581588745117,0.97528076171875
1,6,landmark,8,0.01,64,104.0,0.4201674461364746,0.4354095458984375
1,6,landmark,8,0.01,128,168.0,0.5942752361297607,0.6331634521484375
1,6,landmark,8,0.01,256,296.0,0.770110011100769,0.8345794677734375
1,6,landmark,8,0.01,512,552.0,0.9503544569015503,0.9839859008789062
1,6,landmark,8,0.02,64,144.0,0.4480353593826294,0.47214508056640625
1,6,landmark,8,0.02,128,208.0,0.6170393228530884,0.6629409790039062
1,6,landmark,8,0.02,256,336.0,0.7859885096549988,0.8536911010742188
1,6,landmark,8,0.02,512,592.0,0.954804539680481,0.9874038696289062
1,6,landmark,8,0.05,64,264.0,0.4729117751121521,0.49608612060546875
1,6,landmark,8,0.05,128,328.0,0.6363661885261536,0.6841812133789062
1,6,landmark,8,0.05,256,456.0,0.8045867681503296,0.8708419799804688
1,6,landmark,8,0.05,512,712.0,0.9614840149879456,0.9908447265625
1,6,oracle_chunk,16,0.0,64,64.0,0.47969451546669006,0.360870361328125
1,6,oracle_chunk,16,0.0,128,128.0,0.6578741669654846,0.5999298095703125
1,6,oracle_chunk,16,0.0,256,256.0,0.8325625658035278,0.855926513671875
1,6,oracle_chunk,16,0.0,512,512.0,0.9533712863922119,0.9964523315429688
1,6,landmark,16,0.0,64,64.0,0.3536392152309418,0.33834075927734375
1,6,landmark,16,0.0,128,128.0,0.5437519550323486,0.5537261962890625
1,6,landmark,16,0.0,256,256.0,0.7625531554222107,0.7835540771484375
1,6,landmark,16,0.0,512,512.0,0.9200846552848816,0.9517440795898438
1,6,landmark,16,0.005,64,80.0,0.36504513025283813,0.35251617431640625
1,6,landmark,16,0.005,128,144.0,0.5531535744667053,0.5644454956054688
1,6,landmark,16,0.005,256,272.0,0.7688603401184082,0.7895431518554688
1,6,landmark,16,0.005,512,528.0,0.922924280166626,0.9534378051757812
1,6,landmark,16,0.01,64,112.0,0.37318235635757446,0.3606414794921875
1,6,landmark,16,0.01,128,176.0,0.5612907409667969,0.57257080078125
1,6,landmark,16,0.01,256,304.0,0.7769975066184998,0.79766845703125
1,6,landmark,16,0.01,512,560.0,0.9310613870620728,0.9615631103515625
1,6,landmark,16,0.02,64,144.0,0.40061068534851074,0.3898162841796875
1,6,landmark,16,0.02,128,208.0,0.5774242281913757,0.5890960693359375
1,6,landmark,16,0.02,256,336.0,0.7903545498847961,0.8099365234375
1,6,landmark,16,0.02,512,592.0,0.9413313269615173,0.9708786010742188
1,6,landmark,16,0.05,64,272.0,0.4165923595428467,0.41036224365234375
1,6,landmark,16,0.05,128,336.0,0.5938503742218018,0.60986328125
1,6,landmark,16,0.05,256,464.0,0.805350661277771,0.8268661499023438
1,6,landmark,16,0.05,512,720.0,0.950325071811676,0.9817581176757812
1,6,oracle_chunk,32,0.0,64,64.0,0.3874203860759735,0.29150390625
1,6,oracle_chunk,32,0.0,128,128.0,0.5809170603752136,0.5150527954101562
1,6,oracle_chunk,32,0.0,256,256.0,0.7887976169586182,0.7816696166992188
1,6,oracle_chunk,32,0.0,512,512.0,0.9430655837059021,0.9793853759765625
1,6,landmark,32,0.0,64,64.0,0.27186426520347595,0.27800750732421875
1,6,landmark,32,0.0,128,128.0,0.46631038188934326,0.4854888916015625
1,6,landmark,32,0.0,256,256.0,0.7124354839324951,0.7327651977539062
1,6,landmark,32,0.0,512,512.0,0.912187933921814,0.9394073486328125
1,6,landmark,32,0.005,64,96.0,0.3046666085720062,0.31280517578125
1,6,landmark,32,0.005,128,160.0,0.4962121248245239,0.5166473388671875
1,6,landmark,32,0.005,256,288.0,0.7243062853813171,0.7424468994140625
1,6,landmark,32,0.005,512,544.0,0.9168123006820679,0.9420928955078125
1,6,landmark,32,0.01,64,96.0,0.3046666085720062,0.31280517578125
1,6,landmark,32,0.01,128,160.0,0.4962121248245239,0.5166473388671875
1,6,landmark,32,0.01,256,288.0,0.7243062853813171,0.7424468994140625
1,6,landmark,32,0.01,512,544.0,0.9168123006820679,0.9420928955078125
1,6,landmark,32,0.02,64,160.0,0.31285417079925537,0.32093048095703125
1,6,landmark,32,0.02,128,224.0,0.5043995976448059,0.5247726440429688
1,6,landmark,32,0.02,256,352.0,0.7324938178062439,0.7505722045898438
1,6,landmark,32,0.02,512,608.0,0.9249998927116394,0.9502182006835938
1,6,landmark,32,0.05,64,256.0,0.3559327721595764,0.37291717529296875
1,6,landmark,32,0.05,128,320.0,0.5395917296409607,0.5631027221679688
1,6,landmark,32,0.05,256,448.0,0.7609041929244995,0.777923583984375
1,6,landmark,32,0.05,512,704.0,0.9419528245925903,0.967681884765625
1,7,oracle_token,1,0.0,64,64.0,0.508448600769043,1.0
1,7,oracle_token,1,0.0,128,128.0,0.6526075601577759,1.0
1,7,oracle_token,1,0.0,256,256.0,0.7970795631408691,1.0
1,7,oracle_token,1,0.0,512,512.0,0.9148181676864624,1.0
1,7,oracle_chunk,4,0.0,64,64.0,0.415913850069046,0.5424957275390625
1,7,oracle_chunk,4,0.0,128,128.0,0.5700410008430481,0.824432373046875
1,7,oracle_chunk,4,0.0,256,256.0,0.7405109405517578,0.985870361328125
1,7,oracle_chunk,4,0.0,512,512.0,0.8886018395423889,0.9994277954101562
1,7,landmark,4,0.0,64,64.0,0.3381045460700989,0.423675537109375
1,7,landmark,4,0.0,128,128.0,0.49280405044555664,0.6416244506835938
1,7,landmark,4,0.0,256,256.0,0.6746408939361572,0.8493576049804688
1,7,landmark,4,0.0,512,512.0,0.8536774516105652,0.9647216796875
1,7,landmark,4,0.005,64,84.0,0.34441566467285156,0.43354034423828125
1,7,landmark,4,0.005,128,148.0,0.4991152584552765,0.6514892578125
1,7,landmark,4,0.005,256,276.0,0.6809520721435547,0.859222412109375
1,7,landmark,4,0.005,512,532.0,0.858125627040863,0.972015380859375
1,7,landmark,4,0.01,64,104.0,0.3514522910118103,0.44152069091796875
1,7,landmark,4,0.01,128,168.0,0.50617516040802,0.6595535278320312
1,7,landmark,4,0.01,256,296.0,0.685667872428894,0.8624038696289062
1,7,landmark,4,0.01,512,552.0,0.8602056503295898,0.9724655151367188
1,7,landmark,4,0.02,64,144.0,0.3676188886165619,0.4597015380859375
1,7,landmark,4,0.02,128,208.0,0.5203651785850525,0.673675537109375
1,7,landmark,4,0.02,256,336.0,0.695999801158905,0.86907958984375
1,7,landmark,4,0.02,512,592.0,0.8663522005081177,0.97442626953125
1,7,landmark,4,0.05,64,264.0,0.40434983372688293,0.49658203125
1,7,landmark,4,0.05,128,328.0,0.5535882115364075,0.7032699584960938
1,7,landmark,4,0.05,256,456.0,0.7230693101882935,0.8885574340820312
1,7,landmark,4,0.05,512,712.0,0.8840101361274719,0.9815673828125
1,7,oracle_chunk,8,0.0,64,64.0,0.37088045477867126,0.45162200927734375
1,7,oracle_chunk,8,0.0,128,128.0,0.5270401239395142,0.7041015625
1,7,oracle_chunk,8,0.0,256,256.0,0.7099506855010986,0.9224777221679688
1,7,oracle_chunk,8,0.0,512,512.0,0.875178337097168,0.996002197265625
1,7,landmark,8,0.0,64,64.0,0.29183441400527954,0.36481475830078125
1,7,landmark,8,0.0,128,128.0,0.44824573397636414,0.5665206909179688
1,7,landmark,8,0.0,256,256.0,0.6416005492210388,0.7887191772460938
1,7,landmark,8,0.0,512,512.0,0.8385072946548462,0.9485855102539062
1,7,landmark,8,0.005,64,88.0,0.3072796165943146,0.3853302001953125
1,7,landmark,8,0.005,128,152.0,0.46212607622146606,0.58538818359375
1,7,landmark,8,0.005,256,280.0,0.6526906490325928,0.8022918701171875
1,7,landmark,8,0.005,512,536.0,0.842323362827301,0.951171875
1,7,landmark,8,0.01,64,104.0,0.31790971755981445,0.40143585205078125
1,7,landmark,8,0.01,128,168.0,0.4700629413127899,0.5939559936523438
1,7,landmark,8,0.01,256,296.0,0.6581651568412781,0.8072509765625
1,7,landmark,8,0.01,512,552.0,0.8448241353034973,0.9528045654296875
1,7,landmark,8,0.02,64,144.0,0.33275020122528076,0.41956329345703125
1,7,landmark,8,0.02,128,208.0,0.48320212960243225,0.6084442138671875
1,7,landmark,8,0.02,256,336.0,0.6676514148712158,0.8141250610351562
1,7,landmark,8,0.02,512,592.0,0.8487857580184937,0.9542236328125
1,7,landmark,8,0.05,64,264.0,0.37867411971092224,0.464752197265625
1,7,landmark,8,0.05,128,328.0,0.5252121090888977,0.6468124389648438
1,7,landmark,8,0.05,256,456.0,0.7007448673248291,0.8406753540039062
1,7,landmark,8,0.05,512,712.0,0.8674636483192444,0.96331787109375
1,7,oracle_chunk,16,0.0,64,64.0,0.3339868485927582,0.398956298828125
1,7,oracle_chunk,16,0.0,128,128.0,0.49376606941223145,0.6332931518554688
1,7,oracle_chunk,16,0.0,256,256.0,0.6854519248008728,0.865875244140625
1,7,oracle_chunk,16,0.0,512,512.0,0.8634452223777771,0.980377197265625
1,7,landmark,16,0.0,64,64.0,0.27118661999702454,0.3338623046875
1,7,landmark,16,0.0,128,128.0,0.4270128309726715,0.527587890625
1,7,landmark,16,0.0,256,256.0,0.6253625750541687,0.7586593627929688
1,7,landmark,16,0.0,512,512.0,0.827923059463501,0.9322357177734375
1,7,landmark,16,0.005,64,80.0,0.3021010458469391,0.376739501953125
1,7,landmark,16,0.005,128,144.0,0.4528464674949646,0.5605850219726562
1,7,landmark,16,0.005,256,272.0,0.6417509317398071,0.77557373046875
1,7,landmark,16,0.005,512,528.0,0.8362661600112915,0.9383392333984375
1,7,landmark,16,0.01,64,112.0,0.3024448752403259,0.3776397705078125
1,7,landmark,16,0.01,128,176.0,0.45319032669067383,0.5614852905273438
1,7,landmark,16,0.01,256,304.0,0.6420948505401611,0.7764739990234375
1,7,landmark,16,0.01,512,560.0,0.8366100192070007,0.939239501953125
1,7,landmark,16,0.02,64,144.0,0.3258075714111328,0.40239715576171875
1,7,landmark,16,0.02,128,208.0,0.4692138433456421,0.577392578125
1,7,landmark,16,0.02,256,336.0,0.6530278921127319,0.7850570678710938
1,7,landmark,16,0.02,512,592.0,0.84116530418396,0.9413299560546875
1,7,landmark,16,0.05,64,272.0,0.3611154556274414,0.43367767333984375
1,7,landmark,16,0.05,128,336.0,0.501136302947998,0.6055374145507812
1,7,landmark,16,0.05,256,464.0,0.6792690753936768,0.8048095703125
1,7,landmark,16,0.05,512,720.0,0.8597427010536194,0.9513778686523438
1,7,oracle_chunk,32,0.0,64,64.0,0.29024505615234375,0.3418731689453125
1,7,oracle_chunk,32,0.0,128,128.0,0.45596176385879517,0.5665283203125
1,7,oracle_chunk,32,0.0,256,256.0,0.658129096031189,0.8104019165039062
1,7,oracle_chunk,32,0.0,512,512.0,0.8518021702766418,0.9610671997070312
1,7,landmark,32,0.0,64,64.0,0.23107054829597473,0.2940673828125
1,7,landmark,32,0.0,128,128.0,0.40494221448898315,0.4880523681640625
1,7,landmark,32,0.0,256,256.0,0.5956258177757263,0.7059326171875
1,7,landmark,32,0.0,512,512.0,0.8201245069503784,0.9189834594726562
1,7,landmark,32,0.005,64,96.0,0.31985726952552795,0.3783111572265625
1,7,landmark,32,0.005,128,160.0,0.4541786015033722,0.5447540283203125
1,7,landmark,32,0.005,256,288.0,0.6288242936134338,0.7382659912109375
1,7,landmark,32,0.005,512,544.0,0.8367397785186768,0.93145751953125
1,7,landmark,32,0.01,64,96.0,0.31985726952552795,0.3783111572265625
1,7,landmark,32,0.01,128,160.0,0.4541786015033722,0.5447540283203125
1,7,landmark,32,0.01,256,288.0,0.6288242936134338,0.7382659912109375
1,7,landmark,32,0.01,512,544.0,0.8367397785186768,0.93145751953125
1,7,landmark,32,0.02,64,160.0,0.3202609419822693,0.37921142578125
1,7,landmark,32,0.02,128,224.0,0.4545823037624359,0.545654296875
1,7,landmark,32,0.02,256,352.0,0.6292279362678528,0.739166259765625
1,7,landmark,32,0.02,512,608.0,0.8371433615684509,0.9323577880859375
1,7,landmark,32,0.05,64,256.0,0.3812958002090454,0.44278717041015625
1,7,landmark,32,0.05,128,320.0,0.5019652843475342,0.5886001586914062
1,7,landmark,32,0.05,256,448.0,0.6661151647567749,0.7696762084960938
1,7,landmark,32,0.05,512,704.0,0.850484311580658,0.9378280639648438
1,8,oracle_token,1,0.0,64,64.0,0.7524939775466919,1.0
1,8,oracle_token,1,0.0,128,128.0,0.8494981527328491,1.0
1,8,oracle_token,1,0.0,256,256.0,0.9291049838066101,1.0
1,8,oracle_token,1,0.0,512,512.0,0.9776774048805237,1.0
1,8,oracle_chunk,4,0.0,64,64.0,0.6549128890037537,0.5012969970703125
1,8,oracle_chunk,4,0.0,128,128.0,0.7699525356292725,0.7842178344726562
1,8,oracle_chunk,4,0.0,256,256.0,0.8785375952720642,0.975860595703125
1,8,oracle_chunk,4,0.0,512,512.0,0.9561822414398193,0.9876556396484375
1,8,landmark,4,0.0,64,64.0,0.44508352875709534,0.39678192138671875
1,8,landmark,4,0.0,128,128.0,0.5758966207504272,0.5645523071289062
1,8,landmark,4,0.0,256,256.0,0.7611958980560303,0.7446365356445312
1,8,landmark,4,0.0,512,512.0,0.9159939885139465,0.8874969482421875
1,8,landmark,4,0.005,64,84.0,0.5483496189117432,0.41693115234375
1,8,landmark,4,0.005,128,148.0,0.6518194675445557,0.5790481567382812
1,8,landmark,4,0.005,256,276.0,0.7850972414016724,0.7552871704101562
1,8,landmark,4,0.005,512,532.0,0.9186718463897705,0.8917083740234375
1,8,landmark,4,0.01,64,104.0,0.5518629550933838,0.42624664306640625
1,8,landmark,4,0.01,128,168.0,0.6551340818405151,0.5855560302734375
1,8,landmark,4,0.01,256,296.0,0.7881315350532532,0.7603912353515625
1,8,landmark,4,0.01,512,552.0,0.9203293323516846,0.8942642211914062
1,8,landmark,4,0.02,64,144.0,0.5624821186065674,0.4482879638671875
1,8,landmark,4,0.02,128,208.0,0.6650736331939697,0.6056060791015625
1,8,landmark,4,0.02,256,336.0,0.7955282926559448,0.7751083374023438
1,8,landmark,4,0.02,512,592.0,0.9243355989456177,0.9027175903320312
1,8,landmark,4,0.05,64,264.0,0.581811785697937,0.47829437255859375
1,8,landmark,4,0.05,128,328.0,0.6835682392120361,0.6337738037109375
1,8,landmark,4,0.05,256,456.0,0.8140069246292114,0.802032470703125
1,8,landmark,4,0.05,512,712.0,0.9346135854721069,0.92071533203125
1,8,oracle_chunk,8,0.0,64,64.0,0.6025316715240479,0.3928375244140625
1,8,oracle_chunk,8,0.0,128,128.0,0.7243666648864746,0.6413116455078125
1,8,oracle_chunk,8,0.0,256,256.0,0.8471604585647583,0.8768768310546875
1,8,oracle_chunk,8,0.0,512,512.0,0.9415782690048218,0.97772216796875
1,8,landmark,8,0.0,64,64.0,0.39071202278137207,0.3440399169921875
1,8,landmark,8,0.0,128,128.0,0.5199368596076965,0.49908447265625
1,8,landmark,8,0.0,256,256.0,0.6599681973457336,0.6730270385742188
1,8,landmark,8,0.0,512,512.0,0.8120109438896179,0.8329849243164062
1,8,landmark,8,0.005,64,88.0,0.49793845415115356,0.36745452880859375
1,8,landmark,8,0.005,128,152.0,0.6092894673347473,0.5166854858398438
1,8,landmark,8,0.005,256,280.0,0.7436490058898926,0.6882858276367188
1,8,landmark,8,0.005,512,536.0,0.8831393122673035,0.8422698974609375
1,8,landmark,8,0.01,64,104.0,0.5172319412231445,0.3786773681640625
1,8,landmark,8,0.01,128,168.0,0.628474235534668,0.524932861328125
1,8,landmark,8,0.01,256,296.0,0.7625601291656494,0.6953201293945312
1,8,landmark,8,0.01,512,552.0,0.8981785774230957,0.847686767578125
1,8,landmark,8,0.02,64,144.0,0.5271560549736023,0.39287567138671875
1,8,landmark,8,0.02,128,208.0,0.637826681137085,0.5383682250976562
1,8,landmark,8,0.02,256,336.0,0.7698627710342407,0.706207275390625
1,8,landmark,8,0.02,512,592.0,0.9014174342155457,0.8533401489257812
1,8,landmark,8,0.05,64,264.0,0.5621424317359924,0.44078826904296875
1,8,landmark,8,0.05,128,328.0,0.6650248765945435,0.5784225463867188
1,8,landmark,8,0.05,256,456.0,0.7933960556983948,0.7371368408203125
1,8,landmark,8,0.05,512,712.0,0.9137041568756104,0.8716583251953125
1,8,oracle_chunk,16,0.0,64,64.0,0.5401132106781006,0.29538726806640625
1,8,oracle_chunk,16,0.0,128,128.0,0.6803074479103088,0.5381240844726562
1,8,oracle_chunk,16,0.0,256,256.0,0.815778374671936,0.7760086059570312
1,8,oracle_chunk,16,0.0,512,512.0,0.9270479679107666,0.9442138671875
1,8,landmark,16,0.0,64,64.0,0.3112671971321106,0.2997894287109375
1,8,landmark,16,0.0,128,128.0,0.45623284578323364,0.4420623779296875
1,8,landmark,16,0.0,256,256.0,0.6329537630081177,0.6271209716796875
1,8,landmark,16,0.0,512,512.0,0.7788821458816528,0.8037185668945312
1,8,landmark,16,0.005,64,80.0,0.38068723678588867,0.31935882568359375
1,8,landmark,16,0.005,128,144.0,0.5240233540534973,0.459808349609375
1,8,landmark,16,0.005,256,272.0,0.6963070631027222,0.6382675170898438
1,8,landmark,16,0.005,512,528.0,0.8393411040306091,0.8108062744140625
1,8,landmark,16,0.01,64,112.0,0.4651849567890167,0.33263397216796875
1,8,landmark,16,0.01,128,176.0,0.5902982950210571,0.47145843505859375
1,8,landmark,16,0.01,256,304.0,0.7255446910858154,0.6455154418945312
1,8,landmark,16,0.01,512,560.0,0.8676239252090454,0.8170700073242188
1,8,landmark,16,0.02,64,144.0,0.5120042562484741,0.3543853759765625
1,8,landmark,16,0.02,128,208.0,0.6138821840286255,0.4863433837890625
1,8,landmark,16,0.02,256,336.0,0.7473428249359131,0.6572418212890625
1,8,landmark,16,0.02,512,592.0,0.8871042728424072,0.8245925903320312
1,8,landmark,16,0.05,64,272.0,0.5569739937782288,0.41350555419921875
1,8,landmark,16,0.05,128,336.0,0.6576985716819763,0.544189453125
1,8,landmark,16,0.05,256,464.0,0.7810778617858887,0.7039718627929688
1,8,landmark,16,0.05,512,720.0,0.908223569393158,0.85394287109375
1,8,oracle_chunk,32,0.0,64,64.0,0.41116783022880554,0.24796295166015625
1,8,oracle_chunk,32,0.0,128,128.0,0.6194316148757935,0.40834808349609375
1,8,oracle_chunk,32,0.0,256,256.0,0.7834887504577637,0.6934585571289062
1,8,oracle_chunk,32,0.0,512,512.0,0.911431610584259,0.894073486328125
1,8,landmark,32,0.0,64,64.0,0.21289706230163574,0.26659393310546875
1,8,landmark,32,0.0,128,128.0,0.3970088064670563,0.398773193359375
1,8,landmark,32,0.0,256,256.0,0.5957150459289551,0.5844879150390625
1,8,landmark,32,0.0,512,512.0,0.7663403153419495,0.7820663452148438
1,8,landmark,32,0.005,64,96.0,0.29585546255111694,0.3040008544921875
1,8,landmark,32,0.005,128,160.0,0.474712610244751,0.430419921875
1,8,landmark,32,0.005,256,288.0,0.669777512550354,0.6070404052734375
1,8,landmark,32,0.005,512,544.0,0.8343784213066101,0.7984466552734375
1,8,landmark,32,0.01,64,96.0,0.29585546255111694,0.3040008544921875
1,8,landmark,32,0.01,128,160.0,0.474712610244751,0.430419921875
1,8,landmark,32,0.01,256,288.0,0.669777512550354,0.6070404052734375
1,8,landmark,32,0.01,512,544.0,0.8343784213066101,0.7984466552734375
1,8,landmark,32,0.02,64,160.0,0.3816516399383545,0.3181915283203125
1,8,landmark,32,0.02,128,224.0,0.5605087280273438,0.444610595703125
1,8,landmark,32,0.02,256,352.0,0.7124513387680054,0.620208740234375
1,8,landmark,32,0.02,512,608.0,0.8650252223014832,0.8066177368164062
1,8,landmark,32,0.05,64,256.0,0.5200560688972473,0.3801727294921875
1,8,landmark,32,0.05,128,320.0,0.6260213851928711,0.49063873291015625
1,8,landmark,32,0.05,256,448.0,0.7567915916442871,0.6574859619140625
1,8,landmark,32,0.05,512,704.0,0.8949529528617859,0.8265762329101562
1,9,oracle_token,1,0.0,64,64.0,0.6752589344978333,1.0
1,9,oracle_token,1,0.0,128,128.0,0.8061081767082214,1.0
1,9,oracle_token,1,0.0,256,256.0,0.907853364944458,1.0
1,9,oracle_token,1,0.0,512,512.0,0.9713189005851746,1.0
1,9,oracle_chunk,4,0.0,64,64.0,0.5735431909561157,0.5863800048828125
1,9,oracle_chunk,4,0.0,128,128.0,0.7340211868286133,0.8861312866210938
1,9,oracle_chunk,4,0.0,256,256.0,0.8694652318954468,0.99932861328125
1,9,oracle_chunk,4,0.0,512,512.0,0.9561071991920471,1.0
1,9,landmark,4,0.0,64,64.0,0.48325034976005554,0.495880126953125
1,9,landmark,4,0.0,128,128.0,0.6574960947036743,0.729644775390625
1,9,landmark,4,0.0,256,256.0,0.8206188678741455,0.9165420532226562
1,9,landmark,4,0.0,512,512.0,0.9382356405258179,0.993499755859375
1,9,landmark,4,0.005,64,84.0,0.49291563034057617,0.5083465576171875
1,9,landmark,4,0.005,128,148.0,0.6671613454818726,0.7421112060546875
1,9,landmark,4,0.005,256,276.0,0.8289402723312378,0.9263458251953125
1,9,landmark,4,0.005,512,532.0,0.9405618906021118,0.9947586059570312
1,9,landmark,4,0.01,64,104.0,0.5020711421966553,0.5188522338867188
1,9,landmark,4,0.01,128,168.0,0.6739473938941956,0.7500991821289062
1,9,landmark,4,0.01,256,296.0,0.8328646421432495,0.9289321899414062
1,9,landmark,4,0.01,512,552.0,0.9424207210540771,0.9952163696289062
1,9,landmark,4,0.02,64,144.0,0.5131038427352905,0.5319290161132812
1,9,landmark,4,0.02,128,208.0,0.6835653185844421,0.760833740234375
1,9,landmark,4,0.02,256,336.0,0.8395410180091858,0.9331130981445312
1,9,landmark,4,0.02,512,592.0,0.9457974433898926,0.9958572387695312
1,9,landmark,4,0.05,64,264.0,0.5565549731254578,0.5808258056640625
1,9,landmark,4,0.05,128,328.0,0.7181023955345154,0.7949981689453125
1,9,landmark,4,0.05,256,456.0,0.8611225485801697,0.9479141235351562
1,9,landmark,4,0.05,512,712.0,0.9546862840652466,0.9973220825195312
1,9,oracle_chunk,8,0.0,64,64.0,0.5192285776138306,0.5033187866210938
1,9,oracle_chunk,8,0.0,128,128.0,0.694754421710968,0.7824859619140625
1,9,oracle_chunk,8,0.0,256,256.0,0.8491641879081726,0.9790115356445312
1,9,oracle_chunk,8,0.0,512,512.0,0.9473716020584106,0.999969482421875
1,9,landmark,8,0.0,64,64.0,0.42224082350730896,0.43953704833984375
1,9,landmark,8,0.0,128,128.0,0.6171653270721436,0.6723709106445312
1,9,landmark,8,0.0,256,256.0,0.8009068965911865,0.8867950439453125
1,9,landmark,8,0.0,512,512.0,0.9286332726478577,0.9853591918945312
1,9,landmark,8,0.005,64,88.0,0.4446198344230652,0.46612548828125
1,9,landmark,8,0.005,128,152.0,0.639386773109436,0.6986236572265625
1,9,landmark,8,0.005,256,280.0,0.8171470165252686,0.9052886962890625
1,9,landmark,8,0.005,512,536.0,0.932164192199707,0.9865188598632812
1,9,landmark,8,0.01,64,104.0,0.44495025277137756,0.46612548828125
1,9,landmark,8,0.01,128,168.0,0.6397172212600708,0.6986236572265625
1,9,landmark,8,0.01,256,296.0,0.8174775242805481,0.9052886962890625
1,9,landmark,8,0.01,512,552.0,0.9324947595596313,0.9865188598632812
1,9,landmark,8,0.02,64,144.0,0.46635496616363525,0.4889373779296875
1,9,landmark,8,0.02,128,208.0,0.6562787294387817,0.7157974243164062
1,9,landmark,8,0.02,256,336.0,0.828648030757904,0.9152908325195312
1,9,landmark,8,0.02,512,592.0,0.9370900988578796,0.9879150390625
1,9,landmark,8,0.05,64,264.0,0.5191230773925781,0.5459136962890625
1,9,landmark,8,0.05,128,328.0,0.7006117105484009,0.7623672485351562
1,9,landmark,8,0.05,256,456.0,0.8573875427246094,0.9394454956054688
1,9,landmark,8,0.05,512,712.0,0.9485628604888916,0.991668701171875
1,9,oracle_chunk,16,0.0,64,64.0,0.45951101183891296,0.4358673095703125
1,9,oracle_chunk,16,0.0,128,128.0,0.6506911516189575,0.699371337890625
1,9,oracle_chunk,16,0.0,256,256.0,0.8276126384735107,0.9327774047851562
1,9,oracle_chunk,16,0.0,512,512.0,0.9391252994537354,0.9988937377929688
1,9,landmark,16,0.0,64,64.0,0.36695772409439087,0.3889312744140625
1,9,landmark,16,0.0,128,128.0,0.5736227035522461,0.6285171508789062
1,9,landmark,16,0.0,256,256.0,0.78821861743927,0.864776611328125
1,9,landmark,16,0.0,512,512.0,0.9207565784454346,0.9783859252929688
1,9,landmark,16,0.005,64,80.0,0.3858472406864166,0.41058349609375
1,9,landmark,16,0.005,128,144.0,0.5925984382629395,0.6496505737304688
1,9,landmark,16,0.005,256,272.0,0.8030271530151367,0.8800048828125
1,9,landmark,16,0.005,512,528.0,0.9250444769859314,0.98004150390625
1,9,landmark,16,0.01,64,112.0,0.3941505551338196,0.41992950439453125
1,9,landmark,16,0.01,128,176.0,0.60090172290802,0.65899658203125
1,9,landmark,16,0.01,256,304.0,0.8113305568695068,0.8893508911132812
1,9,landmark,16,0.01,512,560.0,0.9270793199539185,0.9805984497070312
1,9,landmark,16,0.02,64,144.0,0.4149989187717438,0.43914794921875
1,9,landmark,16,0.02,128,208.0,0.6148033142089844,0.6724090576171875
1,9,landmark,16,0.02,256,336.0,0.8154844045639038,0.8931884765625
1,9,landmark,16,0.02,512,592.0,0.9275109171867371,0.9805984497070312
1,9,landmark,16,0.05,64,272.0,0.47969168424606323,0.5066146850585938
1,9,landmark,16,0.05,128,336.0,0.6709089279174805,0.7207107543945312
1,9,landmark,16,0.05,256,464.0,0.8492628335952759,0.920867919921875
1,9,landmark,16,0.05,512,720.0,0.9456207752227783,0.9871826171875
1,9,oracle_chunk,32,0.0,64,64.0,0.39815741777420044,0.37790679931640625
1,9,oracle_chunk,32,0.0,128,128.0,0.6066201329231262,0.6431045532226562
1,9,oracle_chunk,32,0.0,256,256.0,0.802681028842926,0.885772705078125
1,9,oracle_chunk,32,0.0,512,512.0,0.9300992488861084,0.9910354614257812
1,9,landmark,32,0.0,64,64.0,0.31939375400543213,0.3410186767578125
1,9,landmark,32,0.0,128,128.0,0.5365849137306213,0.58221435546875
1,9,landmark,32,0.0,256,256.0,0.7672247886657715,0.832611083984375
1,9,landmark,32,0.0,512,512.0,0.9119124412536621,0.9672164916992188
1,9,landmark,32,0.005,64,96.0,0.36835649609565735,0.3935546875
1,9,landmark,32,0.005,128,160.0,0.5828193426132202,0.6322174072265625
1,9,landmark,32,0.005,256,288.0,0.800957977771759,0.8695831298828125
1,9,landmark,32,0.005,512,544.0,0.9200649857521057,0.9703216552734375
1,9,landmark,32,0.01,64,96.0,0.36835649609565735,0.3935546875
1,9,landmark,32,0.01,128,160.0,0.5828193426132202,0.6322174072265625
1,9,landmark,32,0.01,256,288.0,0.800957977771759,0.8695831298828125
1,9,landmark,32,0.01,512,544.0,0.9200649857521057,0.9703216552734375
1,9,landmark,32,0.02,64,160.0,0.37051427364349365,0.39452362060546875
1,9,landmark,32,0.02,128,224.0,0.5849771499633789,0.6331863403320312
1,9,landmark,32,0.02,256,352.0,0.8031157851219177,0.8705520629882812
1,9,landmark,32,0.02,512,608.0,0.922218918800354,0.9713363647460938
1,9,landmark,32,0.05,64,256.0,0.43554437160491943,0.462493896484375
1,9,landmark,32,0.05,128,320.0,0.6371338963508606,0.686004638671875
1,9,landmark,32,0.05,256,448.0,0.834142804145813,0.8990249633789062
1,9,landmark,32,0.05,512,704.0,0.932856559753418,0.976226806640625
1,10,oracle_token,1,0.0,64,64.0,0.6523990631103516,1.0
1,10,oracle_token,1,0.0,128,128.0,0.7546707987785339,1.0
1,10,oracle_token,1,0.0,256,256.0,0.8501970171928406,1.0
1,10,oracle_token,1,0.0,512,512.0,0.9200142621994019,1.0
1,10,oracle_chunk,4,0.0,64,64.0,0.5859329700469971,0.5628890991210938
1,10,oracle_chunk,4,0.0,128,128.0,0.698307991027832,0.8461990356445312
1,10,oracle_chunk,4,0.0,256,256.0,0.8104292154312134,0.9752426147460938
1,10,oracle_chunk,4,0.0,512,512.0,0.8968634605407715,0.999053955078125
1,10,landmark,4,0.0,64,64.0,0.40589913725852966,0.36821746826171875
1,10,landmark,4,0.0,128,128.0,0.5200746059417725,0.5526962280273438
1,10,landmark,4,0.0,256,256.0,0.6691452860832214,0.7485809326171875
1,10,landmark,4,0.0,512,512.0,0.764798104763031,0.8809661865234375
1,10,landmark,4,0.005,64,84.0,0.5651389956474304,0.440460205078125
1,10,landmark,4,0.005,128,148.0,0.6589555144309998,0.6110687255859375
1,10,landmark,4,0.005,256,276.0,0.7633316516876221,0.7791748046875
1,10,landmark,4,0.005,512,532.0,0.8465859889984131,0.9006423950195312
1,10,landmark,4,0.01,64,104.0,0.5703473091125488,0.44840240478515625
1,10,landmark,4,0.01,128,168.0,0.6634953618049622,0.6168365478515625
1,10,landmark,4,0.01,256,296.0,0.767271876335144,0.7831573486328125
1,10,landmark,4,0.01,512,552.0,0.8497946262359619,0.9034347534179688
1,10,landmark,4,0.02,64,144.0,0.5772932171821594,0.454010009765625
1,10,landmark,4,0.02,128,208.0,0.670189380645752,0.6219482421875
1,10,landmark,4,0.02,256,336.0,0.772753894329071,0.78643798828125
1,10,landmark,4,0.02,512,592.0,0.8532669544219971,0.9049453735351562
1,10,landmark,4,0.05,64,264.0,0.6156283020973206,0.5031967163085938
1,10,landmark,4,0.05,128,328.0,0.7016574740409851,0.658172607421875
1,10,landmark,4,0.05,256,456.0,0.7923648953437805,0.8050384521484375
1,10,landmark,4,0.05,512,712.0,0.8658402562141418,0.9183883666992188
1,10,oracle_chunk,8,0.0,64,64.0,0.5496792793273926,0.43451690673828125
1,10,oracle_chunk,8,0.0,128,128.0,0.6695655584335327,0.7392654418945312
1,10,oracle_chunk,8,0.0,256,256.0,0.7903498411178589,0.9172821044921875
1,10,oracle_chunk,8,0.0,512,512.0,0.8849341869354248,0.9843978881835938
1,10,landmark,8,0.0,64,64.0,0.34889358282089233,0.31290435791015625
1,10,landmark,8,0.0,128,128.0,0.4800263047218323,0.49805450439453125
1,10,landmark,8,0.0,256,256.0,0.607848048210144,0.6759109497070312
1,10,landmark,8,0.0,512,512.0,0.7148448824882507,0.829559326171875
1,10,landmark,8,0.005,64,88.0,0.49107927083969116,0.36084747314453125
1,10,landmark,8,0.005,128,152.0,0.6175010800361633,0.5440902709960938
1,10,landmark,8,0.005,256,280.0,0.7350805997848511,0.7136993408203125
1,10,landmark,8,0.005,512,536.0,0.8334671258926392,0.8617019653320312
1,10,landmark,8,0.01,64,104.0,0.5449682474136353,0.40692138671875
1,10,landmark,8,0.01,128,168.0,0.6457089185714722,0.5772018432617188
1,10,landmark,8,0.01,256,296.0,0.746959924697876,0.7305908203125
1,10,landmark,8,0.01,512,552.0,0.8372972011566162,0.8671798706054688
1,10,landmark,8,0.02,64,144.0,0.5685052275657654,0.4339141845703125
1,10,landmark,8,0.02,128,208.0,0.6630406379699707,0.5933303833007812
1,10,landmark,8,0.02,256,336.0,0.7604955434799194,0.7427139282226562
1,10,landmark,8,0.02,512,592.0,0.8433142304420471,0.8719940185546875
1,10,landmark,8,0.05,64,264.0,0.5920410752296448,0.459381103515625
1,10,landmark,8,0.05,128,328.0,0.6867029666900635,0.6189727783203125
1,10,landmark,8,0.05,256,456.0,0.7806193232536316,0.7642364501953125
1,10,landmark,8,0.05,512,712.0,0.8568437099456787,0.8851547241210938
1,10,oracle_chunk,16,0.0,64,64.0,0.48563894629478455,0.29100799560546875
1,10,oracle_chunk,16,0.0,128,128.0,0.6321874260902405,0.5960159301757812
1,10,oracle_chunk,16,0.0,256,256.0,0.7647953033447266,0.8405838012695312
1,10,oracle_chunk,16,0.0,512,512.0,0.8684710264205933,0.9522857666015625
1,10,landmark,16,0.0,64,64.0,0.2561696767807007,0.27208709716796875
1,10,landmark,16,0.0,128,128.0,0.39000827074050903,0.44012451171875
1,10,landmark,16,0.0,256,256.0,0.5747398734092712,0.6236419677734375
1,10,landmark,16,0.0,512,512.0,0.687129557132721,0.77911376953125
1,10,landmark,16,0.005,64,80.0,0.33536696434020996,0.29815673828125
1,10,landmark,16,0.005,128,144.0,0.4690771698951721,0.46435546875
1,10,landmark,16,0.005,256,272.0,0.6459861993789673,0.6373977661132812
1,10,landmark,16,0.005,512,528.0,0.754296064376831,0.7904586791992188
1,10,landmark,16,0.01,64,112.0,0.40736186504364014,0.3289794921875
1,10,landmark,16,0.01,128,176.0,0.5405932068824768,0.49485015869140625
1,10,landmark,16,0.01,256,304.0,0.707428514957428,0.6649856567382812
1,10,landmark,16,0.01,512,560.0,0.8143848180770874,0.8157806396484375
1,10,landmark,16,0.02,64,144.0,0.5441237688064575,0.39473724365234375
1,10,landmark,16,0.02,128,208.0,0.6425245404243469,0.5527267456054688
1,10,landmark,16,0.02,256,336.0,0.738898754119873,0.6954345703125
1,10,landmark,16,0.02,512,592.0,0.8302326798439026,0.8360137939453125
1,10,landmark,16,0.05,64,272.0,0.5692248344421387,0.4190826416015625
1,10,landmark,16,0.05,128,336.0,0.6676256060600281,0.5770721435546875
1,10,landmark,16,0.05,256,464.0,0.7630963325500488,0.7190170288085938
1,10,landmark,16,0.05,512,720.0,0.8465368151664734,0.853363037109375
1,10,oracle_chunk,32,0.0,64,64.0,0.35833418369293213,0.2351837158203125
1,10,oracle_chunk,32,0.0,128,128.0,0.5623792409896851,0.399078369140625
1,10,oracle_chunk,32,0.0,256,256.0,0.730196475982666,0.7431106567382812
1,10,oracle_chunk,32,0.0,512,512.0,0.8449836373329163,0.9003372192382812
1,10,landmark,32,0.0,64,64.0,0.15524470806121826,0.2134552001953125
1,10,landmark,32,0.0,128,128.0,0.28572607040405273,0.36934661865234375
1,10,landmark,32,0.0,256,256.0,0.48776766657829285,0.5788116455078125
1,10,landmark,32,0.0,512,512.0,0.6495522260665894,0.7365951538085938
1,10,landmark,32,0.005,64,96.0,0.2569519579410553,0.26189422607421875
1,10,landmark,32,0.005,128,160.0,0.38385242223739624,0.4152984619140625
1,10,landmark,32,0.005,256,288.0,0.5646607279777527,0.5944747924804688
1,10,landmark,32,0.005,512,544.0,0.7203279733657837,0.752166748046875
1,10,landmark,32,0.01,64,96.0,0.2569519579410553,0.26189422607421875
1,10,landmark,32,0.01,128,160.0,0.38385242223739624,0.4152984619140625
1,10,landmark,32,0.01,256,288.0,0.5646607279777527,0.5944747924804688
1,10,landmark,32,0.01,512,544.0,0.7203279733657837,0.752166748046875
1,10,landmark,32,0.02,64,160.0,0.32985416054725647,0.29294586181640625
1,10,landmark,32,0.02,128,224.0,0.4567546546459198,0.44635009765625
1,10,landmark,32,0.02,256,352.0,0.6375629305839539,0.6255264282226562
1,10,landmark,32,0.02,512,608.0,0.791766345500946,0.782440185546875
1,10,landmark,32,0.05,64,256.0,0.5663072466850281,0.40180206298828125
1,10,landmark,32,0.05,128,320.0,0.6551330089569092,0.5375289916992188
1,10,landmark,32,0.05,256,448.0,0.7408616542816162,0.677154541015625
1,10,landmark,32,0.05,512,704.0,0.824876606464386,0.8151702880859375
1,11,oracle_token,1,0.0,64,64.0,0.5913751125335693,1.0
1,11,oracle_token,1,0.0,128,128.0,0.7288270592689514,1.0
1,11,oracle_token,1,0.0,256,256.0,0.8551908731460571,1.0
1,11,oracle_token,1,0.0,512,512.0,0.9470150470733643,1.0
1,11,oracle_chunk,4,0.0,64,64.0,0.48065483570098877,0.5386428833007812
1,11,oracle_chunk,4,0.0,128,128.0,0.6340399384498596,0.8227157592773438
1,11,oracle_chunk,4,0.0,256,256.0,0.7918795347213745,0.9922409057617188
1,11,oracle_chunk,4,0.0,512,512.0,0.9206323027610779,1.0
1,11,landmark,4,0.0,64,64.0,0.39447221159935,0.46414947509765625
1,11,landmark,4,0.0,128,128.0,0.5305888056755066,0.6513137817382812
1,11,landmark,4,0.0,256,256.0,0.7059326171875,0.8303604125976562
1,11,landmark,4,0.0,512,512.0,0.8688647747039795,0.9427947998046875
1,11,landmark,4,0.005,64,84.0,0.4222072958946228,0.4919281005859375
1,11,landmark,4,0.005,128,148.0,0.5559178590774536,0.6773223876953125
1,11,landmark,4,0.005,256,276.0,0.7206611633300781,0.8399429321289062
1,11,landmark,4,0.005,512,532.0,0.8749235272407532,0.9463272094726562
1,11,landmark,4,0.01,64,104.0,0.4301244616508484,0.5013961791992188
1,11,landmark,4,0.01,128,168.0,0.5627759099006653,0.6851272583007812
1,11,landmark,4,0.01,256,296.0,0.7260730266571045,0.844757080078125
1,11,landmark,4,0.01,512,552.0,0.8791663646697998,0.9496536254882812
1,11,landmark,4,0.02,64,144.0,0.43812888860702515,0.510284423828125
1,11,landmark,4,0.02,128,208.0,0.5709058046340942,0.693939208984375
1,11,landmark,4,0.02,256,336.0,0.7333158850669861,0.8515243530273438
1,11,landmark,4,0.02,512,592.0,0.8845979571342468,0.9534683227539062
1,11,landmark,4,0.05,64,264.0,0.482997864484787,0.5528564453125
1,11,landmark,4,0.05,128,328.0,0.6139054894447327,0.7342453002929688
1,11,landmark,4,0.05,256,456.0,0.768393874168396,0.8796463012695312
1,11,landmark,4,0.05,512,712.0,0.9041016101837158,0.966156005859375
1,11,oracle_chunk,8,0.0,64,64.0,0.4303910732269287,0.4555511474609375
1,11,oracle_chunk,8,0.0,128,128.0,0.584352433681488,0.6894302368164062
1,11,oracle_chunk,8,0.0,256,256.0,0.7531432509422302,0.9097061157226562
1,11,oracle_chunk,8,0.0,512,512.0,0.904029369354248,0.9977493286132812
1,11,landmark,8,0.0,64,64.0,0.3507605791091919,0.39752960205078125
1,11,landmark,8,0.0,128,128.0,0.49399545788764954,0.587371826171875
1,11,landmark,8,0.0,256,256.0,0.6619837284088135,0.768157958984375
1,11,landmark,8,0.0,512,512.0,0.8382628560066223,0.9052200317382812
1,11,landmark,8,0.005,64,88.0,0.3813508152961731,0.4334869384765625
1,11,landmark,8,0.005,128,152.0,0.5177090764045715,0.6103057861328125
1,11,landmark,8,0.005,256,280.0,0.6810998320579529,0.7826614379882812
1,11,landmark,8,0.005,512,536.0,0.8507089018821716,0.9131698608398438
1,11,landmark,8,0.01,64,104.0,0.39495277404785156,0.440338134765625
1,11,landmark,8,0.01,128,168.0,0.5281404852867126,0.6165847778320312
1,11,landmark,8,0.01,256,296.0,0.6910068988800049,0.788604736328125
1,11,landmark,8,0.01,512,552.0,0.8547070622444153,0.9165878295898438
1,11,landmark,8,0.02,64,144.0,0.4074195325374603,0.4550628662109375
1,11,landmark,8,0.02,128,208.0,0.5409733653068542,0.6320419311523438
1,11,landmark,8,0.02,256,336.0,0.7034120559692383,0.8020477294921875
1,11,landmark,8,0.02,512,592.0,0.8626897931098938,0.9246673583984375
1,11,landmark,8,0.05,64,264.0,0.4587891101837158,0.5148544311523438
1,11,landmark,8,0.05,128,328.0,0.584679365158081,0.6815643310546875
1,11,landmark,8,0.05,256,456.0,0.7354831695556641,0.8292236328125
1,11,landmark,8,0.05,512,712.0,0.8804680705070496,0.9367523193359375
1,11,oracle_chunk,16,0.0,64,64.0,0.3812320828437805,0.38507843017578125
1,11,oracle_chunk,16,0.0,128,128.0,0.538329005241394,0.6135940551757812
1,11,oracle_chunk,16,0.0,256,256.0,0.7134447693824768,0.8214187622070312
1,11,oracle_chunk,16,0.0,512,512.0,0.8835115432739258,0.9799652099609375
1,11,landmark,16,0.0,64,64.0,0.2983579933643341,0.35573577880859375
1,11,landmark,16,0.0,128,128.0,0.4531303346157074,0.5452194213867188
1,11,landmark,16,0.0,256,256.0,0.6197476983070374,0.7139739990234375
1,11,landmark,16,0.0,512,512.0,0.8085423707962036,0.8714752197265625
1,11,landmark,16,0.005,64,80.0,0.3193579614162445,0.3799896240234375
1,11,landmark,16,0.005,128,144.0,0.471394419670105,0.5628128051757812
1,11,landmark,16,0.005,256,272.0,0.6338251829147339,0.72412109375
1,11,landmark,16,0.005,512,528.0,0.8185148239135742,0.8787765502929688
1,11,landmark,16,0.01,64,112.0,0.3465759754180908,0.4123687744140625
1,11,landmark,16,0.01,128,176.0,0.4860736131668091,0.572174072265625
1,11,landmark,16,0.01,256,304.0,0.6475138664245605,0.7327117919921875
1,11,landmark,16,0.01,512,560.0,0.8274469971656799,0.8841552734375
1,11,landmark,16,0.02,64,144.0,0.36375921964645386,0.41973876953125
1,11,landmark,16,0.02,128,208.0,0.5032569766044617,0.5795440673828125
1,11,landmark,16,0.02,256,336.0,0.6641484498977661,0.7399063110351562
1,11,landmark,16,0.02,512,592.0,0.839370846748352,0.8918380737304688
1,11,landmark,16,0.05,64,272.0,0.420380562543869,0.481292724609375
1,11,landmark,16,0.05,128,336.0,0.5443417429924011,0.6190414428710938
1,11,landmark,16,0.05,256,464.0,0.6989656090736389,0.7725372314453125
1,11,landmark,16,0.05,512,720.0,0.8629730343818665,0.9104843139648438
1,11,oracle_chunk,32,0.0,64,64.0,0.33352988958358765,0.33454132080078125
1,11,oracle_chunk,32,0.0,128,128.0,0.49923184514045715,0.5533981323242188
1,11,oracle_chunk,32,0.0,256,256.0,0.6761220693588257,0.7569427490234375
1,11,oracle_chunk,32,0.0,512,512.0,0.8615465760231018,0.9349441528320312
1,11,landmark,32,0.0,64,64.0,0.26151686906814575,0.29895782470703125
1,11,landmark,32,0.0,128,128.0,0.43462973833084106,0.5134429931640625
1,11,landmark,32,0.0,256,256.0,0.6015638113021851,0.677459716796875
1,11,landmark,32,0.0,512,512.0,0.7867118120193481,0.8429489135742188
1,11,landmark,32,0.005,64,96.0,0.3130899667739868,0.3659515380859375
1,11,landmark,32,0.005,128,160.0,0.46611741185188293,0.5402069091796875
1,11,landmark,32,0.005,256,288.0,0.6273559927940369,0.6957931518554688
1,11,landmark,32,0.005,512,544.0,0.8012377023696899,0.8526763916015625
1,11,landmark,32,0.01,64,96.0,0.3130899667739868,0.3659515380859375
1,11,landmark,32,0.01,128,160.0,0.46611741185188293,0.5402069091796875
1,11,landmark,32,0.01,256,288.0,0.6273559927940369,0.6957931518554688
1,11,landmark,32,0.01,512,544.0,0.8012377023696899,0.8526763916015625
1,11,landmark,32,0.02,64,160.0,0.35930803418159485,0.4225311279296875
1,11,landmark,32,0.02,128,224.0,0.4892122745513916,0.5541610717773438
1,11,landmark,32,0.02,256,352.0,0.6452049612998962,0.704925537109375
1,11,landmark,32,0.02,512,608.0,0.814181923866272,0.8614349365234375
1,11,landmark,32,0.05,64,256.0,0.40839633345603943,0.47025299072265625
1,11,landmark,32,0.05,128,320.0,0.521569013595581,0.577056884765625
1,11,landmark,32,0.05,256,448.0,0.6749613881111145,0.7251510620117188
1,11,landmark,32,0.05,512,704.0,0.8418891429901123,0.8815383911132812
1,12,oracle_token,1,0.0,64,64.0,0.6090335845947266,1.0
1,12,oracle_token,1,0.0,128,128.0,0.74295574426651,1.0
1,12,oracle_token,1,0.0,256,256.0,0.8706996440887451,1.0
1,12,oracle_token,1,0.0,512,512.0,0.9612663984298706,1.0
1,12,oracle_chunk,4,0.0,64,64.0,0.5352754592895508,0.6080245971679688
1,12,oracle_chunk,4,0.0,128,128.0,0.677646279335022,0.8837203979492188
1,12,oracle_chunk,4,0.0,256,256.0,0.8267126679420471,0.9979095458984375
1,12,oracle_chunk,4,0.0,512,512.0,0.9437544345855713,1.0
1,12,landmark,4,0.0,64,64.0,0.4678457975387573,0.488372802734375
1,12,landmark,4,0.0,128,128.0,0.6060692071914673,0.7055282592773438
1,12,landmark,4,0.0,256,256.0,0.7767942547798157,0.903076171875
1,12,landmark,4,0.0,512,512.0,0.9254706501960754,0.9903030395507812
1,12,landmark,4,0.005,64,84.0,0.48764118552207947,0.5120849609375
1,12,landmark,4,0.005,128,148.0,0.625864565372467,0.7292404174804688
1,12,landmark,4,0.005,256,276.0,0.7890607118606567,0.9171142578125
1,12,landmark,4,0.005,512,532.0,0.9289196729660034,0.9917221069335938
1,12,landmark,4,0.01,64,104.0,0.4921508729457855,0.5187454223632812
1,12,landmark,4,0.01,128,168.0,0.6291053891181946,0.7327346801757812
1,12,landmark,4,0.01,256,296.0,0.7914599180221558,0.9189529418945312
1,12,landmark,4,0.01,512,552.0,0.9299464821815491,0.9919204711914062
1,12,landmark,4,0.02,64,144.0,0.5049753189086914,0.5285263061523438
1,12,landmark,4,0.02,128,208.0,0.6414758563041687,0.7414093017578125
1,12,landmark,4,0.02,256,336.0,0.8015654683113098,0.9226913452148438
1,12,landmark,4,0.02,512,592.0,0.9353443384170532,0.99298095703125
1,12,landmark,4,0.05,64,264.0,0.5492468476295471,0.5794219970703125
1,12,landmark,4,0.05,128,328.0,0.6791598200798035,0.77685546875
1,12,landmark,4,0.05,256,456.0,0.8290318250656128,0.9384307861328125
1,12,landmark,4,0.05,512,712.0,0.9492031931877136,0.9954452514648438
1,12,oracle_chunk,8,0.0,64,64.0,0.5007010698318481,0.5262985229492188
1,12,oracle_chunk,8,0.0,128,128.0,0.6462981700897217,0.7877273559570312
1,12,oracle_chunk,8,0.0,256,256.0,0.8045258522033691,0.9695816040039062
1,12,oracle_chunk,8,0.0,512,512.0,0.9349187612533569,1.0
1,12,landmark,8,0.0,64,64.0,0.44237950444221497,0.44818878173828125
1,12,landmark,8,0.0,128,128.0,0.5819473266601562,0.6568374633789062
1,12,landmark,8,0.0,256,256.0,0.7586597800254822,0.8657073974609375
1,12,landmark,8,0.0,512,512.0,0.916631281375885,0.984100341796875
1,12,landmark,8,0.005,64,88.0,0.4703439474105835,0.48374176025390625
1,12,landmark,8,0.005,128,152.0,0.6036618947982788,0.6836929321289062
1,12,landmark,8,0.005,256,280.0,0.7715678215026855,0.8788070678710938
1,12,landmark,8,0.005,512,536.0,0.9222375750541687,0.9864349365234375
1,12,landmark,8,0.01,64,104.0,0.4706653952598572,0.48374176025390625
1,12,landmark,8,0.01,128,168.0,0.6039832234382629,0.6836929321289062
1,12,landmark,8,0.01,256,296.0,0.771889328956604,0.8788070678710938
1,12,landmark,8,0.01,512,552.0,0.9225590229034424,0.9864349365234375
1,12,landmark,8,0.02,64,144.0,0.4806877672672272,0.49445343017578125
1,12,landmark,8,0.02,128,208.0,0.6124293208122253,0.6904296875
1,12,landmark,8,0.02,256,336.0,0.7783765196800232,0.8823471069335938
1,12,landmark,8,0.02,512,592.0,0.9259538054466248,0.9874191284179688
1,12,landmark,8,0.05,64,264.0,0.5228524208068848,0.53692626953125
1,12,landmark,8,0.05,128,328.0,0.6498731374740601,0.723480224609375
1,12,landmark,8,0.05,256,456.0,0.8086526393890381,0.9018173217773438
1,12,landmark,8,0.05,512,712.0,0.9400178790092468,0.9914779663085938
1,12,oracle_chunk,16,0.0,64,64.0,0.4540710151195526,0.43631744384765625
1,12,oracle_chunk,16,0.0,128,128.0,0.6026407480239868,0.6792755126953125
1,12,oracle_chunk,16,0.0,256,256.0,0.7725721597671509,0.9043045043945312
1,12,oracle_chunk,16,0.0,512,512.0,0.9244927167892456,0.9979934692382812
1,12,landmark,16,0.0,64,64.0,0.3732518255710602,0.35870361328125
1,12,landmark,16,0.0,128,128.0,0.533478856086731,0.5756149291992188
1,12,landmark,16,0.0,256,256.0,0.7210022211074829,0.7963790893554688
1,12,landmark,16,0.0,512,512.0,0.904983639717102,0.9667434692382812
1,12,landmark,16,0.005,64,80.0,0.40179938077926636,0.39513397216796875
1,12,landmark,16,0.005,128,144.0,0.5529099106788635,0.5988922119140625
1,12,landmark,16,0.005,256,272.0,0.734862744808197,0.8102645874023438
1,12,landmark,16,0.005,512,528.0,0.9110307693481445,0.9711380004882812
1,12,landmark,16,0.01,64,112.0,0.41745856404304504,0.414093017578125
1,12,landmark,16,0.01,128,176.0,0.564704954624176,0.6102447509765625
1,12,landmark,16,0.01,256,304.0,0.7440488934516907,0.8167572021484375
1,12,landmark,16,0.01,512,560.0,0.915966272354126,0.9732742309570312
1,12,landmark,16,0.02,64,144.0,0.41779088973999023,0.414093017578125
1,12,landmark,16,0.02,128,208.0,0.5650373101234436,0.6102447509765625
1,12,landmark,16,0.02,256,336.0,0.7443812489509583,0.8167572021484375
1,12,landmark,16,0.02,512,592.0,0.9162986278533936,0.9732742309570312
1,12,landmark,16,0.05,64,272.0,0.460785835981369,0.45745086669921875
1,12,landmark,16,0.05,128,336.0,0.6057795882225037,0.6503219604492188
1,12,landmark,16,0.05,256,464.0,0.7777714729309082,0.8447036743164062
1,12,landmark,16,0.05,512,720.0,0.9330658912658691,0.9827041625976562
1,12,oracle_chunk,32,0.0,64,64.0,0.39385315775871277,0.33935546875
1,12,oracle_chunk,32,0.0,128,128.0,0.5462835431098938,0.5702438354492188
1,12,oracle_chunk,32,0.0,256,256.0,0.7335784435272217,0.8271484375
1,12,oracle_chunk,32,0.0,512,512.0,0.9122923612594604,0.9836578369140625
1,12,landmark,32,0.0,64,64.0,0.3404160439968109,0.2857818603515625
1,12,landmark,32,0.0,128,128.0,0.48045387864112854,0.4795074462890625
1,12,landmark,32,0.0,256,256.0,0.6700571179389954,0.7187576293945312
1,12,landmark,32,0.0,512,512.0,0.8906757235527039,0.9451065063476562
1,12,landmark,32,0.005,64,96.0,0.39989909529685974,0.3632049560546875
1,12,landmark,32,0.005,128,160.0,0.52931147813797,0.539520263671875
1,12,landmark,32,0.005,256,288.0,0.7035529613494873,0.7503204345703125
1,12,landmark,32,0.005,512,544.0,0.9060478806495667,0.9581832885742188
1,12,landmark,32,0.01,64,96.0,0.39989909529685974,0.3632049560546875
1,12,landmark,32,0.01,128,160.0,0.52931147813797,0.539520263671875
1,12,landmark,32,0.01,256,288.0,0.7035529613494873,0.7503204345703125
1,12,landmark,32,0.01,512,544.0,0.9060478806495667,0.9581832885742188
1,12,landmark,32,0.02,64,160.0,0.4240478277206421,0.392547607421875
1,12,landmark,32,0.02,128,224.0,0.5488994717597961,0.56146240234375
1,12,landmark,32,0.02,256,352.0,0.716886043548584,0.7624893188476562
1,12,landmark,32,0.02,512,608.0,0.9123378992080688,0.9624404907226562
1,12,landmark,32,0.05,64,256.0,0.4366219639778137,0.400604248046875
1,12,landmark,32,0.05,128,320.0,0.5615596771240234,0.5696029663085938
1,12,landmark,32,0.05,256,448.0,0.7296794056892395,0.7706375122070312
1,12,landmark,32,0.05,512,704.0,0.9193983674049377,0.965789794921875
1,13,oracle_token,1,0.0,64,64.0,0.5131113529205322,1.0
1,13,oracle_token,1,0.0,128,128.0,0.6383906006813049,1.0
1,13,oracle_token,1,0.0,256,256.0,0.7671327590942383,1.0
1,13,oracle_token,1,0.0,512,512.0,0.8839990496635437,1.0
1,13,oracle_chunk,4,0.0,64,64.0,0.4306146800518036,0.5842514038085938
1,13,oracle_chunk,4,0.0,128,128.0,0.5598356127738953,0.851593017578125
1,13,oracle_chunk,4,0.0,256,256.0,0.7039151191711426,0.9841384887695312
1,13,oracle_chunk,4,0.0,512,512.0,0.8487949967384338,0.9998855590820312
1,13,landmark,4,0.0,64,64.0,0.3400611877441406,0.4828643798828125
1,13,landmark,4,0.0,128,128.0,0.46690160036087036,0.6842193603515625
1,13,landmark,4,0.0,256,256.0,0.6166417002677917,0.8436126708984375
1,13,landmark,4,0.0,512,512.0,0.7843859195709229,0.9474563598632812
1,13,landmark,4,0.005,64,84.0,0.3814108669757843,0.5114212036132812
1,13,landmark,4,0.005,128,148.0,0.5027124881744385,0.701446533203125
1,13,landmark,4,0.005,256,276.0,0.6491597890853882,0.8588790893554688
1,13,landmark,4,0.005,512,532.0,0.812636137008667,0.9580078125
1,13,landmark,4,0.01,64,104.0,0.38697266578674316,0.5218658447265625
1,13,landmark,4,0.01,128,168.0,0.5073705911636353,0.7051010131835938
1,13,landmark,4,0.01,256,296.0,0.6529140472412109,0.860748291015625
1,13,landmark,4,0.01,512,552.0,0.8155965805053711,0.9586410522460938
1,13,landmark,4,0.02,64,144.0,0.3979441225528717,0.5319671630859375
1,13,landmark,4,0.02,128,208.0,0.5161565542221069,0.7128677368164062
1,13,landmark,4,0.02,256,336.0,0.6600369811058044,0.8652420043945312
1,13,landmark,4,0.02,512,592.0,0.8206225633621216,0.9599990844726562
1,13,landmark,4,0.05,64,264.0,0.4326416850090027,0.56475830078125
1,13,landmark,4,0.05,128,328.0,0.5481939315795898,0.740631103515625
1,13,landmark,4,0.05,256,456.0,0.687477707862854,0.8854751586914062
1,13,landmark,4,0.05,512,712.0,0.8394604325294495,0.9688644409179688
1,13,oracle_chunk,8,0.0,64,64.0,0.3851906359195709,0.4596710205078125
1,13,oracle_chunk,8,0.0,128,128.0,0.5183395743370056,0.7396774291992188
1,13,oracle_chunk,8,0.0,256,256.0,0.6694206595420837,0.9193572998046875
1,13,oracle_chunk,8,0.0,512,512.0,0.8269281387329102,0.9932632446289062
1,13,landmark,8,0.0,64,64.0,0.29803216457366943,0.432861328125
1,13,landmark,8,0.0,128,128.0,0.4296342134475708,0.6119003295898438
1,13,landmark,8,0.0,256,256.0,0.5832434892654419,0.783935546875
1,13,landmark,8,0.0,512,512.0,0.7531611323356628,0.9026107788085938
1,13,landmark,8,0.005,64,88.0,0.3337358832359314,0.44903564453125
1,13,landmark,8,0.005,128,152.0,0.46533796191215515,0.6280746459960938
1,13,landmark,8,0.005,256,280.0,0.6189472675323486,0.80010986328125
1,13,landmark,8,0.005,512,536.0,0.7884951829910278,0.9183273315429688
1,13,landmark,8,0.01,64,104.0,0.3529583513736725,0.4676971435546875
1,13,landmark,8,0.01,128,168.0,0.4695545732975006,0.6299362182617188
1,13,landmark,8,0.01,256,296.0,0.6215004920959473,0.8011398315429688
1,13,landmark,8,0.01,512,552.0,0.7901387214660645,0.9191741943359375
1,13,landmark,8,0.02,64,144.0,0.36244916915893555,0.4747772216796875
1,13,landmark,8,0.02,128,208.0,0.4788462221622467,0.6368255615234375
1,13,landmark,8,0.02,256,336.0,0.6299713253974915,0.8063583374023438
1,13,landmark,8,0.02,512,592.0,0.7968830466270447,0.9218292236328125
1,13,landmark,8,0.05,64,264.0,0.3918873071670532,0.49990081787109375
1,13,landmark,8,0.05,128,328.0,0.507879376411438,0.6621475219726562
1,13,landmark,8,0.05,256,456.0,0.6552638411521912,0.8261642456054688
1,13,landmark,8,0.05,512,712.0,0.8157013654708862,0.9343490600585938
1,13,oracle_chunk,16,0.0,64,64.0,0.3278605341911316,0.35831451416015625
1,13,oracle_chunk,16,0.0,128,128.0,0.47098636627197266,0.639404296875
1,13,oracle_chunk,16,0.0,256,256.0,0.6359580159187317,0.8539962768554688
1,13,oracle_chunk,16,0.0,512,512.0,0.8075931072235107,0.9757003784179688
1,13,landmark,16,0.0,64,64.0,0.23749805986881256,0.38086700439453125
1,13,landmark,16,0.0,128,128.0,0.38288524746894836,0.5492019653320312
1,13,landmark,16,0.0,256,256.0,0.5510398149490356,0.7289657592773438
1,13,landmark,16,0.0,512,512.0,0.7394843101501465,0.8888473510742188
1,13,landmark,16,0.005,64,80.0,0.26281264424324036,0.39508056640625
1,13,landmark,16,0.005,128,144.0,0.40833768248558044,0.5636444091796875
1,13,landmark,16,0.005,256,272.0,0.5755712985992432,0.7415084838867188
1,13,landmark,16,0.005,512,528.0,0.7610020041465759,0.8974609375
1,13,landmark,16,0.01,64,112.0,0.28029823303222656,0.40289306640625
1,13,landmark,16,0.01,128,176.0,0.42582330107688904,0.5714569091796875
1,13,landmark,16,0.01,256,304.0,0.5930569171905518,0.7493209838867188
1,13,landmark,16,0.01,512,560.0,0.7784876227378845,0.9052734375
1,13,landmark,16,0.02,64,144.0,0.32359588146209717,0.42452239990234375
1,13,landmark,16,0.02,128,208.0,0.4483323097229004,0.5819854736328125
1,13,landmark,16,0.02,256,336.0,0.5979364514350891,0.7507400512695312
1,13,landmark,16,0.02,512,592.0,0.7813348770141602,0.9078445434570312
1,13,landmark,16,0.05,64,272.0,0.34910517930984497,0.44794464111328125
1,13,landmark,16,0.05,128,336.0,0.473894327878952,0.6054840087890625
1,13,landmark,16,0.05,256,464.0,0.622402548789978,0.7727432250976562
1,13,landmark,16,0.05,512,720.0,0.799310564994812,0.9197616577148438
1,13,oracle_chunk,32,0.0,64,64.0,0.2708367109298706,0.31160736083984375
1,13,oracle_chunk,32,0.0,128,128.0,0.4166712462902069,0.5464630126953125
1,13,oracle_chunk,32,0.0,256,256.0,0.5928717255592346,0.7768478393554688
1,13,oracle_chunk,32,0.0,512,512.0,0.7844141721725464,0.9458160400390625
1,13,landmark,32,0.0,64,64.0,0.1971026062965393,0.33716583251953125
1,13,landmark,32,0.0,128,128.0,0.33173617720603943,0.49900054931640625
1,13,landmark,32,0.0,256,256.0,0.5175590515136719,0.6824493408203125
1,13,landmark,32,0.0,512,512.0,0.7168464660644531,0.8545989990234375
1,13,landmark,32,0.005,64,96.0,0.23210883140563965,0.3592529296875
1,13,landmark,32,0.005,128,160.0,0.36645394563674927,0.5211334228515625
1,13,landmark,32,0.005,256,288.0,0.5504587888717651,0.7015228271484375
1,13,landmark,32,0.005,512,544.0,0.7476574182510376,0.8727874755859375
1,13,landmark,32,0.01,64,96.0,0.23210883140563965,0.3592529296875
1,13,landmark,32,0.01,128,160.0,0.36645394563674927,0.5211334228515625
1,13,landmark,32,0.01,256,288.0,0.5504587888717651,0.7015228271484375
1,13,landmark,32,0.01,512,544.0,0.7476574182510376,0.8727874755859375
1,13,landmark,32,0.02,64,160.0,0.2532889246940613,0.3683624267578125
1,13,landmark,32,0.02,128,224.0,0.3876340389251709,0.530242919921875
1,13,landmark,32,0.02,256,352.0,0.5716389417648315,0.71063232421875
1,13,landmark,32,0.02,512,608.0,0.7694504261016846,0.883026123046875
1,13,landmark,32,0.05,64,256.0,0.31176838278770447,0.400726318359375
1,13,landmark,32,0.05,128,320.0,0.4420117735862732,0.5598907470703125
1,13,landmark,32,0.05,256,448.0,0.5958252549171448,0.7242050170898438
1,13,landmark,32,0.05,512,704.0,0.7813669443130493,0.8909072875976562
1,14,oracle_token,1,0.0,64,64.0,0.46787533164024353,1.0
1,14,oracle_token,1,0.0,128,128.0,0.5791143178939819,1.0
1,14,oracle_token,1,0.0,256,256.0,0.7041563987731934,1.0
1,14,oracle_token,1,0.0,512,512.0,0.8317632675170898,1.0
1,14,oracle_chunk,4,0.0,64,64.0,0.3991149067878723,0.54486083984375
1,14,oracle_chunk,4,0.0,128,128.0,0.5166304111480713,0.83233642578125
1,14,oracle_chunk,4,0.0,256,256.0,0.6569093465805054,0.9801788330078125
1,14,oracle_chunk,4,0.0,512,512.0,0.8050570487976074,0.996917724609375
1,14,landmark,4,0.0,64,64.0,0.27148935198783875,0.3288726806640625
1,14,landmark,4,0.0,128,128.0,0.38255879282951355,0.5072250366210938
1,14,landmark,4,0.0,256,256.0,0.5323911905288696,0.7276382446289062
1,14,landmark,4,0.0,512,512.0,0.6930295825004578,0.8901519775390625
1,14,landmark,4,0.005,64,84.0,0.3525119423866272,0.37158966064453125
1,14,landmark,4,0.005,128,148.0,0.4500218629837036,0.5436553955078125
1,14,landmark,4,0.005,256,276.0,0.5799649953842163,0.7516021728515625
1,14,landmark,4,0.005,512,532.0,0.7314314842224121,0.9040985107421875
1,14,landmark,4,0.01,64,104.0,0.3573698401451111,0.3792572021484375
1,14,landmark,4,0.01,128,168.0,0.4544254541397095,0.550323486328125
1,14,landmark,4,0.01,256,296.0,0.5839692950248718,0.75750732421875
1,14,landmark,4,0.01,512,552.0,0.7348843216896057,0.9066085815429688
1,14,landmark,4,0.02,64,144.0,0.3699082136154175,0.40013885498046875
1,14,landmark,4,0.02,128,208.0,0.4652673900127411,0.5670013427734375
1,14,landmark,4,0.02,256,336.0,0.5933752059936523,0.7695388793945312
1,14,landmark,4,0.02,512,592.0,0.7419742941856384,0.9134750366210938
1,14,landmark,4,0.05,64,264.0,0.4074310064315796,0.44699859619140625
1,14,landmark,4,0.05,128,328.0,0.4980998635292053,0.6064300537109375
1,14,landmark,4,0.05,256,456.0,0.6188966035842896,0.7940597534179688
1,14,landmark,4,0.05,512,712.0,0.7601577639579773,0.9225540161132812
1,14,oracle_chunk,8,0.0,64,64.0,0.36039191484451294,0.4199066162109375
1,14,oracle_chunk,8,0.0,128,128.0,0.4807487726211548,0.713531494140625
1,14,oracle_chunk,8,0.0,256,256.0,0.6299201250076294,0.929046630859375
1,14,oracle_chunk,8,0.0,512,512.0,0.7902154326438904,0.9885482788085938
1,14,landmark,8,0.0,64,64.0,0.22457082569599152,0.27036285400390625
1,14,landmark,8,0.0,128,128.0,0.3362889885902405,0.44173431396484375
1,14,landmark,8,0.0,256,256.0,0.479855477809906,0.660430908203125
1,14,landmark,8,0.0,512,512.0,0.6441377401351929,0.8440933227539062
1,14,landmark,8,0.005,64,88.0,0.30346769094467163,0.302764892578125
1,14,landmark,8,0.005,128,152.0,0.41579708456993103,0.47486114501953125
1,14,landmark,8,0.005,256,280.0,0.5573008060455322,0.6911392211914062
1,14,landmark,8,0.005,512,536.0,0.717230498790741,0.8701858520507812
1,14,landmark,8,0.01,64,104.0,0.3357507586479187,0.3315887451171875
1,14,landmark,8,0.01,128,168.0,0.43107306957244873,0.496337890625
1,14,landmark,8,0.01,256,296.0,0.5633071660995483,0.7029571533203125
1,14,landmark,8,0.01,512,552.0,0.7220306396484375,0.8759536743164062
1,14,landmark,8,0.02,64,144.0,0.34396302700042725,0.3453826904296875
1,14,landmark,8,0.02,128,208.0,0.43919140100479126,0.51007080078125
1,14,landmark,8,0.02,256,336.0,0.5708848834037781,0.7163314819335938
1,14,landmark,8,0.02,512,592.0,0.7294278740882874,0.8873138427734375
1,14,landmark,8,0.05,64,264.0,0.37990888953208923,0.38874053955078125
1,14,landmark,8,0.05,128,328.0,0.47322654724121094,0.5506362915039062
1,14,landmark,8,0.05,256,456.0,0.59884113073349,0.7449951171875
1,14,landmark,8,0.05,512,712.0,0.7481756210327148,0.8979263305664062
1,14,oracle_chunk,16,0.0,64,64.0,0.30963584780693054,0.2925872802734375
1,14,oracle_chunk,16,0.0,128,128.0,0.4366571307182312,0.5795822143554688
1,14,oracle_chunk,16,0.0,256,256.0,0.5960975885391235,0.85174560546875
1,14,oracle_chunk,16,0.0,512,512.0,0.7704317569732666,0.97381591796875
1,14,landmark,16,0.0,64,64.0,0.16808858513832092,0.2209930419921875
1,14,landmark,16,0.0,128,128.0,0.27247294783592224,0.37574005126953125
1,14,landmark,16,0.0,256,256.0,0.4515533149242401,0.6139678955078125
1,14,landmark,16,0.0,512,512.0,0.6273312568664551,0.8145751953125
1,14,landmark,16,0.005,64,80.0,0.21418601274490356,0.23735809326171875
1,14,landmark,16,0.005,128,144.0,0.3189300000667572,0.39360809326171875
1,14,landmark,16,0.005,256,272.0,0.49699723720550537,0.6306838989257812
1,14,landmark,16,0.005,512,528.0,0.6687296032905579,0.8247451782226562
1,14,landmark,16,0.01,64,112.0,0.2575072646141052,0.26616668701171875
1,14,landmark,16,0.01,128,176.0,0.36302751302719116,0.4246063232421875
1,14,landmark,16,0.01,256,304.0,0.5382001996040344,0.6556472778320312
1,14,landmark,16,0.01,512,560.0,0.7048956155776978,0.8439865112304688
1,14,landmark,16,0.02,64,144.0,0.3295601010322571,0.30893707275390625
1,14,landmark,16,0.02,128,208.0,0.41819047927856445,0.4646148681640625
1,14,landmark,16,0.02,256,336.0,0.5553316473960876,0.6792221069335938
1,14,landmark,16,0.02,512,592.0,0.7159362435340881,0.855224609375
1,14,landmark,16,0.05,64,272.0,0.357709139585495,0.3393402099609375
1,14,landmark,16,0.05,128,336.0,0.4455902874469757,0.49396514892578125
1,14,landmark,16,0.05,256,464.0,0.5816554427146912,0.707183837890625
1,14,landmark,16,0.05,512,720.0,0.7381026744842529,0.872802734375
1,14,oracle_chunk,32,0.0,64,64.0,0.2515074610710144,0.255096435546875
1,14,oracle_chunk,32,0.0,128,128.0,0.38599368929862976,0.4295501708984375
1,14,oracle_chunk,32,0.0,256,256.0,0.5534340739250183,0.7542877197265625
1,14,oracle_chunk,32,0.0,512,512.0,0.7442818284034729,0.9386138916015625
1,14,landmark,32,0.0,64,64.0,0.15465189516544342,0.19339752197265625
1,14,landmark,32,0.0,128,128.0,0.24692288041114807,0.348907470703125
1,14,landmark,32,0.0,256,256.0,0.40274184942245483,0.5606460571289062
1,14,landmark,32,0.0,512,512.0,0.6064127087593079,0.7792129516601562
1,14,landmark,32,0.005,64,96.0,0.21119268238544464,0.2231292724609375
1,14,landmark,32,0.005,128,160.0,0.30155959725379944,0.37726593017578125
1,14,landmark,32,0.005,256,288.0,0.4539733827114105,0.5827255249023438
1,14,landmark,32,0.005,512,544.0,0.6539074778556824,0.7949447631835938
1,14,landmark,32,0.01,64,96.0,0.21119268238544464,0.2231292724609375
1,14,landmark,32,0.01,128,160.0,0.30155959725379944,0.37726593017578125
1,14,landmark,32,0.01,256,288.0,0.4539733827114105,0.5827255249023438
1,14,landmark,32,0.01,512,544.0,0.6539074778556824,0.7949447631835938
1,14,landmark,32,0.02,64,160.0,0.26878613233566284,0.27220916748046875
1,14,landmark,32,0.02,128,224.0,0.35358285903930664,0.414794921875
1,14,landmark,32,0.02,256,352.0,0.5017428398132324,0.6141586303710938
1,14,landmark,32,0.02,512,608.0,0.695936918258667,0.8198699951171875
1,14,landmark,32,0.05,64,256.0,0.3576740622520447,0.3281097412109375
1,14,landmark,32,0.05,128,320.0,0.4405271112918854,0.47156524658203125
1,14,landmark,32,0.05,256,448.0,0.564000129699707,0.6669540405273438
1,14,landmark,32,0.05,512,704.0,0.7254053950309753,0.8469085693359375
1,15,oracle_token,1,0.0,64,64.0,0.6204257011413574,1.0
1,15,oracle_token,1,0.0,128,128.0,0.6976746320724487,1.0
1,15,oracle_token,1,0.0,256,256.0,0.7826119661331177,1.0
1,15,oracle_token,1,0.0,512,512.0,0.8671927452087402,1.0
1,15,oracle_chunk,4,0.0,64,64.0,0.5734352469444275,0.5604782104492188
1,15,oracle_chunk,4,0.0,128,128.0,0.6560691595077515,0.8202362060546875
1,15,oracle_chunk,4,0.0,256,256.0,0.7493302226066589,0.941802978515625
1,15,oracle_chunk,4,0.0,512,512.0,0.8473780155181885,0.9775314331054688
1,15,landmark,4,0.0,64,64.0,0.3728235065937042,0.3966064453125
1,15,landmark,4,0.0,128,128.0,0.47241735458374023,0.5672149658203125
1,15,landmark,4,0.0,256,256.0,0.593171238899231,0.719818115234375
1,15,landmark,4,0.0,512,512.0,0.718019425868988,0.8486709594726562
1,15,landmark,4,0.005,64,84.0,0.5234145522117615,0.4526214599609375
1,15,landmark,4,0.005,128,148.0,0.5952670574188232,0.600067138671875
1,15,landmark,4,0.005,256,276.0,0.6886171698570251,0.7408828735351562
1,15,landmark,4,0.005,512,532.0,0.8013609051704407,0.86376953125
1,15,landmark,4,0.01,64,104.0,0.5434256792068481,0.470703125
1,15,landmark,4,0.01,128,168.0,0.6064168214797974,0.6103057861328125
1,15,landmark,4,0.01,256,296.0,0.692887544631958,0.7458114624023438
1,15,landmark,4,0.01,512,552.0,0.8034468293190002,0.8662261962890625
1,15,landmark,4,0.02,64,144.0,0.549220085144043,0.4787750244140625
1,15,landmark,4,0.02,128,208.0,0.6119535565376282,0.617156982421875
1,15,landmark,4,0.02,256,336.0,0.698011577129364,0.7513275146484375
1,15,landmark,4,0.02,512,592.0,0.8083197474479675,0.871337890625
1,15,landmark,4,0.05,64,264.0,0.5671693086624146,0.5160980224609375
1,15,landmark,4,0.05,128,328.0,0.6269389390945435,0.6420059204101562
1,15,landmark,4,0.05,256,456.0,0.7105544805526733,0.7713546752929688
1,15,landmark,4,0.05,512,712.0,0.8183358311653137,0.8880538940429688
1,15,oracle_chunk,8,0.0,64,64.0,0.5452030897140503,0.42697906494140625
1,15,oracle_chunk,8,0.0,128,128.0,0.634247362613678,0.70721435546875
1,15,oracle_chunk,8,0.0,256,256.0,0.7315076589584351,0.869293212890625
1,15,oracle_chunk,8,0.0,512,512.0,0.8367154002189636,0.939727783203125
1,15,landmark,8,0.0,64,64.0,0.31680840253829956,0.35601043701171875
1,15,landmark,8,0.0,128,128.0,0.4197814464569092,0.5006942749023438
1,15,landmark,8,0.0,256,256.0,0.5317401885986328,0.6405715942382812
1,15,landmark,8,0.0,512,512.0,0.6542452573776245,0.7791366577148438
1,15,landmark,8,0.005,64,88.0,0.5012281537055969,0.40520477294921875
1,15,landmark,8,0.005,128,152.0,0.5641617774963379,0.531890869140625
1,15,landmark,8,0.005,256,280.0,0.6509780287742615,0.661529541015625
1,15,landmark,8,0.005,512,536.0,0.7698092460632324,0.799041748046875
1,15,landmark,8,0.01,64,104.0,0.5328431129455566,0.43767547607421875
1,15,landmark,8,0.01,128,168.0,0.5896391272544861,0.5490875244140625
1,15,landmark,8,0.01,256,296.0,0.6745249629020691,0.6731796264648438
1,15,landmark,8,0.01,512,552.0,0.7887216210365295,0.8084564208984375
1,15,landmark,8,0.02,64,144.0,0.5385543704032898,0.44599151611328125
1,15,landmark,8,0.02,128,208.0,0.5953214168548584,0.555145263671875
1,15,landmark,8,0.02,256,336.0,0.6801388263702393,0.679107666015625
1,15,landmark,8,0.02,512,592.0,0.7941709160804749,0.8145370483398438
1,15,landmark,8,0.05,64,264.0,0.5611260533332825,0.48532867431640625
1,15,landmark,8,0.05,128,328.0,0.615028440952301,0.586883544921875
1,15,landmark,8,0.05,256,456.0,0.6964124441146851,0.7041473388671875
1,15,landmark,8,0.05,512,712.0,0.8067904710769653,0.833770751953125
1,15,oracle_chunk,16,0.0,64,64.0,0.4718461334705353,0.26122283935546875
1,15,oracle_chunk,16,0.0,128,128.0,0.6036996841430664,0.5805130004882812
1,15,oracle_chunk,16,0.0,256,256.0,0.7092536687850952,0.7880630493164062
1,15,oracle_chunk,16,0.0,512,512.0,0.8250970840454102,0.8963470458984375
1,15,landmark,16,0.0,64,64.0,0.20182371139526367,0.31531524658203125
1,15,landmark,16,0.0,128,128.0,0.3197895884513855,0.4477691650390625
1,15,landmark,16,0.0,256,256.0,0.47302570939064026,0.5822677612304688
1,15,landmark,16,0.0,512,512.0,0.6282831430435181,0.7277145385742188
1,15,landmark,16,0.005,64,80.0,0.297057181596756,0.34771728515625
1,15,landmark,16,0.005,128,144.0,0.41523805260658264,0.4686431884765625
1,15,landmark,16,0.005,256,272.0,0.561630129814148,0.5975723266601562
1,15,landmark,16,0.005,512,528.0,0.7141502499580383,0.7402496337890625
1,15,landmark,16,0.01,64,112.0,0.4172363877296448,0.39369964599609375
1,15,landmark,16,0.01,128,176.0,0.5168028473854065,0.5026626586914062
1,15,landmark,16,0.01,256,304.0,0.6290955543518066,0.6215667724609375
1,15,landmark,16,0.01,512,560.0,0.7547358274459839,0.7573928833007812
1,15,landmark,16,0.02,64,144.0,0.5363427996635437,0.43951416015625
1,15,landmark,16,0.02,128,208.0,0.589035153388977,0.5343856811523438
1,15,landmark,16,0.02,256,336.0,0.6679822206497192,0.6405792236328125
1,15,landmark,16,0.02,512,592.0,0.7793459892272949,0.7705917358398438
1,15,landmark,16,0.05,64,272.0,0.5586767196655273,0.47225189208984375
1,15,landmark,16,0.05,128,336.0,0.6110685467720032,0.5633087158203125
1,15,landmark,16,0.05,256,464.0,0.6887069940567017,0.6662826538085938
1,15,landmark,16,0.05,512,720.0,0.7976776957511902,0.790069580078125
1,15,oracle_chunk,32,0.0,64,64.0,0.3334655165672302,0.2285308837890625
1,15,oracle_chunk,32,0.0,128,128.0,0.5318847298622131,0.3787994384765625
1,15,oracle_chunk,32,0.0,256,256.0,0.6807761192321777,0.700531005859375
1,15,oracle_chunk,32,0.0,512,512.0,0.8103553056716919,0.8571853637695312
1,15,landmark,32,0.0,64,64.0,0.12440723180770874,0.26880645751953125
1,15,landmark,32,0.0,128,128.0,0.23226264119148254,0.39676666259765625
1,15,landmark,32,0.0,256,256.0,0.3781130611896515,0.5397109985351562
1,15,landmark,32,0.0,512,512.0,0.6173253059387207,0.7089767456054688
1,15,landmark,32,0.005,64,96.0,0.23782199621200562,0.3325958251953125
1,15,landmark,32,0.005,128,160.0,0.33385831117630005,0.43761444091796875
1,15,landmark,32,0.005,256,288.0,0.4779292047023773,0.56475830078125
1,15,landmark,32,0.005,512,544.0,0.7082631587982178,0.7259750366210938
1,15,landmark,32,0.01,64,96.0,0.23782199621200562,0.3325958251953125
1,15,landmark,32,0.01,128,160.0,0.33385831117630005,0.43761444091796875
1,15,landmark,32,0.01,256,288.0,0.4779292047023773,0.56475830078125
1,15,landmark,32,0.01,512,544.0,0.7082631587982178,0.7259750366210938
1,15,landmark,32,0.02,64,160.0,0.3766798973083496,0.38813018798828125
1,15,landmark,32,0.02,128,224.0,0.4738319218158722,0.488250732421875
1,15,landmark,32,0.02,256,352.0,0.5722149610519409,0.59552001953125
1,15,landmark,32,0.02,512,608.0,0.7623019814491272,0.750335693359375
1,15,landmark,32,0.05,64,256.0,0.5606144666671753,0.45652008056640625
1,15,landmark,32,0.05,128,320.0,0.6158633232116699,0.5491485595703125
1,15,landmark,32,0.05,256,448.0,0.6897103786468506,0.6490936279296875
1,15,landmark,32,0.05,512,704.0,0.8005982041358948,0.7770767211914062
1,16,oracle_token,1,0.0,64,64.0,0.670396089553833,1.0
1,16,oracle_token,1,0.0,128,128.0,0.8084430694580078,1.0
1,16,oracle_token,1,0.0,256,256.0,0.9181559085845947,1.0
1,16,oracle_token,1,0.0,512,512.0,0.9771766662597656,1.0
1,16,oracle_chunk,4,0.0,64,64.0,0.5467291474342346,0.5259857177734375
1,16,oracle_chunk,4,0.0,128,128.0,0.7067815661430359,0.8285903930664062
1,16,oracle_chunk,4,0.0,256,256.0,0.8605104088783264,0.9973297119140625
1,16,oracle_chunk,4,0.0,512,512.0,0.9585144519805908,1.0
1,16,landmark,4,0.0,64,64.0,0.4302842617034912,0.4048919677734375
1,16,landmark,4,0.0,128,128.0,0.5850874185562134,0.6143341064453125
1,16,landmark,4,0.0,256,256.0,0.7664998769760132,0.824615478515625
1,16,landmark,4,0.0,512,512.0,0.9118092656135559,0.9563217163085938
1,16,landmark,4,0.005,64,84.0,0.440925657749176,0.4155731201171875
1,16,landmark,4,0.005,128,148.0,0.5958816409111023,0.6257781982421875
1,16,landmark,4,0.005,256,276.0,0.7754554152488708,0.83380126953125
1,16,landmark,4,0.005,512,532.0,0.9155460000038147,0.958282470703125
1,16,landmark,4,0.01,64,104.0,0.45054203271865845,0.42473602294921875
1,16,landmark,4,0.01,128,168.0,0.6038381457328796,0.6335372924804688
1,16,landmark,4,0.01,256,296.0,0.7825007438659668,0.840545654296875
1,16,landmark,4,0.01,512,552.0,0.918570876121521,0.9595947265625
1,16,landmark,4,0.02,64,144.0,0.4599171578884125,0.43316650390625
1,16,landmark,4,0.02,128,208.0,0.613213300704956,0.6419677734375
1,16,landmark,4,0.02,256,336.0,0.7917170524597168,0.84906005859375
1,16,landmark,4,0.02,512,592.0,0.9251996874809265,0.96551513671875
1,16,landmark,4,0.05,64,264.0,0.5050568580627441,0.48476409912109375
1,16,landmark,4,0.05,128,328.0,0.6505019664764404,0.6827392578125
1,16,landmark,4,0.05,256,456.0,0.8170109987258911,0.8697052001953125
1,16,landmark,4,0.05,512,712.0,0.9362795948982239,0.9702072143554688
1,16,oracle_chunk,8,0.0,64,64.0,0.48756927251815796,0.43597412109375
1,16,oracle_chunk,8,0.0,128,128.0,0.6549968719482422,0.69775390625
1,16,oracle_chunk,8,0.0,256,256.0,0.8253035545349121,0.9330215454101562
1,16,oracle_chunk,8,0.0,512,512.0,0.9454922676086426,0.9993972778320312
1,16,landmark,8,0.0,64,64.0,0.38964879512786865,0.3602294921875
1,16,landmark,8,0.0,128,128.0,0.5393123626708984,0.5471038818359375
1,16,landmark,8,0.0,256,256.0,0.7348617911338806,0.7738723754882812
1,16,landmark,8,0.0,512,512.0,0.8897470831871033,0.9248046875
1,16,landmark,8,0.005,64,88.0,0.4045974910259247,0.37497711181640625
1,16,landmark,8,0.005,128,152.0,0.5542610883712769,0.5618515014648438
1,16,landmark,8,0.005,256,280.0,0.7469680905342102,0.7850112915039062
1,16,landmark,8,0.005,512,536.0,0.8946564197540283,0.927825927734375
1,16,landmark,8,0.01,64,104.0,0.41552531719207764,0.38462066650390625
1,16,landmark,8,0.01,128,168.0,0.5620620846748352,0.568634033203125
1,16,landmark,8,0.01,256,296.0,0.7534393072128296,0.791595458984375
1,16,landmark,8,0.01,512,552.0,0.8980936408042908,0.9308013916015625
1,16,landmark,8,0.02,64,144.0,0.4330369532108307,0.402069091796875
1,16,landmark,8,0.02,128,208.0,0.5789862871170044,0.5850067138671875
1,16,landmark,8,0.02,256,336.0,0.7679616212844849,0.8042755126953125
1,16,landmark,8,0.02,512,592.0,0.9049914479255676,0.9356536865234375
1,16,landmark,8,0.05,64,264.0,0.4884878098964691,0.4585418701171875
1,16,landmark,8,0.05,128,328.0,0.6243833303451538,0.6323471069335938
1,16,landmark,8,0.05,256,456.0,0.8032087683677673,0.836334228515625
1,16,landmark,8,0.05,512,712.0,0.9219961762428284,0.9484329223632812
1,16,oracle_chunk,16,0.0,64,64.0,0.42840471863746643,0.367279052734375
1,16,oracle_chunk,16,0.0,128,128.0,0.6034746766090393,0.6041107177734375
1,16,oracle_chunk,16,0.0,256,256.0,0.7897149324417114,0.8573989868164062
1,16,oracle_chunk,16,0.0,512,512.0,0.930221676826477,0.98541259765625
1,16,landmark,16,0.0,64,64.0,0.30891212821006775,0.29755401611328125
1,16,landmark,16,0.0,128,128.0,0.5003407001495361,0.4938812255859375
1,16,landmark,16,0.0,256,256.0,0.6994842290878296,0.7261505126953125
1,16,landmark,16,0.0,512,512.0,0.869165301322937,0.8984375
1,16,landmark,16,0.005,64,80.0,0.33604273200035095,0.3252105712890625
1,16,landmark,16,0.005,128,144.0,0.5225784182548523,0.5188140869140625
1,16,landmark,16,0.005,256,272.0,0.7128387689590454,0.7402801513671875
1,16,landmark,16,0.005,512,528.0,0.8759135007858276,0.904632568359375
1,16,landmark,16,0.01,64,112.0,0.3438316583633423,0.33257293701171875
1,16,landmark,16,0.01,128,176.0,0.530367374420166,0.5261764526367188
1,16,landmark,16,0.01,256,304.0,0.7201774716377258,0.7470550537109375
1,16,landmark,16,0.01,512,560.0,0.8785160779953003,0.9062423706054688
1,16,landmark,16,0.02,64,144.0,0.36172136664390564,0.3470001220703125
1,16,landmark,16,0.02,128,208.0,0.5510731935501099,0.5430984497070312
1,16,landmark,16,0.02,256,336.0,0.7358494400978088,0.7600250244140625
1,16,landmark,16,0.02,512,592.0,0.8863179683685303,0.9132003784179688
1,16,landmark,16,0.05,64,272.0,0.40527456998825073,0.392608642578125
1,16,landmark,16,0.05,128,336.0,0.5919310450553894,0.5864639282226562
1,16,landmark,16,0.05,256,464.0,0.7691570520401001,0.794647216796875
1,16,landmark,16,0.05,512,720.0,0.8998466730117798,0.9224395751953125
1,16,oracle_chunk,32,0.0,64,64.0,0.3651765286922455,0.311126708984375
1,16,oracle_chunk,32,0.0,128,128.0,0.5488536357879639,0.5325775146484375
1,16,oracle_chunk,32,0.0,256,256.0,0.752476155757904,0.7907638549804688
1,16,oracle_chunk,32,0.0,512,512.0,0.9122495651245117,0.9563827514648438
1,16,landmark,32,0.0,64,64.0,0.25932154059410095,0.2598724365234375
1,16,landmark,32,0.0,128,128.0,0.450420081615448,0.45821380615234375
1,16,landmark,32,0.0,256,256.0,0.6590809226036072,0.6957626342773438
1,16,landmark,32,0.0,512,512.0,0.841403603553772,0.8622360229492188
1,16,landmark,32,0.005,64,96.0,0.32289835810661316,0.3238983154296875
1,16,landmark,32,0.005,128,160.0,0.4847746193408966,0.49855804443359375
1,16,landmark,32,0.005,256,288.0,0.6903067827224731,0.7285995483398438
1,16,landmark,32,0.005,512,544.0,0.8553193807601929,0.876251220703125
1,16,landmark,32,0.01,64,96.0,0.32289835810661316,0.3238983154296875
1,16,landmark,32,0.01,128,160.0,0.4847746193408966,0.49855804443359375
1,16,landmark,32,0.01,256,288.0,0.6903067827224731,0.7285995483398438
1,16,landmark,32,0.01,512,544.0,0.8553193807601929,0.876251220703125
1,16,landmark,32,0.02,64,160.0,0.3365888297557831,0.33782196044921875
1,16,landmark,32,0.02,128,224.0,0.4984651207923889,0.512481689453125
1,16,landmark,32,0.02,256,352.0,0.7020727396011353,0.7397079467773438
1,16,landmark,32,0.02,512,608.0,0.8595072031021118,0.878662109375
1,16,landmark,32,0.05,64,256.0,0.3774964213371277,0.3783416748046875
1,16,landmark,32,0.05,128,320.0,0.5417801141738892,0.554473876953125
1,16,landmark,32,0.05,256,448.0,0.7403040528297424,0.7726364135742188
1,16,landmark,32,0.05,512,704.0,0.8829379677772522,0.8992996215820312
1,17,oracle_token,1,0.0,64,64.0,0.8944398164749146,1.0
1,17,oracle_token,1,0.0,128,128.0,0.9522660374641418,1.0
1,17,oracle_token,1,0.0,256,256.0,0.9848639369010925,1.0
1,17,oracle_token,1,0.0,512,512.0,0.9972339272499084,1.0
1,17,oracle_chunk,4,0.0,64,64.0,0.8104448318481445,0.548187255859375
1,17,oracle_chunk,4,0.0,128,128.0,0.9081066846847534,0.880889892578125
1,17,oracle_chunk,4,0.0,256,256.0,0.9665875434875488,0.9999237060546875
1,17,oracle_chunk,4,0.0,512,512.0,0.9932329058647156,1.0
1,17,landmark,4,0.0,64,64.0,0.6436125040054321,0.48007965087890625
1,17,landmark,4,0.0,128,128.0,0.8114829063415527,0.7113189697265625
1,17,landmark,4,0.0,256,256.0,0.9147768616676331,0.876739501953125
1,17,landmark,4,0.0,512,512.0,0.9807498455047607,0.9809494018554688
1,17,landmark,4,0.005,64,84.0,0.6442344188690186,0.48089599609375
1,17,landmark,4,0.005,128,148.0,0.8121048212051392,0.7121353149414062
1,17,landmark,4,0.005,256,276.0,0.9153988361358643,0.8775558471679688
1,17,landmark,4,0.005,512,532.0,0.9812670350074768,0.9817123413085938
1,17,landmark,4,0.01,64,104.0,0.6553221344947815,0.49684906005859375
1,17,landmark,4,0.01,128,168.0,0.8219029903411865,0.7257461547851562
1,17,landmark,4,0.01,256,296.0,0.9211201667785645,0.8867645263671875
1,17,landmark,4,0.01,512,552.0,0.9817295074462891,0.9822463989257812
1,17,landmark,4,0.02,64,144.0,0.6612947583198547,0.5078277587890625
1,17,landmark,4,0.02,128,208.0,0.8271437287330627,0.7342910766601562
1,17,landmark,4,0.02,256,336.0,0.9240806698799133,0.8919830322265625
1,17,landmark,4,0.02,512,592.0,0.9826425909996033,0.9832611083984375
1,17,landmark,4,0.05,64,264.0,0.6980767846107483,0.568206787109375
1,17,landmark,4,0.05,128,328.0,0.8504948019981384,0.772308349609375
1,17,landmark,4,0.05,256,456.0,0.9374740719795227,0.9123077392578125
1,17,landmark,4,0.05,512,712.0,0.98759925365448,0.9885177612304688
1,17,oracle_chunk,8,0.0,64,64.0,0.7620296478271484,0.46701812744140625
1,17,oracle_chunk,8,0.0,128,128.0,0.8821343779563904,0.7777099609375
1,17,oracle_chunk,8,0.0,256,256.0,0.9561955332756042,0.98443603515625
1,17,oracle_chunk,8,0.0,512,512.0,0.9905774593353271,1.0
1,17,landmark,8,0.0,64,64.0,0.6250048279762268,0.422210693359375
1,17,landmark,8,0.0,128,128.0,0.7834511399269104,0.6576461791992188
1,17,landmark,8,0.0,256,256.0,0.9136533737182617,0.867156982421875
1,17,landmark,8,0.0,512,512.0,0.9792346358299255,0.9750442504882812
1,17,landmark,8,0.005,64,88.0,0.6258721947669983,0.4230804443359375
1,17,landmark,8,0.005,128,152.0,0.7843185067176819,0.6585159301757812
1,17,landmark,8,0.005,256,280.0,0.914520800113678,0.8680267333984375
1,17,landmark,8,0.005,512,536.0,0.9798394441604614,0.97589111328125
1,17,landmark,8,0.01,64,104.0,0.6373667120933533,0.43468475341796875
1,17,landmark,8,0.01,128,168.0,0.7958130240440369,0.6701202392578125
1,17,landmark,8,0.01,256,296.0,0.915905237197876,0.8700332641601562
1,17,landmark,8,0.01,512,552.0,0.97993004322052,0.9760208129882812
1,17,landmark,8,0.02,64,144.0,0.6463288068771362,0.4503936767578125
1,17,landmark,8,0.02,128,208.0,0.8040912747383118,0.6848526000976562
1,17,landmark,8,0.02,256,336.0,0.921180248260498,0.8773956298828125
1,17,landmark,8,0.02,512,592.0,0.9811371564865112,0.9771652221679688
1,17,landmark,8,0.05,64,264.0,0.6831599473953247,0.5085525512695312
1,17,landmark,8,0.05,128,328.0,0.8316342830657959,0.7277069091796875
1,17,landmark,8,0.05,256,456.0,0.93865966796875,0.9065475463867188
1,17,landmark,8,0.05,512,712.0,0.9851365685462952,0.9838333129882812
1,17,oracle_chunk,16,0.0,64,64.0,0.7046414613723755,0.41643524169921875
1,17,oracle_chunk,16,0.0,128,128.0,0.8466216325759888,0.6927566528320312
1,17,oracle_chunk,16,0.0,256,256.0,0.942668616771698,0.9364395141601562
1,17,oracle_chunk,16,0.0,512,512.0,0.9872769117355347,0.999298095703125
1,17,landmark,16,0.0,64,64.0,0.5981376767158508,0.3881378173828125
1,17,landmark,16,0.0,128,128.0,0.7516782879829407,0.6087493896484375
1,17,landmark,16,0.0,256,256.0,0.8993817567825317,0.8440170288085938
1,17,landmark,16,0.0,512,512.0,0.9746129512786865,0.9685745239257812
1,17,landmark,16,0.005,64,80.0,0.6068954467773438,0.401397705078125
1,17,landmark,16,0.005,128,144.0,0.760435938835144,0.62200927734375
1,17,landmark,16,0.005,256,272.0,0.9078532457351685,0.8550796508789062
1,17,landmark,16,0.005,512,528.0,0.9767152070999146,0.9712905883789062
1,17,landmark,16,0.01,64,112.0,0.6075694561004639,0.40253448486328125
1,17,landmark,16,0.01,128,176.0,0.7611100077629089,0.6231460571289062
1,17,landmark,16,0.01,256,304.0,0.9085273742675781,0.8562164306640625
1,17,landmark,16,0.01,512,560.0,0.9776606559753418,0.9725875854492188
1,17,landmark,16,0.02,64,144.0,0.6209208369255066,0.41645050048828125
1,17,landmark,16,0.02,128,208.0,0.7735035419464111,0.6363601684570312
1,17,landmark,16,0.02,256,336.0,0.913378119468689,0.8611679077148438
1,17,landmark,16,0.02,512,592.0,0.9777759313583374,0.9726638793945312
1,17,landmark,16,0.05,64,272.0,0.6546560525894165,0.4728851318359375
1,17,landmark,16,0.05,128,336.0,0.8030304312705994,0.6805953979492188
1,17,landmark,16,0.05,256,464.0,0.9330517053604126,0.8899002075195312
1,17,landmark,16,0.05,512,720.0,0.9829519987106323,0.9799957275390625
1,17,oracle_chunk,32,0.0,64,64.0,0.6197397708892822,0.357666015625
1,17,oracle_chunk,32,0.0,128,128.0,0.7994526624679565,0.6270370483398438
1,17,oracle_chunk,32,0.0,256,256.0,0.9233689308166504,0.8776626586914062
1,17,oracle_chunk,32,0.0,512,512.0,0.9829327464103699,0.9920654296875
1,17,landmark,32,0.0,64,64.0,0.43545541167259216,0.33304595947265625
1,17,landmark,32,0.0,128,128.0,0.714325487613678,0.5892486572265625
1,17,landmark,32,0.0,256,256.0,0.8831244111061096,0.8230819702148438
1,17,landmark,32,0.0,512,512.0,0.9641653299331665,0.9478912353515625
1,17,landmark,32,0.005,64,96.0,0.5028596520423889,0.3798828125
1,17,landmark,32,0.005,128,160.0,0.722611129283905,0.59814453125
1,17,landmark,32,0.005,256,288.0,0.8915486335754395,0.8346633911132812
1,17,landmark,32,0.005,512,544.0,0.9672528505325317,0.9518280029296875
1,17,landmark,32,0.01,64,96.0,0.5028596520423889,0.3798828125
1,17,landmark,32,0.01,128,160.0,0.722611129283905,0.59814453125
1,17,landmark,32,0.01,256,288.0,0.8915486335754395,0.8346633911132812
1,17,landmark,32,0.01,512,544.0,0.9672528505325317,0.9518280029296875
1,17,landmark,32,0.02,64,160.0,0.5048206448554993,0.38304901123046875
1,17,landmark,32,0.02,128,224.0,0.724571943283081,0.6013107299804688
1,17,landmark,32,0.02,256,352.0,0.8935954570770264,0.8382492065429688
1,17,landmark,32,0.02,512,608.0,0.969519853591919,0.955413818359375
1,17,landmark,32,0.05,64,256.0,0.5265973806381226,0.4070892333984375
1,17,landmark,32,0.05,128,320.0,0.7458367347717285,0.6248321533203125
1,17,landmark,32,0.05,256,448.0,0.9028064012527466,0.8503570556640625
1,17,landmark,32,0.05,512,704.0,0.9712907671928406,0.957733154296875
1,18,oracle_token,1,0.0,64,64.0,0.847034752368927,1.0
1,18,oracle_token,1,0.0,128,128.0,0.9201247692108154,1.0
1,18,oracle_token,1,0.0,256,256.0,0.9675977826118469,1.0
1,18,oracle_token,1,0.0,512,512.0,0.9905111789703369,1.0
1,18,oracle_chunk,4,0.0,64,64.0,0.7518652677536011,0.5529632568359375
1,18,oracle_chunk,4,0.0,128,128.0,0.8617237210273743,0.859954833984375
1,18,oracle_chunk,4,0.0,256,256.0,0.9403538703918457,0.9990005493164062
1,18,oracle_chunk,4,0.0,512,512.0,0.9814079999923706,1.0
1,18,landmark,4,0.0,64,64.0,0.5814892053604126,0.4264068603515625
1,18,landmark,4,0.0,128,128.0,0.7412233352661133,0.6514053344726562
1,18,landmark,4,0.0,256,256.0,0.8769222497940063,0.8611602783203125
1,18,landmark,4,0.0,512,512.0,0.9576202630996704,0.964263916015625
1,18,landmark,4,0.005,64,84.0,0.5952848792076111,0.4460601806640625
1,18,landmark,4,0.005,128,148.0,0.7533605098724365,0.6694564819335938
1,18,landmark,4,0.005,256,276.0,0.8838886618614197,0.8708572387695312
1,18,landmark,4,0.005,512,532.0,0.961098849773407,0.9697036743164062
1,18,landmark,4,0.01,64,104.0,0.6078108549118042,0.4622955322265625
1,18,landmark,4,0.01,128,168.0,0.7621392011642456,0.6825408935546875
1,18,landmark,4,0.01,256,296.0,0.8873330354690552,0.875396728515625
1,18,landmark,4,0.01,512,552.0,0.9621716737747192,0.9702987670898438
1,18,landmark,4,0.02,64,144.0,0.6170070767402649,0.47704315185546875
1,18,landmark,4,0.02,128,208.0,0.7710296511650085,0.6966018676757812
1,18,landmark,4,0.02,256,336.0,0.8926528096199036,0.8835906982421875
1,18,landmark,4,0.02,512,592.0,0.9636484384536743,0.9719772338867188
1,18,landmark,4,0.05,64,264.0,0.6671690940856934,0.5413742065429688
1,18,landmark,4,0.05,128,328.0,0.8021335601806641,0.7473220825195312
1,18,landmark,4,0.05,256,456.0,0.9127565622329712,0.9115829467773438
1,18,landmark,4,0.05,512,712.0,0.9700087308883667,0.9782562255859375
1,18,oracle_chunk,8,0.0,64,64.0,0.6831938624382019,0.4439239501953125
1,18,oracle_chunk,8,0.0,128,128.0,0.814866840839386,0.714202880859375
1,18,oracle_chunk,8,0.0,256,256.0,0.9173872470855713,0.9446640014648438
1,18,oracle_chunk,8,0.0,512,512.0,0.9737755656242371,0.9996261596679688
1,18,landmark,8,0.0,64,64.0,0.49034252762794495,0.375518798828125
1,18,landmark,8,0.0,128,128.0,0.650701105594635,0.5668411254882812
1,18,landmark,8,0.0,256,256.0,0.8263763785362244,0.7957000732421875
1,18,landmark,8,0.0,512,512.0,0.942354142665863,0.9345016479492188
1,18,landmark,8,0.005,64,88.0,0.5183618664741516,0.40970611572265625
1,18,landmark,8,0.005,128,152.0,0.6719329357147217,0.59906005859375
1,18,landmark,8,0.005,256,280.0,0.838450014591217,0.8090286254882812
1,18,landmark,8,0.005,512,536.0,0.9457908272743225,0.939666748046875
1,18,landmark,8,0.01,64,104.0,0.5223960280418396,0.41484832763671875
1,18,landmark,8,0.01,128,168.0,0.675807535648346,0.6049423217773438
1,18,landmark,8,0.01,256,296.0,0.8412035703659058,0.8129653930664062
1,18,landmark,8,0.01,512,552.0,0.947712242603302,0.942138671875
1,18,landmark,8,0.02,64,144.0,0.5467802286148071,0.42938995361328125
1,18,landmark,8,0.02,128,208.0,0.6988064050674438,0.6187591552734375
1,18,landmark,8,0.02,256,336.0,0.8554289937019348,0.8222579956054688
1,18,landmark,8,0.02,512,592.0,0.9493618011474609,0.9438858032226562
1,18,landmark,8,0.05,64,264.0,0.5931485295295715,0.49105072021484375
1,18,landmark,8,0.05,128,328.0,0.7344440817832947,0.6676177978515625
1,18,landmark,8,0.05,256,456.0,0.87579345703125,0.8500289916992188
1,18,landmark,8,0.05,512,712.0,0.9578530788421631,0.9545211791992188
1,18,oracle_chunk,16,0.0,64,64.0,0.6195456981658936,0.3946380615234375
1,18,oracle_chunk,16,0.0,128,128.0,0.7716604471206665,0.630645751953125
1,18,oracle_chunk,16,0.0,256,256.0,0.8947131633758545,0.8773422241210938
1,18,oracle_chunk,16,0.0,512,512.0,0.9650982618331909,0.9875259399414062
1,18,landmark,16,0.0,64,64.0,0.40826722979545593,0.3406829833984375
1,18,landmark,16,0.0,128,128.0,0.6042793989181519,0.53741455078125
1,18,landmark,16,0.0,256,256.0,0.792628824710846,0.7569656372070312
1,18,landmark,16,0.0,512,512.0,0.9278123378753662,0.9147720336914062
1,18,landmark,16,0.005,64,80.0,0.43523871898651123,0.3796234130859375
1,18,landmark,16,0.005,128,144.0,0.6277825832366943,0.564422607421875
1,18,landmark,16,0.005,256,272.0,0.805274486541748,0.7723770141601562
1,18,landmark,16,0.005,512,528.0,0.9318402409553528,0.9198226928710938
1,18,landmark,16,0.01,64,112.0,0.4500252306461334,0.39823150634765625
1,18,landmark,16,0.01,128,176.0,0.6497790813446045,0.5851898193359375
1,18,landmark,16,0.01,256,304.0,0.8140344619750977,0.7835845947265625
1,18,landmark,16,0.01,512,560.0,0.9361226558685303,0.9259262084960938
1,18,landmark,16,0.02,64,144.0,0.4663945436477661,0.422393798828125
1,18,landmark,16,0.02,128,208.0,0.6611475348472595,0.5992584228515625
1,18,landmark,16,0.02,256,336.0,0.8215237259864807,0.7950592041015625
1,18,landmark,16,0.02,512,592.0,0.9389293193817139,0.9292526245117188
1,18,landmark,16,0.05,64,272.0,0.48402148485183716,0.42993927001953125
1,18,landmark,16,0.05,128,336.0,0.6787744760513306,0.6068038940429688
1,18,landmark,16,0.05,256,464.0,0.8359137773513794,0.8017501831054688
1,18,landmark,16,0.05,512,720.0,0.9423602819442749,0.9324264526367188
1,18,oracle_chunk,32,0.0,64,64.0,0.5370393395423889,0.33164215087890625
1,18,oracle_chunk,32,0.0,128,128.0,0.7065305113792419,0.5575027465820312
1,18,oracle_chunk,32,0.0,256,256.0,0.8652448654174805,0.8122177124023438
1,18,oracle_chunk,32,0.0,512,512.0,0.9557859301567078,0.9626388549804688
1,18,landmark,32,0.0,64,64.0,0.32145074009895325,0.29206085205078125
1,18,landmark,32,0.0,128,128.0,0.5505704283714294,0.502410888671875
1,18,landmark,32,0.0,256,256.0,0.7514472603797913,0.7159576416015625
1,18,landmark,32,0.0,512,512.0,0.9004496932029724,0.8868255615234375
1,18,landmark,32,0.005,64,96.0,0.38815414905548096,0.37335968017578125
1,18,landmark,32,0.005,128,160.0,0.5948529243469238,0.5595932006835938
1,18,landmark,32,0.005,256,288.0,0.7728785276412964,0.73980712890625
1,18,landmark,32,0.005,512,544.0,0.9154044389724731,0.9010009765625
1,18,landmark,32,0.01,64,96.0,0.38815414905548096,0.37335968017578125
1,18,landmark,32,0.01,128,160.0,0.5948529243469238,0.5595932006835938
1,18,landmark,32,0.01,256,288.0,0.7728785276412964,0.73980712890625
1,18,landmark,32,0.01,512,544.0,0.9154044389724731,0.9010009765625
1,18,landmark,32,0.02,64,160.0,0.423981636762619,0.40663909912109375
1,18,landmark,32,0.02,128,224.0,0.6142789721488953,0.586212158203125
1,18,landmark,32,0.02,256,352.0,0.7884472012519836,0.7574844360351562
1,18,landmark,32,0.02,512,608.0,0.9241997599601746,0.9115219116210938
1,18,landmark,32,0.05,64,256.0,0.4696289002895355,0.454315185546875
1,18,landmark,32,0.05,128,320.0,0.6491431593894958,0.6159439086914062
1,18,landmark,32,0.05,256,448.0,0.805791437625885,0.7755126953125
1,18,landmark,32,0.05,512,704.0,0.929718554019928,0.917877197265625
1,19,oracle_token,1,0.0,64,64.0,0.9469648003578186,1.0
1,19,oracle_token,1,0.0,128,128.0,0.9792850613594055,1.0
1,19,oracle_token,1,0.0,256,256.0,0.9949669241905212,1.0
1,19,oracle_token,1,0.0,512,512.0,0.9993191957473755,1.0
1,19,oracle_chunk,4,0.0,64,64.0,0.8926149606704712,0.5886764526367188
1,19,oracle_chunk,4,0.0,128,128.0,0.9503002762794495,0.8984603881835938
1,19,oracle_chunk,4,0.0,256,256.0,0.982923150062561,0.999481201171875
1,19,oracle_chunk,4,0.0,512,512.0,0.9965823888778687,1.0
1,19,landmark,4,0.0,64,64.0,0.7786028981208801,0.51983642578125
1,19,landmark,4,0.0,128,128.0,0.8684155941009521,0.7253646850585938
1,19,landmark,4,0.0,256,256.0,0.9221863746643066,0.8748092651367188
1,19,landmark,4,0.0,512,512.0,0.977969229221344,0.96942138671875
1,19,landmark,4,0.005,64,84.0,0.7947227954864502,0.5422134399414062
1,19,landmark,4,0.005,128,148.0,0.884438157081604,0.7470626831054688
1,19,landmark,4,0.005,256,276.0,0.9356412291526794,0.89202880859375
1,19,landmark,4,0.005,512,532.0,0.9795328974723816,0.971466064453125
1,19,landmark,4,0.01,64,104.0,0.7951334118843079,0.5425643920898438
1,19,landmark,4,0.01,128,168.0,0.8848488330841064,0.7474136352539062
1,19,landmark,4,0.01,256,296.0,0.9360663890838623,0.892547607421875
1,19,landmark,4,0.01,512,552.0,0.9799015522003174,0.9717788696289062
1,19,landmark,4,0.02,64,144.0,0.8017659187316895,0.5542144775390625
1,19,landmark,4,0.02,128,208.0,0.8888735771179199,0.756256103515625
1,19,landmark,4,0.02,256,336.0,0.9387607574462891,0.8975906372070312
1,19,landmark,4,0.02,512,592.0,0.9830300211906433,0.9742431640625
1,19,landmark,4,0.05,64,264.0,0.814860463142395,0.5957412719726562
1,19,landmark,4,0.05,128,328.0,0.8977765440940857,0.7866058349609375
1,19,landmark,4,0.05,256,456.0,0.9441424608230591,0.9115676879882812
1,19,landmark,4,0.05,512,712.0,0.9878906011581421,0.9793777465820312
1,19,oracle_chunk,8,0.0,64,64.0,0.8513750433921814,0.4953460693359375
1,19,oracle_chunk,8,0.0,128,128.0,0.9275047779083252,0.7758560180664062
1,19,oracle_chunk,8,0.0,256,256.0,0.9744499325752258,0.968109130859375
1,19,oracle_chunk,8,0.0,512,512.0,0.9937455654144287,0.9999771118164062
1,19,landmark,8,0.0,64,64.0,0.7206681370735168,0.4608612060546875
1,19,landmark,8,0.0,128,128.0,0.8356242179870605,0.6732025146484375
1,19,landmark,8,0.0,256,256.0,0.9208223223686218,0.8565444946289062
1,19,landmark,8,0.0,512,512.0,0.9647047519683838,0.95965576171875
1,19,landmark,8,0.005,64,88.0,0.7453804612159729,0.49304962158203125
1,19,landmark,8,0.005,128,152.0,0.8603366613388062,0.7053909301757812
1,19,landmark,8,0.005,256,280.0,0.9305068254470825,0.8748550415039062
1,19,landmark,8,0.005,512,536.0,0.9661470055580139,0.9614715576171875
1,19,landmark,8,0.01,64,104.0,0.7458003163337708,0.49394989013671875
1,19,landmark,8,0.01,128,168.0,0.860756516456604,0.7062911987304688
1,19,landmark,8,0.01,256,296.0,0.9309267401695251,0.8757553100585938
1,19,landmark,8,0.01,512,552.0,0.9665668606758118,0.962371826171875
1,19,landmark,8,0.02,64,144.0,0.7535120248794556,0.510467529296875
1,19,landmark,8,0.02,128,208.0,0.8676623106002808,0.7215957641601562
1,19,landmark,8,0.02,256,336.0,0.9356788992881775,0.8855056762695312
1,19,landmark,8,0.02,512,592.0,0.9698280096054077,0.965728759765625
1,19,landmark,8,0.05,64,264.0,0.7610759735107422,0.5283203125
1,19,landmark,8,0.05,128,328.0,0.8750924468040466,0.7366256713867188
1,19,landmark,8,0.05,256,456.0,0.9417108297348022,0.8989334106445312
1,19,landmark,8,0.05,512,712.0,0.9755340814590454,0.9717025756835938
1,19,oracle_chunk,16,0.0,64,64.0,0.8016221523284912,0.44132232666015625
1,19,oracle_chunk,16,0.0,128,128.0,0.89936363697052,0.6961822509765625
1,19,oracle_chunk,16,0.0,256,256.0,0.9628963470458984,0.9197158813476562
1,19,oracle_chunk,16,0.0,512,512.0,0.9911823272705078,0.9942474365234375
1,19,landmark,16,0.0,64,64.0,0.6575355529785156,0.42321014404296875
1,19,landmark,16,0.0,128,128.0,0.8131797909736633,0.6417999267578125
1,19,landmark,16,0.0,256,256.0,0.9116079807281494,0.8411178588867188
1,19,landmark,16,0.0,512,512.0,0.9618788957595825,0.948944091796875
1,19,landmark,16,0.005,64,80.0,0.6827530264854431,0.46099090576171875
1,19,landmark,16,0.005,128,144.0,0.8275663256645203,0.6649932861328125
1,19,landmark,16,0.005,256,272.0,0.9184027910232544,0.8550033569335938
1,19,landmark,16,0.005,512,528.0,0.964118480682373,0.9512481689453125
1,19,landmark,16,0.01,64,112.0,0.6925520300865173,0.48247528076171875
1,19,landmark,16,0.01,128,176.0,0.8386455774307251,0.686279296875
1,19,landmark,16,0.01,256,304.0,0.9252332448959351,0.8682632446289062
1,19,landmark,16,0.01,512,560.0,0.9664080142974854,0.9535751342773438
1,19,landmark,16,0.02,64,144.0,0.6929718852043152,0.48337554931640625
1,19,landmark,16,0.02,128,208.0,0.8390654921531677,0.6871795654296875
1,19,landmark,16,0.02,256,336.0,0.9256531000137329,0.8691635131835938
1,19,landmark,16,0.02,512,592.0,0.9668278098106384,0.9544754028320312
1,19,landmark,16,0.05,64,272.0,0.7011575698852539,0.5051422119140625
1,19,landmark,16,0.05,128,336.0,0.8466213941574097,0.7054672241210938
1,19,landmark,16,0.05,256,464.0,0.9318599700927734,0.880401611328125
1,19,landmark,16,0.05,512,720.0,0.9714959263801575,0.9595794677734375
1,19,oracle_chunk,32,0.0,64,64.0,0.7307453155517578,0.39203643798828125
1,19,oracle_chunk,32,0.0,128,128.0,0.8654177784919739,0.6321182250976562
1,19,oracle_chunk,32,0.0,256,256.0,0.9503979682922363,0.873321533203125
1,19,oracle_chunk,32,0.0,512,512.0,0.9875356554985046,0.9820404052734375
1,19,landmark,32,0.0,64,64.0,0.6123247742652893,0.39064788818359375
1,19,landmark,32,0.0,128,128.0,0.7838488817214966,0.6159820556640625
1,19,landmark,32,0.0,256,256.0,0.9012513756752014,0.8238906860351562
1,19,landmark,32,0.0,512,512.0,0.9616303443908691,0.9445571899414062
1,19,landmark,32,0.005,64,96.0,0.6593607068061829,0.469512939453125
1,19,landmark,32,0.005,128,160.0,0.8128180503845215,0.6691055297851562
1,19,landmark,32,0.005,256,288.0,0.9151843786239624,0.8539276123046875
1,19,landmark,32,0.005,512,544.0,0.9659628868103027,0.953826904296875
1,19,landmark,32,0.01,64,96.0,0.6593607068061829,0.469512939453125
1,19,landmark,32,0.01,128,160.0,0.8128180503845215,0.6691055297851562
1,19,landmark,32,0.01,256,288.0,0.9151843786239624,0.8539276123046875
1,19,landmark,32,0.01,512,544.0,0.9659628868103027,0.953826904296875
1,19,landmark,32,0.02,64,160.0,0.7074510455131531,0.5221023559570312
1,19,landmark,32,0.02,128,224.0,0.8482999801635742,0.7100143432617188
1,19,landmark,32,0.02,256,352.0,0.9263755083084106,0.876129150390625
1,19,landmark,32,0.02,512,608.0,0.9706394672393799,0.9588394165039062
1,19,landmark,32,0.05,64,256.0,0.7101849317550659,0.5264434814453125
1,19,landmark,32,0.05,128,320.0,0.8510338664054871,0.71435546875
1,19,landmark,32,0.05,256,448.0,0.9291094541549683,0.8804702758789062
1,19,landmark,32,0.05,512,704.0,0.9733927249908447,0.963470458984375
1,20,oracle_token,1,0.0,64,64.0,0.9236143231391907,1.0
1,20,oracle_token,1,0.0,128,128.0,0.9619177579879761,1.0
1,20,oracle_token,1,0.0,256,256.0,0.9855106472969055,1.0
1,20,oracle_token,1,0.0,512,512.0,0.9957826137542725,1.0
1,20,oracle_chunk,4,0.0,64,64.0,0.8632290363311768,0.46126556396484375
1,20,oracle_chunk,4,0.0,128,128.0,0.9268931150436401,0.7694244384765625
1,20,oracle_chunk,4,0.0,256,256.0,0.9705719947814941,0.9951095581054688
1,20,oracle_chunk,4,0.0,512,512.0,0.9909185767173767,1.0
1,20,landmark,4,0.0,64,64.0,0.5502175092697144,0.34194183349609375
1,20,landmark,4,0.0,128,128.0,0.6574671864509583,0.525665283203125
1,20,landmark,4,0.0,256,256.0,0.8499494791030884,0.7324447631835938
1,20,landmark,4,0.0,512,512.0,0.9681459665298462,0.883148193359375
1,20,landmark,4,0.005,64,84.0,0.7580373883247375,0.37298583984375
1,20,landmark,4,0.005,128,148.0,0.8453811407089233,0.5495986938476562
1,20,landmark,4,0.005,256,276.0,0.9257618188858032,0.7469406127929688
1,20,landmark,4,0.005,512,532.0,0.9692554473876953,0.8876495361328125
1,20,landmark,4,0.01,64,104.0,0.7663902044296265,0.38623809814453125
1,20,landmark,4,0.01,128,168.0,0.8522313833236694,0.5608062744140625
1,20,landmark,4,0.01,256,296.0,0.9302715063095093,0.75457763671875
1,20,landmark,4,0.01,512,552.0,0.9703570604324341,0.89141845703125
1,20,landmark,4,0.02,64,144.0,0.7700647711753845,0.399688720703125
1,20,landmark,4,0.02,128,208.0,0.8557113409042358,0.5733184814453125
1,20,landmark,4,0.02,256,336.0,0.9332056641578674,0.7647781372070312
1,20,landmark,4,0.02,512,592.0,0.972223162651062,0.8980789184570312
1,20,landmark,4,0.05,64,264.0,0.8077599406242371,0.46311187744140625
1,20,landmark,4,0.05,128,328.0,0.881912112236023,0.626861572265625
1,20,landmark,4,0.05,256,456.0,0.9471684694290161,0.8001785278320312
1,20,landmark,4,0.05,512,712.0,0.9781052470207214,0.9164352416992188
1,20,oracle_chunk,8,0.0,64,64.0,0.827016294002533,0.35912322998046875
1,20,oracle_chunk,8,0.0,128,128.0,0.9040118455886841,0.6063156127929688
1,20,oracle_chunk,8,0.0,256,256.0,0.9592955112457275,0.8857192993164062
1,20,oracle_chunk,8,0.0,512,512.0,0.9873085618019104,0.9982757568359375
1,20,landmark,8,0.0,64,64.0,0.3267030715942383,0.3014373779296875
1,20,landmark,8,0.0,128,128.0,0.5457162857055664,0.46636199951171875
1,20,landmark,8,0.0,256,256.0,0.7021770477294922,0.6718597412109375
1,20,landmark,8,0.0,512,512.0,0.7864570617675781,0.8300933837890625
1,20,landmark,8,0.005,64,88.0,0.7314503192901611,0.33838653564453125
1,20,landmark,8,0.005,128,152.0,0.8191298246383667,0.49471282958984375
1,20,landmark,8,0.005,256,280.0,0.9139444231987,0.6884536743164062
1,20,landmark,8,0.005,512,536.0,0.9588556885719299,0.8391265869140625
1,20,landmark,8,0.01,64,104.0,0.7358522415161133,0.3499603271484375
1,20,landmark,8,0.01,128,168.0,0.8235951066017151,0.5056304931640625
1,20,landmark,8,0.01,256,296.0,0.9173228740692139,0.6971054077148438
1,20,landmark,8,0.01,512,552.0,0.9599520564079285,0.84326171875
1,20,landmark,8,0.02,64,144.0,0.7388400435447693,0.36255645751953125
1,20,landmark,8,0.02,128,208.0,0.8279728293418884,0.5187530517578125
1,20,landmark,8,0.02,256,336.0,0.9203407168388367,0.708648681640625
1,20,landmark,8,0.02,512,592.0,0.961726188659668,0.8497772216796875
1,20,landmark,8,0.05,64,264.0,0.7635374069213867,0.41185760498046875
1,20,landmark,8,0.05,128,328.0,0.8478633761405945,0.5604705810546875
1,20,landmark,8,0.05,256,456.0,0.932744562625885,0.7382965087890625
1,20,landmark,8,0.05,512,712.0,0.9684733152389526,0.869537353515625
1,20,oracle_chunk,16,0.0,64,64.0,0.776660680770874,0.27753448486328125
1,20,oracle_chunk,16,0.0,128,128.0,0.8737920522689819,0.4935150146484375
1,20,oracle_chunk,16,0.0,256,256.0,0.9461348056793213,0.7626800537109375
1,20,oracle_chunk,16,0.0,512,512.0,0.9823611378669739,0.9561691284179688
1,20,landmark,16,0.0,64,64.0,0.28443238139152527,0.26168060302734375
1,20,landmark,16,0.0,128,128.0,0.4176146388053894,0.41820526123046875
1,20,landmark,16,0.0,256,256.0,0.6358844637870789,0.619415283203125
1,20,landmark,16,0.0,512,512.0,0.7348901033401489,0.8025970458984375
1,20,landmark,16,0.005,64,80.0,0.629692554473877,0.29479217529296875
1,20,landmark,16,0.005,128,144.0,0.7281306982040405,0.44760894775390625
1,20,landmark,16,0.005,256,272.0,0.8321130871772766,0.6355972290039062
1,20,landmark,16,0.005,512,528.0,0.9232404828071594,0.8116607666015625
1,20,landmark,16,0.01,64,112.0,0.7089741230010986,0.32054901123046875
1,20,landmark,16,0.01,128,176.0,0.8055766224861145,0.4713287353515625
1,20,landmark,16,0.01,256,304.0,0.9014332294464111,0.6510086059570312
1,20,landmark,16,0.01,512,560.0,0.957484245300293,0.8230667114257812
1,20,landmark,16,0.02,64,144.0,0.7099658250808716,0.32651519775390625
1,20,landmark,16,0.02,128,208.0,0.8065683245658875,0.477294921875
1,20,landmark,16,0.02,256,336.0,0.9024291038513184,0.656890869140625
1,20,landmark,16,0.02,512,592.0,0.9586847424507141,0.828155517578125
1,20,landmark,16,0.05,64,272.0,0.7357192039489746,0.392303466796875
1,20,landmark,16,0.05,128,336.0,0.8283805251121521,0.5351638793945312
1,20,landmark,16,0.05,256,464.0,0.9114879965782166,0.6923751831054688
1,20,landmark,16,0.05,512,720.0,0.9656342267990112,0.8549270629882812
1,20,oracle_chunk,32,0.0,64,64.0,0.7083913087844849,0.20062255859375
1,20,oracle_chunk,32,0.0,128,128.0,0.8278563022613525,0.394622802734375
1,20,oracle_chunk,32,0.0,256,256.0,0.9263331890106201,0.6560134887695312
1,20,oracle_chunk,32,0.0,512,512.0,0.9749463200569153,0.8863601684570312
1,20,landmark,32,0.0,64,64.0,0.23852196335792542,0.23419189453125
1,20,landmark,32,0.0,128,128.0,0.3810407519340515,0.38233184814453125
1,20,landmark,32,0.0,256,256.0,0.597958505153656,0.5790557861328125
1,20,landmark,32,0.0,512,512.0,0.7000971436500549,0.76385498046875
1,20,landmark,32,0.005,64,96.0,0.5999214053153992,0.2857208251953125
1,20,landmark,32,0.005,128,160.0,0.6896910667419434,0.42766571044921875
1,20,landmark,32,0.005,256,288.0,0.8142644762992859,0.6053695678710938
1,20,landmark,32,0.005,512,544.0,0.8937299251556396,0.7783737182617188
1,20,landmark,32,0.01,64,96.0,0.5999214053153992,0.2857208251953125
1,20,landmark,32,0.01,128,160.0,0.6896910667419434,0.42766571044921875
1,20,landmark,32,0.01,256,288.0,0.8142644762992859,0.6053695678710938
1,20,landmark,32,0.01,512,544.0,0.8937299251556396,0.7783737182617188
1,20,landmark,32,0.02,64,160.0,0.6888076066970825,0.32463836669921875
1,20,landmark,32,0.02,128,224.0,0.7713959217071533,0.45818328857421875
1,20,landmark,32,0.02,256,352.0,0.8889501094818115,0.6249237060546875
1,20,landmark,32,0.02,512,608.0,0.9518530368804932,0.7939682006835938
1,20,landmark,32,0.05,64,256.0,0.709063708782196,0.37236785888671875
1,20,landmark,32,0.05,128,320.0,0.7902623414993286,0.5053253173828125
1,20,landmark,32,0.05,256,448.0,0.9061658382415771,0.665618896484375
1,20,landmark,32,0.05,512,704.0,0.9570732712745667,0.8223342895507812
1,21,oracle_token,1,0.0,64,64.0,0.9504193067550659,1.0
1,21,oracle_token,1,0.0,128,128.0,0.9783648252487183,1.0
1,21,oracle_token,1,0.0,256,256.0,0.9933302998542786,1.0
1,21,oracle_token,1,0.0,512,512.0,0.9989256858825684,1.0
1,21,oracle_chunk,4,0.0,64,64.0,0.8937610983848572,0.4608917236328125
1,21,oracle_chunk,4,0.0,128,128.0,0.9483358860015869,0.7695693969726562
1,21,oracle_chunk,4,0.0,256,256.0,0.9812755584716797,0.9997024536132812
1,21,oracle_chunk,4,0.0,512,512.0,0.9961159229278564,1.0
1,21,landmark,4,0.0,64,64.0,0.6245051026344299,0.387786865234375
1,21,landmark,4,0.0,128,128.0,0.7910736799240112,0.5721588134765625
1,21,landmark,4,0.0,256,256.0,0.8970820903778076,0.7526092529296875
1,21,landmark,4,0.0,512,512.0,0.9674933552742004,0.8952713012695312
1,21,landmark,4,0.005,64,84.0,0.6754938960075378,0.41277313232421875
1,21,landmark,4,0.005,128,148.0,0.8014965057373047,0.58721923828125
1,21,landmark,4,0.005,256,276.0,0.901203989982605,0.759735107421875
1,21,landmark,4,0.005,512,532.0,0.9689068794250488,0.898345947265625
1,21,landmark,4,0.01,64,104.0,0.6817885637283325,0.4189605712890625
1,21,landmark,4,0.01,128,168.0,0.8061438798904419,0.593292236328125
1,21,landmark,4,0.01,256,296.0,0.9032676219940186,0.7639541625976562
1,21,landmark,4,0.01,512,552.0,0.9695452451705933,0.8999786376953125
1,21,landmark,4,0.02,64,144.0,0.6920424699783325,0.444488525390625
1,21,landmark,4,0.02,128,208.0,0.813649594783783,0.6146697998046875
1,21,landmark,4,0.02,256,336.0,0.9078155755996704,0.7776260375976562
1,21,landmark,4,0.02,512,592.0,0.9709736108779907,0.9056243896484375
1,21,landmark,4,0.05,64,264.0,0.7158019542694092,0.4900360107421875
1,21,landmark,4,0.05,128,328.0,0.8288429975509644,0.6533737182617188
1,21,landmark,4,0.05,256,456.0,0.9190911054611206,0.8047866821289062
1,21,landmark,4,0.05,512,712.0,0.9759332537651062,0.9205703735351562
1,21,oracle_chunk,8,0.0,64,64.0,0.8439734578132629,0.34820556640625
1,21,oracle_chunk,8,0.0,128,128.0,0.9212265014648438,0.5941848754882812
1,21,oracle_chunk,8,0.0,256,256.0,0.9702427387237549,0.8786163330078125
1,21,oracle_chunk,8,0.0,512,512.0,0.9932913184165955,0.9999923706054688
1,21,landmark,8,0.0,64,64.0,0.4761258363723755,0.3082427978515625
1,21,landmark,8,0.0,128,128.0,0.6158905029296875,0.4919281005859375
1,21,landmark,8,0.0,256,256.0,0.7531523704528809,0.688873291015625
1,21,landmark,8,0.0,512,512.0,0.9102888107299805,0.850982666015625
1,21,landmark,8,0.005,64,88.0,0.576076865196228,0.339630126953125
1,21,landmark,8,0.005,128,152.0,0.7094724774360657,0.5179367065429688
1,21,landmark,8,0.005,256,280.0,0.8318595290184021,0.7034988403320312
1,21,landmark,8,0.005,512,536.0,0.9132545590400696,0.85736083984375
1,21,landmark,8,0.01,64,104.0,0.5786966681480408,0.345611572265625
1,21,landmark,8,0.01,128,168.0,0.7108777761459351,0.5236129760742188
1,21,landmark,8,0.01,256,296.0,0.8330085277557373,0.7082977294921875
1,21,landmark,8,0.01,512,552.0,0.9171547293663025,0.8607025146484375
1,21,landmark,8,0.02,64,144.0,0.5844393968582153,0.3504180908203125
1,21,landmark,8,0.02,128,208.0,0.7166864275932312,0.5287322998046875
1,21,landmark,8,0.02,256,336.0,0.8387875556945801,0.7134933471679688
1,21,landmark,8,0.02,512,592.0,0.922080397605896,0.8656539916992188
1,21,landmark,8,0.05,64,264.0,0.6183536648750305,0.40525054931640625
1,21,landmark,8,0.05,128,328.0,0.7354236245155334,0.5731964111328125
1,21,landmark,8,0.05,256,456.0,0.8512553572654724,0.7432174682617188
1,21,landmark,8,0.05,512,712.0,0.9312254190444946,0.8831787109375
1,21,oracle_chunk,16,0.0,64,64.0,0.7789517641067505,0.2790679931640625
1,21,oracle_chunk,16,0.0,128,128.0,0.8793956637382507,0.47623443603515625
1,21,oracle_chunk,16,0.0,256,256.0,0.9513109922409058,0.74188232421875
1,21,oracle_chunk,16,0.0,512,512.0,0.9883801341056824,0.9545745849609375
1,21,landmark,16,0.0,64,64.0,0.44717279076576233,0.262969970703125
1,21,landmark,16,0.0,128,128.0,0.5579833984375,0.420562744140625
1,21,landmark,16,0.0,256,256.0,0.6752292513847351,0.6332168579101562
1,21,landmark,16,0.0,512,512.0,0.7990027070045471,0.8146209716796875
1,21,landmark,16,0.005,64,80.0,0.541155993938446,0.28881072998046875
1,21,landmark,16,0.005,128,144.0,0.6428853273391724,0.44141387939453125
1,21,landmark,16,0.005,256,272.0,0.7539660930633545,0.6466293334960938
1,21,landmark,16,0.005,512,528.0,0.8762824535369873,0.8218994140625
1,21,landmark,16,0.01,64,112.0,0.5515949130058289,0.3038330078125
1,21,landmark,16,0.01,128,176.0,0.651454746723175,0.4552001953125
1,21,landmark,16,0.01,256,304.0,0.7602622509002686,0.659088134765625
1,21,landmark,16,0.01,512,560.0,0.8778897523880005,0.8266448974609375
1,21,landmark,16,0.02,64,144.0,0.557750940322876,0.3136749267578125
1,21,landmark,16,0.02,128,208.0,0.6585129499435425,0.46506500244140625
1,21,landmark,16,0.02,256,336.0,0.765429675579071,0.6661529541015625
1,21,landmark,16,0.02,512,592.0,0.8785731792449951,0.828643798828125
1,21,landmark,16,0.05,64,272.0,0.5729037523269653,0.34497833251953125
1,21,landmark,16,0.05,128,336.0,0.6755349040031433,0.49566650390625
1,21,landmark,16,0.05,256,464.0,0.7786207795143127,0.69305419921875
1,21,landmark,16,0.05,512,720.0,0.8913998603820801,0.8442764282226562
1,21,oracle_chunk,32,0.0,64,64.0,0.699587881565094,0.23528289794921875
1,21,oracle_chunk,32,0.0,128,128.0,0.8305820822715759,0.40790557861328125
1,21,oracle_chunk,32,0.0,256,256.0,0.9248286485671997,0.6451873779296875
1,21,oracle_chunk,32,0.0,512,512.0,0.9796172380447388,0.8732833862304688
1,21,landmark,32,0.0,64,64.0,0.36823004484176636,0.24390411376953125
1,21,landmark,32,0.0,128,128.0,0.5405557155609131,0.38892364501953125
1,21,landmark,32,0.0,256,256.0,0.6575844287872314,0.5864944458007812
1,21,landmark,32,0.0,512,512.0,0.7867510914802551,0.7869186401367188
1,21,landmark,32,0.005,64,96.0,0.4863007068634033,0.29569244384765625
1,21,landmark,32,0.005,128,160.0,0.6334144473075867,0.43036651611328125
1,21,landmark,32,0.005,256,288.0,0.7439653873443604,0.6151962280273438
1,21,landmark,32,0.005,512,544.0,0.8348868489265442,0.8035812377929688
1,21,landmark,32,0.01,64,96.0,0.4863007068634033,0.29569244384765625
1,21,landmark,32,0.01,128,160.0,0.6334144473075867,0.43036651611328125
1,21,landmark,32,0.01,256,288.0,0.7439653873443604,0.6151962280273438
1,21,landmark,32,0.01,512,544.0,0.8348868489265442,0.8035812377929688
1,21,landmark,32,0.02,64,160.0,0.5076375007629395,0.324859619140625
1,21,landmark,32,0.02,128,224.0,0.6446617841720581,0.4601287841796875
1,21,landmark,32,0.02,256,352.0,0.7499116659164429,0.6366500854492188
1,21,landmark,32,0.02,512,608.0,0.8643555045127869,0.8181610107421875
1,21,landmark,32,0.05,64,256.0,0.5409864187240601,0.366790771484375
1,21,landmark,32,0.05,128,320.0,0.6719046235084534,0.50262451171875
1,21,landmark,32,0.05,256,448.0,0.7783003449440002,0.6756820678710938
1,21,landmark,32,0.05,512,704.0,0.8877454996109009,0.8416671752929688
